video_id,TaxonName,LifeForm,PresentStatus,word,category,time_period,created_at
video_001995,Acridotheres cristatellus,Birds,established,visto,Detection,Post-Introduction,2024-01-12T21:35:06Z
video_010941,Aedes aegypti,Insects,established,transmisor,Threat,Post-Introduction,2020-10-10T09:21:26Z
video_010941,Aedes aegypti,Insects,established,alerta,Detection,Post-Introduction,2020-10-10T09:21:26Z
video_010941,Aedes aegypti,Insects,established,controlar,Detection,Post-Introduction,2020-10-10T09:21:26Z
video_010941,Aedes aegypti,Insects,established,propagando,Invasion,Post-Introduction,2020-10-10T09:21:26Z
video_010941,Aedes aegypti,Insects,established,deteccion,Detection,Post-Introduction,2020-10-10T09:21:26Z
video_002027,Aedes aegypti,Insects,established,armadilhas,Detection,Post-Introduction,2018-04-09T19:44:26Z
video_002027,Aedes aegypti,Insects,established,pragas,Invasion,Post-Introduction,2018-04-09T19:44:26Z
video_012821,Agapornis fischeri,Birds,alien,visto,Detection,Post-Introduction,2025-09-25T23:37:11Z
video_005528,Agapornis fischeri,Birds,alien,precio,eCommerce,Post-Introduction,2022-04-29T20:31:29Z
video_005528,Agapornis fischeri,Birds,alien,compre,eCommerce,Post-Introduction,2021-11-07T04:48:25Z
video_005528,Agapornis fischeri,Birds,alien,adoptar,eCommerce,Post-Introduction,2020-12-18T09:10:00Z
video_005528,Agapornis fischeri,Birds,alien,visto,Detection,Post-Introduction,2020-12-18T09:10:00Z
video_005528,Agapornis fischeri,Birds,alien,cara,eCommerce,Post-Introduction,2020-10-03T17:59:25Z
video_005528,Agapornis fischeri,Birds,alien,precios,eCommerce,Post-Introduction,2020-10-03T13:34:26Z
video_005528,Agapornis fischeri,Birds,alien,reciente,Detection,Post-Introduction,2020-10-03T21:44:16Z
video_002115,Agapornis fischeri,Birds,alien,encontre,Detection,Post-Introduction,2022-03-07T05:22:48Z
video_014788,Agapornis nigrigenis,Birds,alien,hibridacion,Threat,Post-Introduction,2020-04-11T11:05:09Z
video_014788,Agapornis nigrigenis,Birds,alien,vender,eCommerce,Post-Introduction,2020-03-04T16:22:32Z
video_014788,Agapornis nigrigenis,Birds,alien,pajareria,eCommerce,Post-Introduction,2020-03-04T16:22:32Z
video_014788,Agapornis nigrigenis,Birds,alien,controlar,Detection,Post-Introduction,2020-02-01T23:24:55Z
video_008139,Agapornis nigrigenis,Birds,alien,toxica,Threat,Post-Introduction,2019-10-17T22:42:29Z
video_008139,Agapornis nigrigenis,Birds,alien,peligrosa,Threat,Post-Introduction,2019-10-17T22:42:29Z
video_001543,Agapornis nigrigenis,Birds,alien,compre,eCommerce,Post-Introduction,2019-04-08T19:34:01Z
video_001543,Agapornis nigrigenis,Birds,alien,jaula,eCommerce,Post-Introduction,2018-03-12T15:21:02Z
video_001543,Agapornis nigrigenis,Birds,alien,tienda,eCommerce,Post-Introduction,2019-04-09T08:39:08Z
video_001543,Agapornis nigrigenis,Birds,alien,jaula,eCommerce,Post-Introduction,2019-04-09T08:39:08Z
video_016157,Agapornis nigrigenis,Birds,alien,comprar,eCommerce,Post-Introduction,2021-06-10T20:55:57Z
video_016157,Agapornis nigrigenis,Birds,alien,cara,eCommerce,Post-Introduction,2021-06-10T17:47:57Z
video_012396,Amazona albifrons,Birds,alien,enjaulado,eCommerce,Post-Introduction,2024-04-23T07:08:08Z
video_014731,Amazona amazonica,Birds,alien,encontre,Detection,Post-Introduction,2021-10-06T18:32:13Z
video_014731,Amazona amazonica,Birds,alien,vender,eCommerce,Post-Introduction,2017-05-01T02:42:07Z
video_014731,Amazona amazonica,Birds,alien,jaula,eCommerce,Post-Introduction,2019-11-30T11:04:30Z
video_003043,Amazona ochrocephala,Birds,alien,precio,eCommerce,Post-Introduction,2025-09-24T19:02:44Z
video_015013,Anser cygnoides,Birds,alien,vender,eCommerce,Post-Introduction,2020-12-18T22:51:35Z
video_015013,Anser cygnoides,Birds,alien,comprar,eCommerce,Post-Introduction,2020-12-15T04:00:39Z
video_015013,Anser cygnoides,Birds,alien,vender,eCommerce,Post-Introduction,2020-12-15T04:00:39Z
video_000295,Anser cygnoides,Birds,alien,vender,eCommerce,Post-Introduction,2025-10-05T00:37:30Z
video_013009,Apalone ferox,Herptiles,alien,acuarios,eCommerce,Post-Introduction,2020-09-26T05:40:28Z
video_013009,Apalone ferox,Herptiles,alien,prohibido,eCommerce,Pre-Introduction,2017-06-27T12:01:34Z
video_013009,Apalone ferox,Herptiles,alien,atacando,Threat,Pre-Introduction,2015-03-16T11:58:04Z
video_013009,Apalone ferox,Herptiles,alien,compre,eCommerce,Pre-Introduction,2013-04-17T14:21:24Z
video_013009,Apalone ferox,Herptiles,alien,compre,eCommerce,Pre-Introduction,2017-07-06T04:49:41Z
video_013009,Apalone ferox,Herptiles,alien,acuarios,eCommerce,Pre-Introduction,2017-06-27T14:04:31Z
video_001550,Apalone ferox,Herptiles,alien,acuario,eCommerce,Post-Introduction,2021-03-24T22:00:30Z
video_001550,Apalone ferox,Herptiles,alien,compre,eCommerce,Pre-Introduction,2013-08-21T01:53:23Z
video_001550,Apalone ferox,Herptiles,alien,caro,eCommerce,Pre-Introduction,2013-08-21T01:53:23Z
video_001550,Apalone ferox,Herptiles,alien,pecera,eCommerce,Pre-Introduction,2013-08-18T04:52:16Z
video_001550,Apalone ferox,Herptiles,alien,compre,eCommerce,Pre-Introduction,2013-07-04T02:29:38Z
video_001550,Apalone ferox,Herptiles,alien,acuario,eCommerce,Pre-Introduction,2013-07-04T02:29:38Z
video_001550,Apalone ferox,Herptiles,alien,acuarios,eCommerce,Pre-Introduction,2013-07-04T02:29:38Z
video_006193,Apalone ferox,Herptiles,alien,peceras,eCommerce,Pre-Introduction,2013-09-28T04:55:16Z
video_006193,Apalone ferox,Herptiles,alien,pecera,eCommerce,Pre-Introduction,2013-09-08T01:29:03Z
video_006193,Apalone ferox,Herptiles,alien,compre,eCommerce,Pre-Introduction,2013-08-31T05:55:19Z
video_006193,Apalone ferox,Herptiles,alien,acuario,eCommerce,Pre-Introduction,2013-08-31T05:55:19Z
video_006193,Apalone ferox,Herptiles,alien,comprar,eCommerce,Pre-Introduction,2013-04-26T03:31:49Z
video_006839,Apalone ferox,Herptiles,alien,acuario,eCommerce,Post-Introduction,2018-10-31T01:24:40Z
video_006839,Apalone ferox,Herptiles,alien,manejo,Detection,Post-Introduction,2019-06-02T21:22:56Z
video_001352,Apalone ferox,Herptiles,alien,pecera,eCommerce,Post-Introduction,2020-12-29T06:25:44Z
video_001352,Apalone ferox,Herptiles,alien,pecera,eCommerce,Pre-Introduction,2016-08-19T02:42:34Z
video_001352,Apalone ferox,Herptiles,alien,acuario,eCommerce,Pre-Introduction,2015-11-20T17:22:15Z
video_001352,Apalone ferox,Herptiles,alien,acuario,eCommerce,Pre-Introduction,2015-04-09T20:50:58Z
video_001352,Apalone ferox,Herptiles,alien,acuario,eCommerce,Pre-Introduction,2015-04-09T17:33:05Z
video_001352,Apalone ferox,Herptiles,alien,acuario,eCommerce,Pre-Introduction,2015-04-09T12:50:30Z
video_001352,Apalone ferox,Herptiles,alien,peligrosa,Threat,Pre-Introduction,2015-04-09T17:38:17Z
video_001328,Apalone ferox,Herptiles,alien,acuarios,eCommerce,Pre-Introduction,2015-05-17T23:08:18Z
video_000665,Aratinga jandaya,Birds,alien,gaiola,eCommerce,Post-Introduction,2022-02-07T00:03:07Z
video_000665,Aratinga jandaya,Birds,alien,vender,eCommerce,Post-Introduction,2022-01-27T02:06:49Z
video_000665,Aratinga jandaya,Birds,alien,comprar,eCommerce,Post-Introduction,2020-07-22T16:09:57Z
video_000665,Aratinga jandaya,Birds,alien,gaiola,eCommerce,Post-Introduction,2019-04-15T17:26:19Z
video_000665,Aratinga jandaya,Birds,alien,loja,eCommerce,Post-Introduction,2018-12-03T21:19:05Z
video_000665,Aratinga jandaya,Birds,alien,loja,eCommerce,Post-Introduction,2018-12-03T09:19:27Z
video_000665,Aratinga jandaya,Birds,alien,preco,eCommerce,Post-Introduction,2018-12-03T09:19:27Z
video_000665,Aratinga jandaya,Birds,alien,comprar,eCommerce,Post-Introduction,2018-12-02T19:28:39Z
video_000665,Aratinga jandaya,Birds,alien,aquarios,eCommerce,Post-Introduction,2018-12-02T00:45:00Z
video_000665,Aratinga jandaya,Birds,alien,loja,eCommerce,Post-Introduction,2018-12-01T21:14:52Z
video_013475,Aratinga jandaya,Birds,alien,precio,eCommerce,Post-Introduction,2025-03-08T23:31:10Z
video_013475,Aratinga jandaya,Birds,alien,visto,Detection,Post-Introduction,2025-03-04T14:11:32Z
video_002260,Balistoides conspicillum,Fishes,uncertain,comprei,eCommerce,Post-Introduction,2017-11-28T08:52:33Z
video_002260,Balistoides conspicillum,Fishes,uncertain,aquario,eCommerce,Post-Introduction,2017-11-28T08:52:33Z
video_006641,Belonochilus numenius,Insects,established,plaga,Invasion,Post-Introduction,2023-10-22T23:29:46Z
video_006641,Belonochilus numenius,Insects,established,visto,Detection,Post-Introduction,2023-10-22T23:29:46Z
video_006641,Belonochilus numenius,Insects,established,aparecieron,Detection,Post-Introduction,2019-10-23T18:52:27Z
video_007897,Bemisia tabaci,Insects,alien,plaga,Invasion,Post-Introduction,2022-04-06T04:35:03Z
video_007897,Bemisia tabaci,Insects,alien,plaga,Invasion,Post-Introduction,2022-04-06T20:31:39Z
video_007897,Bemisia tabaci,Insects,alien,plaga,Invasion,Post-Introduction,2022-04-06T04:48:19Z
video_007897,Bemisia tabaci,Insects,alien,plagas,Invasion,Post-Introduction,2022-04-06T04:48:19Z
video_007897,Bemisia tabaci,Insects,alien,aparece,Detection,Post-Introduction,2022-04-06T04:48:19Z
video_007897,Bemisia tabaci,Insects,alien,manejo,Detection,Post-Introduction,2022-04-06T04:48:19Z
video_007897,Bemisia tabaci,Insects,alien,control,Detection,Post-Introduction,2022-04-06T05:11:05Z
video_007897,Bemisia tabaci,Insects,alien,seguimiento,Detection,Post-Introduction,2022-04-06T05:11:05Z
video_007897,Bemisia tabaci,Insects,alien,seguimiento,Detection,Post-Introduction,2022-04-06T12:51:42Z
video_007897,Bemisia tabaci,Insects,alien,aparece,Detection,Post-Introduction,2022-04-06T12:51:42Z
video_000661,Bemisia tabaci,Insects,alien,trampas,Detection,Post-Introduction,2025-08-09T15:12:59Z
video_000661,Bemisia tabaci,Insects,alien,danino,Threat,Post-Introduction,2025-06-16T11:56:35Z
video_000661,Bemisia tabaci,Insects,alien,plagas,Invasion,Post-Introduction,2025-06-10T03:09:21Z
video_000661,Bemisia tabaci,Insects,alien,control,Detection,Post-Introduction,2025-06-10T03:09:21Z
video_000661,Bemisia tabaci,Insects,alien,trampas,Detection,Post-Introduction,2024-02-22T02:22:56Z
video_000661,Bemisia tabaci,Insects,alien,peligro,Threat,Post-Introduction,2023-08-29T20:07:21Z
video_000661,Bemisia tabaci,Insects,alien,plaga,Invasion,Post-Introduction,2023-08-29T20:07:21Z
video_000661,Bemisia tabaci,Insects,alien,plaga,Invasion,Post-Introduction,2023-07-07T11:49:11Z
video_000661,Bemisia tabaci,Insects,alien,plaga,Invasion,Post-Introduction,2023-02-23T13:50:38Z
video_000661,Bemisia tabaci,Insects,alien,visto,Detection,Post-Introduction,2022-07-07T21:15:35Z
video_000661,Bemisia tabaci,Insects,alien,trampa,Detection,Post-Introduction,2022-04-14T17:20:57Z
video_000661,Bemisia tabaci,Insects,alien,trampas,Detection,Post-Introduction,2022-03-27T08:48:14Z
video_000661,Bemisia tabaci,Insects,alien,mercado,eCommerce,Post-Introduction,2021-10-02T20:03:21Z
video_000661,Bemisia tabaci,Insects,alien,plaga,Invasion,Post-Introduction,2021-08-29T16:37:11Z
video_000661,Bemisia tabaci,Insects,alien,plaga,Invasion,Post-Introduction,2021-05-26T17:12:28Z
video_000661,Bemisia tabaci,Insects,alien,plaga,Invasion,Post-Introduction,2021-04-29T00:42:12Z
video_000661,Bemisia tabaci,Insects,alien,visto,Detection,Post-Introduction,2021-04-29T00:42:12Z
video_000661,Bemisia tabaci,Insects,alien,caro,eCommerce,Post-Introduction,2021-04-22T20:26:03Z
video_000661,Bemisia tabaci,Insects,alien,control,Detection,Post-Introduction,2021-04-11T14:37:47Z
video_000661,Bemisia tabaci,Insects,alien,trampas,Detection,Post-Introduction,2021-04-10T15:19:35Z
video_000661,Bemisia tabaci,Insects,alien,trampas,Detection,Post-Introduction,2021-03-23T04:03:20Z
video_000661,Bemisia tabaci,Insects,alien,trampas,Detection,Post-Introduction,2021-01-29T02:41:41Z
video_000661,Bemisia tabaci,Insects,alien,trampas,Detection,Post-Introduction,2021-01-24T14:31:29Z
video_000661,Bemisia tabaci,Insects,alien,compre,eCommerce,Post-Introduction,2021-01-20T16:36:11Z
video_000661,Bemisia tabaci,Insects,alien,plaga,Invasion,Post-Introduction,2023-04-08T22:41:01Z
video_000661,Bemisia tabaci,Insects,alien,peligroso,Threat,Post-Introduction,2022-11-06T18:11:04Z
video_000661,Bemisia tabaci,Insects,alien,riesgo,Threat,Post-Introduction,2022-11-06T18:11:04Z
video_000661,Bemisia tabaci,Insects,alien,plaga,Invasion,Post-Introduction,2021-05-30T22:16:38Z
video_000661,Bemisia tabaci,Insects,alien,controlar,Detection,Post-Introduction,2021-05-30T22:16:38Z
video_000661,Bemisia tabaci,Insects,alien,plaga,Invasion,Post-Introduction,2021-03-25T22:33:43Z
video_000661,Bemisia tabaci,Insects,alien,plagas,Invasion,Post-Introduction,2021-03-25T22:33:43Z
video_000661,Bemisia tabaci,Insects,alien,trampas,Detection,Post-Introduction,2021-02-09T08:55:14Z
video_000661,Bemisia tabaci,Insects,alien,precio,eCommerce,Post-Introduction,2020-09-22T03:13:29Z
video_000661,Bemisia tabaci,Insects,alien,trampa,Detection,Post-Introduction,2020-09-02T18:15:54Z
video_000661,Bemisia tabaci,Insects,alien,compre,eCommerce,Post-Introduction,2020-07-05T17:53:01Z
video_000661,Bemisia tabaci,Insects,alien,plaga,Invasion,Post-Introduction,2020-06-26T21:25:07Z
video_000661,Bemisia tabaci,Insects,alien,controlar,Detection,Post-Introduction,2020-04-26T03:36:07Z
video_000661,Bemisia tabaci,Insects,alien,atacando,Threat,Post-Introduction,2020-01-22T20:24:08Z
video_000661,Bemisia tabaci,Insects,alien,trampas,Detection,Post-Introduction,2019-10-06T17:41:11Z
video_000661,Bemisia tabaci,Insects,alien,trampas,Detection,Post-Introduction,2019-10-03T19:02:35Z
video_000661,Bemisia tabaci,Insects,alien,trampas,Detection,Post-Introduction,2019-08-30T13:36:53Z
video_000661,Bemisia tabaci,Insects,alien,plagas,Invasion,Post-Introduction,2019-08-11T15:48:53Z
video_000661,Bemisia tabaci,Insects,alien,control,Detection,Post-Introduction,2019-07-02T20:37:24Z
video_000661,Bemisia tabaci,Insects,alien,control,Detection,Post-Introduction,2019-05-13T03:38:34Z
video_000661,Bemisia tabaci,Insects,alien,plaga,Invasion,Post-Introduction,2019-05-13T03:38:34Z
video_000661,Bemisia tabaci,Insects,alien,plaga,Invasion,Post-Introduction,2019-05-13T03:35:42Z
video_000661,Bemisia tabaci,Insects,alien,comprar,eCommerce,Post-Introduction,2019-05-13T03:35:42Z
video_000661,Bemisia tabaci,Insects,alien,visto,Detection,Post-Introduction,2020-02-18T18:24:28Z
video_000661,Bemisia tabaci,Insects,alien,descubierto,Detection,Post-Introduction,2020-02-28T15:05:00Z
video_000661,Bemisia tabaci,Insects,alien,compre,eCommerce,Post-Introduction,2020-02-28T15:05:00Z
video_000661,Bemisia tabaci,Insects,alien,plagas,Invasion,Post-Introduction,2020-02-28T15:05:00Z
video_000661,Bemisia tabaci,Insects,alien,plaga,Invasion,Post-Introduction,2020-04-23T08:20:01Z
video_000661,Bemisia tabaci,Insects,alien,aparece,Detection,Post-Introduction,2020-08-30T03:25:20Z
video_014013,Bemisia tabaci,Insects,alien,plaga,Invasion,Post-Introduction,2025-12-12T17:31:26Z
video_004716,Bemisia tabaci,Insects,alien,comprar,eCommerce,Post-Introduction,2021-05-14T20:12:56Z
video_004716,Bemisia tabaci,Insects,alien,ataca,Threat,Post-Introduction,2021-02-01T17:50:30Z
video_004716,Bemisia tabaci,Insects,alien,plaga,Invasion,Post-Introduction,2021-01-27T14:11:25Z
video_004716,Bemisia tabaci,Insects,alien,plagas,Invasion,Post-Introduction,2021-01-20T02:38:07Z
video_004716,Bemisia tabaci,Insects,alien,encontre,Detection,Post-Introduction,2021-01-17T01:51:52Z
video_004716,Bemisia tabaci,Insects,alien,mercado,eCommerce,Post-Introduction,2021-01-17T01:51:52Z
video_004716,Bemisia tabaci,Insects,alien,visto,Detection,Post-Introduction,2021-01-15T08:36:13Z
video_004716,Bemisia tabaci,Insects,alien,invasora,Invasion,Post-Introduction,2021-01-14T23:44:04Z
video_004716,Bemisia tabaci,Insects,alien,plaga,Invasion,Post-Introduction,2021-01-14T23:44:04Z
video_004716,Bemisia tabaci,Insects,alien,vista,Detection,Post-Introduction,2021-01-14T22:44:07Z
video_004716,Bemisia tabaci,Insects,alien,comprar,eCommerce,Post-Introduction,2021-01-14T22:44:07Z
video_004716,Bemisia tabaci,Insects,alien,vistas,Detection,Post-Introduction,2021-01-14T22:44:07Z
video_004716,Bemisia tabaci,Insects,alien,reciente,Detection,Post-Introduction,2021-01-14T17:28:00Z
video_004716,Bemisia tabaci,Insects,alien,invasora,Invasion,Post-Introduction,2021-01-15T09:44:33Z
video_004716,Bemisia tabaci,Insects,alien,riesgo,Threat,Post-Introduction,2021-01-18T16:15:02Z
video_004716,Bemisia tabaci,Insects,alien,danino,Threat,Post-Introduction,2021-01-18T16:15:02Z
video_004716,Bemisia tabaci,Insects,alien,mercado,eCommerce,Post-Introduction,2021-01-15T15:51:16Z
video_004716,Bemisia tabaci,Insects,alien,venta,eCommerce,Post-Introduction,2021-01-16T13:49:57Z
video_004716,Bemisia tabaci,Insects,alien,encontre,Detection,Post-Introduction,2021-01-16T13:49:57Z
video_005392,Bemisia tabaci,Insects,alien,trampa,Detection,Post-Introduction,2025-03-10T08:42:55Z
video_005392,Bemisia tabaci,Insects,alien,tranpa,Detection,Post-Introduction,2024-11-23T00:52:02Z
video_005392,Bemisia tabaci,Insects,alien,plagas,Invasion,Post-Introduction,2024-11-23T00:52:02Z
video_005392,Bemisia tabaci,Insects,alien,trampas,Detection,Post-Introduction,2024-04-12T21:56:28Z
video_005392,Bemisia tabaci,Insects,alien,trampa,Detection,Post-Introduction,2023-06-18T12:50:43Z
video_005392,Bemisia tabaci,Insects,alien,visto,Detection,Post-Introduction,2023-04-13T09:55:51Z
video_005392,Bemisia tabaci,Insects,alien,trampas,Detection,Post-Introduction,2022-11-10T14:07:00Z
video_005392,Bemisia tabaci,Insects,alien,plaga,Invasion,Post-Introduction,2022-09-23T09:38:04Z
video_005392,Bemisia tabaci,Insects,alien,trampa,Detection,Post-Introduction,2022-08-30T03:57:14Z
video_005392,Bemisia tabaci,Insects,alien,trampas,Detection,Post-Introduction,2022-02-20T22:39:48Z
video_005392,Bemisia tabaci,Insects,alien,plaga,Invasion,Post-Introduction,2022-02-14T05:28:12Z
video_005392,Bemisia tabaci,Insects,alien,controlar,Detection,Post-Introduction,2022-02-14T05:28:12Z
video_005392,Bemisia tabaci,Insects,alien,trampas,Detection,Post-Introduction,2021-12-17T14:09:35Z
video_005392,Bemisia tabaci,Insects,alien,trampas,Detection,Post-Introduction,2021-12-09T23:02:23Z
video_005392,Bemisia tabaci,Insects,alien,trampas,Detection,Post-Introduction,2021-06-01T16:53:51Z
video_005392,Bemisia tabaci,Insects,alien,trampa,Detection,Post-Introduction,2021-04-06T14:44:40Z
video_005392,Bemisia tabaci,Insects,alien,trampa,Detection,Post-Introduction,2021-03-24T01:17:11Z
video_005392,Bemisia tabaci,Insects,alien,trampas,Detection,Post-Introduction,2021-03-10T20:20:34Z
video_005392,Bemisia tabaci,Insects,alien,cara,eCommerce,Post-Introduction,2021-03-07T20:57:13Z
video_005392,Bemisia tabaci,Insects,alien,descubrimiento,Detection,Post-Introduction,2021-03-04T22:34:31Z
video_005392,Bemisia tabaci,Insects,alien,trampa,Detection,Post-Introduction,2021-02-26T17:34:35Z
video_005392,Bemisia tabaci,Insects,alien,epidemia,Threat,Post-Introduction,2021-02-26T17:34:35Z
video_005392,Bemisia tabaci,Insects,alien,trampa,Detection,Post-Introduction,2021-02-23T23:31:54Z
video_005392,Bemisia tabaci,Insects,alien,trampas,Detection,Post-Introduction,2020-12-12T22:30:44Z
video_005392,Bemisia tabaci,Insects,alien,trampas,Detection,Post-Introduction,2020-11-24T00:21:55Z
video_005392,Bemisia tabaci,Insects,alien,trampa,Detection,Post-Introduction,2020-10-14T18:26:17Z
video_005392,Bemisia tabaci,Insects,alien,compre,eCommerce,Post-Introduction,2020-10-12T00:59:01Z
video_005392,Bemisia tabaci,Insects,alien,trampa,Detection,Post-Introduction,2020-08-27T00:35:35Z
video_005392,Bemisia tabaci,Insects,alien,trampa,Detection,Post-Introduction,2020-08-26T23:31:54Z
video_005392,Bemisia tabaci,Insects,alien,trampas,Detection,Post-Introduction,2020-07-06T23:45:28Z
video_005392,Bemisia tabaci,Insects,alien,trampa,Detection,Post-Introduction,2020-06-07T09:11:38Z
video_005392,Bemisia tabaci,Insects,alien,riesgo,Threat,Post-Introduction,2020-05-14T19:08:49Z
video_005392,Bemisia tabaci,Insects,alien,trampa,Detection,Post-Introduction,2020-05-12T00:08:37Z
video_005392,Bemisia tabaci,Insects,alien,plaga,Invasion,Post-Introduction,2020-05-08T16:28:13Z
video_005392,Bemisia tabaci,Insects,alien,ataca,Threat,Post-Introduction,2020-04-27T02:34:14Z
video_005392,Bemisia tabaci,Insects,alien,trampas,Detection,Post-Introduction,2020-04-20T14:17:22Z
video_005392,Bemisia tabaci,Insects,alien,atacado,Threat,Post-Introduction,2020-04-16T01:15:32Z
video_005392,Bemisia tabaci,Insects,alien,plaga,Invasion,Post-Introduction,2020-04-12T19:48:36Z
video_005392,Bemisia tabaci,Insects,alien,trampas,Detection,Post-Introduction,2020-04-01T02:46:09Z
video_005392,Bemisia tabaci,Insects,alien,trampas,Detection,Post-Introduction,2020-03-19T05:09:53Z
video_005392,Bemisia tabaci,Insects,alien,trampa,Detection,Post-Introduction,2019-10-16T01:30:04Z
video_005392,Bemisia tabaci,Insects,alien,nocivo,Threat,Post-Introduction,2019-08-08T18:20:55Z
video_005392,Bemisia tabaci,Insects,alien,compre,eCommerce,Post-Introduction,2019-07-28T15:32:20Z
video_005392,Bemisia tabaci,Insects,alien,plaga,Invasion,Post-Introduction,2019-06-16T00:17:22Z
video_005392,Bemisia tabaci,Insects,alien,trampas,Detection,Post-Introduction,2019-05-01T13:11:06Z
video_005392,Bemisia tabaci,Insects,alien,trampa,Detection,Post-Introduction,2019-03-24T14:49:40Z
video_005392,Bemisia tabaci,Insects,alien,plaga,Invasion,Post-Introduction,2019-03-04T12:52:31Z
video_005392,Bemisia tabaci,Insects,alien,trampas,Detection,Post-Introduction,2019-03-03T18:27:54Z
video_005392,Bemisia tabaci,Insects,alien,trampas,Detection,Post-Introduction,2019-02-06T19:26:13Z
video_005392,Bemisia tabaci,Insects,alien,plaga,Invasion,Post-Introduction,2025-01-10T00:26:21Z
video_005392,Bemisia tabaci,Insects,alien,plagas,Invasion,Post-Introduction,2025-01-10T00:26:21Z
video_005392,Bemisia tabaci,Insects,alien,trampas,Detection,Post-Introduction,2025-01-10T00:26:21Z
video_005392,Bemisia tabaci,Insects,alien,toxicidad,Threat,Post-Introduction,2019-08-12T11:37:38Z
video_011811,Bemisia tabaci,Insects,alien,comprar,eCommerce,Post-Introduction,2021-05-28T16:04:55Z
video_011811,Bemisia tabaci,Insects,alien,precios,eCommerce,Post-Introduction,2021-05-28T16:04:55Z
video_011811,Bemisia tabaci,Insects,alien,visto,Detection,Post-Introduction,2025-02-20T12:35:46Z
video_011811,Bemisia tabaci,Insects,alien,plaga,Invasion,Post-Introduction,2023-04-13T02:18:52Z
video_011811,Bemisia tabaci,Insects,alien,caro,eCommerce,Post-Introduction,2023-04-13T02:18:52Z
video_011811,Bemisia tabaci,Insects,alien,plagas,Invasion,Post-Introduction,2023-04-13T02:18:52Z
video_011811,Bemisia tabaci,Insects,alien,tienda,eCommerce,Post-Introduction,2023-04-13T02:18:52Z
video_011811,Bemisia tabaci,Insects,alien,visto,Detection,Post-Introduction,2023-04-13T02:18:52Z
video_011811,Bemisia tabaci,Insects,alien,trampa,Detection,Post-Introduction,2023-02-21T00:08:30Z
video_011811,Bemisia tabaci,Insects,alien,aparezca,Detection,Post-Introduction,2022-10-09T19:09:12Z
video_011811,Bemisia tabaci,Insects,alien,aparecer,Detection,Post-Introduction,2022-10-09T19:09:12Z
video_011811,Bemisia tabaci,Insects,alien,plaga,Invasion,Post-Introduction,2022-09-27T16:12:38Z
video_011811,Bemisia tabaci,Insects,alien,plaga,Invasion,Post-Introduction,2022-04-29T03:56:16Z
video_011811,Bemisia tabaci,Insects,alien,control,Detection,Post-Introduction,2022-04-07T16:46:58Z
video_011811,Bemisia tabaci,Insects,alien,ataca,Threat,Post-Introduction,2021-08-02T19:33:23Z
video_011811,Bemisia tabaci,Insects,alien,veneno,Threat,Post-Introduction,2024-03-18T10:38:27Z
video_011811,Bemisia tabaci,Insects,alien,plagas,Invasion,Post-Introduction,2023-08-13T13:01:09Z
video_011811,Bemisia tabaci,Insects,alien,dinero,eCommerce,Post-Introduction,2023-08-14T12:28:30Z
video_011811,Bemisia tabaci,Insects,alien,plaga,Invasion,Post-Introduction,2023-04-13T09:49:43Z
video_011811,Bemisia tabaci,Insects,alien,plagas,Invasion,Post-Introduction,2023-03-31T16:56:16Z
video_011811,Bemisia tabaci,Insects,alien,prohibida,eCommerce,Post-Introduction,2023-03-31T21:21:52Z
video_011811,Bemisia tabaci,Insects,alien,plagas,Invasion,Post-Introduction,2023-01-21T14:25:24Z
video_011811,Bemisia tabaci,Insects,alien,trampas,Detection,Post-Introduction,2023-01-21T14:25:24Z
video_011811,Bemisia tabaci,Insects,alien,plaga,Invasion,Post-Introduction,2022-09-27T16:23:34Z
video_011811,Bemisia tabaci,Insects,alien,danina,Threat,Post-Introduction,2022-07-07T12:52:08Z
video_011811,Bemisia tabaci,Insects,alien,visto,Detection,Post-Introduction,2022-06-08T21:27:13Z
video_011811,Bemisia tabaci,Insects,alien,comprar,eCommerce,Post-Introduction,2022-05-15T19:24:55Z
video_011811,Bemisia tabaci,Insects,alien,plaga,Invasion,Post-Introduction,2022-04-29T07:02:54Z
video_011811,Bemisia tabaci,Insects,alien,encontre,Detection,Post-Introduction,2022-04-28T07:36:41Z
video_011811,Bemisia tabaci,Insects,alien,plaga,Invasion,Post-Introduction,2022-04-15T08:58:31Z
video_011811,Bemisia tabaci,Insects,alien,trampa,Detection,Post-Introduction,2022-04-13T07:02:34Z
video_011811,Bemisia tabaci,Insects,alien,plagas,Invasion,Post-Introduction,2022-01-16T10:37:27Z
video_011811,Bemisia tabaci,Insects,alien,plaga,Invasion,Post-Introduction,2021-09-18T21:54:16Z
video_011811,Bemisia tabaci,Insects,alien,trampas,Detection,Post-Introduction,2021-08-10T16:31:53Z
video_011811,Bemisia tabaci,Insects,alien,plaga,Invasion,Post-Introduction,2021-07-16T06:37:40Z
video_011811,Bemisia tabaci,Insects,alien,atacando,Threat,Post-Introduction,2021-06-30T19:04:07Z
video_011811,Bemisia tabaci,Insects,alien,trampas,Detection,Post-Introduction,2021-03-11T05:25:21Z
video_011811,Bemisia tabaci,Insects,alien,plagas,Invasion,Post-Introduction,2020-10-02T14:23:26Z
video_011811,Bemisia tabaci,Insects,alien,plaga,Invasion,Post-Introduction,2020-10-02T04:50:44Z
video_011811,Bemisia tabaci,Insects,alien,atacado,Threat,Post-Introduction,2020-10-02T04:50:44Z
video_011811,Bemisia tabaci,Insects,alien,plagas,Invasion,Post-Introduction,2020-10-02T02:47:25Z
video_011811,Bemisia tabaci,Insects,alien,compre,eCommerce,Post-Introduction,2020-09-30T20:05:04Z
video_011811,Bemisia tabaci,Insects,alien,tienda,eCommerce,Post-Introduction,2020-09-30T20:05:04Z
video_011811,Bemisia tabaci,Insects,alien,cara,eCommerce,Post-Introduction,2020-09-30T20:05:04Z
video_011811,Bemisia tabaci,Insects,alien,plaga,Invasion,Post-Introduction,2020-09-30T18:20:56Z
video_011811,Bemisia tabaci,Insects,alien,plaga,Invasion,Post-Introduction,2020-09-30T17:02:31Z
video_011811,Bemisia tabaci,Insects,alien,comprado,eCommerce,Post-Introduction,2020-09-30T17:02:31Z
video_011811,Bemisia tabaci,Insects,alien,plaga,Invasion,Post-Introduction,2021-07-02T07:47:57Z
video_011811,Bemisia tabaci,Insects,alien,plaga,Invasion,Post-Introduction,2022-09-27T16:21:17Z
video_011811,Bemisia tabaci,Insects,alien,trampas,Detection,Post-Introduction,2021-03-11T10:09:16Z
video_011811,Bemisia tabaci,Insects,alien,descubrimiento,Detection,Post-Introduction,2020-10-02T22:02:50Z
video_011811,Bemisia tabaci,Insects,alien,precio,eCommerce,Post-Introduction,2020-10-02T13:35:45Z
video_011811,Bemisia tabaci,Insects,alien,plagas,Invasion,Post-Introduction,2020-10-02T13:49:59Z
video_011811,Bemisia tabaci,Insects,alien,plaga,Invasion,Post-Introduction,2020-10-01T06:45:58Z
video_011811,Bemisia tabaci,Insects,alien,control,Detection,Post-Introduction,2020-10-01T06:45:58Z
video_011811,Bemisia tabaci,Insects,alien,introduccion,Invasion,Post-Introduction,2020-10-01T06:45:58Z
video_011811,Bemisia tabaci,Insects,alien,control,Detection,Post-Introduction,2020-10-01T07:27:39Z
video_011811,Bemisia tabaci,Insects,alien,plagas,Invasion,Post-Introduction,2020-10-01T06:35:21Z
video_011811,Bemisia tabaci,Insects,alien,visto,Detection,Post-Introduction,2020-10-04T01:26:54Z
video_011811,Bemisia tabaci,Insects,alien,plaga,Invasion,Post-Introduction,2020-10-01T07:59:26Z
video_011811,Bemisia tabaci,Insects,alien,tienda,eCommerce,Post-Introduction,2020-09-30T20:28:09Z
video_011811,Bemisia tabaci,Insects,alien,comprado,eCommerce,Post-Introduction,2020-09-30T20:28:09Z
video_011811,Bemisia tabaci,Insects,alien,compre,eCommerce,Post-Introduction,2022-11-14T02:49:38Z
video_011811,Bemisia tabaci,Insects,alien,barato,eCommerce,Post-Introduction,2021-02-16T10:11:04Z
video_015872,Bemisia tabaci,Insects,alien,dinero,eCommerce,Post-Introduction,2023-10-08T10:49:26Z
video_015872,Bemisia tabaci,Insects,alien,visto,Detection,Post-Introduction,2023-08-07T17:38:02Z
video_015872,Bemisia tabaci,Insects,alien,compre,eCommerce,Post-Introduction,2022-06-30T14:19:23Z
video_015872,Bemisia tabaci,Insects,alien,plaga,Invasion,Post-Introduction,2022-05-28T17:58:16Z
video_015872,Bemisia tabaci,Insects,alien,aparecido,Detection,Post-Introduction,2022-04-07T23:23:55Z
video_015872,Bemisia tabaci,Insects,alien,visto,Detection,Post-Introduction,2022-04-07T13:34:18Z
video_011745,Bemisia tabaci,Insects,alien,visto,Detection,Post-Introduction,2023-07-30T22:51:01Z
video_011745,Bemisia tabaci,Insects,alien,plagas,Invasion,Post-Introduction,2023-07-30T06:59:07Z
video_011745,Bemisia tabaci,Insects,alien,plagas,Invasion,Post-Introduction,2023-07-29T15:50:06Z
video_011745,Bemisia tabaci,Insects,alien,plaga,Invasion,Post-Introduction,2023-07-29T11:07:39Z
video_011745,Bemisia tabaci,Insects,alien,alerta,Detection,Post-Introduction,2023-07-29T11:07:39Z
video_011745,Bemisia tabaci,Insects,alien,visto,Detection,Post-Introduction,2023-07-29T06:09:38Z
video_011745,Bemisia tabaci,Insects,alien,ataca,Threat,Post-Introduction,2023-07-28T23:02:01Z
video_011745,Bemisia tabaci,Insects,alien,plagas,Invasion,Post-Introduction,2023-09-11T16:49:56Z
video_011745,Bemisia tabaci,Insects,alien,plagas,Invasion,Post-Introduction,2023-07-31T16:57:23Z
video_011745,Bemisia tabaci,Insects,alien,plagas,Invasion,Post-Introduction,2023-07-29T16:11:20Z
video_011745,Bemisia tabaci,Insects,alien,plagas,Invasion,Post-Introduction,2023-07-29T11:36:38Z
video_011745,Bemisia tabaci,Insects,alien,presente,Invasion,Post-Introduction,2023-07-29T11:36:38Z
video_011745,Bemisia tabaci,Insects,alien,ataca,Threat,Post-Introduction,2023-07-29T16:01:58Z
video_011745,Bemisia tabaci,Insects,alien,comprar,eCommerce,Post-Introduction,2023-07-29T16:07:14Z
video_011745,Bemisia tabaci,Insects,alien,plagas,Invasion,Post-Introduction,2023-07-29T16:09:05Z
video_013562,Bemisia tabaci,Insects,alien,precio,eCommerce,Post-Introduction,2025-05-12T11:07:06Z
video_013574,Bemisia tabaci,Insects,alien,controlado,Detection,Post-Introduction,2024-08-16T01:04:35Z
video_013574,Bemisia tabaci,Insects,alien,plaga,Invasion,Post-Introduction,2024-07-21T08:26:13Z
video_013574,Bemisia tabaci,Insects,alien,tienda,eCommerce,Post-Introduction,2024-06-17T00:28:04Z
video_013574,Bemisia tabaci,Insects,alien,danino,Threat,Post-Introduction,2024-06-07T18:51:30Z
video_013574,Bemisia tabaci,Insects,alien,plagas,Invasion,Post-Introduction,2024-04-04T15:46:23Z
video_013574,Bemisia tabaci,Insects,alien,plaga,Invasion,Post-Introduction,2024-02-01T09:16:37Z
video_013574,Bemisia tabaci,Insects,alien,plagas,Invasion,Post-Introduction,2023-09-12T12:29:15Z
video_013574,Bemisia tabaci,Insects,alien,plaga,Invasion,Post-Introduction,2023-07-08T14:53:06Z
video_013574,Bemisia tabaci,Insects,alien,euros,eCommerce,Post-Introduction,2022-10-31T15:09:18Z
video_013574,Bemisia tabaci,Insects,alien,visto,Detection,Post-Introduction,2022-10-24T19:59:28Z
video_013574,Bemisia tabaci,Insects,alien,visto,Detection,Post-Introduction,2022-09-07T20:09:56Z
video_013574,Bemisia tabaci,Insects,alien,compre,eCommerce,Post-Introduction,2022-08-29T23:25:33Z
video_013574,Bemisia tabaci,Insects,alien,plaga,Invasion,Post-Introduction,2022-05-18T07:38:55Z
video_013574,Bemisia tabaci,Insects,alien,plagas,Invasion,Post-Introduction,2022-04-30T07:42:53Z
video_013574,Bemisia tabaci,Insects,alien,plaga,Invasion,Post-Introduction,2021-05-05T07:39:37Z
video_013574,Bemisia tabaci,Insects,alien,controlado,Detection,Post-Introduction,2025-05-26T17:08:09Z
video_013574,Bemisia tabaci,Insects,alien,observado,Detection,Post-Introduction,2021-10-20T11:23:55Z
video_013574,Bemisia tabaci,Insects,alien,descubrimiento,Detection,Post-Introduction,2021-08-27T12:33:01Z
video_013574,Bemisia tabaci,Insects,alien,visto,Detection,Post-Introduction,2021-07-25T07:34:17Z
video_013574,Bemisia tabaci,Insects,alien,plaga,Invasion,Post-Introduction,2021-06-19T15:15:56Z
video_013574,Bemisia tabaci,Insects,alien,visto,Detection,Post-Introduction,2021-04-28T20:20:40Z
video_013574,Bemisia tabaci,Insects,alien,compre,eCommerce,Post-Introduction,2021-04-09T11:09:19Z
video_013574,Bemisia tabaci,Insects,alien,comprado,eCommerce,Post-Introduction,2021-04-01T20:33:17Z
video_013574,Bemisia tabaci,Insects,alien,aparecer,Detection,Post-Introduction,2021-03-25T16:08:25Z
video_013574,Bemisia tabaci,Insects,alien,reproduciendose,Invasion,Post-Introduction,2021-03-05T17:31:27Z
video_013574,Bemisia tabaci,Insects,alien,invasion,Invasion,Post-Introduction,2021-03-05T17:31:27Z
video_013574,Bemisia tabaci,Insects,alien,plaga,Invasion,Post-Introduction,2021-01-28T09:48:47Z
video_012614,Bemisia tabaci,Insects,alien,visto,Detection,Post-Introduction,2023-02-12T16:39:54Z
video_001869,Bemisia tabaci,Insects,alien,trampas,Detection,Post-Introduction,2018-02-02T16:10:52Z
video_001869,Bemisia tabaci,Insects,alien,trampas,Detection,Post-Introduction,2018-03-05T15:22:01Z
video_012696,Bemisia tabaci,Insects,alien,compre,eCommerce,Post-Introduction,2023-09-22T21:10:40Z
video_012696,Bemisia tabaci,Insects,alien,visto,Detection,Post-Introduction,2023-09-22T21:10:40Z
video_012696,Bemisia tabaci,Insects,alien,vender,eCommerce,Post-Introduction,2022-05-26T19:28:50Z
video_012696,Bemisia tabaci,Insects,alien,plaga,Invasion,Post-Introduction,2022-05-26T12:41:19Z
video_012696,Bemisia tabaci,Insects,alien,manejo,Detection,Post-Introduction,2022-05-26T05:29:20Z
video_012696,Bemisia tabaci,Insects,alien,vista,Detection,Post-Introduction,2022-05-25T23:35:10Z
video_012696,Bemisia tabaci,Insects,alien,plaga,Invasion,Post-Introduction,2024-01-14T22:24:14Z
video_012696,Bemisia tabaci,Insects,alien,controlada,Detection,Post-Introduction,2024-01-14T22:24:14Z
video_012696,Bemisia tabaci,Insects,alien,visto,Detection,Post-Introduction,2023-10-07T21:41:29Z
video_012696,Bemisia tabaci,Insects,alien,plaga,Invasion,Post-Introduction,2023-03-24T19:41:30Z
video_012696,Bemisia tabaci,Insects,alien,aparece,Detection,Post-Introduction,2023-03-24T20:04:34Z
video_012696,Bemisia tabaci,Insects,alien,plagas,Invasion,Post-Introduction,2022-05-26T21:31:09Z
video_012696,Bemisia tabaci,Insects,alien,rebajas,eCommerce,Post-Introduction,2022-05-26T21:23:14Z
video_015497,Bemisia tabaci,Insects,alien,veneno,Threat,Post-Introduction,2020-08-22T18:52:01Z
video_015497,Bemisia tabaci,Insects,alien,plaga,Invasion,Post-Introduction,2019-08-22T14:34:38Z
video_016593,Bemisia tabaci,Insects,alien,plagas,Invasion,Post-Introduction,2021-01-29T11:05:44Z
video_012096,Bemisia tabaci,Insects,alien,plagas,Invasion,Post-Introduction,2025-07-08T15:05:40Z
video_012096,Bemisia tabaci,Insects,alien,visto,Detection,Post-Introduction,2025-04-09T07:00:09Z
video_012096,Bemisia tabaci,Insects,alien,cara,eCommerce,Post-Introduction,2024-05-23T00:58:35Z
video_012096,Bemisia tabaci,Insects,alien,comprar,eCommerce,Post-Introduction,2022-07-01T15:50:52Z
video_012096,Bemisia tabaci,Insects,alien,plaga,Invasion,Post-Introduction,2022-05-27T10:33:02Z
video_012096,Bemisia tabaci,Insects,alien,aparecer,Detection,Post-Introduction,2022-05-08T09:51:33Z
video_012096,Bemisia tabaci,Insects,alien,control,Detection,Post-Introduction,2022-04-27T05:48:17Z
video_012096,Bemisia tabaci,Insects,alien,plagas,Invasion,Post-Introduction,2022-04-27T05:48:17Z
video_012096,Bemisia tabaci,Insects,alien,plaga,Invasion,Post-Introduction,2022-04-13T02:29:53Z
video_012096,Bemisia tabaci,Insects,alien,plagas,Invasion,Post-Introduction,2022-03-28T02:18:09Z
video_012096,Bemisia tabaci,Insects,alien,encontrado,Detection,Post-Introduction,2022-03-07T13:20:12Z
video_012096,Bemisia tabaci,Insects,alien,atacado,Threat,Post-Introduction,2022-03-07T13:20:12Z
video_012096,Bemisia tabaci,Insects,alien,plaga,Invasion,Post-Introduction,2022-01-28T17:02:26Z
video_012096,Bemisia tabaci,Insects,alien,plaga,Invasion,Post-Introduction,2024-05-28T09:44:23Z
video_012096,Bemisia tabaci,Insects,alien,compra,eCommerce,Post-Introduction,2024-01-28T10:15:36Z
video_012096,Bemisia tabaci,Insects,alien,plaga,Invasion,Post-Introduction,2022-02-03T04:50:11Z
video_012096,Bemisia tabaci,Insects,alien,plagas,Invasion,Post-Introduction,2021-09-13T23:31:34Z
video_012096,Bemisia tabaci,Insects,alien,plaga,Invasion,Post-Introduction,2021-08-28T04:39:43Z
video_012096,Bemisia tabaci,Insects,alien,plaga,Invasion,Post-Introduction,2021-05-01T16:00:32Z
video_012096,Bemisia tabaci,Insects,alien,plagas,Invasion,Post-Introduction,2021-04-18T18:26:39Z
video_012096,Bemisia tabaci,Insects,alien,plaga,Invasion,Post-Introduction,2021-03-27T17:59:35Z
video_012096,Bemisia tabaci,Insects,alien,plaga,Invasion,Post-Introduction,2021-03-20T17:30:39Z
video_012096,Bemisia tabaci,Insects,alien,plagas,Invasion,Post-Introduction,2021-03-01T18:40:21Z
video_012096,Bemisia tabaci,Insects,alien,plagas,Invasion,Post-Introduction,2021-02-03T05:36:54Z
video_012096,Bemisia tabaci,Insects,alien,comprar,eCommerce,Post-Introduction,2021-01-14T22:20:45Z
video_012096,Bemisia tabaci,Insects,alien,ataca,Threat,Post-Introduction,2022-09-08T20:15:04Z
video_009392,Bemisia tabaci,Insects,alien,plagas,Invasion,Post-Introduction,2018-06-12T15:15:24Z
video_009392,Bemisia tabaci,Insects,alien,control,Detection,Post-Introduction,2018-06-12T15:15:24Z
video_009392,Bemisia tabaci,Insects,alien,plaga,Invasion,Post-Introduction,2018-06-12T15:15:24Z
video_009392,Bemisia tabaci,Insects,alien,comprar,eCommerce,Post-Introduction,2018-04-11T21:01:26Z
video_009392,Bemisia tabaci,Insects,alien,controlar,Detection,Post-Introduction,2024-01-26T22:16:18Z
video_009392,Bemisia tabaci,Insects,alien,registro,Detection,Post-Introduction,2021-03-24T06:49:58Z
video_009392,Bemisia tabaci,Insects,alien,plagas,Invasion,Post-Introduction,2024-01-26T22:28:06Z
video_009392,Bemisia tabaci,Insects,alien,control,Detection,Post-Introduction,2024-01-26T22:28:06Z
video_009392,Bemisia tabaci,Insects,alien,precio,eCommerce,Post-Introduction,2024-01-26T22:28:06Z
video_009392,Bemisia tabaci,Insects,alien,plagas,Invasion,Post-Introduction,2018-06-12T15:24:22Z
video_016865,Branta canadensis,Birds,established,peligroso,Threat,Post-Introduction,2022-05-08T11:36:08Z
video_016865,Branta canadensis,Birds,established,peligro,Threat,Post-Introduction,2022-05-08T11:49:36Z
video_012249,Caloenas nicobarica,Birds,casual,comercio,eCommerce,Post-Introduction,2019-06-25T12:14:33Z
video_012249,Caloenas nicobarica,Birds,casual,prohibido,eCommerce,Post-Introduction,2019-06-25T12:14:33Z
video_016438,Caprella scaura,Crustaceans,alien,pecera,eCommerce,Post-Introduction,2018-01-15T05:57:25Z
video_013041,Ceratitis capitata,Insects,established,registro,Detection,Post-Introduction,2024-03-11T11:04:47Z
video_013041,Ceratitis capitata,Insects,established,trampas,Detection,Post-Introduction,2023-09-03T21:22:06Z
video_013041,Ceratitis capitata,Insects,established,dispersion,Invasion,Post-Introduction,2024-04-07T17:28:27Z
video_013041,Ceratitis capitata,Insects,established,trampas,Detection,Post-Introduction,2023-09-03T21:25:54Z
video_008818,Ceratitis capitata,Insects,established,plaga,Invasion,Post-Introduction,2024-07-10T21:41:51Z
video_008818,Ceratitis capitata,Insects,established,trampas,Detection,Post-Introduction,2022-07-09T02:45:22Z
video_008818,Ceratitis capitata,Insects,established,trampa,Detection,Post-Introduction,2019-10-08T20:12:21Z
video_008818,Ceratitis capitata,Insects,established,mercado,eCommerce,Post-Introduction,2019-10-08T20:12:21Z
video_008818,Ceratitis capitata,Insects,established,plaga,Invasion,Post-Introduction,2015-04-10T22:16:54Z
video_008818,Ceratitis capitata,Insects,established,mercado,eCommerce,Post-Introduction,2015-04-10T22:16:54Z
video_008818,Ceratitis capitata,Insects,established,visto,Detection,Post-Introduction,2022-05-06T12:06:04Z
video_016920,Ceratitis capitata,Insects,established,trampa,Detection,Post-Introduction,2025-02-17T07:20:37Z
video_016920,Ceratitis capitata,Insects,established,trampa,Detection,Post-Introduction,2024-05-06T20:57:29Z
video_016920,Ceratitis capitata,Insects,established,trampas,Detection,Post-Introduction,2024-04-27T14:59:15Z
video_016920,Ceratitis capitata,Insects,established,trampas,Detection,Post-Introduction,2024-04-27T14:55:24Z
video_016920,Ceratitis capitata,Insects,established,trampa,Detection,Post-Introduction,2024-04-23T20:29:07Z
video_016920,Ceratitis capitata,Insects,established,ataca,Threat,Post-Introduction,2024-04-21T16:28:45Z
video_016920,Ceratitis capitata,Insects,established,ataca,Threat,Post-Introduction,2023-05-11T23:29:23Z
video_016920,Ceratitis capitata,Insects,established,compre,eCommerce,Post-Introduction,2023-03-11T16:53:23Z
video_016920,Ceratitis capitata,Insects,established,trampas,Detection,Post-Introduction,2022-05-01T05:23:26Z
video_016920,Ceratitis capitata,Insects,established,visto,Detection,Post-Introduction,2021-11-19T19:37:30Z
video_016920,Ceratitis capitata,Insects,established,trampa,Detection,Post-Introduction,2021-11-19T19:37:30Z
video_016920,Ceratitis capitata,Insects,established,trampas,Detection,Post-Introduction,2021-11-15T19:47:20Z
video_016920,Ceratitis capitata,Insects,established,plagas,Invasion,Post-Introduction,2021-11-13T13:40:06Z
video_016920,Ceratitis capitata,Insects,established,trampa,Detection,Post-Introduction,2021-11-13T13:11:56Z
video_016920,Ceratitis capitata,Insects,established,trampa,Detection,Post-Introduction,2021-11-13T12:49:38Z
video_016920,Ceratitis capitata,Insects,established,trampa,Detection,Post-Introduction,2021-11-13T11:36:02Z
video_016920,Ceratitis capitata,Insects,established,plaga,Invasion,Post-Introduction,2024-04-24T08:50:06Z
video_016920,Ceratitis capitata,Insects,established,trampas,Detection,Post-Introduction,2024-04-27T15:00:38Z
video_016920,Ceratitis capitata,Insects,established,trampa,Detection,Post-Introduction,2021-11-20T12:11:22Z
video_016920,Ceratitis capitata,Insects,established,barata,eCommerce,Post-Introduction,2021-11-20T12:11:22Z
video_016920,Ceratitis capitata,Insects,established,trampas,Detection,Post-Introduction,2021-11-17T11:14:34Z
video_016920,Ceratitis capitata,Insects,established,barato,eCommerce,Post-Introduction,2021-11-16T11:42:44Z
video_016920,Ceratitis capitata,Insects,established,dinero,eCommerce,Post-Introduction,2021-11-15T19:55:29Z
video_016920,Ceratitis capitata,Insects,established,ataca,Threat,Post-Introduction,2021-11-15T11:54:36Z
video_016920,Ceratitis capitata,Insects,established,comprar,eCommerce,Post-Introduction,2021-11-13T17:33:53Z
video_016920,Ceratitis capitata,Insects,established,trampa,Detection,Post-Introduction,2021-11-13T17:37:16Z
video_016920,Ceratitis capitata,Insects,established,trampas,Detection,Post-Introduction,2021-11-13T17:37:16Z
video_016920,Ceratitis capitata,Insects,established,trampa,Detection,Post-Introduction,2021-11-13T12:39:35Z
video_016920,Ceratitis capitata,Insects,established,dinero,eCommerce,Post-Introduction,2021-11-13T11:42:23Z
video_000841,Ceratitis capitata,Insects,established,peligrosa,Threat,Post-Introduction,2022-05-22T19:09:05Z
video_000841,Ceratitis capitata,Insects,established,plaga,Invasion,Post-Introduction,2022-05-22T19:09:05Z
video_000841,Ceratitis capitata,Insects,established,captura,Detection,Post-Introduction,2022-05-22T19:09:05Z
video_000841,Ceratitis capitata,Insects,established,control,Detection,Post-Introduction,2022-05-22T19:09:05Z
video_000841,Ceratitis capitata,Insects,established,danina,Threat,Post-Introduction,2022-05-24T10:22:39Z
video_002323,Ceratitis capitata,Insects,established,trampa,Detection,Post-Introduction,2025-08-27T18:28:53Z
video_002323,Ceratitis capitata,Insects,established,controlado,Detection,Post-Introduction,2025-08-21T10:26:47Z
video_002323,Ceratitis capitata,Insects,established,trampas,Detection,Post-Introduction,2025-08-17T17:17:39Z
video_002323,Ceratitis capitata,Insects,established,trampas,Detection,Post-Introduction,2025-07-03T19:26:11Z
video_002323,Ceratitis capitata,Insects,established,visto,Detection,Post-Introduction,2025-06-03T20:38:36Z
video_002323,Ceratitis capitata,Insects,established,trampas,Detection,Post-Introduction,2025-03-04T23:59:46Z
video_002323,Ceratitis capitata,Insects,established,control,Detection,Post-Introduction,2025-02-09T11:18:08Z
video_002323,Ceratitis capitata,Insects,established,vender,eCommerce,Post-Introduction,2025-01-10T19:57:21Z
video_002323,Ceratitis capitata,Insects,established,trampas,Detection,Post-Introduction,2024-11-29T04:30:58Z
video_002323,Ceratitis capitata,Insects,established,trampas,Detection,Post-Introduction,2024-09-30T21:42:06Z
video_002323,Ceratitis capitata,Insects,established,visto,Detection,Post-Introduction,2024-09-02T06:38:34Z
video_002323,Ceratitis capitata,Insects,established,vender,eCommerce,Post-Introduction,2024-08-21T08:10:23Z
video_002323,Ceratitis capitata,Insects,established,controlar,Detection,Post-Introduction,2024-08-03T16:25:03Z
video_002323,Ceratitis capitata,Insects,established,barato,eCommerce,Post-Introduction,2024-08-03T09:07:08Z
video_002323,Ceratitis capitata,Insects,established,capturas,Detection,Post-Introduction,2024-07-26T01:55:03Z
video_002323,Ceratitis capitata,Insects,established,ataca,Threat,Post-Introduction,2024-07-25T17:11:47Z
video_002323,Ceratitis capitata,Insects,established,trampa,Detection,Post-Introduction,2024-07-25T17:11:47Z
video_002323,Ceratitis capitata,Insects,established,trampes,Detection,Post-Introduction,2024-07-23T22:03:37Z
video_002323,Ceratitis capitata,Insects,established,trampa,Detection,Post-Introduction,2024-07-17T15:34:35Z
video_002323,Ceratitis capitata,Insects,established,plaga,Invasion,Post-Introduction,2024-09-30T19:39:00Z
video_002323,Ceratitis capitata,Insects,established,venta,eCommerce,Post-Introduction,2024-08-21T08:33:01Z
video_002323,Ceratitis capitata,Insects,established,barato,eCommerce,Post-Introduction,2024-07-23T14:17:31Z
video_002323,Ceratitis capitata,Insects,established,trampas,Detection,Post-Introduction,2024-07-23T17:21:57Z
video_004490,Ceratitis capitata,Insects,established,trampas,Detection,Post-Introduction,2023-01-23T18:09:08Z
video_005641,Cherax quadricarinatus,Crustaceans,alien,pecera,eCommerce,Pre-Introduction,2012-10-07T13:03:31Z
video_005641,Cherax quadricarinatus,Crustaceans,alien,acuario,eCommerce,Pre-Introduction,2012-06-30T18:21:57Z
video_015845,Cherax quadricarinatus,Crustaceans,alien,acuario,eCommerce,Post-Introduction,2018-02-21T05:30:22Z
video_010302,Cherax quadricarinatus,Crustaceans,alien,comprei,eCommerce,Post-Introduction,2018-01-21T15:01:03Z
video_010302,Cherax quadricarinatus,Crustaceans,alien,aquario,eCommerce,Post-Introduction,2017-12-29T12:13:49Z
video_010302,Cherax quadricarinatus,Crustaceans,alien,aquario,eCommerce,Post-Introduction,2017-06-25T13:46:43Z
video_010302,Cherax quadricarinatus,Crustaceans,alien,comprar,eCommerce,Post-Introduction,2016-11-13T21:12:04Z
video_010302,Cherax quadricarinatus,Crustaceans,alien,aquario,eCommerce,Post-Introduction,2015-12-09T22:15:56Z
video_010302,Cherax quadricarinatus,Crustaceans,alien,atacando,Threat,Post-Introduction,2015-09-20T22:56:41Z
video_010302,Cherax quadricarinatus,Crustaceans,alien,apareceram,Detection,Post-Introduction,2015-09-20T22:56:41Z
video_010302,Cherax quadricarinatus,Crustaceans,alien,cara,eCommerce,Post-Introduction,2015-04-19T16:55:12Z
video_010302,Cherax quadricarinatus,Crustaceans,alien,aquario,eCommerce,Post-Introduction,2015-04-19T16:55:12Z
video_010302,Cherax quadricarinatus,Crustaceans,alien,ataca,Threat,Post-Introduction,2014-12-08T12:47:23Z
video_010302,Cherax quadricarinatus,Crustaceans,alien,comprei,eCommerce,Post-Introduction,2014-12-08T12:47:23Z
video_010302,Cherax quadricarinatus,Crustaceans,alien,aquario,eCommerce,Post-Introduction,2014-12-08T12:47:23Z
video_010302,Cherax quadricarinatus,Crustaceans,alien,aquario,eCommerce,Post-Introduction,2014-11-09T20:27:08Z
video_010302,Cherax quadricarinatus,Crustaceans,alien,aquario,eCommerce,Post-Introduction,2017-03-25T16:51:13Z
video_010302,Cherax quadricarinatus,Crustaceans,alien,aquario,eCommerce,Post-Introduction,2015-09-21T01:17:19Z
video_010302,Cherax quadricarinatus,Crustaceans,alien,comprar,eCommerce,Post-Introduction,2016-09-22T23:01:00Z
video_010302,Cherax quadricarinatus,Crustaceans,alien,cara,eCommerce,Post-Introduction,2015-04-21T23:40:04Z
video_010302,Cherax quadricarinatus,Crustaceans,alien,cara,eCommerce,Post-Introduction,2014-11-01T13:30:15Z
video_010302,Cherax quadricarinatus,Crustaceans,alien,mercado,eCommerce,Post-Introduction,2014-11-01T13:30:15Z
video_010302,Cherax quadricarinatus,Crustaceans,alien,comprei,eCommerce,Post-Introduction,2014-11-01T13:30:15Z
video_010302,Cherax quadricarinatus,Crustaceans,alien,aquario,eCommerce,Post-Introduction,2014-07-16T14:50:06Z
video_013743,Cherax quadricarinatus,Crustaceans,alien,plaga,Invasion,Post-Introduction,2025-06-13T13:07:34Z
video_013743,Cherax quadricarinatus,Crustaceans,alien,mercado,eCommerce,Post-Introduction,2025-05-25T16:22:33Z
video_013743,Cherax quadricarinatus,Crustaceans,alien,acuario,eCommerce,Post-Introduction,2025-05-25T16:22:33Z
video_013743,Cherax quadricarinatus,Crustaceans,alien,compre,eCommerce,Post-Introduction,2023-10-07T22:00:18Z
video_013743,Cherax quadricarinatus,Crustaceans,alien,tienda,eCommerce,Post-Introduction,2023-10-07T22:00:18Z
video_013743,Cherax quadricarinatus,Crustaceans,alien,acuario,eCommerce,Post-Introduction,2023-09-09T21:30:12Z
video_013743,Cherax quadricarinatus,Crustaceans,alien,encontre,Detection,Post-Introduction,2022-11-18T13:43:38Z
video_013743,Cherax quadricarinatus,Crustaceans,alien,cara,eCommerce,Post-Introduction,2022-11-18T13:43:38Z
video_013743,Cherax quadricarinatus,Crustaceans,alien,pecera,eCommerce,Post-Introduction,2022-11-17T16:10:56Z
video_013743,Cherax quadricarinatus,Crustaceans,alien,acuarios,eCommerce,Post-Introduction,2022-11-17T04:22:11Z
video_013743,Cherax quadricarinatus,Crustaceans,alien,acuario,eCommerce,Post-Introduction,2022-10-29T09:33:38Z
video_013743,Cherax quadricarinatus,Crustaceans,alien,acuarios,eCommerce,Post-Introduction,2022-10-21T19:44:35Z
video_013743,Cherax quadricarinatus,Crustaceans,alien,visto,Detection,Post-Introduction,2022-10-21T14:28:37Z
video_013743,Cherax quadricarinatus,Crustaceans,alien,costo,eCommerce,Post-Introduction,2022-10-21T14:28:37Z
video_013743,Cherax quadricarinatus,Crustaceans,alien,cara,eCommerce,Post-Introduction,2022-10-21T14:28:37Z
video_013743,Cherax quadricarinatus,Crustaceans,alien,acuarios,eCommerce,Post-Introduction,2022-10-20T17:09:36Z
video_013743,Cherax quadricarinatus,Crustaceans,alien,tienda,eCommerce,Post-Introduction,2022-10-19T20:19:21Z
video_013743,Cherax quadricarinatus,Crustaceans,alien,acuarios,eCommerce,Post-Introduction,2022-10-19T15:09:45Z
video_013743,Cherax quadricarinatus,Crustaceans,alien,acuario,eCommerce,Post-Introduction,2022-10-19T15:01:25Z
video_013743,Cherax quadricarinatus,Crustaceans,alien,comprar,eCommerce,Post-Introduction,2022-10-19T13:23:57Z
video_013743,Cherax quadricarinatus,Crustaceans,alien,pecera,eCommerce,Post-Introduction,2022-10-19T13:23:57Z
video_013743,Cherax quadricarinatus,Crustaceans,alien,comprado,eCommerce,Post-Introduction,2022-10-19T12:51:29Z
video_013743,Cherax quadricarinatus,Crustaceans,alien,mercado,eCommerce,Post-Introduction,2022-10-19T12:51:29Z
video_013743,Cherax quadricarinatus,Crustaceans,alien,acuarios,eCommerce,Post-Introduction,2022-11-14T13:05:46Z
video_013743,Cherax quadricarinatus,Crustaceans,alien,acuario,eCommerce,Post-Introduction,2022-11-14T14:16:23Z
video_013743,Cherax quadricarinatus,Crustaceans,alien,pecera,eCommerce,Post-Introduction,2022-10-19T13:24:33Z
video_013743,Cherax quadricarinatus,Crustaceans,alien,tienda,eCommerce,Post-Introduction,2022-10-27T22:12:47Z
video_011764,Cherax quadricarinatus,Crustaceans,alien,acuario,eCommerce,Post-Introduction,2022-08-08T16:28:04Z
video_011764,Cherax quadricarinatus,Crustaceans,alien,comprar,eCommerce,Post-Introduction,2021-04-04T14:26:42Z
video_011764,Cherax quadricarinatus,Crustaceans,alien,visto,Detection,Post-Introduction,2019-12-06T11:33:57Z
video_011764,Cherax quadricarinatus,Crustaceans,alien,visto,Detection,Post-Introduction,2019-12-06T11:29:33Z
video_011764,Cherax quadricarinatus,Crustaceans,alien,acuarios,eCommerce,Post-Introduction,2022-10-17T19:19:50Z
video_011764,Cherax quadricarinatus,Crustaceans,alien,acuario,eCommerce,Post-Introduction,2022-08-17T05:59:02Z
video_011764,Cherax quadricarinatus,Crustaceans,alien,acuario,eCommerce,Post-Introduction,2022-08-08T18:33:25Z
video_011764,Cherax quadricarinatus,Crustaceans,alien,mascota,eCommerce,Post-Introduction,2021-11-12T22:11:52Z
video_011764,Cherax quadricarinatus,Crustaceans,alien,tienda,eCommerce,Post-Introduction,2021-04-04T21:22:16Z
video_011764,Cherax quadricarinatus,Crustaceans,alien,compre,eCommerce,Post-Introduction,2020-10-25T14:07:30Z
video_011764,Cherax quadricarinatus,Crustaceans,alien,acuario,eCommerce,Post-Introduction,2019-12-06T16:01:04Z
video_011764,Cherax quadricarinatus,Crustaceans,alien,invasora,Invasion,Post-Introduction,2019-12-06T16:01:04Z
video_011764,Cherax quadricarinatus,Crustaceans,alien,prohibida,eCommerce,Post-Introduction,2019-12-06T16:01:04Z
video_011764,Cherax quadricarinatus,Crustaceans,alien,comprar,eCommerce,Post-Introduction,2019-12-06T19:51:49Z
video_011764,Cherax quadricarinatus,Crustaceans,alien,tienda,eCommerce,Post-Introduction,2019-12-06T19:51:49Z
video_008657,Cherax quadricarinatus,Crustaceans,alien,mascota,eCommerce,Post-Introduction,2025-03-08T20:03:22Z
video_008657,Cherax quadricarinatus,Crustaceans,alien,dinero,eCommerce,Post-Introduction,2025-03-08T18:07:04Z
video_012258,Cherax quadricarinatus,Crustaceans,alien,pecera,eCommerce,Post-Introduction,2024-12-27T15:00:44Z
video_012258,Cherax quadricarinatus,Crustaceans,alien,visto,Detection,Post-Introduction,2020-11-04T20:26:49Z
video_012258,Cherax quadricarinatus,Crustaceans,alien,acuarios,eCommerce,Post-Introduction,2024-12-27T18:47:03Z
video_012258,Cherax quadricarinatus,Crustaceans,alien,acuarios,eCommerce,Post-Introduction,2021-12-10T17:53:33Z
video_012258,Cherax quadricarinatus,Crustaceans,alien,visto,Detection,Post-Introduction,2020-11-04T20:41:14Z
video_012258,Cherax quadricarinatus,Crustaceans,alien,acuarios,eCommerce,Post-Introduction,2020-11-04T20:44:29Z
video_012258,Cherax quadricarinatus,Crustaceans,alien,acuario,eCommerce,Post-Introduction,2020-11-04T20:44:29Z
video_012258,Cherax quadricarinatus,Crustaceans,alien,vista,Detection,Post-Introduction,2020-11-10T12:10:04Z
video_013097,Cherax quadricarinatus,Crustaceans,alien,acuario,eCommerce,Post-Introduction,2024-02-10T22:50:14Z
video_013097,Cherax quadricarinatus,Crustaceans,alien,pecera,eCommerce,Post-Introduction,2023-08-03T01:35:30Z
video_013097,Cherax quadricarinatus,Crustaceans,alien,tienda,eCommerce,Post-Introduction,2023-04-19T07:03:53Z
video_013097,Cherax quadricarinatus,Crustaceans,alien,encontre,Detection,Post-Introduction,2023-04-20T02:29:32Z
video_013097,Cherax quadricarinatus,Crustaceans,alien,encontre,Detection,Post-Introduction,2023-04-20T02:30:36Z
video_013097,Cherax quadricarinatus,Crustaceans,alien,mascota,eCommerce,Post-Introduction,2022-07-28T05:14:27Z
video_017053,Cherax quadricarinatus,Crustaceans,alien,pecera,eCommerce,Pre-Introduction,2010-07-25T03:51:06Z
video_017053,Cherax quadricarinatus,Crustaceans,alien,acuario,eCommerce,Pre-Introduction,2009-06-26T18:28:48Z
video_008435,Cherax quadricarinatus,Crustaceans,alien,acuario,eCommerce,Post-Introduction,2015-12-22T12:30:55Z
video_008435,Cherax quadricarinatus,Crustaceans,alien,sobrepoblacion,Threat,Post-Introduction,2015-12-22T12:30:55Z
video_008435,Cherax quadricarinatus,Crustaceans,alien,acuarios,eCommerce,Post-Introduction,2015-12-22T21:50:56Z
video_008435,Cherax quadricarinatus,Crustaceans,alien,acuarios,eCommerce,Post-Introduction,2015-12-22T15:37:16Z
video_008435,Cherax quadricarinatus,Crustaceans,alien,acuario,eCommerce,Post-Introduction,2015-12-22T14:25:08Z
video_008435,Cherax quadricarinatus,Crustaceans,alien,acuario,eCommerce,Post-Introduction,2015-12-22T15:39:13Z
video_008435,Cherax quadricarinatus,Crustaceans,alien,acuario,eCommerce,Post-Introduction,2015-12-22T14:26:23Z
video_008435,Cherax quadricarinatus,Crustaceans,alien,acuarios,eCommerce,Post-Introduction,2015-12-22T14:26:00Z
video_008435,Cherax quadricarinatus,Crustaceans,alien,acuario,eCommerce,Post-Introduction,2015-12-22T12:35:08Z
video_005003,Cydalima perspectalis,Insects,established,riesgo,Threat,Post-Introduction,2025-01-08T12:17:21Z
video_005003,Cydalima perspectalis,Insects,established,observado,Detection,Post-Introduction,2025-01-08T12:17:21Z
video_005003,Cydalima perspectalis,Insects,established,visto,Detection,Post-Introduction,2025-01-08T12:17:21Z
video_005003,Cydalima perspectalis,Insects,established,plaga,Invasion,Post-Introduction,2017-05-20T22:49:37Z
video_005003,Cydalima perspectalis,Insects,established,plaga,Invasion,Post-Introduction,2015-04-29T21:22:08Z
video_005003,Cydalima perspectalis,Insects,established,observado,Detection,Post-Introduction,2015-04-29T21:22:08Z
video_005003,Cydalima perspectalis,Insects,established,alerta,Detection,Post-Introduction,2015-04-29T21:22:08Z
video_005003,Cydalima perspectalis,Insects,established,plaga,Invasion,Post-Introduction,2015-04-30T17:34:15Z
video_002796,Diadema antillarum,Non-arthropod invertebrates,alien,controlar,Detection,Post-Introduction,2024-06-05T17:00:31Z
video_002796,Diadema antillarum,Non-arthropod invertebrates,alien,propagacion,Invasion,Post-Introduction,2024-06-05T17:00:31Z
video_004548,Diadema antillarum,Non-arthropod invertebrates,alien,invasion,Invasion,Post-Introduction,2010-08-02T04:41:10Z
video_002302,Geranoaetus melanoleucus,Birds,alien,cetreria,eCommerce,Post-Introduction,2019-05-28T06:20:01Z
video_014659,Glycaspis brimblecombei,Insects,established,plaga,Invasion,Post-Introduction,2020-03-31T17:10:09Z
video_014659,Glycaspis brimblecombei,Insects,established,plaga,Invasion,Post-Introduction,2017-03-12T12:17:55Z
video_014659,Glycaspis brimblecombei,Insects,established,plaga,Invasion,Post-Introduction,2012-04-18T16:44:17Z
video_014659,Glycaspis brimblecombei,Insects,established,plaga,Invasion,Post-Introduction,2012-04-17T20:16:24Z
video_014659,Glycaspis brimblecombei,Insects,established,controlar,Detection,Post-Introduction,2012-04-17T20:16:24Z
video_014659,Glycaspis brimblecombei,Insects,established,manejo,Detection,Post-Introduction,2018-05-09T19:58:08Z
video_014659,Glycaspis brimblecombei,Insects,established,plaga,Invasion,Post-Introduction,2020-04-16T18:34:55Z
video_006654,Glycaspis brimblecombei,Insects,established,vist,Detection,Post-Introduction,2024-10-23T19:33:38Z
video_006654,Glycaspis brimblecombei,Insects,established,plagas,Invasion,Post-Introduction,2024-11-23T08:30:03Z
video_008441,Glycaspis brimblecombei,Insects,established,plaga,Invasion,Post-Introduction,2024-09-09T19:12:40Z
video_003872,Graptemys pseudogeographica,Herptiles,established,terrario,eCommerce,Post-Introduction,2021-08-22T18:57:33Z
video_003872,Graptemys pseudogeographica,Herptiles,established,terrario,eCommerce,Post-Introduction,2021-05-29T20:14:09Z
video_003872,Graptemys pseudogeographica,Herptiles,established,precio,eCommerce,Post-Introduction,2021-05-21T16:31:12Z
video_003872,Graptemys pseudogeographica,Herptiles,established,compre,eCommerce,Post-Introduction,2021-09-04T21:02:19Z
video_003872,Graptemys pseudogeographica,Herptiles,established,tienda,eCommerce,Post-Introduction,2021-09-04T21:02:19Z
video_011744,Graptemys pseudogeographica,Herptiles,established,costo,eCommerce,Post-Introduction,2018-06-27T00:54:00Z
video_011744,Graptemys pseudogeographica,Herptiles,established,comprar,eCommerce,Post-Introduction,2018-04-01T02:04:28Z
video_011744,Graptemys pseudogeographica,Herptiles,established,comprar,eCommerce,Post-Introduction,2018-02-04T01:21:56Z
video_011744,Graptemys pseudogeographica,Herptiles,established,comprado,eCommerce,Post-Introduction,2017-03-17T14:43:46Z
video_011744,Graptemys pseudogeographica,Herptiles,established,euros,eCommerce,Post-Introduction,2018-06-27T07:49:26Z
video_011744,Graptemys pseudogeographica,Herptiles,established,pecera,eCommerce,Post-Introduction,2018-04-02T04:05:08Z
video_011744,Graptemys pseudogeographica,Herptiles,established,pecera,eCommerce,Post-Introduction,2018-04-09T03:01:43Z
video_011744,Graptemys pseudogeographica,Herptiles,established,compre,eCommerce,Post-Introduction,2018-04-08T05:06:58Z
video_011744,Graptemys pseudogeographica,Herptiles,established,visto,Detection,Post-Introduction,2016-02-22T07:26:56Z
video_013365,Graptemys pseudogeographica,Herptiles,established,acuario,eCommerce,Post-Introduction,2019-07-10T20:47:20Z
video_013365,Graptemys pseudogeographica,Herptiles,established,encontre,Detection,Post-Introduction,2019-07-10T16:26:17Z
video_009022,Graptemys pseudogeographica,Herptiles,established,aquario,eCommerce,Post-Introduction,2022-06-27T23:14:15Z
video_009022,Graptemys pseudogeographica,Herptiles,established,acuario,eCommerce,Post-Introduction,2022-06-18T09:49:38Z
video_009022,Graptemys pseudogeographica,Herptiles,established,acuario,eCommerce,Post-Introduction,2020-08-13T21:14:23Z
video_009022,Graptemys pseudogeographica,Herptiles,established,pecera,eCommerce,Post-Introduction,2020-08-13T21:14:23Z
video_009022,Graptemys pseudogeographica,Herptiles,established,acuario,eCommerce,Post-Introduction,2020-07-27T14:25:48Z
video_009022,Graptemys pseudogeographica,Herptiles,established,acuario,eCommerce,Post-Introduction,2020-04-30T05:07:50Z
video_009022,Graptemys pseudogeographica,Herptiles,established,acuario,eCommerce,Post-Introduction,2018-03-23T20:47:12Z
video_009022,Graptemys pseudogeographica,Herptiles,established,acuario,eCommerce,Post-Introduction,2022-04-09T18:43:36Z
video_009022,Graptemys pseudogeographica,Herptiles,established,visto,Detection,Post-Introduction,2022-04-09T22:22:07Z
video_009022,Graptemys pseudogeographica,Herptiles,established,peligroso,Threat,Post-Introduction,2020-12-07T08:41:34Z
video_009022,Graptemys pseudogeographica,Herptiles,established,acuario,eCommerce,Post-Introduction,2020-08-14T16:09:46Z
video_009022,Graptemys pseudogeographica,Herptiles,established,euros,eCommerce,Post-Introduction,2018-08-01T16:34:44Z
video_015859,Graptemys pseudogeographica,Herptiles,established,costo,eCommerce,Post-Introduction,2019-09-29T05:50:47Z
video_015202,Graptemys pseudogeographica,Herptiles,established,comprei,eCommerce,Post-Introduction,2023-07-12T21:18:28Z
video_015202,Graptemys pseudogeographica,Herptiles,established,vender,eCommerce,Post-Introduction,2023-07-12T21:18:28Z
video_015202,Graptemys pseudogeographica,Herptiles,established,aquario,eCommerce,Post-Introduction,2023-07-12T21:18:28Z
video_015202,Graptemys pseudogeographica,Herptiles,established,compra,eCommerce,Post-Introduction,2023-07-12T21:18:28Z
video_015202,Graptemys pseudogeographica,Herptiles,established,comprar,eCommerce,Post-Introduction,2022-01-20T21:25:02Z
video_015202,Graptemys pseudogeographica,Herptiles,established,comprada,eCommerce,Post-Introduction,2021-06-20T16:47:35Z
video_015202,Graptemys pseudogeographica,Herptiles,established,loja,eCommerce,Post-Introduction,2017-09-11T21:38:25Z
video_015202,Graptemys pseudogeographica,Herptiles,established,comprei,eCommerce,Post-Introduction,2017-09-11T21:38:25Z
video_015202,Graptemys pseudogeographica,Herptiles,established,recentemente,Detection,Post-Introduction,2017-09-11T21:38:25Z
video_015202,Graptemys pseudogeographica,Herptiles,established,aquario,eCommerce,Post-Introduction,2017-09-11T21:38:25Z
video_015202,Graptemys pseudogeographica,Herptiles,established,visto,Detection,Post-Introduction,2017-09-11T21:38:25Z
video_015202,Graptemys pseudogeographica,Herptiles,established,cara,eCommerce,Post-Introduction,2017-09-11T21:38:25Z
video_015202,Graptemys pseudogeographica,Herptiles,established,comprar,eCommerce,Post-Introduction,2017-09-11T21:38:25Z
video_015202,Graptemys pseudogeographica,Herptiles,established,dinheiro,eCommerce,Post-Introduction,2017-08-10T23:56:01Z
video_015202,Graptemys pseudogeographica,Herptiles,established,aquario,eCommerce,Post-Introduction,2017-08-10T23:56:01Z
video_015202,Graptemys pseudogeographica,Herptiles,established,comprei,eCommerce,Post-Introduction,2017-06-21T16:16:52Z
video_015202,Graptemys pseudogeographica,Herptiles,established,aquario,eCommerce,Post-Introduction,2017-06-21T16:16:52Z
video_015202,Graptemys pseudogeographica,Herptiles,established,vendida,eCommerce,Post-Introduction,2022-08-29T09:52:48Z
video_015202,Graptemys pseudogeographica,Herptiles,established,comprar,eCommerce,Post-Introduction,2022-08-29T09:52:48Z
video_015202,Graptemys pseudogeographica,Herptiles,established,aquario,eCommerce,Post-Introduction,2022-08-29T09:52:48Z
video_015202,Graptemys pseudogeographica,Herptiles,established,compre,eCommerce,Post-Introduction,2022-08-29T09:52:48Z
video_015202,Graptemys pseudogeographica,Herptiles,established,loja,eCommerce,Post-Introduction,2022-01-21T10:32:59Z
video_015202,Graptemys pseudogeographica,Herptiles,established,aquario,eCommerce,Post-Introduction,2021-06-20T22:23:07Z
video_015202,Graptemys pseudogeographica,Herptiles,established,vender,eCommerce,Post-Introduction,2017-11-17T12:01:00Z
video_015202,Graptemys pseudogeographica,Herptiles,established,dinheiro,eCommerce,Post-Introduction,2017-09-11T22:04:44Z
video_015202,Graptemys pseudogeographica,Herptiles,established,visto,Detection,Post-Introduction,2017-09-11T22:04:44Z
video_015202,Graptemys pseudogeographica,Herptiles,established,perigoso,Threat,Post-Introduction,2017-09-11T22:04:44Z
video_015202,Graptemys pseudogeographica,Herptiles,established,aquario,eCommerce,Post-Introduction,2017-09-11T22:04:44Z
video_015202,Graptemys pseudogeographica,Herptiles,established,loja,eCommerce,Post-Introduction,2017-09-11T22:36:31Z
video_015202,Graptemys pseudogeographica,Herptiles,established,preco,eCommerce,Post-Introduction,2017-09-11T22:36:31Z
video_015202,Graptemys pseudogeographica,Herptiles,established,aquarios,eCommerce,Post-Introduction,2017-09-11T22:36:31Z
video_015202,Graptemys pseudogeographica,Herptiles,established,aquario,eCommerce,Post-Introduction,2017-09-11T22:36:31Z
video_015202,Graptemys pseudogeographica,Herptiles,established,visto,Detection,Post-Introduction,2017-09-11T22:36:31Z
video_015202,Graptemys pseudogeographica,Herptiles,established,comprar,eCommerce,Post-Introduction,2017-09-11T22:36:31Z
video_015202,Graptemys pseudogeographica,Herptiles,established,comprei,eCommerce,Post-Introduction,2017-09-11T22:36:31Z
video_015202,Graptemys pseudogeographica,Herptiles,established,barato,eCommerce,Post-Introduction,2017-09-11T22:57:22Z
video_015202,Graptemys pseudogeographica,Herptiles,established,comprei,eCommerce,Post-Introduction,2017-09-11T22:57:22Z
video_015202,Graptemys pseudogeographica,Herptiles,established,aquario,eCommerce,Post-Introduction,2017-09-11T22:57:22Z
video_015202,Graptemys pseudogeographica,Herptiles,established,aquarios,eCommerce,Post-Introduction,2017-09-11T22:57:22Z
video_015202,Graptemys pseudogeographica,Herptiles,established,controlado,Detection,Post-Introduction,2017-09-11T22:57:22Z
video_015202,Graptemys pseudogeographica,Herptiles,established,comprar,eCommerce,Post-Introduction,2017-08-11T11:51:42Z
video_015202,Graptemys pseudogeographica,Herptiles,established,barato,eCommerce,Post-Introduction,2017-08-11T11:51:42Z
video_015202,Graptemys pseudogeographica,Herptiles,established,aquario,eCommerce,Post-Introduction,2017-08-11T11:51:42Z
video_015202,Graptemys pseudogeographica,Herptiles,established,aquario,eCommerce,Post-Introduction,2017-06-21T16:31:05Z
video_015202,Graptemys pseudogeographica,Herptiles,established,aquarios,eCommerce,Post-Introduction,2017-06-21T16:31:05Z
video_015202,Graptemys pseudogeographica,Herptiles,established,compra,eCommerce,Post-Introduction,2017-06-21T16:39:48Z
video_015202,Graptemys pseudogeographica,Herptiles,established,aquario,eCommerce,Post-Introduction,2017-06-21T16:43:16Z
video_015202,Graptemys pseudogeographica,Herptiles,established,visto,Detection,Post-Introduction,2017-04-19T12:23:49Z
video_013723,Graptemys pseudogeographica,Herptiles,established,adotar,eCommerce,Post-Introduction,2021-07-09T22:53:23Z
video_013723,Graptemys pseudogeographica,Herptiles,established,aquarios,eCommerce,Post-Introduction,2021-07-09T22:53:23Z
video_013723,Graptemys pseudogeographica,Herptiles,established,aquario,eCommerce,Post-Introduction,2021-07-10T10:32:39Z
video_013723,Graptemys pseudogeographica,Herptiles,established,comprar,eCommerce,Post-Introduction,2021-07-10T10:32:39Z
video_000548,Graptemys pseudogeographica,Herptiles,established,compra,eCommerce,Post-Introduction,2022-10-26T22:29:47Z
video_000548,Graptemys pseudogeographica,Herptiles,established,comprei,eCommerce,Post-Introduction,2017-11-17T12:01:41Z
video_000548,Graptemys pseudogeographica,Herptiles,established,loja,eCommerce,Post-Introduction,2017-11-17T12:01:41Z
video_000548,Graptemys pseudogeographica,Herptiles,established,loja,eCommerce,Post-Introduction,2022-01-24T13:42:41Z
video_004584,Graptemys pseudogeographica,Herptiles,established,mascota,eCommerce,Post-Introduction,2017-04-17T01:05:49Z
video_004584,Graptemys pseudogeographica,Herptiles,established,acuario,eCommerce,Post-Introduction,2014-11-19T09:43:06Z
video_012769,Graptemys pseudogeographica,Herptiles,established,invasoras,Invasion,Post-Introduction,2023-05-26T02:00:18Z
video_012769,Graptemys pseudogeographica,Herptiles,established,prohibido,eCommerce,Post-Introduction,2023-05-26T02:00:18Z
video_012769,Graptemys pseudogeographica,Herptiles,established,invasora,Invasion,Post-Introduction,2023-06-28T12:57:23Z
video_012769,Graptemys pseudogeographica,Herptiles,established,invasoras,Invasion,Post-Introduction,2025-11-20T22:38:42Z
video_012769,Graptemys pseudogeographica,Herptiles,established,hibridacion,Threat,Post-Introduction,2025-11-20T22:38:42Z
video_012769,Graptemys pseudogeographica,Herptiles,established,comprar,eCommerce,Post-Introduction,2025-11-20T22:38:42Z
video_001788,Graptemys pseudogeographica,Herptiles,established,pecera,eCommerce,Post-Introduction,2016-06-19T06:32:05Z
video_001788,Graptemys pseudogeographica,Herptiles,established,acuario,eCommerce,Post-Introduction,2015-12-13T00:00:57Z
video_009617,Graptemys pseudogeographica,Herptiles,established,riesgo,Threat,Post-Introduction,2014-11-12T07:13:20Z
video_009617,Graptemys pseudogeographica,Herptiles,established,caro,eCommerce,Post-Introduction,2016-08-22T23:02:35Z
video_009670,Grus canadensis,Birds,casual,encontre,Detection,Post-Introduction,2023-08-24T07:30:10Z
video_009670,Grus canadensis,Birds,casual,observado,Detection,Post-Introduction,2023-08-25T07:39:27Z
video_009670,Grus canadensis,Birds,casual,caro,eCommerce,Post-Introduction,2023-08-23T11:49:44Z
video_014064,Haemorhous mexicanus,Birds,casual,comprado,eCommerce,Post-Introduction,2025-10-22T01:10:28Z
video_014064,Haemorhous mexicanus,Birds,casual,venda,eCommerce,Post-Introduction,2016-10-19T22:54:17Z
video_005001,Halyomorpha halys,Insects,alien,visto,Detection,Post-Introduction,2025-11-08T05:45:24Z
video_005001,Halyomorpha halys,Insects,alien,veneno,Threat,Post-Introduction,2024-10-16T08:33:23Z
video_005001,Halyomorpha halys,Insects,alien,veneno,Threat,Post-Introduction,2024-10-16T14:17:16Z
video_005001,Halyomorpha halys,Insects,alien,aparecido,Detection,Post-Introduction,2025-03-23T20:26:28Z
video_009229,Halyomorpha halys,Insects,alien,plaga,Invasion,Post-Introduction,2023-03-25T10:39:55Z
video_009229,Halyomorpha halys,Insects,alien,veneno,Threat,Post-Introduction,2023-03-25T10:39:55Z
video_009229,Halyomorpha halys,Insects,alien,coste,eCommerce,Post-Introduction,2023-03-25T10:39:55Z
video_009229,Halyomorpha halys,Insects,alien,peligroso,Threat,Post-Introduction,2023-03-25T10:39:55Z
video_009229,Halyomorpha halys,Insects,alien,dinero,eCommerce,Post-Introduction,2023-03-25T10:39:55Z
video_016172,Halyomorpha halys,Insects,alien,encontre,Detection,Post-Introduction,2024-06-15T15:33:12Z
video_012054,Halyomorpha halys,Insects,alien,peligroso,Threat,Pre-Introduction,2013-07-22T02:04:39Z
video_012054,Halyomorpha halys,Insects,alien,perjudicial,Threat,Pre-Introduction,2012-03-06T15:55:40Z
video_012054,Halyomorpha halys,Insects,alien,peligrosa,Threat,Post-Introduction,2018-08-03T03:40:27Z
video_004285,Halyomorpha halys,Insects,alien,peligro,Threat,Post-Introduction,2022-10-03T14:16:18Z
video_004285,Halyomorpha halys,Insects,alien,venenosa,Threat,Post-Introduction,2021-12-11T18:01:02Z
video_004285,Halyomorpha halys,Insects,alien,plaga,Invasion,Post-Introduction,2021-12-11T18:01:02Z
video_004285,Halyomorpha halys,Insects,alien,plagas,Invasion,Post-Introduction,2021-11-14T16:51:05Z
video_004285,Halyomorpha halys,Insects,alien,invasion,Invasion,Post-Introduction,2021-11-13T16:35:26Z
video_004285,Halyomorpha halys,Insects,alien,plaga,Invasion,Post-Introduction,2021-11-12T12:55:49Z
video_012553,Lagocephalus sceleratus,Fishes,uncertain,veneno,Threat,Post-Introduction,2025-04-28T02:13:39Z
video_000908,Leptoglossus occidentalis,Insects,alien,invasora,Invasion,Post-Introduction,2024-04-07T03:37:11Z
video_004351,Leptoglossus occidentalis,Insects,alien,plaga,Invasion,Post-Introduction,2025-07-18T23:05:32Z
video_001801,Lonchura oryzivora,Birds,alien,encontre,Detection,Post-Introduction,2022-04-14T20:56:06Z
video_013058,Lonchura oryzivora,Birds,alien,jaula,eCommerce,Post-Introduction,2016-11-13T23:56:20Z
video_013058,Lonchura oryzivora,Birds,alien,mascota,eCommerce,Post-Introduction,2021-12-22T14:05:20Z
video_014278,Mauremys reevesii,Herptiles,alien,acuario,eCommerce,Post-Introduction,2019-06-05T00:05:54Z
video_014278,Mauremys reevesii,Herptiles,alien,cara,eCommerce,Post-Introduction,2018-02-27T13:18:38Z
video_014278,Mauremys reevesii,Herptiles,alien,acuario,eCommerce,Pre-Introduction,2015-09-05T10:28:32Z
video_007647,Mauremys reevesii,Herptiles,alien,compra,eCommerce,Post-Introduction,2019-09-18T09:54:01Z
video_007647,Mauremys reevesii,Herptiles,alien,tienda,eCommerce,Post-Introduction,2019-09-18T11:10:22Z
video_000816,Mauremys reevesii,Herptiles,alien,peligro,Threat,Post-Introduction,2020-04-30T14:34:34Z
video_000816,Mauremys reevesii,Herptiles,alien,extincion,Threat,Post-Introduction,2020-04-30T14:34:34Z
video_000816,Mauremys reevesii,Herptiles,alien,peligro,Threat,Post-Introduction,2020-04-30T14:43:26Z
video_000816,Mauremys reevesii,Herptiles,alien,extincion,Threat,Post-Introduction,2020-04-30T14:43:26Z
video_000816,Mauremys reevesii,Herptiles,alien,encontrado,Detection,Post-Introduction,2020-04-30T14:43:26Z
video_000816,Mauremys reevesii,Herptiles,alien,prohibida,eCommerce,Post-Introduction,2020-04-30T14:43:26Z
video_000816,Mauremys reevesii,Herptiles,alien,encontramos,Detection,Post-Introduction,2020-04-30T14:43:26Z
video_013452,Mauremys reevesii,Herptiles,alien,comprado,eCommerce,Post-Introduction,2020-04-26T03:21:44Z
video_013452,Mauremys reevesii,Herptiles,alien,acuario,eCommerce,Post-Introduction,2020-04-26T03:21:44Z
video_013452,Mauremys reevesii,Herptiles,alien,visto,Detection,Post-Introduction,2016-10-21T18:59:46Z
video_007512,Mauremys reevesii,Herptiles,alien,comprar,eCommerce,Pre-Introduction,2015-06-25T17:12:50Z
video_016474,Mauremys reevesii,Herptiles,alien,aquario,eCommerce,Post-Introduction,2017-09-17T19:00:37Z
video_016474,Mauremys reevesii,Herptiles,alien,acuario,eCommerce,Post-Introduction,2019-07-20T21:54:03Z
video_016474,Mauremys reevesii,Herptiles,alien,riesgo,Threat,Post-Introduction,2017-09-20T22:20:05Z
video_016474,Mauremys reevesii,Herptiles,alien,peligroso,Threat,Post-Introduction,2017-10-19T16:12:09Z
video_016474,Mauremys reevesii,Herptiles,alien,pecera,eCommerce,Post-Introduction,2017-09-17T21:01:03Z
video_016474,Mauremys reevesii,Herptiles,alien,acuario,eCommerce,Post-Introduction,2017-09-17T19:49:30Z
video_016474,Mauremys reevesii,Herptiles,alien,exotica,Invasion,Post-Introduction,2017-09-17T19:21:47Z
video_016474,Mauremys reevesii,Herptiles,alien,exotica,Invasion,Post-Introduction,2017-09-17T20:46:47Z
video_016474,Mauremys reevesii,Herptiles,alien,acuarios,eCommerce,Post-Introduction,2017-09-17T20:51:53Z
video_001490,Mauremys reevesii,Herptiles,alien,tienda,eCommerce,Pre-Introduction,2015-09-03T13:33:54Z
video_001490,Mauremys reevesii,Herptiles,alien,tienda,eCommerce,Pre-Introduction,2015-09-03T22:03:38Z
video_001490,Mauremys reevesii,Herptiles,alien,comprar,eCommerce,Pre-Introduction,2015-09-03T22:03:38Z
video_005252,Mauremys reevesii,Herptiles,alien,invasora,Invasion,Post-Introduction,2024-04-22T16:43:31Z
video_005252,Mauremys reevesii,Herptiles,alien,visto,Detection,Post-Introduction,2024-04-22T16:43:31Z
video_005252,Mauremys reevesii,Herptiles,alien,adoptado,eCommerce,Post-Introduction,2022-07-05T16:21:04Z
video_005252,Mauremys reevesii,Herptiles,alien,visto,Detection,Post-Introduction,2022-05-10T10:24:06Z
video_005252,Mauremys reevesii,Herptiles,alien,adoptar,eCommerce,Post-Introduction,2022-05-10T10:24:06Z
video_005252,Mauremys reevesii,Herptiles,alien,encontre,Detection,Post-Introduction,2022-03-27T08:20:20Z
video_005252,Mauremys reevesii,Herptiles,alien,prohibida,eCommerce,Post-Introduction,2022-07-05T16:37:09Z
video_005252,Mauremys reevesii,Herptiles,alien,adopcion,eCommerce,Post-Introduction,2022-03-27T13:52:15Z
video_012039,Mauremys reevesii,Herptiles,alien,acuario,eCommerce,Post-Introduction,2021-01-04T01:41:20Z
video_012039,Mauremys reevesii,Herptiles,alien,visto,Detection,Post-Introduction,2020-04-18T22:49:57Z
video_012039,Mauremys reevesii,Herptiles,alien,compre,eCommerce,Post-Introduction,2020-04-18T22:49:57Z
video_012039,Mauremys reevesii,Herptiles,alien,acuario,eCommerce,Post-Introduction,2020-04-18T22:49:57Z
video_012039,Mauremys reevesii,Herptiles,alien,controlar,Detection,Post-Introduction,2020-04-18T22:49:57Z
video_012039,Mauremys reevesii,Herptiles,alien,comercio,eCommerce,Post-Introduction,2019-12-23T21:07:40Z
video_012039,Mauremys reevesii,Herptiles,alien,acuario,eCommerce,Post-Introduction,2019-06-02T11:00:06Z
video_012039,Mauremys reevesii,Herptiles,alien,visto,Detection,Post-Introduction,2019-06-01T16:53:23Z
video_012039,Mauremys reevesii,Herptiles,alien,acuario,eCommerce,Post-Introduction,2019-06-01T14:11:02Z
video_012039,Mauremys reevesii,Herptiles,alien,visto,Detection,Post-Introduction,2019-06-03T08:42:10Z
video_012039,Mauremys reevesii,Herptiles,alien,visto,Detection,Post-Introduction,2019-06-02T13:20:12Z
video_012039,Mauremys reevesii,Herptiles,alien,tienda,eCommerce,Post-Introduction,2019-06-02T11:04:06Z
video_003926,Mauremys reevesii,Herptiles,alien,mascota,eCommerce,Post-Introduction,2020-01-25T13:08:54Z
video_008555,Mauremys sinensis,Herptiles,alien,acuario,eCommerce,Post-Introduction,2024-07-22T20:51:17Z
video_008555,Mauremys sinensis,Herptiles,alien,mascota,eCommerce,Post-Introduction,2023-10-05T20:01:38Z
video_008555,Mauremys sinensis,Herptiles,alien,vista,Detection,Post-Introduction,2023-10-05T20:01:38Z
video_008555,Mauremys sinensis,Herptiles,alien,hibridacion,Threat,Post-Introduction,2021-06-15T20:06:26Z
video_008555,Mauremys sinensis,Herptiles,alien,acuario,eCommerce,Post-Introduction,2021-02-18T13:39:33Z
video_008555,Mauremys sinensis,Herptiles,alien,terrario,eCommerce,Post-Introduction,2020-09-21T22:50:34Z
video_008555,Mauremys sinensis,Herptiles,alien,costo,eCommerce,Post-Introduction,2020-07-02T11:53:37Z
video_008555,Mauremys sinensis,Herptiles,alien,compre,eCommerce,Post-Introduction,2020-05-15T20:13:46Z
video_008555,Mauremys sinensis,Herptiles,alien,terrario,eCommerce,Post-Introduction,2021-06-12T20:28:26Z
video_008555,Mauremys sinensis,Herptiles,alien,acuario,eCommerce,Post-Introduction,2021-06-12T20:28:26Z
video_008555,Mauremys sinensis,Herptiles,alien,adoptar,eCommerce,Post-Introduction,2021-09-15T12:56:37Z
video_008555,Mauremys sinensis,Herptiles,alien,acuario,eCommerce,Post-Introduction,2021-09-15T12:56:37Z
video_008555,Mauremys sinensis,Herptiles,alien,tienda,eCommerce,Post-Introduction,2020-06-07T20:59:36Z
video_008555,Mauremys sinensis,Herptiles,alien,mascota,eCommerce,Post-Introduction,2020-06-07T21:17:26Z
video_008555,Mauremys sinensis,Herptiles,alien,riesgo,Threat,Post-Introduction,2020-06-07T21:17:26Z
video_008555,Mauremys sinensis,Herptiles,alien,contagio,Threat,Post-Introduction,2020-06-07T21:17:26Z
video_004719,Mnemiopsis leidyi,Non-arthropod invertebrates,established,alien,Invasion,Post-Introduction,2020-01-10T13:38:18Z
video_003198,Paratrechina jaegerskioeldi,Insects,established,extendido,Invasion,Post-Introduction,2024-07-26T03:48:42Z
video_003198,Paratrechina jaegerskioeldi,Insects,established,extendido,Invasion,Post-Introduction,2024-07-28T06:44:58Z
video_003198,Paratrechina jaegerskioeldi,Insects,established,extension,Invasion,Post-Introduction,2024-07-28T06:44:58Z
video_003198,Paratrechina jaegerskioeldi,Insects,established,visto,Detection,Post-Introduction,2025-01-07T01:01:15Z
video_003198,Paratrechina jaegerskioeldi,Insects,established,extendido,Invasion,Post-Introduction,2025-02-22T18:12:51Z
video_003198,Paratrechina jaegerskioeldi,Insects,established,plaga,Invasion,Post-Introduction,2024-07-28T06:35:11Z
video_006500,Paratrechina jaegerskioeldi,Insects,established,letal,Threat,Post-Introduction,2025-05-29T14:58:14Z
video_012474,Paratrechina jaegerskioeldi,Insects,established,plagas,Invasion,Post-Introduction,2024-03-24T16:00:04Z
video_013627,Paratrechina jaegerskioeldi,Insects,established,amenaza,Threat,Post-Introduction,2024-05-19T19:13:23Z
video_010079,Paratrechina jaegerskioeldi,Insects,established,terrario,eCommerce,Post-Introduction,2020-07-18T14:36:57Z
video_010079,Paratrechina jaegerskioeldi,Insects,established,visto,Detection,Post-Introduction,2019-09-14T20:15:58Z
video_010079,Paratrechina jaegerskioeldi,Insects,established,comprar,eCommerce,Post-Introduction,2019-09-14T20:23:38Z
video_012470,Paratrechina jaegerskioeldi,Insects,established,invasoras,Invasion,Post-Introduction,2020-11-19T05:35:14Z
video_012470,Paratrechina jaegerskioeldi,Insects,established,encontre,Detection,Post-Introduction,2020-05-18T01:26:49Z
video_012470,Paratrechina jaegerskioeldi,Insects,established,invasora,Invasion,Post-Introduction,2020-11-19T13:33:59Z
video_012470,Paratrechina jaegerskioeldi,Insects,established,tienda,eCommerce,Post-Introduction,2019-07-01T21:21:40Z
video_016022,Pelodiscus sinensis,Herptiles,alien,acuario,eCommerce,Post-Introduction,2020-03-19T08:35:18Z
video_016022,Pelodiscus sinensis,Herptiles,alien,tienda,eCommerce,Pre-Introduction,2019-05-24T17:09:10Z
video_016022,Pelodiscus sinensis,Herptiles,alien,acuario,eCommerce,Pre-Introduction,2019-05-24T18:07:18Z
video_001635,Pelodiscus sinensis,Herptiles,alien,visto,Detection,Pre-Introduction,2012-11-07T21:25:55Z
video_011518,Perca fluviatilis,Fishes,established,comprar,eCommerce,Post-Introduction,2019-05-20T13:24:12Z
video_008351,Perca fluviatilis,Fishes,established,captura,Detection,Post-Introduction,2020-04-15T21:03:01Z
video_008351,Perca fluviatilis,Fishes,established,reciente,Detection,Post-Introduction,2020-04-15T19:05:06Z
video_001060,Perca fluviatilis,Fishes,established,caro,eCommerce,Post-Introduction,2024-04-23T21:37:53Z
video_001060,Perca fluviatilis,Fishes,established,caro,eCommerce,Post-Introduction,2024-12-06T22:46:50Z
video_001060,Perca fluviatilis,Fishes,established,capturas,Detection,Post-Introduction,2024-04-26T22:15:22Z
video_001060,Perca fluviatilis,Fishes,established,caro,eCommerce,Post-Introduction,2024-04-26T22:25:39Z
video_005952,Perca fluviatilis,Fishes,established,caro,eCommerce,Post-Introduction,2022-11-23T21:28:24Z
video_005952,Perca fluviatilis,Fishes,established,caro,eCommerce,Post-Introduction,2022-11-22T23:16:13Z
video_002362,Perca fluviatilis,Fishes,established,caro,eCommerce,Post-Introduction,2022-10-22T16:23:54Z
video_005145,Perca fluviatilis,Fishes,established,caro,eCommerce,Post-Introduction,2024-12-22T19:45:56Z
video_005145,Perca fluviatilis,Fishes,established,caro,eCommerce,Post-Introduction,2025-03-01T17:21:40Z
video_005145,Perca fluviatilis,Fishes,established,encontramos,Detection,Post-Introduction,2024-12-22T22:37:54Z
video_005145,Perca fluviatilis,Fishes,established,caro,eCommerce,Post-Introduction,2024-12-21T18:37:39Z
video_005145,Perca fluviatilis,Fishes,established,caro,eCommerce,Post-Introduction,2024-12-18T18:07:48Z
video_005145,Perca fluviatilis,Fishes,established,caro,eCommerce,Post-Introduction,2024-12-18T18:11:10Z
video_011860,Perca fluviatilis,Fishes,established,capturar,Detection,Post-Introduction,2022-06-08T05:59:56Z
video_011860,Perca fluviatilis,Fishes,established,invasoras,Invasion,Post-Introduction,2022-06-07T20:05:14Z
video_011860,Perca fluviatilis,Fishes,established,caro,eCommerce,Post-Introduction,2022-06-10T21:49:12Z
video_011860,Perca fluviatilis,Fishes,established,caro,eCommerce,Post-Introduction,2022-06-07T20:29:04Z
video_007951,Perca fluviatilis,Fishes,established,capturas,Detection,Post-Introduction,2022-06-15T08:28:41Z
video_007951,Perca fluviatilis,Fishes,established,captura,Detection,Post-Introduction,2022-06-15T08:28:41Z
video_007951,Perca fluviatilis,Fishes,established,caro,eCommerce,Post-Introduction,2022-06-15T08:49:01Z
video_007951,Perca fluviatilis,Fishes,established,caro,eCommerce,Post-Introduction,2022-06-14T21:12:19Z
video_007951,Perca fluviatilis,Fishes,established,caro,eCommerce,Post-Introduction,2022-06-14T20:43:41Z
video_010954,Perca fluviatilis,Fishes,established,caro,eCommerce,Post-Introduction,2024-12-23T11:29:48Z
video_009472,Perca fluviatilis,Fishes,established,caro,eCommerce,Post-Introduction,2022-07-19T22:49:48Z
video_001238,Perca fluviatilis,Fishes,established,caro,eCommerce,Post-Introduction,2024-12-10T18:36:33Z
video_010293,Perca fluviatilis,Fishes,established,capturas,Detection,Post-Introduction,2019-11-11T22:20:35Z
video_012940,Perca fluviatilis,Fishes,established,visto,Detection,Post-Introduction,2020-10-18T06:58:36Z
video_012940,Perca fluviatilis,Fishes,established,capturas,Detection,Post-Introduction,2020-10-17T17:07:17Z
video_009565,Perca fluviatilis,Fishes,established,captura,Detection,Post-Introduction,2024-10-27T14:55:35Z
video_009565,Perca fluviatilis,Fishes,established,capturados,Detection,Post-Introduction,2024-11-27T20:48:23Z
video_014114,Phthorimaea absoluta,Insects,established,trampa,Detection,Post-Introduction,2024-06-10T16:01:26Z
video_014114,Phthorimaea absoluta,Insects,established,epidemia,Threat,Post-Introduction,2024-05-21T20:44:47Z
video_014114,Phthorimaea absoluta,Insects,established,costo,eCommerce,Post-Introduction,2024-05-21T20:44:47Z
video_014114,Phthorimaea absoluta,Insects,established,trampa,Detection,Post-Introduction,2024-04-26T15:25:37Z
video_014114,Phthorimaea absoluta,Insects,established,compre,eCommerce,Post-Introduction,2023-06-02T19:32:04Z
video_014114,Phthorimaea absoluta,Insects,established,trampa,Detection,Post-Introduction,2023-06-02T19:32:04Z
video_014114,Phthorimaea absoluta,Insects,established,comprado,eCommerce,Post-Introduction,2022-08-03T16:25:01Z
video_014114,Phthorimaea absoluta,Insects,established,trampa,Detection,Post-Introduction,2022-08-03T16:25:01Z
video_014114,Phthorimaea absoluta,Insects,established,trampas,Detection,Post-Introduction,2024-06-03T11:46:39Z
video_014114,Phthorimaea absoluta,Insects,established,oferta,eCommerce,Post-Introduction,2024-06-03T11:46:39Z
video_014114,Phthorimaea absoluta,Insects,established,trampa,Detection,Post-Introduction,2024-03-14T19:10:41Z
video_014114,Phthorimaea absoluta,Insects,established,aparecer,Detection,Post-Introduction,2023-07-09T08:37:19Z
video_014114,Phthorimaea absoluta,Insects,established,vista,Detection,Post-Introduction,2022-07-22T18:52:26Z
video_014114,Phthorimaea absoluta,Insects,established,presente,Invasion,Post-Introduction,2022-07-22T18:52:26Z
video_014114,Phthorimaea absoluta,Insects,established,comprar,eCommerce,Post-Introduction,2022-07-19T20:54:27Z
video_014114,Phthorimaea absoluta,Insects,established,controlada,Detection,Post-Introduction,2022-07-19T21:26:51Z
video_014114,Phthorimaea absoluta,Insects,established,comprar,eCommerce,Post-Introduction,2022-07-19T11:38:01Z
video_014114,Phthorimaea absoluta,Insects,established,trampas,Detection,Post-Introduction,2022-07-19T11:38:01Z
video_014114,Phthorimaea absoluta,Insects,established,controlar,Detection,Post-Introduction,2022-07-16T16:27:49Z
video_004854,Phthorimaea absoluta,Insects,established,trampas,Detection,Post-Introduction,2021-05-20T19:23:08Z
video_004854,Phthorimaea absoluta,Insects,established,comprar,eCommerce,Post-Introduction,2021-03-08T19:37:58Z
video_004854,Phthorimaea absoluta,Insects,established,compra,eCommerce,Post-Introduction,2020-11-18T15:07:24Z
video_004854,Phthorimaea absoluta,Insects,established,trampas,Detection,Post-Introduction,2020-06-01T09:03:18Z
video_004854,Phthorimaea absoluta,Insects,established,trampa,Detection,Post-Introduction,2020-05-10T19:52:06Z
video_004854,Phthorimaea absoluta,Insects,established,trampa,Detection,Post-Introduction,2019-07-03T15:41:00Z
video_004854,Phthorimaea absoluta,Insects,established,encontre,Detection,Post-Introduction,2019-05-27T15:58:25Z
video_004854,Phthorimaea absoluta,Insects,established,plaga,Invasion,Post-Introduction,2019-05-21T18:51:17Z
video_004854,Phthorimaea absoluta,Insects,established,ataca,Threat,Post-Introduction,2020-06-10T21:35:44Z
video_004854,Phthorimaea absoluta,Insects,established,trampas,Detection,Post-Introduction,2020-06-01T17:44:34Z
video_004854,Phthorimaea absoluta,Insects,established,controlar,Detection,Post-Introduction,2020-06-01T17:44:34Z
video_004854,Phthorimaea absoluta,Insects,established,prohibido,eCommerce,Post-Introduction,2019-07-10T22:04:41Z
video_004854,Phthorimaea absoluta,Insects,established,ataca,Threat,Post-Introduction,2019-07-07T22:59:24Z
video_004854,Phthorimaea absoluta,Insects,established,trampa,Detection,Post-Introduction,2019-07-04T15:05:14Z
video_004854,Phthorimaea absoluta,Insects,established,plaga,Invasion,Post-Introduction,2019-07-04T15:05:14Z
video_004854,Phthorimaea absoluta,Insects,established,establecida,Invasion,Post-Introduction,2019-07-04T15:05:14Z
video_004854,Phthorimaea absoluta,Insects,established,trampa,Detection,Post-Introduction,2019-05-21T19:15:01Z
video_004854,Phthorimaea absoluta,Insects,established,tienda,eCommerce,Post-Introduction,2019-05-08T17:55:38Z
video_004854,Phthorimaea absoluta,Insects,established,trampa,Detection,Post-Introduction,2019-03-02T11:32:30Z
video_004854,Phthorimaea absoluta,Insects,established,compra,eCommerce,Post-Introduction,2019-03-11T17:25:39Z
video_004854,Phthorimaea absoluta,Insects,established,comprado,eCommerce,Post-Introduction,2019-03-11T20:16:29Z
video_004854,Phthorimaea absoluta,Insects,established,tienda,eCommerce,Post-Introduction,2019-03-11T20:16:29Z
video_005234,Phthorimaea absoluta,Insects,established,peligrosa,Threat,Post-Introduction,2024-07-26T09:43:47Z
video_005234,Phthorimaea absoluta,Insects,established,toxicidad,Threat,Post-Introduction,2025-07-20T11:42:21Z
video_005234,Phthorimaea absoluta,Insects,established,venenoso,Threat,Post-Introduction,2025-06-22T14:47:22Z
video_005234,Phthorimaea absoluta,Insects,established,compre,eCommerce,Post-Introduction,2024-10-24T04:57:00Z
video_005234,Phthorimaea absoluta,Insects,established,plaga,Invasion,Post-Introduction,2024-10-20T12:51:06Z
video_005234,Phthorimaea absoluta,Insects,established,venenosa,Threat,Post-Introduction,2024-07-01T00:08:14Z
video_005234,Phthorimaea absoluta,Insects,established,reciente,Detection,Post-Introduction,2024-06-14T16:08:42Z
video_005234,Phthorimaea absoluta,Insects,established,toxica,Threat,Post-Introduction,2024-06-09T11:44:47Z
video_005234,Phthorimaea absoluta,Insects,established,venenosa,Threat,Post-Introduction,2023-09-12T18:39:44Z
video_005234,Phthorimaea absoluta,Insects,established,venenosa,Threat,Post-Introduction,2023-08-14T17:59:27Z
video_005234,Phthorimaea absoluta,Insects,established,venenosa,Threat,Post-Introduction,2023-07-27T18:07:50Z
video_005234,Phthorimaea absoluta,Insects,established,toxica,Threat,Post-Introduction,2023-07-27T18:07:50Z
video_005234,Phthorimaea absoluta,Insects,established,venenosa,Threat,Post-Introduction,2023-07-20T17:50:08Z
video_005234,Phthorimaea absoluta,Insects,established,venenosa,Threat,Post-Introduction,2023-07-19T22:27:18Z
video_005234,Phthorimaea absoluta,Insects,established,toxica,Threat,Post-Introduction,2023-07-19T19:16:16Z
video_005234,Phthorimaea absoluta,Insects,established,venenosa,Threat,Post-Introduction,2023-07-18T21:26:01Z
video_005234,Phthorimaea absoluta,Insects,established,visto,Detection,Post-Introduction,2023-07-18T16:25:32Z
video_005234,Phthorimaea absoluta,Insects,established,veneno,Threat,Post-Introduction,2023-07-18T16:25:32Z
video_005234,Phthorimaea absoluta,Insects,established,venenoso,Threat,Post-Introduction,2023-07-18T16:10:50Z
video_005234,Phthorimaea absoluta,Insects,established,plaga,Invasion,Post-Introduction,2024-10-24T09:00:16Z
video_005234,Phthorimaea absoluta,Insects,established,controlar,Detection,Post-Introduction,2024-10-24T09:00:16Z
video_005234,Phthorimaea absoluta,Insects,established,nativa,Invasion,Post-Introduction,2024-07-01T20:59:03Z
video_005234,Phthorimaea absoluta,Insects,established,plaga,Invasion,Post-Introduction,2023-07-20T15:57:02Z
video_008202,Phthorimaea absoluta,Insects,established,ataca,Threat,Post-Introduction,2017-08-01T19:28:06Z
video_008202,Phthorimaea absoluta,Insects,established,visto,Detection,Post-Introduction,2017-08-01T19:28:06Z
video_008202,Phthorimaea absoluta,Insects,established,plaga,Invasion,Post-Introduction,2017-08-01T19:28:06Z
video_008202,Phthorimaea absoluta,Insects,established,controlar,Detection,Post-Introduction,2017-08-01T19:28:06Z
video_008202,Phthorimaea absoluta,Insects,established,plaga,Invasion,Post-Introduction,2017-07-31T17:39:54Z
video_008202,Phthorimaea absoluta,Insects,established,plagas,Invasion,Post-Introduction,2017-07-28T03:21:06Z
video_008202,Phthorimaea absoluta,Insects,established,plaga,Invasion,Post-Introduction,2017-07-27T15:18:14Z
video_008202,Phthorimaea absoluta,Insects,established,plaga,Invasion,Post-Introduction,2017-07-27T14:46:40Z
video_008202,Phthorimaea absoluta,Insects,established,plaga,Invasion,Post-Introduction,2017-07-27T12:13:13Z
video_008202,Phthorimaea absoluta,Insects,established,trampas,Detection,Post-Introduction,2017-07-27T12:13:13Z
video_008202,Phthorimaea absoluta,Insects,established,riesgo,Threat,Post-Introduction,2017-08-02T02:57:32Z
video_008202,Phthorimaea absoluta,Insects,established,encontramos,Detection,Post-Introduction,2017-07-28T10:29:37Z
video_008202,Phthorimaea absoluta,Insects,established,visto,Detection,Post-Introduction,2017-07-28T10:31:06Z
video_009377,Phthorimaea absoluta,Insects,established,toxico,Threat,Post-Introduction,2016-05-06T06:04:00Z
video_010258,Phthorimaea absoluta,Insects,established,trampa,Detection,Post-Introduction,2022-07-11T00:24:06Z
video_010258,Phthorimaea absoluta,Insects,established,trampa,Detection,Post-Introduction,2019-05-31T12:24:04Z
video_010258,Phthorimaea absoluta,Insects,established,trampa,Detection,Post-Introduction,2018-06-11T19:07:02Z
video_010258,Phthorimaea absoluta,Insects,established,trampa,Detection,Post-Introduction,2017-07-16T20:44:17Z
video_010258,Phthorimaea absoluta,Insects,established,plaga,Invasion,Post-Introduction,2017-05-27T22:31:05Z
video_010258,Phthorimaea absoluta,Insects,established,trampa,Detection,Post-Introduction,2017-05-18T15:37:12Z
video_000107,Phthorimaea absoluta,Insects,established,trampa,Detection,Post-Introduction,2025-08-22T15:56:30Z
video_000107,Phthorimaea absoluta,Insects,established,visto,Detection,Post-Introduction,2025-06-15T10:35:07Z
video_000107,Phthorimaea absoluta,Insects,established,trampas,Detection,Post-Introduction,2025-06-14T20:12:51Z
video_000107,Phthorimaea absoluta,Insects,established,trampas,Detection,Post-Introduction,2025-06-14T20:08:07Z
video_000107,Phthorimaea absoluta,Insects,established,trampas,Detection,Post-Introduction,2025-06-14T17:37:07Z
video_000107,Phthorimaea absoluta,Insects,established,trampas,Detection,Post-Introduction,2025-06-16T07:27:39Z
video_000107,Phthorimaea absoluta,Insects,established,trampas,Detection,Post-Introduction,2025-06-15T14:22:14Z
video_000107,Phthorimaea absoluta,Insects,established,trampas,Detection,Post-Introduction,2025-06-14T20:20:56Z
video_006841,Phthorimaea absoluta,Insects,established,plaga,Invasion,Post-Introduction,2022-07-18T01:35:54Z
video_006841,Phthorimaea absoluta,Insects,established,plagas,Invasion,Post-Introduction,2021-12-26T08:39:14Z
video_006841,Phthorimaea absoluta,Insects,established,control,Detection,Post-Introduction,2021-12-04T13:00:09Z
video_006841,Phthorimaea absoluta,Insects,established,plagas,Invasion,Post-Introduction,2021-12-04T13:00:09Z
video_006841,Phthorimaea absoluta,Insects,established,plagas,Invasion,Post-Introduction,2021-11-25T23:40:33Z
video_006841,Phthorimaea absoluta,Insects,established,plagas,Invasion,Post-Introduction,2021-11-16T23:46:07Z
video_006841,Phthorimaea absoluta,Insects,established,plagas,Invasion,Post-Introduction,2021-11-16T20:17:10Z
video_006841,Phthorimaea absoluta,Insects,established,plaga,Invasion,Post-Introduction,2021-11-16T20:17:10Z
video_006841,Phthorimaea absoluta,Insects,established,plaga,Invasion,Post-Introduction,2021-11-15T09:12:35Z
video_006841,Phthorimaea absoluta,Insects,established,plaga,Invasion,Post-Introduction,2021-11-14T20:50:43Z
video_006841,Phthorimaea absoluta,Insects,established,caro,eCommerce,Post-Introduction,2021-11-14T18:48:33Z
video_006841,Phthorimaea absoluta,Insects,established,plagas,Invasion,Post-Introduction,2021-11-14T13:40:36Z
video_006841,Phthorimaea absoluta,Insects,established,plagas,Invasion,Post-Introduction,2021-11-14T09:03:58Z
video_006841,Phthorimaea absoluta,Insects,established,plagas,Invasion,Post-Introduction,2021-11-13T23:09:05Z
video_006841,Phthorimaea absoluta,Insects,established,ataca,Threat,Post-Introduction,2021-11-13T21:14:30Z
video_006841,Phthorimaea absoluta,Insects,established,plaga,Invasion,Post-Introduction,2021-11-13T09:14:13Z
video_006841,Phthorimaea absoluta,Insects,established,plagas,Invasion,Post-Introduction,2021-11-13T06:25:59Z
video_006841,Phthorimaea absoluta,Insects,established,plagas,Invasion,Post-Introduction,2021-11-11T12:25:30Z
video_006841,Phthorimaea absoluta,Insects,established,plaga,Invasion,Post-Introduction,2021-11-11T01:54:02Z
video_006841,Phthorimaea absoluta,Insects,established,plaga,Invasion,Post-Introduction,2021-11-10T19:48:55Z
video_006841,Phthorimaea absoluta,Insects,established,plaga,Invasion,Post-Introduction,2021-11-10T19:11:45Z
video_006841,Phthorimaea absoluta,Insects,established,plaga,Invasion,Post-Introduction,2021-11-10T18:30:37Z
video_006841,Phthorimaea absoluta,Insects,established,plaga,Invasion,Post-Introduction,2021-11-10T17:05:40Z
video_006841,Phthorimaea absoluta,Insects,established,plaga,Invasion,Post-Introduction,2021-11-10T16:40:13Z
video_006841,Phthorimaea absoluta,Insects,established,caro,eCommerce,Post-Introduction,2021-11-10T16:40:13Z
video_006841,Phthorimaea absoluta,Insects,established,plaga,Invasion,Post-Introduction,2021-11-10T16:39:34Z
video_006841,Phthorimaea absoluta,Insects,established,plaga,Invasion,Post-Introduction,2022-07-19T07:41:35Z
video_006841,Phthorimaea absoluta,Insects,established,plagas,Invasion,Post-Introduction,2021-11-18T18:17:23Z
video_006841,Phthorimaea absoluta,Insects,established,plagas,Invasion,Post-Introduction,2021-11-15T18:05:28Z
video_006841,Phthorimaea absoluta,Insects,established,plagas,Invasion,Post-Introduction,2021-11-13T13:31:11Z
video_006841,Phthorimaea absoluta,Insects,established,plagas,Invasion,Post-Introduction,2021-11-10T22:25:54Z
video_006841,Phthorimaea absoluta,Insects,established,plaga,Invasion,Post-Introduction,2021-11-10T22:29:17Z
video_006841,Phthorimaea absoluta,Insects,established,caro,eCommerce,Post-Introduction,2021-11-10T22:31:51Z
video_000426,Phthorimaea absoluta,Insects,established,trampas,Detection,Post-Introduction,2025-06-26T07:02:10Z
video_000426,Phthorimaea absoluta,Insects,established,venenoso,Threat,Post-Introduction,2024-11-03T04:43:55Z
video_000426,Phthorimaea absoluta,Insects,established,trampas,Detection,Post-Introduction,2024-09-26T20:38:30Z
video_000426,Phthorimaea absoluta,Insects,established,visto,Detection,Post-Introduction,2024-06-05T16:00:54Z
video_000426,Phthorimaea absoluta,Insects,established,barato,eCommerce,Post-Introduction,2024-06-01T15:28:21Z
video_000426,Phthorimaea absoluta,Insects,established,trampas,Detection,Post-Introduction,2024-05-19T06:34:29Z
video_000426,Phthorimaea absoluta,Insects,established,plagas,Invasion,Post-Introduction,2024-06-26T22:15:32Z
video_000426,Phthorimaea absoluta,Insects,established,trampa,Detection,Post-Introduction,2024-06-01T12:42:44Z
video_000426,Phthorimaea absoluta,Insects,established,trampa,Detection,Post-Introduction,2024-07-22T19:21:30Z
video_000426,Phthorimaea absoluta,Insects,established,trampas,Detection,Post-Introduction,2024-05-18T15:22:20Z
video_000426,Phthorimaea absoluta,Insects,established,barato,eCommerce,Post-Introduction,2024-05-18T17:23:54Z
video_010528,Phthorimaea absoluta,Insects,established,comprar,eCommerce,Post-Introduction,2025-07-04T11:39:45Z
video_010528,Phthorimaea absoluta,Insects,established,atacado,Threat,Post-Introduction,2025-05-27T00:43:13Z
video_010528,Phthorimaea absoluta,Insects,established,costo,eCommerce,Post-Introduction,2025-05-27T00:43:13Z
video_010528,Phthorimaea absoluta,Insects,established,encontrado,Detection,Post-Introduction,2024-07-27T17:00:12Z
video_010528,Phthorimaea absoluta,Insects,established,comprado,eCommerce,Post-Introduction,2024-07-27T17:00:12Z
video_010528,Phthorimaea absoluta,Insects,established,tienda,eCommerce,Post-Introduction,2023-09-03T20:09:22Z
video_010528,Phthorimaea absoluta,Insects,established,invasion,Invasion,Post-Introduction,2023-09-03T20:09:22Z
video_010528,Phthorimaea absoluta,Insects,established,trampas,Detection,Post-Introduction,2023-05-12T18:51:47Z
video_010528,Phthorimaea absoluta,Insects,established,plaga,Invasion,Post-Introduction,2022-09-07T19:20:55Z
video_010528,Phthorimaea absoluta,Insects,established,trampas,Detection,Post-Introduction,2021-10-18T11:07:44Z
video_010528,Phthorimaea absoluta,Insects,established,trampa,Detection,Post-Introduction,2021-05-19T11:55:58Z
video_010528,Phthorimaea absoluta,Insects,established,trampas,Detection,Post-Introduction,2021-01-13T16:57:46Z
video_010528,Phthorimaea absoluta,Insects,established,trampa,Detection,Post-Introduction,2020-07-20T21:58:31Z
video_010528,Phthorimaea absoluta,Insects,established,trampas,Detection,Post-Introduction,2020-06-01T09:17:44Z
video_010528,Phthorimaea absoluta,Insects,established,trampa,Detection,Post-Introduction,2020-06-01T09:17:44Z
video_010528,Phthorimaea absoluta,Insects,established,visto,Detection,Post-Introduction,2020-04-19T13:58:33Z
video_010528,Phthorimaea absoluta,Insects,established,trampas,Detection,Post-Introduction,2020-04-19T13:58:33Z
video_010528,Phthorimaea absoluta,Insects,established,trampa,Detection,Post-Introduction,2020-04-19T13:58:33Z
video_010528,Phthorimaea absoluta,Insects,established,comprar,eCommerce,Post-Introduction,2020-04-19T13:58:33Z
video_010528,Phthorimaea absoluta,Insects,established,cara,eCommerce,Post-Introduction,2019-06-03T21:55:39Z
video_010528,Phthorimaea absoluta,Insects,established,trampas,Detection,Post-Introduction,2019-05-26T18:30:00Z
video_010528,Phthorimaea absoluta,Insects,established,trampas,Detection,Post-Introduction,2019-05-25T18:08:38Z
video_010528,Phthorimaea absoluta,Insects,established,trampa,Detection,Post-Introduction,2019-05-23T17:31:56Z
video_010528,Phthorimaea absoluta,Insects,established,tienda,eCommerce,Post-Introduction,2019-04-20T21:28:03Z
video_010528,Phthorimaea absoluta,Insects,established,trampa,Detection,Post-Introduction,2019-04-08T16:37:03Z
video_010528,Phthorimaea absoluta,Insects,established,trampa,Detection,Post-Introduction,2019-01-08T20:00:40Z
video_010528,Phthorimaea absoluta,Insects,established,trampa,Detection,Post-Introduction,2018-08-11T11:11:04Z
video_010528,Phthorimaea absoluta,Insects,established,trampa,Detection,Post-Introduction,2018-07-25T17:43:15Z
video_010528,Phthorimaea absoluta,Insects,established,trampa,Detection,Post-Introduction,2018-07-17T16:47:27Z
video_010528,Phthorimaea absoluta,Insects,established,trampas,Detection,Post-Introduction,2018-06-07T21:04:02Z
video_010528,Phthorimaea absoluta,Insects,established,atacado,Threat,Post-Introduction,2018-03-07T03:03:02Z
video_010528,Phthorimaea absoluta,Insects,established,plaga,Invasion,Post-Introduction,2018-03-07T03:03:02Z
video_010528,Phthorimaea absoluta,Insects,established,compra,eCommerce,Post-Introduction,2017-07-22T11:31:42Z
video_010528,Phthorimaea absoluta,Insects,established,comprar,eCommerce,Post-Introduction,2017-05-02T20:24:05Z
video_010528,Phthorimaea absoluta,Insects,established,visto,Detection,Post-Introduction,2017-05-02T20:24:05Z
video_010528,Phthorimaea absoluta,Insects,established,precio,eCommerce,Post-Introduction,2017-05-02T20:24:05Z
video_010528,Phthorimaea absoluta,Insects,established,comprar,eCommerce,Post-Introduction,2017-04-28T10:52:34Z
video_010528,Phthorimaea absoluta,Insects,established,trampas,Detection,Post-Introduction,2017-04-02T03:34:07Z
video_010528,Phthorimaea absoluta,Insects,established,trampas,Detection,Post-Introduction,2016-05-22T21:13:40Z
video_010528,Phthorimaea absoluta,Insects,established,trampa,Detection,Post-Introduction,2015-12-24T15:11:19Z
video_010528,Phthorimaea absoluta,Insects,established,aparecido,Detection,Post-Introduction,2015-08-19T11:14:10Z
video_010528,Phthorimaea absoluta,Insects,established,compre,eCommerce,Post-Introduction,2015-08-18T10:04:24Z
video_010528,Phthorimaea absoluta,Insects,established,trampas,Detection,Post-Introduction,2023-04-23T20:06:17Z
video_010528,Phthorimaea absoluta,Insects,established,compre,eCommerce,Post-Introduction,2023-04-23T20:06:17Z
video_010528,Phthorimaea absoluta,Insects,established,plaga,Invasion,Post-Introduction,2022-08-19T07:58:01Z
video_010528,Phthorimaea absoluta,Insects,established,compre,eCommerce,Post-Introduction,2022-07-14T17:39:54Z
video_010528,Phthorimaea absoluta,Insects,established,trampas,Detection,Post-Introduction,2022-07-14T17:39:54Z
video_010528,Phthorimaea absoluta,Insects,established,trampas,Detection,Post-Introduction,2019-05-23T17:37:49Z
video_010528,Phthorimaea absoluta,Insects,established,trampa,Detection,Post-Introduction,2019-05-23T17:37:49Z
video_010528,Phthorimaea absoluta,Insects,established,plaga,Invasion,Post-Introduction,2018-08-05T12:07:31Z
video_010528,Phthorimaea absoluta,Insects,established,controlada,Detection,Post-Introduction,2018-08-05T12:07:31Z
video_010528,Phthorimaea absoluta,Insects,established,barata,eCommerce,Post-Introduction,2018-07-17T16:53:30Z
video_010528,Phthorimaea absoluta,Insects,established,cara,eCommerce,Post-Introduction,2018-07-17T20:31:27Z
video_010528,Phthorimaea absoluta,Insects,established,veneno,Threat,Post-Introduction,2020-07-06T19:33:36Z
video_010528,Phthorimaea absoluta,Insects,established,comprar,eCommerce,Post-Introduction,2020-07-06T19:33:36Z
video_010528,Phthorimaea absoluta,Insects,established,tienda,eCommerce,Post-Introduction,2020-07-06T19:33:36Z
video_010528,Phthorimaea absoluta,Insects,established,compra,eCommerce,Post-Introduction,2017-07-22T14:29:24Z
video_010528,Phthorimaea absoluta,Insects,established,comprar,eCommerce,Post-Introduction,2017-05-02T20:44:39Z
video_010528,Phthorimaea absoluta,Insects,established,costo,eCommerce,Post-Introduction,2017-05-02T21:38:26Z
video_010528,Phthorimaea absoluta,Insects,established,precio,eCommerce,Post-Introduction,2017-05-02T21:38:26Z
video_010528,Phthorimaea absoluta,Insects,established,trampas,Detection,Post-Introduction,2017-02-13T18:07:18Z
video_010528,Phthorimaea absoluta,Insects,established,trampas,Detection,Post-Introduction,2016-05-22T22:00:50Z
video_010528,Phthorimaea absoluta,Insects,established,comprado,eCommerce,Post-Introduction,2016-05-24T06:59:59Z
video_010528,Phthorimaea absoluta,Insects,established,caro,eCommerce,Post-Introduction,2016-05-24T07:56:57Z
video_010528,Phthorimaea absoluta,Insects,established,trampas,Detection,Post-Introduction,2015-12-24T17:07:32Z
video_010528,Phthorimaea absoluta,Insects,established,veneno,Threat,Post-Introduction,2015-08-20T06:35:08Z
video_005889,Phthorimaea absoluta,Insects,established,trampa,Detection,Post-Introduction,2022-06-27T21:50:23Z
video_005889,Phthorimaea absoluta,Insects,established,trampas,Detection,Post-Introduction,2020-09-02T23:03:51Z
video_005889,Phthorimaea absoluta,Insects,established,control,Detection,Post-Introduction,2020-11-06T16:40:40Z
video_005889,Phthorimaea absoluta,Insects,established,plaga,Invasion,Post-Introduction,2020-11-06T16:32:11Z
video_005889,Phthorimaea absoluta,Insects,established,plaga,Invasion,Post-Introduction,2020-11-06T16:41:01Z
video_012643,Phthorimaea absoluta,Insects,established,plaga,Invasion,Post-Introduction,2021-07-07T07:47:05Z
video_012643,Phthorimaea absoluta,Insects,established,trampas,Detection,Post-Introduction,2021-06-24T08:51:46Z
video_012643,Phthorimaea absoluta,Insects,established,trampas,Detection,Post-Introduction,2021-06-14T21:03:41Z
video_012643,Phthorimaea absoluta,Insects,established,trampa,Detection,Post-Introduction,2021-06-10T20:46:51Z
video_012643,Phthorimaea absoluta,Insects,established,atacado,Threat,Post-Introduction,2021-06-10T20:10:43Z
video_012643,Phthorimaea absoluta,Insects,established,plaga,Invasion,Post-Introduction,2021-06-12T06:54:36Z
video_012643,Phthorimaea absoluta,Insects,established,plagas,Invasion,Post-Introduction,2021-06-12T06:54:36Z
video_012600,Phthorimaea absoluta,Insects,established,peligro,Threat,Post-Introduction,2021-07-15T13:51:34Z
video_012600,Phthorimaea absoluta,Insects,established,control,Detection,Post-Introduction,2021-07-15T13:51:34Z
video_012600,Phthorimaea absoluta,Insects,established,barato,eCommerce,Post-Introduction,2021-07-15T13:51:34Z
video_012600,Phthorimaea absoluta,Insects,established,caro,eCommerce,Post-Introduction,2021-07-15T13:51:34Z
video_005089,Phthorimaea absoluta,Insects,established,trampa,Detection,Post-Introduction,2025-04-09T20:50:48Z
video_005089,Phthorimaea absoluta,Insects,established,control,Detection,Post-Introduction,2022-07-02T08:04:28Z
video_008350,Phthorimaea absoluta,Insects,established,plaga,Invasion,Post-Introduction,2020-10-19T23:46:55Z
video_008350,Phthorimaea absoluta,Insects,established,encontre,Detection,Post-Introduction,2020-07-18T21:27:04Z
video_008350,Phthorimaea absoluta,Insects,established,comprar,eCommerce,Post-Introduction,2020-04-17T15:31:57Z
video_008350,Phthorimaea absoluta,Insects,established,ataca,Threat,Post-Introduction,2019-05-01T20:35:29Z
video_008350,Phthorimaea absoluta,Insects,established,plaga,Invasion,Post-Introduction,2018-02-15T17:08:40Z
video_008350,Phthorimaea absoluta,Insects,established,control,Detection,Post-Introduction,2016-12-06T02:26:51Z
video_008350,Phthorimaea absoluta,Insects,established,trampas,Detection,Post-Introduction,2016-12-02T21:28:46Z
video_008350,Phthorimaea absoluta,Insects,established,plagas,Invasion,Post-Introduction,2016-11-14T16:18:14Z
video_008350,Phthorimaea absoluta,Insects,established,plaga,Invasion,Post-Introduction,2016-09-16T11:13:56Z
video_008350,Phthorimaea absoluta,Insects,established,aparece,Detection,Post-Introduction,2016-07-21T17:38:44Z
video_008350,Phthorimaea absoluta,Insects,established,aparicion,Detection,Post-Introduction,2022-03-28T22:09:18Z
video_008350,Phthorimaea absoluta,Insects,established,plagas,Invasion,Post-Introduction,2022-03-28T22:09:18Z
video_008350,Phthorimaea absoluta,Insects,established,trampa,Detection,Post-Introduction,2016-09-22T23:08:20Z
video_008350,Phthorimaea absoluta,Insects,established,vender,eCommerce,Post-Introduction,2016-06-20T16:22:34Z
video_008350,Phthorimaea absoluta,Insects,established,comprar,eCommerce,Post-Introduction,2016-06-13T10:27:24Z
video_008350,Phthorimaea absoluta,Insects,established,plaga,Invasion,Post-Introduction,2016-10-07T23:46:33Z
video_008350,Phthorimaea absoluta,Insects,established,plagas,Invasion,Post-Introduction,2015-09-01T02:22:59Z
video_008350,Phthorimaea absoluta,Insects,established,plaga,Invasion,Post-Introduction,2015-08-13T20:14:39Z
video_008350,Phthorimaea absoluta,Insects,established,plaga,Invasion,Post-Introduction,2015-07-20T22:18:39Z
video_008350,Phthorimaea absoluta,Insects,established,visto,Detection,Post-Introduction,2015-07-17T22:36:32Z
video_008350,Phthorimaea absoluta,Insects,established,aparezca,Detection,Post-Introduction,2015-07-17T22:04:57Z
video_008350,Phthorimaea absoluta,Insects,established,encontre,Detection,Post-Introduction,2015-07-16T23:14:09Z
video_008350,Phthorimaea absoluta,Insects,established,plaga,Invasion,Post-Introduction,2015-07-16T22:40:34Z
video_008350,Phthorimaea absoluta,Insects,established,plagas,Invasion,Post-Introduction,2015-07-16T19:55:04Z
video_008350,Phthorimaea absoluta,Insects,established,visto,Detection,Post-Introduction,2015-07-16T19:55:04Z
video_008350,Phthorimaea absoluta,Insects,established,visto,Detection,Post-Introduction,2015-07-16T18:49:51Z
video_008350,Phthorimaea absoluta,Insects,established,plaga,Invasion,Post-Introduction,2015-07-16T18:12:04Z
video_008350,Phthorimaea absoluta,Insects,established,comprada,eCommerce,Post-Introduction,2017-08-18T21:00:22Z
video_014255,Phthorimaea absoluta,Insects,established,comprar,eCommerce,Post-Introduction,2024-06-18T16:42:38Z
video_012787,Phthorimaea absoluta,Insects,established,encontre,Detection,Post-Introduction,2025-11-22T17:00:16Z
video_012787,Phthorimaea absoluta,Insects,established,visto,Detection,Post-Introduction,2025-07-05T06:12:58Z
video_012787,Phthorimaea absoluta,Insects,established,trampa,Detection,Post-Introduction,2025-05-26T08:33:20Z
video_012787,Phthorimaea absoluta,Insects,established,comprar,eCommerce,Post-Introduction,2025-05-25T18:12:57Z
video_012787,Phthorimaea absoluta,Insects,established,comprar,eCommerce,Post-Introduction,2025-05-19T22:02:35Z
video_012787,Phthorimaea absoluta,Insects,established,encontre,Detection,Post-Introduction,2025-03-22T18:51:28Z
video_012787,Phthorimaea absoluta,Insects,established,visto,Detection,Post-Introduction,2025-03-22T18:51:28Z
video_012787,Phthorimaea absoluta,Insects,established,mercado,eCommerce,Post-Introduction,2024-06-29T20:46:03Z
video_012787,Phthorimaea absoluta,Insects,established,comprar,eCommerce,Post-Introduction,2024-05-30T19:48:26Z
video_012787,Phthorimaea absoluta,Insects,established,plaga,Invasion,Post-Introduction,2024-05-10T13:37:45Z
video_012787,Phthorimaea absoluta,Insects,established,visto,Detection,Post-Introduction,2024-05-10T12:48:18Z
video_012787,Phthorimaea absoluta,Insects,established,comprar,eCommerce,Post-Introduction,2024-04-19T17:36:03Z
video_012787,Phthorimaea absoluta,Insects,established,peligroso,Threat,Post-Introduction,2024-04-15T05:27:49Z
video_012787,Phthorimaea absoluta,Insects,established,control,Detection,Post-Introduction,2024-04-15T05:27:49Z
video_012787,Phthorimaea absoluta,Insects,established,plagas,Invasion,Post-Introduction,2024-04-15T05:27:49Z
video_012787,Phthorimaea absoluta,Insects,established,trampa,Detection,Post-Introduction,2023-08-06T17:05:16Z
video_012787,Phthorimaea absoluta,Insects,established,registro,Detection,Post-Introduction,2023-08-04T13:30:39Z
video_012787,Phthorimaea absoluta,Insects,established,comprar,eCommerce,Post-Introduction,2023-06-07T22:25:55Z
video_012787,Phthorimaea absoluta,Insects,established,control,Detection,Post-Introduction,2023-06-04T21:24:11Z
video_012787,Phthorimaea absoluta,Insects,established,encontre,Detection,Post-Introduction,2023-05-12T09:25:44Z
video_012787,Phthorimaea absoluta,Insects,established,control,Detection,Post-Introduction,2025-07-11T12:12:40Z
video_012787,Phthorimaea absoluta,Insects,established,riesgo,Threat,Post-Introduction,2025-06-12T16:36:55Z
video_012787,Phthorimaea absoluta,Insects,established,comprar,eCommerce,Post-Introduction,2025-05-30T16:55:10Z
video_012787,Phthorimaea absoluta,Insects,established,encontre,Detection,Post-Introduction,2025-05-30T17:45:21Z
video_012787,Phthorimaea absoluta,Insects,established,venta,eCommerce,Post-Introduction,2025-05-30T17:45:21Z
video_012787,Phthorimaea absoluta,Insects,established,comprar,eCommerce,Post-Introduction,2025-05-22T12:50:45Z
video_012787,Phthorimaea absoluta,Insects,established,plagas,Invasion,Post-Introduction,2025-05-18T19:54:42Z
video_012787,Phthorimaea absoluta,Insects,established,aparicion,Detection,Post-Introduction,2025-05-10T21:20:57Z
video_012787,Phthorimaea absoluta,Insects,established,control,Detection,Post-Introduction,2025-02-20T20:00:57Z
video_012787,Phthorimaea absoluta,Insects,established,plaga,Invasion,Post-Introduction,2025-02-20T20:00:57Z
video_012787,Phthorimaea absoluta,Insects,established,comprar,eCommerce,Post-Introduction,2024-12-26T20:45:30Z
video_012787,Phthorimaea absoluta,Insects,established,comprado,eCommerce,Post-Introduction,2024-07-05T13:22:11Z
video_012787,Phthorimaea absoluta,Insects,established,mercado,eCommerce,Post-Introduction,2024-06-30T21:48:02Z
video_012787,Phthorimaea absoluta,Insects,established,comprar,eCommerce,Post-Introduction,2024-06-06T16:55:59Z
video_012787,Phthorimaea absoluta,Insects,established,comprar,eCommerce,Post-Introduction,2024-05-31T11:18:40Z
video_012787,Phthorimaea absoluta,Insects,established,aparicion,Detection,Post-Introduction,2024-05-11T16:13:16Z
video_012787,Phthorimaea absoluta,Insects,established,plaga,Invasion,Post-Introduction,2024-05-11T16:17:24Z
video_012787,Phthorimaea absoluta,Insects,established,comprar,eCommerce,Post-Introduction,2024-04-20T17:02:54Z
video_012787,Phthorimaea absoluta,Insects,established,comprar,eCommerce,Post-Introduction,2024-04-17T19:05:30Z
video_012787,Phthorimaea absoluta,Insects,established,control,Detection,Post-Introduction,2023-07-04T17:50:29Z
video_012787,Phthorimaea absoluta,Insects,established,comprar,eCommerce,Post-Introduction,2023-06-09T20:50:17Z
video_012787,Phthorimaea absoluta,Insects,established,controlo,Detection,Post-Introduction,2023-06-06T21:30:31Z
video_012787,Phthorimaea absoluta,Insects,established,riesgo,Threat,Post-Introduction,2023-05-31T13:24:07Z
video_012787,Phthorimaea absoluta,Insects,established,controlar,Detection,Post-Introduction,2023-05-21T21:44:28Z
video_012787,Phthorimaea absoluta,Insects,established,prohibido,eCommerce,Post-Introduction,2023-05-20T20:46:31Z
video_012787,Phthorimaea absoluta,Insects,established,comprado,eCommerce,Post-Introduction,2023-05-12T21:25:01Z
video_012787,Phthorimaea absoluta,Insects,established,tienda,eCommerce,Post-Introduction,2023-05-03T05:50:47Z
video_012787,Phthorimaea absoluta,Insects,established,visto,Detection,Post-Introduction,2022-10-30T19:37:36Z
video_012787,Phthorimaea absoluta,Insects,established,trampas,Detection,Post-Introduction,2022-07-30T10:38:59Z
video_012787,Phthorimaea absoluta,Insects,established,control,Detection,Post-Introduction,2022-07-24T16:01:40Z
video_012787,Phthorimaea absoluta,Insects,established,compre,eCommerce,Post-Introduction,2022-07-02T14:24:58Z
video_012787,Phthorimaea absoluta,Insects,established,visto,Detection,Post-Introduction,2022-06-22T23:01:53Z
video_012787,Phthorimaea absoluta,Insects,established,visto,Detection,Post-Introduction,2022-06-22T10:49:34Z
video_012787,Phthorimaea absoluta,Insects,established,plaga,Invasion,Post-Introduction,2022-06-22T10:49:34Z
video_012787,Phthorimaea absoluta,Insects,established,comprar,eCommerce,Post-Introduction,2022-02-08T09:41:35Z
video_012787,Phthorimaea absoluta,Insects,established,plaga,Invasion,Post-Introduction,2022-02-08T09:41:35Z
video_012787,Phthorimaea absoluta,Insects,established,vender,eCommerce,Post-Introduction,2021-08-09T21:13:54Z
video_012787,Phthorimaea absoluta,Insects,established,plagas,Invasion,Post-Introduction,2021-08-02T19:46:13Z
video_012787,Phthorimaea absoluta,Insects,established,visto,Detection,Post-Introduction,2021-08-02T19:46:13Z
video_012787,Phthorimaea absoluta,Insects,established,danino,Threat,Post-Introduction,2021-07-31T22:55:40Z
video_012787,Phthorimaea absoluta,Insects,established,peligro,Threat,Post-Introduction,2021-07-28T11:26:32Z
video_012787,Phthorimaea absoluta,Insects,established,plaga,Invasion,Post-Introduction,2021-07-22T07:58:35Z
video_012787,Phthorimaea absoluta,Insects,established,aparecido,Detection,Post-Introduction,2021-07-16T10:49:34Z
video_012787,Phthorimaea absoluta,Insects,established,visto,Detection,Post-Introduction,2021-07-06T13:12:59Z
video_012787,Phthorimaea absoluta,Insects,established,descubrimiento,Detection,Post-Introduction,2021-07-06T13:12:59Z
video_012787,Phthorimaea absoluta,Insects,established,descubrimiento,Detection,Post-Introduction,2021-07-05T14:09:37Z
video_012787,Phthorimaea absoluta,Insects,established,controlo,Detection,Post-Introduction,2021-06-30T10:24:31Z
video_012787,Phthorimaea absoluta,Insects,established,visto,Detection,Post-Introduction,2021-06-28T11:38:50Z
video_012787,Phthorimaea absoluta,Insects,established,plaga,Invasion,Post-Introduction,2021-06-27T19:20:44Z
video_012787,Phthorimaea absoluta,Insects,established,tienda,eCommerce,Post-Introduction,2023-05-04T09:13:57Z
video_012787,Phthorimaea absoluta,Insects,established,aparecer,Detection,Post-Introduction,2023-04-09T18:51:31Z
video_012787,Phthorimaea absoluta,Insects,established,comprar,eCommerce,Post-Introduction,2023-01-07T08:12:40Z
video_012787,Phthorimaea absoluta,Insects,established,plaga,Invasion,Post-Introduction,2022-10-31T21:47:57Z
video_012787,Phthorimaea absoluta,Insects,established,encontrado,Detection,Post-Introduction,2022-10-31T21:47:57Z
video_012787,Phthorimaea absoluta,Insects,established,observado,Detection,Post-Introduction,2022-10-09T21:30:46Z
video_012787,Phthorimaea absoluta,Insects,established,plagas,Invasion,Post-Introduction,2022-09-19T20:25:36Z
video_012787,Phthorimaea absoluta,Insects,established,aparecer,Detection,Post-Introduction,2022-08-12T17:50:40Z
video_012787,Phthorimaea absoluta,Insects,established,visto,Detection,Post-Introduction,2022-08-07T21:56:58Z
video_012787,Phthorimaea absoluta,Insects,established,trampa,Detection,Post-Introduction,2022-07-30T21:32:32Z
video_012787,Phthorimaea absoluta,Insects,established,comprar,eCommerce,Post-Introduction,2022-07-08T15:51:42Z
video_012787,Phthorimaea absoluta,Insects,established,comprar,eCommerce,Post-Introduction,2022-06-28T21:29:30Z
video_012787,Phthorimaea absoluta,Insects,established,plagas,Invasion,Post-Introduction,2022-06-24T16:54:13Z
video_012787,Phthorimaea absoluta,Insects,established,nocivo,Threat,Post-Introduction,2022-06-24T18:46:18Z
video_012787,Phthorimaea absoluta,Insects,established,nocivo,Threat,Post-Introduction,2022-06-24T22:22:44Z
video_012787,Phthorimaea absoluta,Insects,established,visto,Detection,Post-Introduction,2022-06-19T16:40:10Z
video_012787,Phthorimaea absoluta,Insects,established,riesgo,Threat,Post-Introduction,2022-04-26T18:40:49Z
video_012787,Phthorimaea absoluta,Insects,established,plagas,Invasion,Post-Introduction,2022-04-26T18:40:49Z
video_012787,Phthorimaea absoluta,Insects,established,visto,Detection,Post-Introduction,2022-04-26T18:40:49Z
video_012787,Phthorimaea absoluta,Insects,established,plagas,Invasion,Post-Introduction,2022-04-28T15:04:09Z
video_012787,Phthorimaea absoluta,Insects,established,aparecer,Detection,Post-Introduction,2022-02-03T19:04:33Z
video_012787,Phthorimaea absoluta,Insects,established,toxicidad,Threat,Post-Introduction,2021-08-02T20:38:33Z
video_012787,Phthorimaea absoluta,Insects,established,controlar,Detection,Post-Introduction,2021-07-28T21:27:30Z
video_012787,Phthorimaea absoluta,Insects,established,controlar,Detection,Post-Introduction,2021-07-29T17:31:21Z
video_012787,Phthorimaea absoluta,Insects,established,plaga,Invasion,Post-Introduction,2021-07-22T21:43:36Z
video_012787,Phthorimaea absoluta,Insects,established,aparecer,Detection,Post-Introduction,2021-07-15T21:22:12Z
video_012787,Phthorimaea absoluta,Insects,established,dinero,eCommerce,Post-Introduction,2021-07-04T17:26:37Z
video_012787,Phthorimaea absoluta,Insects,established,controlar,Detection,Post-Introduction,2021-07-03T21:16:30Z
video_012787,Phthorimaea absoluta,Insects,established,plagas,Invasion,Post-Introduction,2021-07-03T21:16:30Z
video_012787,Phthorimaea absoluta,Insects,established,plaga,Invasion,Post-Introduction,2021-07-03T21:16:30Z
video_012787,Phthorimaea absoluta,Insects,established,tienda,eCommerce,Post-Introduction,2021-07-02T17:31:27Z
video_012787,Phthorimaea absoluta,Insects,established,plaga,Invasion,Post-Introduction,2021-06-28T17:03:20Z
video_012787,Phthorimaea absoluta,Insects,established,controlar,Detection,Post-Introduction,2021-06-28T18:32:17Z
video_012787,Phthorimaea absoluta,Insects,established,plaga,Invasion,Post-Introduction,2021-06-28T18:32:17Z
video_013154,Phthorimaea absoluta,Insects,established,euros,eCommerce,Post-Introduction,2025-10-11T20:52:57Z
video_013154,Phthorimaea absoluta,Insects,established,sobrepoblacion,Threat,Post-Introduction,2025-10-11T20:52:57Z
video_013154,Phthorimaea absoluta,Insects,established,trampas,Detection,Post-Introduction,2025-10-11T20:52:57Z
video_013154,Phthorimaea absoluta,Insects,established,riesgo,Threat,Post-Introduction,2025-10-11T20:52:57Z
video_013154,Phthorimaea absoluta,Insects,established,controlo,Detection,Post-Introduction,2025-07-04T18:51:29Z
video_013154,Phthorimaea absoluta,Insects,established,comprar,eCommerce,Post-Introduction,2025-07-04T16:58:14Z
video_013154,Phthorimaea absoluta,Insects,established,vender,eCommerce,Post-Introduction,2025-10-12T17:00:15Z
video_013154,Phthorimaea absoluta,Insects,established,comprado,eCommerce,Post-Introduction,2025-10-12T17:00:15Z
video_013154,Phthorimaea absoluta,Insects,established,riesgo,Threat,Post-Introduction,2025-10-12T17:00:15Z
video_013154,Phthorimaea absoluta,Insects,established,comprar,eCommerce,Post-Introduction,2025-10-12T17:00:15Z
video_013154,Phthorimaea absoluta,Insects,established,controlar,Detection,Post-Introduction,2025-10-12T17:00:15Z
video_013154,Phthorimaea absoluta,Insects,established,plaga,Invasion,Post-Introduction,2025-10-12T17:00:15Z
video_002357,Phthorimaea absoluta,Insects,established,comprar,eCommerce,Post-Introduction,2017-06-07T18:44:16Z
video_007104,Phthorimaea absoluta,Insects,established,visto,Detection,Post-Introduction,2024-08-04T05:59:05Z
video_007104,Phthorimaea absoluta,Insects,established,trampes,Detection,Post-Introduction,2023-09-13T18:29:53Z
video_007104,Phthorimaea absoluta,Insects,established,trampes,Detection,Post-Introduction,2023-09-13T18:34:36Z
video_010671,Phthorimaea absoluta,Insects,established,trampa,Detection,Post-Introduction,2023-09-07T03:53:14Z
video_009109,Phthorimaea absoluta,Insects,established,comprar,eCommerce,Post-Introduction,2024-06-18T16:35:59Z
video_007943,Phthorimaea absoluta,Insects,established,visto,Detection,Post-Introduction,2024-06-05T05:23:56Z
video_007943,Phthorimaea absoluta,Insects,established,comprar,eCommerce,Post-Introduction,2024-05-22T19:11:28Z
video_007943,Phthorimaea absoluta,Insects,established,barato,eCommerce,Post-Introduction,2024-05-22T19:11:28Z
video_007943,Phthorimaea absoluta,Insects,established,descubierto,Detection,Post-Introduction,2024-05-22T14:52:45Z
video_007943,Phthorimaea absoluta,Insects,established,comprado,eCommerce,Post-Introduction,2024-05-22T14:52:45Z
video_007943,Phthorimaea absoluta,Insects,established,trampas,Detection,Post-Introduction,2024-05-20T11:17:07Z
video_007943,Phthorimaea absoluta,Insects,established,plagas,Invasion,Post-Introduction,2024-05-20T04:20:05Z
video_007943,Phthorimaea absoluta,Insects,established,plaga,Invasion,Post-Introduction,2024-05-19T14:08:44Z
video_007943,Phthorimaea absoluta,Insects,established,visto,Detection,Post-Introduction,2024-05-19T12:19:47Z
video_007943,Phthorimaea absoluta,Insects,established,compre,eCommerce,Post-Introduction,2025-05-28T04:53:46Z
video_007943,Phthorimaea absoluta,Insects,established,caro,eCommerce,Post-Introduction,2024-05-23T17:06:08Z
video_007943,Phthorimaea absoluta,Insects,established,registro,Detection,Post-Introduction,2024-05-23T17:06:08Z
video_007943,Phthorimaea absoluta,Insects,established,registro,Detection,Post-Introduction,2024-05-24T13:29:37Z
video_010219,Phthorimaea absoluta,Insects,established,precio,eCommerce,Post-Introduction,2024-08-14T21:01:02Z
video_012664,Phthorimaea absoluta,Insects,established,barato,eCommerce,Post-Introduction,2022-04-23T19:51:24Z
video_012664,Phthorimaea absoluta,Insects,established,plaga,Invasion,Post-Introduction,2016-10-28T08:14:53Z
video_015409,Phthorimaea absoluta,Insects,established,trampas,Detection,Post-Introduction,2025-08-25T13:07:01Z
video_016837,Phthorimaea absoluta,Insects,established,controlar,Detection,Post-Introduction,2019-07-21T10:56:39Z
video_011516,Phthorimaea absoluta,Insects,established,visto,Detection,Post-Introduction,2019-08-16T14:52:51Z
video_011516,Phthorimaea absoluta,Insects,established,caro,eCommerce,Post-Introduction,2019-08-16T14:17:27Z
video_007449,Phytophthora citricola,"Bacteria, Viruses, Fungi",established,riesgo,Threat,Post-Introduction,2025-05-07T20:04:51Z
video_016041,Phytophthora citricola,"Bacteria, Viruses, Fungi",established,dinero,eCommerce,Post-Introduction,2024-11-16T07:42:38Z
video_016041,Phytophthora citricola,"Bacteria, Viruses, Fungi",established,comprar,eCommerce,Post-Introduction,2024-11-16T07:42:38Z
video_016041,Phytophthora citricola,"Bacteria, Viruses, Fungi",established,visto,Detection,Post-Introduction,2024-11-16T06:54:45Z
video_016041,Phytophthora citricola,"Bacteria, Viruses, Fungi",established,comprar,eCommerce,Post-Introduction,2024-11-16T06:54:45Z
video_016041,Phytophthora citricola,"Bacteria, Viruses, Fungi",established,barato,eCommerce,Post-Introduction,2024-11-16T06:54:45Z
video_016041,Phytophthora citricola,"Bacteria, Viruses, Fungi",established,prohibido,eCommerce,Post-Introduction,2024-11-15T21:45:28Z
video_016041,Phytophthora citricola,"Bacteria, Viruses, Fungi",established,prohibido,eCommerce,Post-Introduction,2024-11-15T22:10:21Z
video_002451,Phytophthora citricola,"Bacteria, Viruses, Fungi",established,vender,eCommerce,Post-Introduction,2024-10-25T16:34:19Z
video_002451,Phytophthora citricola,"Bacteria, Viruses, Fungi",established,vist,Detection,Post-Introduction,2024-10-21T13:10:23Z
video_002451,Phytophthora citricola,"Bacteria, Viruses, Fungi",established,afectando,Invasion,Post-Introduction,2024-10-24T21:00:38Z
video_002451,Phytophthora citricola,"Bacteria, Viruses, Fungi",established,prohibido,eCommerce,Post-Introduction,2024-10-22T13:58:54Z
video_011863,Pionites melanocephalus,Birds,alien,cara,eCommerce,Post-Introduction,2025-11-20T00:52:57Z
video_010571,Pionites melanocephalus,Birds,alien,euros,eCommerce,Post-Introduction,2022-04-29T19:03:04Z
video_010571,Pionites melanocephalus,Birds,alien,euros,eCommerce,Post-Introduction,2022-04-29T19:18:46Z
video_010571,Pionites melanocephalus,Birds,alien,visto,Detection,Post-Introduction,2022-04-29T19:18:46Z
video_005973,Pionites melanocephalus,Birds,alien,tienda,eCommerce,Post-Introduction,2023-06-28T14:25:52Z
video_015467,Platycerium bifurcatum,Plants,established,encontre,Detection,Post-Introduction,2023-04-03T04:00:47Z
video_015467,Platycerium bifurcatum,Plants,established,visto,Detection,Post-Introduction,2021-02-07T23:48:43Z
video_015467,Platycerium bifurcatum,Plants,established,comprar,eCommerce,Post-Introduction,2020-06-14T22:28:37Z
video_015467,Platycerium bifurcatum,Plants,established,comprar,eCommerce,Post-Introduction,2020-06-12T16:42:58Z
video_006376,Platycerium bifurcatum,Plants,established,venta,eCommerce,Post-Introduction,2022-09-26T13:50:43Z
video_002577,Platycerium bifurcatum,Plants,established,compre,eCommerce,Post-Introduction,2022-02-12T15:56:41Z
video_015883,Platycerium bifurcatum,Plants,established,visto,Detection,Post-Introduction,2022-04-08T16:21:36Z
video_015883,Platycerium bifurcatum,Plants,established,plaga,Invasion,Post-Introduction,2021-06-22T02:09:30Z
video_015883,Platycerium bifurcatum,Plants,established,comprado,eCommerce,Post-Introduction,2021-04-23T10:28:57Z
video_015883,Platycerium bifurcatum,Plants,established,acuarios,eCommerce,Post-Introduction,2022-08-21T10:01:47Z
video_015883,Platycerium bifurcatum,Plants,established,compre,eCommerce,Post-Introduction,2020-10-24T23:14:01Z
video_004181,Platycerium bifurcatum,Plants,established,terrario,eCommerce,Post-Introduction,2023-02-27T22:53:06Z
video_004181,Platycerium bifurcatum,Plants,established,visto,Detection,Post-Introduction,2023-02-28T11:41:33Z
video_014874,Platycerium bifurcatum,Plants,established,encontre,Detection,Post-Introduction,2020-08-05T16:57:12Z
video_014874,Platycerium bifurcatum,Plants,established,compre,eCommerce,Post-Introduction,2022-08-25T04:29:26Z
video_008384,Platycerium bifurcatum,Plants,established,compre,eCommerce,Post-Introduction,2025-10-27T03:03:21Z
video_008384,Platycerium bifurcatum,Plants,established,compre,eCommerce,Post-Introduction,2020-05-05T15:51:10Z
video_008384,Platycerium bifurcatum,Plants,established,exotica,Invasion,Post-Introduction,2019-02-10T02:13:19Z
video_000187,Platycerium bifurcatum,Plants,established,precio,eCommerce,Post-Introduction,2023-11-22T00:47:23Z
video_000187,Platycerium bifurcatum,Plants,established,compre,eCommerce,Post-Introduction,2021-07-09T23:44:43Z
video_000187,Platycerium bifurcatum,Plants,established,terrario,eCommerce,Post-Introduction,2021-05-17T17:58:32Z
video_000187,Platycerium bifurcatum,Plants,established,terrario,eCommerce,Post-Introduction,2021-05-17T18:14:04Z
video_012624,Platycerium bifurcatum,Plants,established,alien,Invasion,Post-Introduction,2025-07-30T17:13:42Z
video_012624,Platycerium bifurcatum,Plants,established,alien,Invasion,Post-Introduction,2025-05-19T17:47:37Z
video_011060,Pomacea maculata,Non-arthropod invertebrates,established,acuario,eCommerce,Post-Introduction,2015-05-18T02:16:51Z
video_011060,Pomacea maculata,Non-arthropod invertebrates,established,pecera,eCommerce,Post-Introduction,2013-11-26T18:15:51Z
video_011060,Pomacea maculata,Non-arthropod invertebrates,established,costo,eCommerce,Post-Introduction,2013-09-09T21:48:17Z
video_011060,Pomacea maculata,Non-arthropod invertebrates,established,prohibida,eCommerce,Post-Introduction,2015-05-23T12:24:26Z
video_011060,Pomacea maculata,Non-arthropod invertebrates,established,acuario,eCommerce,Post-Introduction,2015-06-12T23:18:19Z
video_015908,Primolius maracana,Birds,alien,compra,eCommerce,Post-Introduction,2020-07-24T14:09:25Z
video_015908,Primolius maracana,Birds,alien,comprei,eCommerce,Post-Introduction,2017-05-16T09:47:45Z
video_015908,Primolius maracana,Birds,alien,loja,eCommerce,Post-Introduction,2017-05-16T09:47:45Z
video_015908,Primolius maracana,Birds,alien,aquarios,eCommerce,Post-Introduction,2017-05-16T09:47:45Z
video_015908,Primolius maracana,Birds,alien,gaiola,eCommerce,Post-Introduction,2017-05-16T09:47:45Z
video_015908,Primolius maracana,Birds,alien,compre,eCommerce,Post-Introduction,2016-06-05T22:22:50Z
video_015908,Primolius maracana,Birds,alien,visto,Detection,Post-Introduction,2016-06-05T22:22:50Z
video_015908,Primolius maracana,Birds,alien,adoptado,eCommerce,Post-Introduction,2016-06-05T13:50:22Z
video_015908,Primolius maracana,Birds,alien,visto,Detection,Post-Introduction,2016-06-04T15:09:00Z
video_015908,Primolius maracana,Birds,alien,pajareria,eCommerce,Post-Introduction,2016-06-04T15:09:00Z
video_015908,Primolius maracana,Birds,alien,caro,eCommerce,Post-Introduction,2016-06-04T15:09:00Z
video_015908,Primolius maracana,Birds,alien,peligro,Threat,Post-Introduction,2016-05-21T22:28:21Z
video_015908,Primolius maracana,Birds,alien,visto,Detection,Post-Introduction,2016-05-21T15:28:12Z
video_015908,Primolius maracana,Birds,alien,peligro,Threat,Post-Introduction,2016-05-21T14:22:05Z
video_015908,Primolius maracana,Birds,alien,extincion,Threat,Post-Introduction,2016-05-21T14:22:05Z
video_015908,Primolius maracana,Birds,alien,mascota,eCommerce,Post-Introduction,2016-06-02T11:28:07Z
video_015908,Primolius maracana,Birds,alien,peligro,Threat,Post-Introduction,2016-05-22T15:43:09Z
video_015908,Primolius maracana,Birds,alien,extincion,Threat,Post-Introduction,2016-05-22T15:43:09Z
video_015908,Primolius maracana,Birds,alien,peligro,Threat,Post-Introduction,2016-05-22T09:10:54Z
video_015908,Primolius maracana,Birds,alien,compra,eCommerce,Post-Introduction,2020-07-24T14:12:49Z
video_015908,Primolius maracana,Birds,alien,comprar,eCommerce,Post-Introduction,2020-07-24T14:14:10Z
video_015908,Primolius maracana,Birds,alien,mascota,eCommerce,Post-Introduction,2016-05-22T16:11:32Z
video_015908,Primolius maracana,Birds,alien,peligro,Threat,Post-Introduction,2016-05-22T09:27:18Z
video_015908,Primolius maracana,Birds,alien,vistos,Detection,Post-Introduction,2016-05-22T09:30:14Z
video_016111,Primolius maracana,Birds,alien,costo,eCommerce,Post-Introduction,2016-05-20T04:55:57Z
video_004030,Psephotus haematonotus,Birds,alien,jaula,eCommerce,Post-Introduction,2013-02-20T01:24:25Z
video_001768,Psephotus haematonotus,Birds,alien,jaula,eCommerce,Post-Introduction,2020-03-05T17:57:47Z
video_001768,Psephotus haematonotus,Birds,alien,compre,eCommerce,Post-Introduction,2020-03-05T17:57:47Z
video_001768,Psephotus haematonotus,Birds,alien,visto,Detection,Post-Introduction,2019-07-01T21:07:23Z
video_001768,Psephotus haematonotus,Birds,alien,jaula,eCommerce,Post-Introduction,2023-02-23T20:49:21Z
video_001768,Psephotus haematonotus,Birds,alien,jaula,eCommerce,Post-Introduction,2019-07-13T22:16:17Z
video_001768,Psephotus haematonotus,Birds,alien,jaula,eCommerce,Post-Introduction,2019-07-13T23:36:13Z
video_001768,Psephotus haematonotus,Birds,alien,jaula,eCommerce,Post-Introduction,2019-07-15T17:59:29Z
video_007084,Psephotus haematonotus,Birds,alien,precio,eCommerce,Post-Introduction,2025-12-28T21:55:28Z
video_001907,Psephotus haematonotus,Birds,alien,comprar,eCommerce,Post-Introduction,2023-05-18T15:05:48Z
video_001907,Psephotus haematonotus,Birds,alien,compre,eCommerce,Post-Introduction,2022-07-11T03:45:10Z
video_001907,Psephotus haematonotus,Birds,alien,jaula,eCommerce,Post-Introduction,2020-03-05T17:55:37Z
video_001907,Psephotus haematonotus,Birds,alien,adoptado,eCommerce,Post-Introduction,2020-01-25T19:12:51Z
video_001907,Psephotus haematonotus,Birds,alien,visto,Detection,Post-Introduction,2019-12-18T19:56:59Z
video_001907,Psephotus haematonotus,Birds,alien,jaula,eCommerce,Post-Introduction,2025-05-17T10:31:26Z
video_001907,Psephotus haematonotus,Birds,alien,tienda,eCommerce,Post-Introduction,2023-05-18T16:15:08Z
video_001907,Psephotus haematonotus,Birds,alien,jaula,eCommerce,Post-Introduction,2022-03-26T23:03:20Z
video_001907,Psephotus haematonotus,Birds,alien,jaula,eCommerce,Post-Introduction,2022-03-26T23:17:29Z
video_001907,Psephotus haematonotus,Birds,alien,invasora,Invasion,Post-Introduction,2021-08-14T14:50:00Z
video_001907,Psephotus haematonotus,Birds,alien,jaula,eCommerce,Post-Introduction,2020-03-05T18:17:21Z
video_001907,Psephotus haematonotus,Birds,alien,jaula,eCommerce,Post-Introduction,2020-03-05T18:39:29Z
video_001907,Psephotus haematonotus,Birds,alien,jaula,eCommerce,Post-Introduction,2020-03-05T19:15:44Z
video_001907,Psephotus haematonotus,Birds,alien,jaula,eCommerce,Post-Introduction,2021-08-09T13:06:34Z
video_009299,Pseudemys concinna,Herptiles,established,pecera,eCommerce,Post-Introduction,2025-02-18T14:31:31Z
video_009299,Pseudemys concinna,Herptiles,established,visto,Detection,Post-Introduction,2020-03-11T19:20:51Z
video_015052,Pseudemys concinna,Herptiles,established,mascota,eCommerce,Post-Introduction,2025-02-24T21:06:35Z
video_015052,Pseudemys concinna,Herptiles,established,dinero,eCommerce,Post-Introduction,2025-02-24T21:06:35Z
video_015052,Pseudemys concinna,Herptiles,established,registro,Detection,Post-Introduction,2021-04-18T10:13:40Z
video_015052,Pseudemys concinna,Herptiles,established,costo,eCommerce,Post-Introduction,2020-05-03T18:07:26Z
video_015052,Pseudemys concinna,Herptiles,established,euros,eCommerce,Post-Introduction,2020-05-03T18:07:26Z
video_015052,Pseudemys concinna,Herptiles,established,comprado,eCommerce,Post-Introduction,2020-05-03T19:31:08Z
video_015052,Pseudemys concinna,Herptiles,established,euros,eCommerce,Post-Introduction,2020-05-03T19:31:08Z
video_015052,Pseudemys concinna,Herptiles,established,caro,eCommerce,Post-Introduction,2020-05-03T19:31:08Z
video_015052,Pseudemys concinna,Herptiles,established,comprado,eCommerce,Post-Introduction,2020-05-03T19:26:52Z
video_015052,Pseudemys concinna,Herptiles,established,tienda,eCommerce,Post-Introduction,2020-05-03T19:26:52Z
video_010554,Pseudemys concinna,Herptiles,established,comprar,eCommerce,Post-Introduction,2019-07-01T14:55:25Z
video_010554,Pseudemys concinna,Herptiles,established,peligro,Threat,Post-Introduction,2016-11-12T10:11:44Z
video_010554,Pseudemys concinna,Herptiles,established,tienda,eCommerce,Post-Introduction,2016-10-31T14:55:20Z
video_010554,Pseudemys concinna,Herptiles,established,comprar,eCommerce,Post-Introduction,2016-10-31T14:55:20Z
video_010554,Pseudemys concinna,Herptiles,established,comprado,eCommerce,Post-Introduction,2016-10-31T14:55:20Z
video_010554,Pseudemys concinna,Herptiles,established,precio,eCommerce,Post-Introduction,2016-10-31T14:55:20Z
video_010554,Pseudemys concinna,Herptiles,established,compra,eCommerce,Post-Introduction,2018-08-05T11:58:14Z
video_010554,Pseudemys concinna,Herptiles,established,acuario,eCommerce,Post-Introduction,2018-08-05T11:58:14Z
video_010554,Pseudemys concinna,Herptiles,established,acuario,eCommerce,Post-Introduction,2017-12-02T13:27:25Z
video_010554,Pseudemys concinna,Herptiles,established,comprar,eCommerce,Post-Introduction,2017-12-02T13:27:25Z
video_010554,Pseudemys concinna,Herptiles,established,acuarios,eCommerce,Post-Introduction,2018-01-13T14:32:10Z
video_001048,Pseudemys concinna,Herptiles,established,compra,eCommerce,Post-Introduction,2017-09-25T22:58:50Z
video_012570,Pseudemys peninsularis,Herptiles,alien,tienda,eCommerce,Post-Introduction,2021-04-19T21:55:11Z
video_010923,Pseudemys peninsularis,Herptiles,alien,encontre,Detection,Post-Introduction,2021-07-23T13:53:31Z
video_010923,Pseudemys peninsularis,Herptiles,alien,encontre,Detection,Post-Introduction,2021-07-23T12:46:29Z
video_010923,Pseudemys peninsularis,Herptiles,alien,encontrada,Detection,Post-Introduction,2021-07-23T19:31:32Z
video_010923,Pseudemys peninsularis,Herptiles,alien,invasoras,Invasion,Post-Introduction,2021-07-23T19:31:32Z
video_009611,Psittacus erithacus,Birds,casual,descuento,eCommerce,Post-Introduction,2020-07-01T11:00:25Z
video_009611,Psittacus erithacus,Birds,casual,visto,Detection,Post-Introduction,2016-08-24T10:03:28Z
video_005461,Psittacus erithacus,Birds,casual,comprar,eCommerce,Post-Introduction,2024-11-03T15:16:57Z
video_005461,Psittacus erithacus,Birds,casual,compre,eCommerce,Post-Introduction,2025-12-17T18:18:05Z
video_005461,Psittacus erithacus,Birds,casual,jaula,eCommerce,Post-Introduction,2025-11-15T16:05:47Z
video_005461,Psittacus erithacus,Birds,casual,adoptar,eCommerce,Post-Introduction,2025-05-03T17:42:53Z
video_005461,Psittacus erithacus,Birds,casual,visto,Detection,Post-Introduction,2024-11-06T19:08:06Z
video_005461,Psittacus erithacus,Birds,casual,jaula,eCommerce,Post-Introduction,2024-11-04T07:08:05Z
video_005461,Psittacus erithacus,Birds,casual,adopte,eCommerce,Post-Introduction,2024-11-03T21:59:06Z
video_005461,Psittacus erithacus,Birds,casual,jaula,eCommerce,Post-Introduction,2024-11-03T16:00:27Z
video_005461,Psittacus erithacus,Birds,casual,adoptar,eCommerce,Post-Introduction,2024-11-03T15:59:48Z
video_005461,Psittacus erithacus,Birds,casual,comprar,eCommerce,Post-Introduction,2025-12-12T15:35:46Z
video_005461,Psittacus erithacus,Birds,casual,jaula,eCommerce,Post-Introduction,2025-12-12T15:35:46Z
video_005461,Psittacus erithacus,Birds,casual,descuento,eCommerce,Post-Introduction,2024-11-08T14:36:19Z
video_005461,Psittacus erithacus,Birds,casual,vista,Detection,Post-Introduction,2024-11-08T14:45:05Z
video_005461,Psittacus erithacus,Birds,casual,acuario,eCommerce,Post-Introduction,2025-02-11T14:08:46Z
video_005461,Psittacus erithacus,Birds,casual,terrarios,eCommerce,Post-Introduction,2025-02-11T14:08:46Z
video_005461,Psittacus erithacus,Birds,casual,jaula,eCommerce,Post-Introduction,2025-02-11T14:08:46Z
video_005461,Psittacus erithacus,Birds,casual,jaula,eCommerce,Post-Introduction,2024-11-08T14:37:16Z
video_005461,Psittacus erithacus,Birds,casual,compra,eCommerce,Post-Introduction,2024-11-08T14:42:27Z
video_005461,Psittacus erithacus,Birds,casual,compre,eCommerce,Post-Introduction,2025-09-16T11:21:18Z
video_005071,Psittacus erithacus,Birds,casual,ofertas,eCommerce,Post-Introduction,2025-03-04T20:34:58Z
video_005071,Psittacus erithacus,Birds,casual,visto,Detection,Post-Introduction,2025-03-03T23:16:04Z
video_005071,Psittacus erithacus,Birds,casual,mascota,eCommerce,Post-Introduction,2023-04-27T16:27:25Z
video_005071,Psittacus erithacus,Birds,casual,jaula,eCommerce,Post-Introduction,2023-04-27T16:27:25Z
video_005071,Psittacus erithacus,Birds,casual,aparece,Detection,Post-Introduction,2021-07-30T00:32:43Z
video_005071,Psittacus erithacus,Birds,casual,vista,Detection,Post-Introduction,2021-07-30T00:32:43Z
video_005071,Psittacus erithacus,Birds,casual,adoptar,eCommerce,Post-Introduction,2023-03-29T08:35:45Z
video_005071,Psittacus erithacus,Birds,casual,encontrado,Detection,Post-Introduction,2021-04-18T23:16:55Z
video_005071,Psittacus erithacus,Birds,casual,extincion,Threat,Post-Introduction,2021-04-18T23:16:55Z
video_005071,Psittacus erithacus,Birds,casual,precio,eCommerce,Post-Introduction,2021-04-09T21:23:40Z
video_005071,Psittacus erithacus,Birds,casual,compre,eCommerce,Post-Introduction,2021-03-07T20:23:31Z
video_005071,Psittacus erithacus,Birds,casual,comprar,eCommerce,Post-Introduction,2021-02-28T21:54:58Z
video_010749,Psittacus erithacus,Birds,casual,tienda,eCommerce,Post-Introduction,2021-12-01T10:15:13Z
video_010749,Psittacus erithacus,Birds,casual,comprar,eCommerce,Post-Introduction,2021-10-03T00:56:19Z
video_014761,Psittacus erithacus,Birds,casual,precio,eCommerce,Post-Introduction,2024-11-09T23:52:45Z
video_015972,Psittacus erithacus,Birds,casual,mascota,eCommerce,Post-Introduction,2025-05-11T22:02:21Z
video_002430,Psittacus erithacus,Birds,casual,mascota,eCommerce,Post-Introduction,2025-05-16T12:02:32Z
video_014204,Psittacus erithacus,Birds,casual,compra,eCommerce,Post-Introduction,2025-05-28T05:29:46Z
video_014204,Psittacus erithacus,Birds,casual,comprar,eCommerce,Post-Introduction,2025-05-28T05:29:46Z
video_014204,Psittacus erithacus,Birds,casual,cara,eCommerce,Post-Introduction,2025-03-07T21:31:50Z
video_014204,Psittacus erithacus,Birds,casual,precio,eCommerce,Post-Introduction,2025-02-06T16:37:33Z
video_014204,Psittacus erithacus,Birds,casual,venta,eCommerce,Post-Introduction,2025-01-30T11:07:22Z
video_014204,Psittacus erithacus,Birds,casual,alerta,Detection,Post-Introduction,2025-01-30T11:07:22Z
video_014204,Psittacus erithacus,Birds,casual,dinero,eCommerce,Post-Introduction,2025-01-30T03:28:33Z
video_014204,Psittacus erithacus,Birds,casual,comprar,eCommerce,Post-Introduction,2025-01-27T00:03:39Z
video_014204,Psittacus erithacus,Birds,casual,aparecieron,Detection,Post-Introduction,2025-01-26T23:59:08Z
video_014204,Psittacus erithacus,Birds,casual,dinero,eCommerce,Post-Introduction,2025-01-26T16:21:51Z
video_014204,Psittacus erithacus,Birds,casual,visto,Detection,Post-Introduction,2025-01-26T13:11:03Z
video_014204,Psittacus erithacus,Birds,casual,adoptar,eCommerce,Post-Introduction,2025-01-26T13:11:03Z
video_014204,Psittacus erithacus,Birds,casual,caro,eCommerce,Post-Introduction,2025-01-26T13:11:03Z
video_014204,Psittacus erithacus,Birds,casual,dinero,eCommerce,Post-Introduction,2025-01-23T17:24:16Z
video_014204,Psittacus erithacus,Birds,casual,compra,eCommerce,Post-Introduction,2025-01-21T15:06:39Z
video_014204,Psittacus erithacus,Birds,casual,capturas,Detection,Post-Introduction,2025-01-21T15:06:39Z
video_014204,Psittacus erithacus,Birds,casual,adoptar,eCommerce,Post-Introduction,2025-01-21T13:15:36Z
video_014204,Psittacus erithacus,Birds,casual,euros,eCommerce,Post-Introduction,2025-01-21T13:15:36Z
video_014204,Psittacus erithacus,Birds,casual,dinero,eCommerce,Post-Introduction,2025-01-21T08:49:16Z
video_004137,Psittacus erithacus,Birds,casual,jaula,eCommerce,Pre-Introduction,2013-08-21T14:51:53Z
video_004137,Psittacus erithacus,Birds,casual,jaula,eCommerce,Pre-Introduction,2013-02-05T15:06:40Z
video_004137,Psittacus erithacus,Birds,casual,mascota,eCommerce,Pre-Introduction,2013-02-04T23:19:09Z
video_004271,Psittacus erithacus,Birds,casual,mascota,eCommerce,Post-Introduction,2025-05-14T11:32:51Z
video_016946,Psittacus erithacus,Birds,casual,mascota,eCommerce,Post-Introduction,2025-05-11T11:34:48Z
video_006617,Psittacus erithacus,Birds,casual,visto,Detection,Post-Introduction,2025-04-23T22:05:18Z
video_015798,Psittacus erithacus,Birds,casual,mascota,eCommerce,Post-Introduction,2025-05-13T20:02:57Z
video_001288,Psittacus erithacus,Birds,casual,capturado,Detection,Post-Introduction,2025-05-11T12:41:14Z
video_001288,Psittacus erithacus,Birds,casual,jaula,eCommerce,Post-Introduction,2025-05-11T12:41:14Z
video_013128,Psittacus erithacus,Birds,casual,jaula,eCommerce,Post-Introduction,2019-08-13T22:29:50Z
video_013128,Psittacus erithacus,Birds,casual,jaula,eCommerce,Post-Introduction,2018-01-28T22:01:50Z
video_013128,Psittacus erithacus,Birds,casual,jaula,eCommerce,Post-Introduction,2015-10-29T13:12:43Z
video_004570,Psittacus erithacus,Birds,casual,comprado,eCommerce,Post-Introduction,2017-08-03T11:02:51Z
video_004570,Psittacus erithacus,Birds,casual,peligro,Threat,Post-Introduction,2017-08-02T00:09:29Z
video_011660,Psittacus erithacus,Birds,casual,compra,eCommerce,Post-Introduction,2022-10-27T10:09:36Z
video_015842,Psittacus erithacus,Birds,casual,visto,Detection,Post-Introduction,2014-12-28T05:33:30Z
video_012230,Psittacus erithacus,Birds,casual,comprar,eCommerce,Post-Introduction,2021-01-15T19:17:59Z
video_010795,Psittacus erithacus,Birds,casual,comprar,eCommerce,Post-Introduction,2019-11-03T20:17:27Z
video_010795,Psittacus erithacus,Birds,casual,dinero,eCommerce,Post-Introduction,2018-04-06T21:32:56Z
video_010795,Psittacus erithacus,Birds,casual,visto,Detection,Post-Introduction,2024-11-10T20:34:47Z
video_010795,Psittacus erithacus,Birds,casual,pajareria,eCommerce,Post-Introduction,2021-04-14T09:55:21Z
video_010795,Psittacus erithacus,Birds,casual,comprar,eCommerce,Post-Introduction,2021-04-27T17:00:39Z
video_008126,Psittacus erithacus,Birds,casual,visto,Detection,Post-Introduction,2021-09-14T07:53:35Z
video_008126,Psittacus erithacus,Birds,casual,cara,eCommerce,Post-Introduction,2021-01-15T21:12:11Z
video_000273,Psittacus erithacus,Birds,casual,jaula,eCommerce,Post-Introduction,2019-04-05T23:15:39Z
video_013052,Psittacus erithacus,Birds,casual,precios,eCommerce,Post-Introduction,2024-09-25T00:46:51Z
video_002232,Psittacus erithacus,Birds,casual,jaula,eCommerce,Post-Introduction,2022-07-15T21:39:23Z
video_002232,Psittacus erithacus,Birds,casual,jaula,eCommerce,Post-Introduction,2019-02-22T14:18:58Z
video_002232,Psittacus erithacus,Birds,casual,jaula,eCommerce,Post-Introduction,2018-03-27T07:41:02Z
video_002232,Psittacus erithacus,Birds,casual,cara,eCommerce,Post-Introduction,2017-04-10T22:37:51Z
video_002232,Psittacus erithacus,Birds,casual,jaula,eCommerce,Post-Introduction,2022-10-25T23:14:40Z
video_002232,Psittacus erithacus,Birds,casual,euros,eCommerce,Post-Introduction,2021-02-13T10:16:49Z
video_002232,Psittacus erithacus,Birds,casual,jaula,eCommerce,Post-Introduction,2022-10-25T23:17:44Z
video_007371,Psittacus erithacus,Birds,casual,visto,Detection,Post-Introduction,2019-04-16T07:30:30Z
video_015000,Psittacus erithacus,Birds,casual,jaula,eCommerce,Post-Introduction,2024-01-17T06:12:40Z
video_000647,Psittacus erithacus,Birds,casual,tienda,eCommerce,Post-Introduction,2023-05-12T00:41:25Z
video_007327,Psittacus erithacus,Birds,casual,jaula,eCommerce,Post-Introduction,2025-11-03T21:11:56Z
video_003157,Psittacus erithacus,Birds,casual,encontre,Detection,Post-Introduction,2021-06-19T00:46:14Z
video_007535,Psittacus erithacus,Birds,casual,visto,Detection,Post-Introduction,2020-04-30T16:10:48Z
video_007535,Psittacus erithacus,Birds,casual,rastreo,Detection,Post-Introduction,2020-04-30T16:10:48Z
video_007535,Psittacus erithacus,Birds,casual,comprar,eCommerce,Post-Introduction,2020-04-30T16:10:48Z
video_007535,Psittacus erithacus,Birds,casual,compra,eCommerce,Post-Introduction,2020-04-27T16:05:50Z
video_007535,Psittacus erithacus,Birds,casual,mascota,eCommerce,Post-Introduction,2020-04-27T16:05:50Z
video_007535,Psittacus erithacus,Birds,casual,visto,Detection,Post-Introduction,2020-04-27T16:05:50Z
video_007535,Psittacus erithacus,Birds,casual,comprar,eCommerce,Post-Introduction,2020-04-26T20:56:54Z
video_007535,Psittacus erithacus,Birds,casual,visto,Detection,Post-Introduction,2020-04-24T21:54:39Z
video_001378,Psittacus erithacus,Birds,casual,comprar,eCommerce,Post-Introduction,2021-01-17T21:11:15Z
video_016177,Psittacus erithacus,Birds,casual,compre,eCommerce,Post-Introduction,2019-08-25T13:21:16Z
video_016177,Psittacus erithacus,Birds,casual,costo,eCommerce,Post-Introduction,2019-08-25T13:21:16Z
video_016177,Psittacus erithacus,Birds,casual,euros,eCommerce,Post-Introduction,2019-08-25T13:21:16Z
video_009023,Psittacus erithacus,Birds,casual,comprar,eCommerce,Post-Introduction,2023-04-25T16:52:21Z
video_009023,Psittacus erithacus,Birds,casual,venta,eCommerce,Post-Introduction,2020-05-05T20:15:53Z
video_009023,Psittacus erithacus,Birds,casual,precio,eCommerce,Post-Introduction,2017-01-22T07:54:29Z
video_009023,Psittacus erithacus,Birds,casual,precios,eCommerce,Post-Introduction,2017-03-12T07:25:03Z
video_009023,Psittacus erithacus,Birds,casual,precio,eCommerce,Post-Introduction,2018-02-01T14:24:59Z
video_001109,Psittacus erithacus,Birds,casual,jaula,eCommerce,Post-Introduction,2019-08-02T12:58:53Z
video_006398,Psittacus erithacus,Birds,casual,compre,eCommerce,Post-Introduction,2018-02-18T09:17:03Z
video_006398,Psittacus erithacus,Birds,casual,visto,Detection,Post-Introduction,2018-02-17T22:09:04Z
video_006398,Psittacus erithacus,Birds,casual,visto,Detection,Post-Introduction,2018-02-17T22:25:20Z
video_005485,Psittacus erithacus,Birds,casual,jaula,eCommerce,Pre-Introduction,2013-05-22T20:04:08Z
video_005395,Psittacus erithacus,Birds,casual,comprar,eCommerce,Post-Introduction,2016-06-09T03:00:53Z
video_005395,Psittacus erithacus,Birds,casual,mercado,eCommerce,Post-Introduction,2016-06-09T06:05:20Z
video_004579,Psittacus erithacus,Birds,casual,jaula,eCommerce,Post-Introduction,2023-05-16T22:20:18Z
video_006133,Psittacus erithacus,Birds,casual,jaula,eCommerce,Post-Introduction,2019-12-20T20:20:26Z
video_006133,Psittacus erithacus,Birds,casual,jaula,eCommerce,Post-Introduction,2019-05-30T02:40:45Z
video_006133,Psittacus erithacus,Birds,casual,jaula,eCommerce,Post-Introduction,2017-02-07T19:40:24Z
video_006133,Psittacus erithacus,Birds,casual,jaula,eCommerce,Post-Introduction,2016-06-12T21:03:11Z
video_006133,Psittacus erithacus,Birds,casual,jaula,eCommerce,Post-Introduction,2016-06-29T00:07:24Z
video_006133,Psittacus erithacus,Birds,casual,jaula,eCommerce,Post-Introduction,2016-07-04T02:15:10Z
video_006133,Psittacus erithacus,Birds,casual,jaula,eCommerce,Post-Introduction,2017-01-06T17:03:28Z
video_010997,Psittacus erithacus,Birds,casual,comprar,eCommerce,Post-Introduction,2020-06-18T14:04:09Z
video_010997,Psittacus erithacus,Birds,casual,costo,eCommerce,Post-Introduction,2020-06-18T14:04:09Z
video_015410,Psittacus erithacus,Birds,casual,costo,eCommerce,Post-Introduction,2025-05-20T21:06:10Z
video_015410,Psittacus erithacus,Birds,casual,compre,eCommerce,Post-Introduction,2024-05-17T13:52:31Z
video_015410,Psittacus erithacus,Birds,casual,comprado,eCommerce,Post-Introduction,2022-12-25T18:31:43Z
video_015410,Psittacus erithacus,Birds,casual,jaula,eCommerce,Post-Introduction,2022-09-25T17:36:28Z
video_015410,Psittacus erithacus,Birds,casual,comprar,eCommerce,Post-Introduction,2021-01-10T17:57:12Z
video_015410,Psittacus erithacus,Birds,casual,compre,eCommerce,Post-Introduction,2022-12-30T06:39:11Z
video_009994,Psittacus erithacus,Birds,casual,extension,Invasion,Post-Introduction,2023-10-02T22:48:05Z
video_009994,Psittacus erithacus,Birds,casual,precio,eCommerce,Post-Introduction,2022-12-30T17:39:15Z
video_009994,Psittacus erithacus,Birds,casual,mascota,eCommerce,Post-Introduction,2022-09-27T14:57:11Z
video_009994,Psittacus erithacus,Birds,casual,precio,eCommerce,Post-Introduction,2023-10-02T23:01:42Z
video_008053,Psittacus erithacus,Birds,casual,jaula,eCommerce,Post-Introduction,2026-01-21T10:22:30Z
video_008053,Psittacus erithacus,Birds,casual,comprar,eCommerce,Post-Introduction,2025-08-04T02:46:50Z
video_008053,Psittacus erithacus,Birds,casual,compra,eCommerce,Post-Introduction,2025-07-22T17:18:52Z
video_008053,Psittacus erithacus,Birds,casual,prohibida,eCommerce,Post-Introduction,2024-05-22T19:23:46Z
video_008053,Psittacus erithacus,Birds,casual,venta,eCommerce,Post-Introduction,2024-05-22T19:23:46Z
video_008053,Psittacus erithacus,Birds,casual,jaula,eCommerce,Post-Introduction,2024-10-15T07:00:28Z
video_008053,Psittacus erithacus,Birds,casual,jaula,eCommerce,Post-Introduction,2024-10-15T10:09:57Z
video_008053,Psittacus erithacus,Birds,casual,jaula,eCommerce,Post-Introduction,2025-01-05T20:06:07Z
video_008911,Psittacus erithacus,Birds,casual,adoptar,eCommerce,Post-Introduction,2025-10-13T13:38:57Z
video_008911,Psittacus erithacus,Birds,casual,toxico,Threat,Post-Introduction,2021-06-08T21:39:33Z
video_008911,Psittacus erithacus,Birds,casual,cara,eCommerce,Post-Introduction,2021-04-19T11:50:32Z
video_008911,Psittacus erithacus,Birds,casual,compre,eCommerce,Post-Introduction,2021-04-17T03:23:48Z
video_008911,Psittacus erithacus,Birds,casual,jaula,eCommerce,Post-Introduction,2021-04-17T03:23:48Z
video_008911,Psittacus erithacus,Birds,casual,compre,eCommerce,Post-Introduction,2021-03-24T09:28:17Z
video_008911,Psittacus erithacus,Birds,casual,jaula,eCommerce,Post-Introduction,2021-03-24T09:28:17Z
video_008911,Psittacus erithacus,Birds,casual,jaula,eCommerce,Post-Introduction,2021-03-18T20:06:40Z
video_008911,Psittacus erithacus,Birds,casual,adoptar,eCommerce,Post-Introduction,2021-03-18T19:30:25Z
video_008911,Psittacus erithacus,Birds,casual,compre,eCommerce,Post-Introduction,2021-03-18T19:15:27Z
video_008911,Psittacus erithacus,Birds,casual,jaula,eCommerce,Post-Introduction,2021-03-18T19:29:15Z
video_012342,Psittacus erithacus,Birds,casual,coste,eCommerce,Post-Introduction,2025-12-27T12:54:56Z
video_000290,Psittacus erithacus,Birds,casual,precio,eCommerce,Post-Introduction,2024-11-27T17:31:35Z
video_007525,Psittacus erithacus,Birds,casual,comprado,eCommerce,Post-Introduction,2024-09-30T20:21:22Z
video_011839,Psittacus erithacus,Birds,casual,comprar,eCommerce,Post-Introduction,2025-08-08T10:41:10Z
video_008276,Psittacus erithacus,Birds,casual,mascota,eCommerce,Post-Introduction,2017-10-04T15:57:45Z
video_008276,Psittacus erithacus,Birds,casual,comprar,eCommerce,Post-Introduction,2016-06-05T23:39:39Z
video_008276,Psittacus erithacus,Birds,casual,comprar,eCommerce,Post-Introduction,2016-06-05T23:39:28Z
video_008276,Psittacus erithacus,Birds,casual,comprar,eCommerce,Post-Introduction,2016-02-12T13:59:57Z
video_008276,Psittacus erithacus,Birds,casual,precios,eCommerce,Pre-Introduction,2012-02-17T12:05:08Z
video_008276,Psittacus erithacus,Birds,casual,precio,eCommerce,Pre-Introduction,2009-10-31T06:14:35Z
video_006573,Psittacus erithacus,Birds,casual,visto,Detection,Post-Introduction,2025-08-27T21:53:48Z
video_014042,Psittacus erithacus,Birds,casual,jaula,eCommerce,Post-Introduction,2021-05-29T08:10:25Z
video_014042,Psittacus erithacus,Birds,casual,enjaulado,eCommerce,Post-Introduction,2017-05-08T00:54:19Z
video_014042,Psittacus erithacus,Birds,casual,venta,eCommerce,Post-Introduction,2021-07-29T09:18:19Z
video_014042,Psittacus erithacus,Birds,casual,jaula,eCommerce,Post-Introduction,2021-07-03T21:19:43Z
video_014042,Psittacus erithacus,Birds,casual,compre,eCommerce,Post-Introduction,2020-01-04T22:45:00Z
video_014042,Psittacus erithacus,Birds,casual,costo,eCommerce,Post-Introduction,2019-09-24T23:23:58Z
video_014042,Psittacus erithacus,Birds,casual,precio,eCommerce,Post-Introduction,2019-09-24T23:23:58Z
video_014042,Psittacus erithacus,Birds,casual,caro,eCommerce,Post-Introduction,2019-09-24T23:23:58Z
video_014042,Psittacus erithacus,Birds,casual,euros,eCommerce,Post-Introduction,2018-10-11T22:01:20Z
video_014042,Psittacus erithacus,Birds,casual,capturado,Detection,Post-Introduction,2018-10-11T22:01:20Z
video_014042,Psittacus erithacus,Birds,casual,comprado,eCommerce,Post-Introduction,2019-02-04T14:39:34Z
video_014042,Psittacus erithacus,Birds,casual,barato,eCommerce,Post-Introduction,2018-10-12T10:34:12Z
video_014042,Psittacus erithacus,Birds,casual,jaula,eCommerce,Post-Introduction,2017-05-08T02:01:16Z
video_013422,Psittacus erithacus,Birds,casual,compre,eCommerce,Post-Introduction,2019-05-09T02:54:48Z
video_013422,Psittacus erithacus,Birds,casual,jaula,eCommerce,Post-Introduction,2019-05-01T22:29:33Z
video_000024,Psittacus erithacus,Birds,casual,jaula,eCommerce,Pre-Introduction,2013-09-25T00:54:16Z
video_012914,Psittacus erithacus,Birds,casual,mascota,eCommerce,Post-Introduction,2020-05-27T14:49:42Z
video_016774,Psittacus erithacus,Birds,casual,comprar,eCommerce,Pre-Introduction,2010-09-08T22:56:31Z
video_016774,Psittacus erithacus,Birds,casual,precio,eCommerce,Pre-Introduction,2010-09-08T22:56:31Z
video_011461,Psittacus erithacus,Birds,casual,comprar,eCommerce,Post-Introduction,2015-06-06T01:51:35Z
video_011461,Psittacus erithacus,Birds,casual,tienda,eCommerce,Post-Introduction,2015-06-06T08:27:08Z
video_011461,Psittacus erithacus,Birds,casual,venta,eCommerce,Post-Introduction,2015-06-06T08:27:08Z
video_011461,Psittacus erithacus,Birds,casual,capturado,Detection,Post-Introduction,2015-06-06T08:27:08Z
video_012912,Psittacus erithacus,Birds,casual,jaula,eCommerce,Post-Introduction,2023-12-10T14:06:18Z
video_012912,Psittacus erithacus,Birds,casual,precio,eCommerce,Post-Introduction,2023-05-08T01:35:21Z
video_012912,Psittacus erithacus,Birds,casual,compre,eCommerce,Post-Introduction,2021-12-07T12:38:31Z
video_012912,Psittacus erithacus,Birds,casual,jaula,eCommerce,Post-Introduction,2021-11-15T19:42:09Z
video_012912,Psittacus erithacus,Birds,casual,jaula,eCommerce,Post-Introduction,2020-12-16T19:42:02Z
video_012912,Psittacus erithacus,Birds,casual,comprar,eCommerce,Post-Introduction,2020-07-04T15:59:43Z
video_012912,Psittacus erithacus,Birds,casual,adopte,eCommerce,Post-Introduction,2020-03-11T23:07:07Z
video_012912,Psittacus erithacus,Birds,casual,jaula,eCommerce,Post-Introduction,2020-01-01T19:15:33Z
video_012912,Psittacus erithacus,Birds,casual,adoptar,eCommerce,Post-Introduction,2019-03-02T14:31:55Z
video_012912,Psittacus erithacus,Birds,casual,encontre,Detection,Post-Introduction,2019-03-02T14:31:55Z
video_012912,Psittacus erithacus,Birds,casual,jaula,eCommerce,Post-Introduction,2019-01-09T00:45:00Z
video_012912,Psittacus erithacus,Birds,casual,jaula,eCommerce,Post-Introduction,2018-12-11T23:14:57Z
video_012912,Psittacus erithacus,Birds,casual,jaula,eCommerce,Post-Introduction,2018-08-13T18:10:53Z
video_012912,Psittacus erithacus,Birds,casual,jaula,eCommerce,Post-Introduction,2018-08-10T17:49:16Z
video_012912,Psittacus erithacus,Birds,casual,visto,Detection,Post-Introduction,2018-08-02T18:33:36Z
video_012912,Psittacus erithacus,Birds,casual,comprar,eCommerce,Post-Introduction,2018-08-02T14:35:16Z
video_012912,Psittacus erithacus,Birds,casual,compre,eCommerce,Post-Introduction,2018-08-01T14:53:28Z
video_012912,Psittacus erithacus,Birds,casual,jaula,eCommerce,Post-Introduction,2018-08-01T14:53:28Z
video_012912,Psittacus erithacus,Birds,casual,jaula,eCommerce,Post-Introduction,2019-02-14T10:33:55Z
video_012912,Psittacus erithacus,Birds,casual,jaula,eCommerce,Post-Introduction,2018-10-29T17:13:39Z
video_012912,Psittacus erithacus,Birds,casual,jaula,eCommerce,Post-Introduction,2018-08-13T18:39:04Z
video_012912,Psittacus erithacus,Birds,casual,riesgo,Threat,Post-Introduction,2018-08-02T20:29:27Z
video_012255,Psittacus erithacus,Birds,casual,jaula,eCommerce,Post-Introduction,2025-04-11T08:20:33Z
video_012255,Psittacus erithacus,Birds,casual,jaula,eCommerce,Post-Introduction,2025-02-02T17:29:01Z
video_012255,Psittacus erithacus,Birds,casual,tienda,eCommerce,Post-Introduction,2024-10-25T19:00:33Z
video_012255,Psittacus erithacus,Birds,casual,compre,eCommerce,Post-Introduction,2024-07-24T11:30:34Z
video_012255,Psittacus erithacus,Birds,casual,jaula,eCommerce,Post-Introduction,2024-04-13T21:53:51Z
video_012255,Psittacus erithacus,Birds,casual,jaula,eCommerce,Post-Introduction,2025-04-09T00:24:28Z
video_012255,Psittacus erithacus,Birds,casual,comprar,eCommerce,Post-Introduction,2025-04-09T00:24:28Z
video_012255,Psittacus erithacus,Birds,casual,caro,eCommerce,Post-Introduction,2025-04-09T00:24:28Z
video_010396,Psittacus erithacus,Birds,casual,vender,eCommerce,Post-Introduction,2025-02-12T08:12:28Z
video_010396,Psittacus erithacus,Birds,casual,enjaulado,eCommerce,Post-Introduction,2019-12-24T03:40:52Z
video_010396,Psittacus erithacus,Birds,casual,jaula,eCommerce,Post-Introduction,2025-05-01T20:13:06Z
video_010396,Psittacus erithacus,Birds,casual,jaula,eCommerce,Post-Introduction,2021-10-29T03:34:40Z
video_006863,Psittacus erithacus,Birds,casual,adoptado,eCommerce,Post-Introduction,2025-08-03T08:58:48Z
video_006863,Psittacus erithacus,Birds,casual,jaula,eCommerce,Post-Introduction,2025-08-03T08:58:48Z
video_006863,Psittacus erithacus,Birds,casual,jaula,eCommerce,Post-Introduction,2024-10-17T18:53:34Z
video_006863,Psittacus erithacus,Birds,casual,adoptada,eCommerce,Post-Introduction,2024-04-05T14:14:44Z
video_006863,Psittacus erithacus,Birds,casual,cara,eCommerce,Post-Introduction,2024-04-05T14:14:44Z
video_006863,Psittacus erithacus,Birds,casual,adoptado,eCommerce,Post-Introduction,2024-04-05T14:14:44Z
video_006963,Psittacus erithacus,Birds,casual,precio,eCommerce,Post-Introduction,2020-12-23T17:00:12Z
video_006963,Psittacus erithacus,Birds,casual,barato,eCommerce,Post-Introduction,2023-09-23T13:56:20Z
video_008672,Psittacus erithacus,Birds,casual,jaula,eCommerce,Post-Introduction,2019-05-19T19:36:10Z
video_008672,Psittacus erithacus,Birds,casual,comprar,eCommerce,Post-Introduction,2019-05-15T18:01:40Z
video_008672,Psittacus erithacus,Birds,casual,visto,Detection,Post-Introduction,2019-05-12T18:42:34Z
video_008672,Psittacus erithacus,Birds,casual,mascota,eCommerce,Post-Introduction,2019-04-18T17:24:07Z
video_008672,Psittacus erithacus,Birds,casual,mascota,eCommerce,Post-Introduction,2019-04-14T20:53:49Z
video_000712,Psittacus erithacus,Birds,casual,visto,Detection,Pre-Introduction,2011-09-20T08:52:15Z
video_016732,Psittacus erithacus,Birds,casual,jaula,eCommerce,Post-Introduction,2017-06-10T14:40:12Z
video_004423,Psittacus erithacus,Birds,casual,compre,eCommerce,Post-Introduction,2021-08-11T16:42:31Z
video_008004,Reticulitermes flavipes,Insects,alien,encontrado,Detection,Post-Introduction,2019-06-15T17:04:30Z
video_014106,Rugulopteryx okamurae,Plants,alien,cara,eCommerce,Post-Introduction,2023-08-31T17:30:44Z
video_014106,Rugulopteryx okamurae,Plants,alien,visto,Detection,Post-Introduction,2023-09-01T13:55:12Z
video_014425,Rugulopteryx okamurae,Plants,alien,peligro,Threat,Post-Introduction,2020-06-23T14:14:42Z
video_014425,Rugulopteryx okamurae,Plants,alien,extincion,Threat,Post-Introduction,2020-06-23T14:14:42Z
video_009062,Rugulopteryx okamurae,Plants,alien,encontre,Detection,Post-Introduction,2024-08-21T20:14:16Z
video_009062,Rugulopteryx okamurae,Plants,alien,capturas,Detection,Post-Introduction,2024-08-19T17:27:06Z
video_009062,Rugulopteryx okamurae,Plants,alien,capturar,Detection,Post-Introduction,2024-08-19T17:27:06Z
video_009062,Rugulopteryx okamurae,Plants,alien,presente,Invasion,Post-Introduction,2024-08-17T18:59:29Z
video_009062,Rugulopteryx okamurae,Plants,alien,aparezca,Detection,Post-Introduction,2024-08-08T10:24:00Z
video_009062,Rugulopteryx okamurae,Plants,alien,plaga,Invasion,Post-Introduction,2024-08-08T10:00:56Z
video_009062,Rugulopteryx okamurae,Plants,alien,vista,Detection,Post-Introduction,2024-08-06T16:54:41Z
video_009062,Rugulopteryx okamurae,Plants,alien,plaga,Invasion,Post-Introduction,2024-08-06T16:19:30Z
video_009062,Rugulopteryx okamurae,Plants,alien,difusion,Invasion,Post-Introduction,2024-08-04T22:23:30Z
video_009062,Rugulopteryx okamurae,Plants,alien,controlar,Detection,Post-Introduction,2024-08-04T20:22:26Z
video_009062,Rugulopteryx okamurae,Plants,alien,invasora,Invasion,Post-Introduction,2024-08-04T20:04:11Z
video_009062,Rugulopteryx okamurae,Plants,alien,afectando,Invasion,Post-Introduction,2024-08-04T18:32:39Z
video_009062,Rugulopteryx okamurae,Plants,alien,invasor,Invasion,Post-Introduction,2024-08-04T18:32:39Z
video_009062,Rugulopteryx okamurae,Plants,alien,visto,Detection,Post-Introduction,2024-08-04T16:39:59Z
video_009062,Rugulopteryx okamurae,Plants,alien,invasora,Invasion,Post-Introduction,2024-08-04T15:25:37Z
video_009062,Rugulopteryx okamurae,Plants,alien,invasoras,Invasion,Post-Introduction,2024-08-04T11:38:24Z
video_009062,Rugulopteryx okamurae,Plants,alien,invasora,Invasion,Post-Introduction,2024-08-04T11:08:39Z
video_009062,Rugulopteryx okamurae,Plants,alien,rastreo,Detection,Post-Introduction,2024-08-04T10:45:03Z
video_009062,Rugulopteryx okamurae,Plants,alien,deteccion,Detection,Post-Introduction,2024-08-08T12:23:41Z
video_009062,Rugulopteryx okamurae,Plants,alien,invasora,Invasion,Post-Introduction,2024-08-04T11:08:15Z
video_005391,Rugulopteryx okamurae,Plants,alien,capturar,Detection,Post-Introduction,2025-06-26T16:22:16Z
video_005391,Rugulopteryx okamurae,Plants,alien,precio,eCommerce,Post-Introduction,2025-06-27T04:33:41Z
video_005391,Rugulopteryx okamurae,Plants,alien,control,Detection,Post-Introduction,2025-06-27T04:33:41Z
video_005893,Rugulopteryx okamurae,Plants,alien,invasores,Invasion,Post-Introduction,2024-01-12T18:22:04Z
video_005411,Rugulopteryx okamurae,Plants,alien,vista,Detection,Post-Introduction,2025-08-24T22:33:42Z
video_005411,Rugulopteryx okamurae,Plants,alien,invasores,Invasion,Post-Introduction,2025-08-15T16:19:27Z
video_005411,Rugulopteryx okamurae,Plants,alien,dinheiro,eCommerce,Post-Introduction,2025-08-15T08:30:41Z
video_005411,Rugulopteryx okamurae,Plants,alien,monitorizar,Detection,Post-Introduction,2025-08-15T08:30:41Z
video_005411,Rugulopteryx okamurae,Plants,alien,invasao,Invasion,Post-Introduction,2025-08-13T20:44:13Z
video_005411,Rugulopteryx okamurae,Plants,alien,invasao,Invasion,Post-Introduction,2025-08-12T21:28:21Z
video_005411,Rugulopteryx okamurae,Plants,alien,invasora,Invasion,Post-Introduction,2025-08-12T11:31:32Z
video_007857,Rugulopteryx okamurae,Plants,alien,plaga,Invasion,Post-Introduction,2023-03-31T23:17:27Z
video_003990,Rugulopteryx okamurae,Plants,alien,invasion,Invasion,Post-Introduction,2024-10-31T13:48:15Z
video_003990,Rugulopteryx okamurae,Plants,alien,difusion,Invasion,Post-Introduction,2024-10-31T13:48:15Z
video_003990,Rugulopteryx okamurae,Plants,alien,vector,Threat,Post-Introduction,2024-10-31T13:48:15Z
video_003990,Rugulopteryx okamurae,Plants,alien,introduccion,Invasion,Post-Introduction,2024-10-31T13:48:15Z
video_003990,Rugulopteryx okamurae,Plants,alien,invasora,Invasion,Post-Introduction,2023-10-17T14:38:10Z
video_003990,Rugulopteryx okamurae,Plants,alien,plaga,Invasion,Post-Introduction,2023-10-17T14:38:10Z
video_003990,Rugulopteryx okamurae,Plants,alien,dinero,eCommerce,Post-Introduction,2023-10-17T14:38:10Z
video_003990,Rugulopteryx okamurae,Plants,alien,expansion,Invasion,Post-Introduction,2023-10-17T14:38:10Z
video_008652,Rugulopteryx okamurae,Plants,alien,coste,eCommerce,Post-Introduction,2022-03-31T19:34:21Z
video_004175,Rugulopteryx okamurae,Plants,alien,invasora,Invasion,Post-Introduction,2022-07-24T23:03:44Z
video_004175,Rugulopteryx okamurae,Plants,alien,ataca,Threat,Post-Introduction,2022-07-24T23:03:44Z
video_004175,Rugulopteryx okamurae,Plants,alien,invasoras,Invasion,Post-Introduction,2022-07-24T23:01:08Z
video_004175,Rugulopteryx okamurae,Plants,alien,invasora,Invasion,Post-Introduction,2022-07-24T21:58:55Z
video_004175,Rugulopteryx okamurae,Plants,alien,praga,Invasion,Post-Introduction,2022-07-24T19:49:48Z
video_004175,Rugulopteryx okamurae,Plants,alien,preco,eCommerce,Post-Introduction,2022-07-24T18:21:26Z
video_004175,Rugulopteryx okamurae,Plants,alien,invasores,Invasion,Post-Introduction,2022-07-24T17:13:34Z
video_004175,Rugulopteryx okamurae,Plants,alien,vender,eCommerce,Post-Introduction,2022-07-24T17:11:23Z
video_004175,Rugulopteryx okamurae,Plants,alien,invasao,Invasion,Post-Introduction,2022-07-24T17:09:44Z
video_004175,Rugulopteryx okamurae,Plants,alien,invasao,Invasion,Post-Introduction,2022-07-24T15:34:27Z
video_004175,Rugulopteryx okamurae,Plants,alien,pragas,Invasion,Post-Introduction,2022-07-24T15:31:16Z
video_004175,Rugulopteryx okamurae,Plants,alien,invasoras,Invasion,Post-Introduction,2022-07-24T15:31:16Z
video_004175,Rugulopteryx okamurae,Plants,alien,invasoras,Invasion,Post-Introduction,2022-07-24T15:22:18Z
video_004175,Rugulopteryx okamurae,Plants,alien,recente,Detection,Post-Introduction,2022-07-24T19:52:12Z
video_001292,Rugulopteryx okamurae,Plants,alien,capturas,Detection,Post-Introduction,2025-07-28T11:56:22Z
video_014689,Rugulopteryx okamurae,Plants,alien,invasoras,Invasion,Post-Introduction,2021-05-29T16:20:04Z
video_014689,Rugulopteryx okamurae,Plants,alien,invasoras,Invasion,Post-Introduction,2021-05-27T22:21:02Z
video_014689,Rugulopteryx okamurae,Plants,alien,peligro,Threat,Post-Introduction,2021-05-27T22:21:02Z
video_014689,Rugulopteryx okamurae,Plants,alien,controlar,Detection,Post-Introduction,2021-05-27T22:15:24Z
video_014689,Rugulopteryx okamurae,Plants,alien,invasoras,Invasion,Post-Introduction,2021-05-27T22:15:24Z
video_014689,Rugulopteryx okamurae,Plants,alien,peligro,Threat,Post-Introduction,2021-05-27T22:15:24Z
video_005963,Scyphophorus acupunctatus,Insects,established,invasion,Invasion,Post-Introduction,2021-12-26T08:23:12Z
video_005963,Scyphophorus acupunctatus,Insects,established,visto,Detection,Post-Introduction,2021-12-25T23:23:05Z
video_005963,Scyphophorus acupunctatus,Insects,established,plaga,Invasion,Post-Introduction,2022-04-18T11:47:29Z
video_005963,Scyphophorus acupunctatus,Insects,established,visto,Detection,Post-Introduction,2021-12-26T11:46:16Z
video_005963,Scyphophorus acupunctatus,Insects,established,plagas,Invasion,Post-Introduction,2021-12-26T11:46:16Z
video_002070,Scyphophorus acupunctatus,Insects,established,danino,Threat,Post-Introduction,2025-07-24T14:01:57Z
video_016801,Scyphophorus acupunctatus,Insects,established,encontre,Detection,Post-Introduction,2024-05-14T05:59:06Z
video_016801,Scyphophorus acupunctatus,Insects,established,control,Detection,Post-Introduction,2024-05-13T05:56:08Z
video_016801,Scyphophorus acupunctatus,Insects,established,alien,Invasion,Post-Introduction,2024-05-12T18:49:22Z
video_016801,Scyphophorus acupunctatus,Insects,established,ataca,Threat,Post-Introduction,2024-05-13T07:07:45Z
video_003261,Scyphophorus acupunctatus,Insects,established,encontre,Detection,Post-Introduction,2025-07-28T17:20:39Z
video_003261,Scyphophorus acupunctatus,Insects,established,peligro,Threat,Post-Introduction,2025-07-28T17:20:39Z
video_003261,Scyphophorus acupunctatus,Insects,established,encontrado,Detection,Post-Introduction,2024-06-08T14:13:49Z
video_003261,Scyphophorus acupunctatus,Insects,established,ataca,Threat,Post-Introduction,2025-07-30T08:31:04Z
video_005169,Spodoptera frugiperda,Insects,alien,trampas,Detection,Post-Introduction,2024-09-11T05:16:40Z
video_005169,Spodoptera frugiperda,Insects,alien,ataca,Threat,Post-Introduction,2023-05-01T19:44:03Z
video_005169,Spodoptera frugiperda,Insects,alien,introduccion,Invasion,Post-Introduction,2023-03-05T21:09:42Z
video_005169,Spodoptera frugiperda,Insects,alien,visto,Detection,Post-Introduction,2023-03-05T21:09:42Z
video_005169,Spodoptera frugiperda,Insects,alien,control,Detection,Post-Introduction,2022-02-05T01:19:28Z
video_005169,Spodoptera frugiperda,Insects,alien,trampa,Detection,Post-Introduction,2021-10-15T00:20:27Z
video_005169,Spodoptera frugiperda,Insects,alien,control,Detection,Post-Introduction,2021-10-15T00:20:27Z
video_005169,Spodoptera frugiperda,Insects,alien,ataca,Threat,Post-Introduction,2023-05-14T05:10:44Z
video_005169,Spodoptera frugiperda,Insects,alien,trampas,Detection,Post-Introduction,2022-12-27T10:40:11Z
video_005169,Spodoptera frugiperda,Insects,alien,trampa,Detection,Post-Introduction,2021-10-16T13:10:11Z
video_008353,Spodoptera frugiperda,Insects,alien,encontrado,Detection,Post-Introduction,2023-10-04T00:05:24Z
video_008353,Spodoptera frugiperda,Insects,alien,encontre,Detection,Post-Introduction,2021-03-17T14:36:39Z
video_009782,Synoicus chinensis,Birds,alien,jaula,eCommerce,Post-Introduction,2022-10-07T02:27:48Z
video_009782,Synoicus chinensis,Birds,alien,venenoso,Threat,Post-Introduction,2022-08-15T23:52:12Z
video_008041,Synoicus chinensis,Birds,alien,jaula,eCommerce,Post-Introduction,2025-03-17T16:22:45Z
video_008041,Synoicus chinensis,Birds,alien,jaula,eCommerce,Post-Introduction,2022-02-21T13:40:28Z
video_008041,Synoicus chinensis,Birds,alien,compre,eCommerce,Post-Introduction,2022-01-30T11:38:24Z
video_014889,Synoicus chinensis,Birds,alien,jaula,eCommerce,Post-Introduction,2023-05-08T18:17:40Z
video_014889,Synoicus chinensis,Birds,alien,comprar,eCommerce,Post-Introduction,2019-06-11T07:06:40Z
video_000149,Synoicus chinensis,Birds,alien,visto,Detection,Post-Introduction,2023-07-09T10:13:18Z
video_013600,Synoicus chinensis,Birds,alien,jaula,eCommerce,Post-Introduction,2020-03-20T17:58:43Z
video_014206,Synoicus chinensis,Birds,alien,venda,eCommerce,Post-Introduction,2018-08-11T06:26:16Z
video_014206,Synoicus chinensis,Birds,alien,comprar,eCommerce,Post-Introduction,2018-08-15T19:26:11Z
video_014206,Synoicus chinensis,Birds,alien,euros,eCommerce,Post-Introduction,2016-09-19T11:21:33Z
video_001920,Synoicus chinensis,Birds,alien,jaula,eCommerce,Post-Introduction,2020-05-02T21:13:46Z
video_001920,Synoicus chinensis,Birds,alien,comprar,eCommerce,Post-Introduction,2020-03-28T13:42:03Z
video_001920,Synoicus chinensis,Birds,alien,vender,eCommerce,Post-Introduction,2020-03-28T13:42:03Z
video_005851,Synoicus chinensis,Birds,alien,comprar,eCommerce,Post-Introduction,2018-08-02T02:41:54Z
video_005851,Synoicus chinensis,Birds,alien,visto,Detection,Post-Introduction,2017-10-21T18:44:25Z
video_007956,Testudo marginata,Herptiles,established,terrario,eCommerce,Post-Introduction,2024-07-01T22:22:59Z
video_012930,Tobamovirus fructirugosum,"Bacteria, Viruses, Fungi",alien,comprar,eCommerce,Post-Introduction,2023-07-23T13:01:03Z
video_012958,Tobamovirus fructirugosum,"Bacteria, Viruses, Fungi",alien,prohibido,eCommerce,Post-Introduction,2023-05-30T20:19:28Z
video_012958,Tobamovirus fructirugosum,"Bacteria, Viruses, Fungi",alien,vector,Threat,Post-Introduction,2023-05-30T20:14:26Z
video_012958,Tobamovirus fructirugosum,"Bacteria, Viruses, Fungi",alien,registro,Detection,Post-Introduction,2023-05-31T14:33:23Z
video_012958,Tobamovirus fructirugosum,"Bacteria, Viruses, Fungi",alien,manejo,Detection,Post-Introduction,2023-05-31T14:33:23Z
video_012958,Tobamovirus fructirugosum,"Bacteria, Viruses, Fungi",alien,manejar,Detection,Post-Introduction,2023-05-31T14:33:23Z
video_012958,Tobamovirus fructirugosum,"Bacteria, Viruses, Fungi",alien,riesgo,Threat,Post-Introduction,2023-05-31T20:08:52Z
video_006670,Tomato leaf curl New Delhi virus,"Bacteria, Viruses, Fungi",alien,mercado,eCommerce,Post-Introduction,2025-07-06T18:55:46Z
video_013910,Varanus exanthematicus,Herptiles,uncertain,comprar,eCommerce,Post-Introduction,2019-08-05T02:13:34Z
video_013910,Varanus exanthematicus,Herptiles,uncertain,compre,eCommerce,Post-Introduction,2018-09-25T01:01:41Z
video_013910,Varanus exanthematicus,Herptiles,uncertain,terrario,eCommerce,Post-Introduction,2018-09-25T01:01:41Z
video_017035,Varanus exanthematicus,Herptiles,uncertain,terrario,eCommerce,Post-Introduction,2018-02-14T06:47:45Z
video_017035,Varanus exanthematicus,Herptiles,uncertain,visto,Detection,Post-Introduction,2016-11-13T16:04:07Z
video_017035,Varanus exanthematicus,Herptiles,uncertain,comprar,eCommerce,Post-Introduction,2016-09-17T03:35:05Z
video_017035,Varanus exanthematicus,Herptiles,uncertain,compre,eCommerce,Post-Introduction,2016-07-01T20:32:43Z
video_017035,Varanus exanthematicus,Herptiles,uncertain,terrario,eCommerce,Post-Introduction,2016-07-01T11:43:47Z
video_017035,Varanus exanthematicus,Herptiles,uncertain,mascota,eCommerce,Post-Introduction,2016-03-16T18:44:07Z
video_017035,Varanus exanthematicus,Herptiles,uncertain,terrario,eCommerce,Post-Introduction,2015-08-25T12:56:58Z
video_017035,Varanus exanthematicus,Herptiles,uncertain,visto,Detection,Post-Introduction,2015-08-21T13:37:33Z
video_001899,Varanus exanthematicus,Herptiles,uncertain,visto,Detection,Post-Introduction,2021-03-26T08:41:32Z
video_001899,Varanus exanthematicus,Herptiles,uncertain,riesgo,Threat,Post-Introduction,2021-03-26T08:41:32Z
video_001899,Varanus exanthematicus,Herptiles,uncertain,peligrosa,Threat,Post-Introduction,2021-03-26T08:41:32Z
video_006962,Varanus exanthematicus,Herptiles,uncertain,visto,Detection,Post-Introduction,2016-01-10T15:45:06Z
video_015641,Varanus exanthematicus,Herptiles,uncertain,visto,Detection,Pre-Introduction,2009-11-21T15:34:15Z
video_014474,Varanus exanthematicus,Herptiles,uncertain,venenoso,Threat,Post-Introduction,2017-05-16T11:15:08Z
video_014474,Varanus exanthematicus,Herptiles,uncertain,comprar,eCommerce,Post-Introduction,2017-05-11T14:31:51Z
video_014474,Varanus exanthematicus,Herptiles,uncertain,caro,eCommerce,Post-Introduction,2017-05-04T13:46:33Z
video_014474,Varanus exanthematicus,Herptiles,uncertain,terrario,eCommerce,Post-Introduction,2017-05-03T21:17:50Z
video_014474,Varanus exanthematicus,Herptiles,uncertain,acuario,eCommerce,Post-Introduction,2017-05-03T17:06:59Z
video_014474,Varanus exanthematicus,Herptiles,uncertain,veneno,Threat,Post-Introduction,2017-05-04T21:24:29Z
video_014474,Varanus exanthematicus,Herptiles,uncertain,terrario,eCommerce,Post-Introduction,2021-04-21T11:16:31Z
video_005903,Varanus exanthematicus,Herptiles,uncertain,terrario,eCommerce,Post-Introduction,2020-04-25T17:01:28Z
video_005903,Varanus exanthematicus,Herptiles,uncertain,terrario,eCommerce,Post-Introduction,2018-03-31T05:32:10Z
video_005903,Varanus exanthematicus,Herptiles,uncertain,comprar,eCommerce,Post-Introduction,2018-03-31T05:32:10Z
video_005903,Varanus exanthematicus,Herptiles,uncertain,visto,Detection,Post-Introduction,2017-06-27T23:29:00Z
video_005903,Varanus exanthematicus,Herptiles,uncertain,comprar,eCommerce,Post-Introduction,2017-06-27T19:19:15Z
video_005903,Varanus exanthematicus,Herptiles,uncertain,terrario,eCommerce,Post-Introduction,2017-06-27T16:53:08Z
video_005903,Varanus exanthematicus,Herptiles,uncertain,perjudicial,Threat,Post-Introduction,2017-06-27T16:53:08Z
video_005903,Varanus exanthematicus,Herptiles,uncertain,vista,Detection,Post-Introduction,2017-06-27T16:53:08Z
video_005903,Varanus exanthematicus,Herptiles,uncertain,terrario,eCommerce,Post-Introduction,2017-06-28T22:30:11Z
video_005903,Varanus exanthematicus,Herptiles,uncertain,vista,Detection,Post-Introduction,2017-06-27T20:54:48Z
video_009798,Varanus exanthematicus,Herptiles,uncertain,compra,eCommerce,Post-Introduction,2022-08-26T17:18:32Z
video_009798,Varanus exanthematicus,Herptiles,uncertain,caro,eCommerce,Post-Introduction,2022-08-26T17:18:32Z
video_008287,Varanus exanthematicus,Herptiles,uncertain,venenoso,Threat,Post-Introduction,2022-06-21T14:05:38Z
video_008287,Varanus exanthematicus,Herptiles,uncertain,terrario,eCommerce,Post-Introduction,2020-06-09T18:00:24Z
video_008287,Varanus exanthematicus,Herptiles,uncertain,comprar,eCommerce,Post-Introduction,2020-06-09T18:00:24Z
video_008287,Varanus exanthematicus,Herptiles,uncertain,visto,Detection,Post-Introduction,2019-06-13T23:10:35Z
video_008287,Varanus exanthematicus,Herptiles,uncertain,precio,eCommerce,Post-Introduction,2019-04-20T03:41:22Z
video_008287,Varanus exanthematicus,Herptiles,uncertain,terrario,eCommerce,Post-Introduction,2018-03-20T02:57:18Z
video_008287,Varanus exanthematicus,Herptiles,uncertain,costo,eCommerce,Post-Introduction,2017-12-04T02:54:42Z
video_008287,Varanus exanthematicus,Herptiles,uncertain,venenoso,Threat,Post-Introduction,2017-11-20T21:34:43Z
video_008287,Varanus exanthematicus,Herptiles,uncertain,tienda,eCommerce,Post-Introduction,2016-07-20T11:47:57Z
video_008287,Varanus exanthematicus,Herptiles,uncertain,terrario,eCommerce,Post-Introduction,2016-05-17T19:13:07Z
video_008287,Varanus exanthematicus,Herptiles,uncertain,comprar,eCommerce,Post-Introduction,2016-05-17T19:13:07Z
video_008287,Varanus exanthematicus,Herptiles,uncertain,vender,eCommerce,Post-Introduction,2018-02-28T12:08:45Z
video_008287,Varanus exanthematicus,Herptiles,uncertain,venenoso,Threat,Post-Introduction,2017-12-03T10:34:47Z
video_008287,Varanus exanthematicus,Herptiles,uncertain,toxica,Threat,Post-Introduction,2017-12-03T10:34:47Z
video_008287,Varanus exanthematicus,Herptiles,uncertain,tienda,eCommerce,Post-Introduction,2016-07-24T12:53:57Z
video_008287,Varanus exanthematicus,Herptiles,uncertain,precio,eCommerce,Post-Introduction,2016-07-24T12:53:57Z
video_008287,Varanus exanthematicus,Herptiles,uncertain,aparece,Detection,Post-Introduction,2016-07-24T12:59:16Z
video_008287,Varanus exanthematicus,Herptiles,uncertain,terrario,eCommerce,Post-Introduction,2016-05-17T20:58:59Z
video_008287,Varanus exanthematicus,Herptiles,uncertain,encontrado,Detection,Post-Introduction,2016-05-28T18:29:23Z
video_008287,Varanus exanthematicus,Herptiles,uncertain,peligroso,Threat,Post-Introduction,2016-05-15T16:19:29Z
video_008287,Varanus exanthematicus,Herptiles,uncertain,terrarios,eCommerce,Post-Introduction,2016-04-13T08:53:37Z
video_004795,Vespa orientalis,Insects,alien,visto,Detection,Post-Introduction,2025-08-27T13:28:12Z
video_004795,Vespa orientalis,Insects,alien,encontrado,Detection,Post-Introduction,2025-07-30T12:19:36Z
video_004795,Vespa orientalis,Insects,alien,atacado,Threat,Post-Introduction,2024-10-08T11:44:09Z
video_004795,Vespa orientalis,Insects,alien,ataca,Threat,Post-Introduction,2024-11-03T19:08:51Z
video_015837,Vespa orientalis,Insects,alien,peligrosa,Threat,Post-Introduction,2023-11-25T00:38:34Z
video_015837,Vespa orientalis,Insects,alien,aparecido,Detection,Post-Introduction,2023-12-22T09:45:34Z
video_013603,Vespa orientalis,Insects,alien,peligro,Threat,Post-Introduction,2025-08-28T12:28:46Z
video_003961,Vespa orientalis,Insects,alien,venenoso,Threat,Post-Introduction,2024-11-05T00:39:10Z
video_003961,Vespa orientalis,Insects,alien,plaga,Invasion,Post-Introduction,2024-09-24T16:04:53Z
video_003961,Vespa orientalis,Insects,alien,colonizacion,Invasion,Post-Introduction,2025-07-26T16:33:39Z
video_004701,Vespa orientalis,Insects,alien,invasora,Invasion,Post-Introduction,2024-08-03T11:54:07Z
video_004701,Vespa orientalis,Insects,alien,ataca,Threat,Post-Introduction,2024-08-03T11:54:07Z
video_004701,Vespa orientalis,Insects,alien,peligro,Threat,Post-Introduction,2024-08-03T11:54:07Z
video_004701,Vespa orientalis,Insects,alien,plaga,Invasion,Post-Introduction,2024-07-31T11:56:46Z
video_004701,Vespa orientalis,Insects,alien,visto,Detection,Post-Introduction,2024-09-19T11:28:42Z
video_012107,Vespa orientalis,Insects,alien,plaga,Invasion,Post-Introduction,2025-08-28T12:15:42Z
video_000016,Vespa orientalis,Insects,alien,trampas,Detection,Post-Introduction,2025-08-28T09:27:29Z
video_000016,Vespa orientalis,Insects,alien,invasoras,Invasion,Post-Introduction,2025-04-17T11:50:12Z
video_000016,Vespa orientalis,Insects,alien,trampas,Detection,Post-Introduction,2025-04-16T18:37:24Z
video_000016,Vespa orientalis,Insects,alien,trampa,Detection,Post-Introduction,2025-04-16T18:37:24Z
video_000016,Vespa orientalis,Insects,alien,visto,Detection,Post-Introduction,2025-08-31T05:41:29Z
video_000016,Vespa orientalis,Insects,alien,invasoras,Invasion,Post-Introduction,2025-04-17T12:00:10Z
video_014394,Vespa velutina,Insects,established,extincion,Threat,Post-Introduction,2022-11-08T16:22:56Z
video_014394,Vespa velutina,Insects,established,trampas,Detection,Post-Introduction,2020-06-26T21:43:17Z
video_014394,Vespa velutina,Insects,established,invasion,Invasion,Post-Introduction,2020-05-14T15:21:49Z
video_014394,Vespa velutina,Insects,established,invasor,Invasion,Post-Introduction,2020-05-14T15:21:49Z
video_014394,Vespa velutina,Insects,established,trampas,Detection,Post-Introduction,2020-05-14T15:21:49Z
video_014394,Vespa velutina,Insects,established,veneno,Threat,Post-Introduction,2018-10-26T23:01:00Z
video_014394,Vespa velutina,Insects,established,capturar,Detection,Post-Introduction,2018-02-25T17:06:24Z
video_014394,Vespa velutina,Insects,established,plaga,Invasion,Post-Introduction,2018-02-25T17:06:24Z
video_014394,Vespa velutina,Insects,established,amenaza,Threat,Post-Introduction,2017-09-15T04:58:01Z
video_014394,Vespa velutina,Insects,established,amenaza,Threat,Post-Introduction,2014-10-26T09:11:45Z
video_014394,Vespa velutina,Insects,established,control,Detection,Post-Introduction,2020-05-07T13:23:21Z
video_014394,Vespa velutina,Insects,established,extendida,Invasion,Post-Introduction,2017-09-13T11:51:22Z
video_006084,Vespa velutina,Insects,established,trampas,Detection,Post-Introduction,2021-03-29T20:49:36Z
video_006084,Vespa velutina,Insects,established,invasor,Invasion,Post-Introduction,2020-07-10T19:59:24Z
video_006084,Vespa velutina,Insects,established,epidemia,Threat,Post-Introduction,2020-05-24T17:54:24Z
video_006084,Vespa velutina,Insects,established,praga,Invasion,Post-Introduction,2020-05-21T05:26:01Z
video_006084,Vespa velutina,Insects,established,atacada,Threat,Post-Introduction,2018-11-18T02:34:10Z
video_006084,Vespa velutina,Insects,established,visto,Detection,Post-Introduction,2018-09-04T15:17:01Z
video_006084,Vespa velutina,Insects,established,alerta,Detection,Post-Introduction,2018-07-18T11:52:45Z
video_006084,Vespa velutina,Insects,established,comprar,eCommerce,Post-Introduction,2018-01-12T02:21:45Z
video_006084,Vespa velutina,Insects,established,trampa,Detection,Post-Introduction,2017-12-13T16:58:33Z
video_006084,Vespa velutina,Insects,established,compra,eCommerce,Post-Introduction,2017-11-20T19:00:34Z
video_006084,Vespa velutina,Insects,established,peligro,Threat,Post-Introduction,2016-09-12T13:57:52Z
video_006084,Vespa velutina,Insects,established,perjudicial,Threat,Post-Introduction,2018-08-07T14:18:19Z
video_006084,Vespa velutina,Insects,established,peligroso,Threat,Post-Introduction,2018-04-28T23:35:53Z
video_006084,Vespa velutina,Insects,established,visto,Detection,Post-Introduction,2017-10-23T17:21:31Z
video_006084,Vespa velutina,Insects,established,peligro,Threat,Post-Introduction,2018-07-23T02:24:43Z
video_006084,Vespa velutina,Insects,established,extincion,Threat,Post-Introduction,2018-07-23T02:24:43Z
video_006084,Vespa velutina,Insects,established,ataca,Threat,Post-Introduction,2016-09-10T15:44:58Z
video_006084,Vespa velutina,Insects,established,invasoras,Invasion,Post-Introduction,2016-09-07T11:49:02Z
video_006084,Vespa velutina,Insects,established,invasoras,Invasion,Post-Introduction,2016-09-09T16:27:10Z
video_011453,Vespa velutina,Insects,established,vistas,Detection,Post-Introduction,2024-11-01T19:50:43Z
video_017036,Vespa velutina,Insects,established,plaga,Invasion,Post-Introduction,2019-07-11T19:07:04Z
video_017036,Vespa velutina,Insects,established,peligro,Threat,Post-Introduction,2019-07-05T05:33:44Z
video_017036,Vespa velutina,Insects,established,peligro,Threat,Post-Introduction,2018-08-14T15:32:49Z
video_017036,Vespa velutina,Insects,established,veneno,Threat,Post-Introduction,2018-07-23T12:49:49Z
video_017036,Vespa velutina,Insects,established,ataca,Threat,Post-Introduction,2018-07-23T12:49:49Z
video_017036,Vespa velutina,Insects,established,ameaza,Threat,Post-Introduction,2018-03-20T09:52:10Z
video_017036,Vespa velutina,Insects,established,riesgo,Threat,Post-Introduction,2018-01-11T21:40:33Z
video_005024,Vespa velutina,Insects,established,proliferacion,Invasion,Post-Introduction,2021-01-19T18:54:58Z
video_016340,Vespa velutina,Insects,established,invadir,Invasion,Post-Introduction,2021-11-02T22:28:45Z
video_016340,Vespa velutina,Insects,established,invasion,Invasion,Post-Introduction,2021-11-02T17:28:52Z
video_014700,Vespa velutina,Insects,established,propagando,Invasion,Post-Introduction,2024-11-20T11:56:38Z
video_014700,Vespa velutina,Insects,established,controlar,Detection,Post-Introduction,2024-06-16T22:48:09Z
video_014700,Vespa velutina,Insects,established,plaga,Invasion,Post-Introduction,2024-06-16T22:48:09Z
video_014700,Vespa velutina,Insects,established,invasora,Invasion,Post-Introduction,2024-06-16T22:48:09Z
video_014700,Vespa velutina,Insects,established,extincion,Threat,Post-Introduction,2024-05-25T18:18:04Z
video_014700,Vespa velutina,Insects,established,plagas,Invasion,Post-Introduction,2024-02-05T22:18:25Z
video_014700,Vespa velutina,Insects,established,plaga,Invasion,Post-Introduction,2024-01-06T05:39:50Z
video_014700,Vespa velutina,Insects,established,control,Detection,Post-Introduction,2024-01-06T05:39:50Z
video_014700,Vespa velutina,Insects,established,invasoras,Invasion,Post-Introduction,2024-07-03T22:43:14Z
video_014700,Vespa velutina,Insects,established,atacando,Threat,Post-Introduction,2024-05-21T14:17:06Z
video_014700,Vespa velutina,Insects,established,cara,eCommerce,Post-Introduction,2023-05-03T13:13:32Z
video_014700,Vespa velutina,Insects,established,vista,Detection,Post-Introduction,2024-05-21T16:46:04Z
video_014700,Vespa velutina,Insects,established,barato,eCommerce,Post-Introduction,2023-12-23T18:08:36Z
video_008569,Vespa velutina,Insects,established,veneno,Threat,Post-Introduction,2022-09-07T08:04:46Z
video_008569,Vespa velutina,Insects,established,cara,eCommerce,Post-Introduction,2022-04-13T16:50:07Z
video_004237,Vespa velutina,Insects,established,invasion,Invasion,Post-Introduction,2025-11-17T19:35:23Z
video_004237,Vespa velutina,Insects,established,plagas,Invasion,Post-Introduction,2024-05-21T19:23:16Z
video_004237,Vespa velutina,Insects,established,plaga,Invasion,Post-Introduction,2023-10-01T22:28:36Z
video_004237,Vespa velutina,Insects,established,ataca,Threat,Post-Introduction,2022-09-11T22:49:28Z
video_004237,Vespa velutina,Insects,established,danina,Threat,Post-Introduction,2022-09-11T22:49:28Z
video_004237,Vespa velutina,Insects,established,plaga,Invasion,Post-Introduction,2022-09-11T22:49:28Z
video_004237,Vespa velutina,Insects,established,plaga,Invasion,Post-Introduction,2021-10-23T23:20:28Z
video_004237,Vespa velutina,Insects,established,visto,Detection,Post-Introduction,2020-05-14T09:54:11Z
video_004237,Vespa velutina,Insects,established,plagas,Invasion,Post-Introduction,2020-05-09T02:21:03Z
video_004237,Vespa velutina,Insects,established,aparicion,Detection,Post-Introduction,2020-05-09T02:21:03Z
video_004237,Vespa velutina,Insects,established,visto,Detection,Post-Introduction,2019-09-16T16:32:19Z
video_004237,Vespa velutina,Insects,established,visto,Detection,Post-Introduction,2019-08-07T08:17:16Z
video_004237,Vespa velutina,Insects,established,invasoras,Invasion,Post-Introduction,2019-07-03T01:44:12Z
video_004237,Vespa velutina,Insects,established,invadir,Invasion,Post-Introduction,2019-06-30T11:09:07Z
video_004237,Vespa velutina,Insects,established,controlar,Detection,Post-Introduction,2019-06-30T08:02:27Z
video_004237,Vespa velutina,Insects,established,cara,eCommerce,Post-Introduction,2019-06-29T21:22:24Z
video_004237,Vespa velutina,Insects,established,comprado,eCommerce,Post-Introduction,2019-06-29T21:22:24Z
video_004237,Vespa velutina,Insects,established,comprar,eCommerce,Post-Introduction,2019-06-29T10:35:38Z
video_004237,Vespa velutina,Insects,established,cara,eCommerce,Post-Introduction,2019-06-29T09:51:16Z
video_004237,Vespa velutina,Insects,established,descubierta,Detection,Post-Introduction,2019-06-29T09:51:16Z
video_004237,Vespa velutina,Insects,established,plagas,Invasion,Post-Introduction,2019-06-29T08:57:18Z
video_004237,Vespa velutina,Insects,established,visto,Detection,Post-Introduction,2019-06-29T08:00:39Z
video_004237,Vespa velutina,Insects,established,invade,Invasion,Post-Introduction,2019-06-29T05:22:42Z
video_004237,Vespa velutina,Insects,established,controlado,Detection,Post-Introduction,2019-06-28T21:36:24Z
video_004237,Vespa velutina,Insects,established,invadir,Invasion,Post-Introduction,2019-06-28T15:56:33Z
video_004686,Vespa velutina,Insects,established,veneno,Threat,Post-Introduction,2025-11-08T01:09:03Z
video_004686,Vespa velutina,Insects,established,trampa,Detection,Post-Introduction,2025-11-08T01:09:03Z
video_004686,Vespa velutina,Insects,established,veneno,Threat,Post-Introduction,2025-10-19T10:55:25Z
video_004686,Vespa velutina,Insects,established,comprar,eCommerce,Post-Introduction,2025-10-15T14:06:43Z
video_004686,Vespa velutina,Insects,established,veneno,Threat,Post-Introduction,2025-05-16T08:05:54Z
video_004686,Vespa velutina,Insects,established,trampas,Detection,Post-Introduction,2025-01-30T22:13:45Z
video_004686,Vespa velutina,Insects,established,trampa,Detection,Post-Introduction,2025-01-30T22:13:45Z
video_004686,Vespa velutina,Insects,established,veneno,Threat,Post-Introduction,2024-09-19T13:36:42Z
video_004686,Vespa velutina,Insects,established,veneno,Threat,Post-Introduction,2024-08-26T17:23:45Z
video_004686,Vespa velutina,Insects,established,plagas,Invasion,Post-Introduction,2024-08-26T04:41:34Z
video_004686,Vespa velutina,Insects,established,veneno,Threat,Post-Introduction,2024-08-08T09:38:07Z
video_004686,Vespa velutina,Insects,established,visto,Detection,Post-Introduction,2024-07-29T18:45:47Z
video_004686,Vespa velutina,Insects,established,controlar,Detection,Post-Introduction,2024-07-21T19:44:25Z
video_004686,Vespa velutina,Insects,established,trampa,Detection,Post-Introduction,2024-07-17T20:13:07Z
video_004686,Vespa velutina,Insects,established,visto,Detection,Post-Introduction,2024-07-13T19:21:57Z
video_004686,Vespa velutina,Insects,established,veneno,Threat,Post-Introduction,2024-07-13T19:21:57Z
video_004686,Vespa velutina,Insects,established,extincion,Threat,Post-Introduction,2024-07-11T07:22:34Z
video_004686,Vespa velutina,Insects,established,veneno,Threat,Post-Introduction,2024-07-06T13:17:31Z
video_004686,Vespa velutina,Insects,established,peligroso,Threat,Post-Introduction,2024-06-30T20:57:29Z
video_004686,Vespa velutina,Insects,established,control,Detection,Post-Introduction,2024-06-30T20:57:29Z
video_004686,Vespa velutina,Insects,established,veneno,Threat,Post-Introduction,2024-03-31T00:35:23Z
video_004686,Vespa velutina,Insects,established,perjudicial,Threat,Post-Introduction,2024-02-18T11:12:53Z
video_004686,Vespa velutina,Insects,established,veneno,Threat,Post-Introduction,2024-02-15T10:59:25Z
video_004686,Vespa velutina,Insects,established,veneno,Threat,Post-Introduction,2024-01-03T20:20:05Z
video_004686,Vespa velutina,Insects,established,comprar,eCommerce,Post-Introduction,2023-12-07T20:30:25Z
video_004686,Vespa velutina,Insects,established,trampa,Detection,Post-Introduction,2023-11-24T18:48:49Z
video_004686,Vespa velutina,Insects,established,veneno,Threat,Post-Introduction,2023-11-24T18:28:20Z
video_004686,Vespa velutina,Insects,established,comprar,eCommerce,Post-Introduction,2023-11-24T12:29:07Z
video_004686,Vespa velutina,Insects,established,veneno,Threat,Post-Introduction,2023-11-23T19:10:51Z
video_004686,Vespa velutina,Insects,established,veneno,Threat,Post-Introduction,2023-11-23T17:51:26Z
video_004686,Vespa velutina,Insects,established,jaula,eCommerce,Post-Introduction,2023-11-23T17:51:26Z
video_004686,Vespa velutina,Insects,established,caro,eCommerce,Post-Introduction,2023-11-22T21:54:23Z
video_004686,Vespa velutina,Insects,established,trampa,Detection,Post-Introduction,2023-11-22T18:13:43Z
video_004686,Vespa velutina,Insects,established,peligro,Threat,Post-Introduction,2023-11-22T17:29:06Z
video_004686,Vespa velutina,Insects,established,veneno,Threat,Post-Introduction,2023-11-22T17:29:06Z
video_004686,Vespa velutina,Insects,established,veneno,Threat,Post-Introduction,2023-11-22T16:58:54Z
video_004686,Vespa velutina,Insects,established,veneno,Threat,Post-Introduction,2023-11-22T11:50:19Z
video_004686,Vespa velutina,Insects,established,controlar,Detection,Post-Introduction,2023-11-22T09:50:33Z
video_004686,Vespa velutina,Insects,established,riesgo,Threat,Post-Introduction,2023-11-22T09:50:33Z
video_004686,Vespa velutina,Insects,established,letal,Threat,Post-Introduction,2023-11-22T09:50:33Z
video_004686,Vespa velutina,Insects,established,euros,eCommerce,Post-Introduction,2023-11-21T22:45:14Z
video_004686,Vespa velutina,Insects,established,veneno,Threat,Post-Introduction,2023-11-21T21:36:40Z
video_004686,Vespa velutina,Insects,established,veneno,Threat,Post-Introduction,2023-11-21T21:29:20Z
video_004686,Vespa velutina,Insects,established,veneno,Threat,Post-Introduction,2023-11-21T20:27:29Z
video_004686,Vespa velutina,Insects,established,veneno,Threat,Post-Introduction,2023-11-21T20:10:24Z
video_004686,Vespa velutina,Insects,established,peligroso,Threat,Post-Introduction,2024-09-22T14:07:18Z
video_004686,Vespa velutina,Insects,established,trampas,Detection,Post-Introduction,2024-03-07T15:19:02Z
video_004686,Vespa velutina,Insects,established,peligroso,Threat,Post-Introduction,2024-02-19T12:49:22Z
video_004686,Vespa velutina,Insects,established,veneno,Threat,Post-Introduction,2024-02-19T12:49:22Z
video_004686,Vespa velutina,Insects,established,veneno,Threat,Post-Introduction,2024-01-03T20:48:37Z
video_004686,Vespa velutina,Insects,established,visto,Detection,Post-Introduction,2023-11-22T12:38:30Z
video_004686,Vespa velutina,Insects,established,precio,eCommerce,Post-Introduction,2023-11-22T14:49:14Z
video_004686,Vespa velutina,Insects,established,dinero,eCommerce,Post-Introduction,2023-11-22T14:49:14Z
video_004686,Vespa velutina,Insects,established,trampa,Detection,Post-Introduction,2023-11-21T22:00:26Z
video_014690,Vespa velutina,Insects,established,trampas,Detection,Post-Introduction,2025-11-11T12:51:37Z
video_014690,Vespa velutina,Insects,established,captura,Detection,Post-Introduction,2025-11-11T12:51:37Z
video_014690,Vespa velutina,Insects,established,trampas,Detection,Post-Introduction,2025-07-13T14:46:45Z
video_014690,Vespa velutina,Insects,established,trampa,Detection,Post-Introduction,2025-07-13T14:46:45Z
video_014690,Vespa velutina,Insects,established,trampa,Detection,Post-Introduction,2025-06-06T18:03:36Z
video_014690,Vespa velutina,Insects,established,plagas,Invasion,Post-Introduction,2025-06-06T18:03:36Z
video_014690,Vespa velutina,Insects,established,control,Detection,Post-Introduction,2025-06-03T05:47:30Z
video_014690,Vespa velutina,Insects,established,invasoras,Invasion,Post-Introduction,2025-06-03T05:47:30Z
video_014690,Vespa velutina,Insects,established,invasoras,Invasion,Post-Introduction,2025-06-01T18:25:50Z
video_014690,Vespa velutina,Insects,established,amenaza,Threat,Post-Introduction,2025-06-01T16:46:19Z
video_014690,Vespa velutina,Insects,established,plaga,Invasion,Post-Introduction,2025-06-01T16:46:19Z
video_014690,Vespa velutina,Insects,established,visto,Detection,Post-Introduction,2025-06-01T13:02:15Z
video_014690,Vespa velutina,Insects,established,invasora,Invasion,Post-Introduction,2025-06-01T13:02:15Z
video_014690,Vespa velutina,Insects,established,trampa,Detection,Post-Introduction,2025-05-31T19:26:33Z
video_014690,Vespa velutina,Insects,established,trampa,Detection,Post-Introduction,2025-05-30T15:01:38Z
video_014690,Vespa velutina,Insects,established,trampas,Detection,Post-Introduction,2025-05-30T12:11:33Z
video_014690,Vespa velutina,Insects,established,visto,Detection,Post-Introduction,2025-05-30T08:34:45Z
video_014690,Vespa velutina,Insects,established,trampa,Detection,Post-Introduction,2025-05-30T07:04:00Z
video_014690,Vespa velutina,Insects,established,trampas,Detection,Post-Introduction,2025-05-30T05:20:52Z
video_014690,Vespa velutina,Insects,established,visto,Detection,Post-Introduction,2025-05-30T05:20:52Z
video_014690,Vespa velutina,Insects,established,trampa,Detection,Post-Introduction,2025-05-30T05:20:52Z
video_014690,Vespa velutina,Insects,established,plagas,Invasion,Post-Introduction,2025-05-29T23:02:01Z
video_014690,Vespa velutina,Insects,established,trampa,Detection,Post-Introduction,2025-05-29T23:02:01Z
video_014690,Vespa velutina,Insects,established,peligro,Threat,Post-Introduction,2025-05-29T23:02:01Z
video_014690,Vespa velutina,Insects,established,trampa,Detection,Post-Introduction,2025-05-29T21:14:44Z
video_014690,Vespa velutina,Insects,established,trampa,Detection,Post-Introduction,2025-05-29T20:46:53Z
video_014690,Vespa velutina,Insects,established,trampas,Detection,Post-Introduction,2025-05-29T19:28:33Z
video_014690,Vespa velutina,Insects,established,trampa,Detection,Post-Introduction,2025-05-29T19:28:33Z
video_014690,Vespa velutina,Insects,established,riesgo,Threat,Post-Introduction,2025-05-29T19:19:23Z
video_014690,Vespa velutina,Insects,established,control,Detection,Post-Introduction,2025-05-29T19:10:16Z
video_014690,Vespa velutina,Insects,established,plagas,Invasion,Post-Introduction,2025-05-29T19:10:16Z
video_014690,Vespa velutina,Insects,established,trampas,Detection,Post-Introduction,2025-05-29T19:10:16Z
video_014690,Vespa velutina,Insects,established,peligro,Threat,Post-Introduction,2025-05-29T18:40:05Z
video_014690,Vespa velutina,Insects,established,trampa,Detection,Post-Introduction,2025-05-29T16:16:52Z
video_014690,Vespa velutina,Insects,established,trampa,Detection,Post-Introduction,2025-06-07T17:01:25Z
video_014690,Vespa velutina,Insects,established,plagas,Invasion,Post-Introduction,2025-05-30T03:52:22Z
video_014690,Vespa velutina,Insects,established,plaga,Invasion,Post-Introduction,2025-05-31T13:28:34Z
video_014690,Vespa velutina,Insects,established,peligrosa,Threat,Post-Introduction,2025-05-31T13:28:34Z
video_014690,Vespa velutina,Insects,established,peligro,Threat,Post-Introduction,2025-05-31T13:28:34Z
video_014690,Vespa velutina,Insects,established,trampa,Detection,Post-Introduction,2025-05-29T15:08:43Z
video_014690,Vespa velutina,Insects,established,trampas,Detection,Post-Introduction,2025-05-29T15:08:43Z
video_014690,Vespa velutina,Insects,established,peligrosa,Threat,Post-Introduction,2025-05-29T14:49:21Z
video_014690,Vespa velutina,Insects,established,trampas,Detection,Post-Introduction,2025-05-29T13:49:42Z
video_014690,Vespa velutina,Insects,established,visto,Detection,Post-Introduction,2025-05-29T13:49:31Z
video_014690,Vespa velutina,Insects,established,trampas,Detection,Post-Introduction,2025-05-29T13:27:33Z
video_014690,Vespa velutina,Insects,established,trampa,Detection,Post-Introduction,2025-05-29T13:24:07Z
video_014690,Vespa velutina,Insects,established,trampas,Detection,Post-Introduction,2025-05-29T13:09:57Z
video_014690,Vespa velutina,Insects,established,trampa,Detection,Post-Introduction,2025-05-29T12:23:26Z
video_014690,Vespa velutina,Insects,established,vista,Detection,Post-Introduction,2025-05-29T12:23:26Z
video_014690,Vespa velutina,Insects,established,trampas,Detection,Post-Introduction,2025-05-29T12:23:26Z
video_014690,Vespa velutina,Insects,established,trampas,Detection,Post-Introduction,2025-05-29T11:53:59Z
video_014690,Vespa velutina,Insects,established,trampa,Detection,Post-Introduction,2025-05-29T11:46:31Z
video_014690,Vespa velutina,Insects,established,trampas,Detection,Post-Introduction,2025-05-29T11:35:33Z
video_014690,Vespa velutina,Insects,established,trampa,Detection,Post-Introduction,2025-05-29T11:10:17Z
video_014690,Vespa velutina,Insects,established,trampas,Detection,Post-Introduction,2025-05-29T11:10:17Z
video_014690,Vespa velutina,Insects,established,trampa,Detection,Post-Introduction,2025-05-29T11:01:28Z
video_014690,Vespa velutina,Insects,established,invasoras,Invasion,Post-Introduction,2025-05-29T10:54:03Z
video_014690,Vespa velutina,Insects,established,trampa,Detection,Post-Introduction,2025-05-29T10:53:17Z
video_014690,Vespa velutina,Insects,established,visto,Detection,Post-Introduction,2025-05-29T10:44:13Z
video_014690,Vespa velutina,Insects,established,trampas,Detection,Post-Introduction,2025-05-29T10:44:13Z
video_014690,Vespa velutina,Insects,established,veneno,Threat,Post-Introduction,2025-05-29T10:41:02Z
video_014690,Vespa velutina,Insects,established,plagas,Invasion,Post-Introduction,2025-05-29T09:59:44Z
video_014690,Vespa velutina,Insects,established,trampa,Detection,Post-Introduction,2025-05-29T09:50:48Z
video_014690,Vespa velutina,Insects,established,trampa,Detection,Post-Introduction,2025-05-29T09:49:35Z
video_014690,Vespa velutina,Insects,established,trampa,Detection,Post-Introduction,2025-05-29T09:45:06Z
video_014690,Vespa velutina,Insects,established,coste,eCommerce,Post-Introduction,2025-05-29T09:36:30Z
video_014690,Vespa velutina,Insects,established,plagas,Invasion,Post-Introduction,2025-05-29T09:36:30Z
video_014690,Vespa velutina,Insects,established,encontrado,Detection,Post-Introduction,2025-05-29T09:27:45Z
video_014690,Vespa velutina,Insects,established,plagas,Invasion,Post-Introduction,2025-05-29T09:25:34Z
video_014690,Vespa velutina,Insects,established,prohibido,eCommerce,Post-Introduction,2025-05-29T09:20:57Z
video_014690,Vespa velutina,Insects,established,ataca,Threat,Post-Introduction,2025-05-30T12:15:33Z
video_014690,Vespa velutina,Insects,established,invasora,Invasion,Post-Introduction,2025-05-30T13:02:58Z
video_014690,Vespa velutina,Insects,established,ataca,Threat,Post-Introduction,2025-05-29T13:42:50Z
video_014690,Vespa velutina,Insects,established,trampas,Detection,Post-Introduction,2025-05-29T13:42:50Z
video_014690,Vespa velutina,Insects,established,riesgo,Threat,Post-Introduction,2025-05-30T07:22:29Z
video_014690,Vespa velutina,Insects,established,plagas,Invasion,Post-Introduction,2025-05-29T10:52:19Z
video_014690,Vespa velutina,Insects,established,invasora,Invasion,Post-Introduction,2025-05-29T10:52:19Z
video_014690,Vespa velutina,Insects,established,trampa,Detection,Post-Introduction,2025-05-30T05:42:02Z
video_014690,Vespa velutina,Insects,established,visto,Detection,Post-Introduction,2025-05-30T05:42:02Z
video_014690,Vespa velutina,Insects,established,trampa,Detection,Post-Introduction,2025-05-29T10:05:33Z
video_014690,Vespa velutina,Insects,established,invasoras,Invasion,Post-Introduction,2025-05-29T10:05:33Z
video_015351,Vespa velutina,Insects,established,euros,eCommerce,Post-Introduction,2024-01-20T21:56:17Z
video_015351,Vespa velutina,Insects,established,plaga,Invasion,Post-Introduction,2024-01-20T21:56:17Z
video_015351,Vespa velutina,Insects,established,cara,eCommerce,Post-Introduction,2023-07-17T20:32:20Z
video_015351,Vespa velutina,Insects,established,caro,eCommerce,Post-Introduction,2022-09-03T20:23:35Z
video_015351,Vespa velutina,Insects,established,invasora,Invasion,Post-Introduction,2021-06-02T22:31:34Z
video_015351,Vespa velutina,Insects,established,extendido,Invasion,Post-Introduction,2020-06-05T20:20:19Z
video_015351,Vespa velutina,Insects,established,plaga,Invasion,Post-Introduction,2020-06-05T20:20:19Z
video_015351,Vespa velutina,Insects,established,amenaza,Threat,Post-Introduction,2020-05-27T18:09:44Z
video_015351,Vespa velutina,Insects,established,plagas,Invasion,Post-Introduction,2020-05-27T18:09:44Z
video_015351,Vespa velutina,Insects,established,plagas,Invasion,Post-Introduction,2020-05-12T07:59:58Z
video_015351,Vespa velutina,Insects,established,visto,Detection,Post-Introduction,2019-12-15T21:59:32Z
video_015351,Vespa velutina,Insects,established,plaga,Invasion,Post-Introduction,2018-09-12T06:31:34Z
video_015351,Vespa velutina,Insects,established,veneno,Threat,Post-Introduction,2018-09-12T06:31:34Z
video_015351,Vespa velutina,Insects,established,toxico,Threat,Post-Introduction,2018-08-12T13:58:18Z
video_015351,Vespa velutina,Insects,established,expansion,Invasion,Post-Introduction,2018-02-14T12:39:07Z
video_015351,Vespa velutina,Insects,established,peligro,Threat,Post-Introduction,2024-08-02T00:27:29Z
video_015351,Vespa velutina,Insects,established,plaga,Invasion,Post-Introduction,2024-04-18T10:56:25Z
video_015351,Vespa velutina,Insects,established,caro,eCommerce,Post-Introduction,2021-05-05T18:06:09Z
video_015351,Vespa velutina,Insects,established,plaga,Invasion,Post-Introduction,2020-05-09T11:29:54Z
video_015351,Vespa velutina,Insects,established,amenaza,Threat,Post-Introduction,2020-05-11T06:50:41Z
video_015351,Vespa velutina,Insects,established,barato,eCommerce,Post-Introduction,2018-09-22T14:04:00Z
video_015351,Vespa velutina,Insects,established,observado,Detection,Post-Introduction,2020-06-06T22:02:12Z
video_015233,Vespa velutina,Insects,established,visto,Detection,Post-Introduction,2025-01-16T07:48:10Z
video_015233,Vespa velutina,Insects,established,compra,eCommerce,Post-Introduction,2024-10-27T15:55:52Z
video_015233,Vespa velutina,Insects,established,visto,Detection,Post-Introduction,2023-11-07T22:05:40Z
video_015233,Vespa velutina,Insects,established,veneno,Threat,Post-Introduction,2023-11-07T22:05:40Z
video_015233,Vespa velutina,Insects,established,veneno,Threat,Post-Introduction,2023-08-30T11:31:35Z
video_015233,Vespa velutina,Insects,established,toxico,Threat,Post-Introduction,2023-08-30T11:31:35Z
video_015233,Vespa velutina,Insects,established,caro,eCommerce,Post-Introduction,2023-08-30T11:31:35Z
video_015233,Vespa velutina,Insects,established,visto,Detection,Post-Introduction,2023-05-27T11:39:37Z
video_015233,Vespa velutina,Insects,established,peligro,Threat,Post-Introduction,2023-05-27T11:39:37Z
video_015233,Vespa velutina,Insects,established,veneno,Threat,Post-Introduction,2022-09-15T21:08:51Z
video_015233,Vespa velutina,Insects,established,invasoras,Invasion,Post-Introduction,2022-08-31T15:01:51Z
video_015233,Vespa velutina,Insects,established,veneno,Threat,Post-Introduction,2022-08-25T08:08:45Z
video_015233,Vespa velutina,Insects,established,veneno,Threat,Post-Introduction,2022-08-24T03:26:46Z
video_015233,Vespa velutina,Insects,established,barato,eCommerce,Post-Introduction,2022-08-23T22:15:23Z
video_015233,Vespa velutina,Insects,established,precio,eCommerce,Post-Introduction,2022-08-23T22:15:23Z
video_015233,Vespa velutina,Insects,established,veneno,Threat,Post-Introduction,2022-08-23T07:02:08Z
video_015233,Vespa velutina,Insects,established,trampas,Detection,Post-Introduction,2022-08-21T15:06:47Z
video_015233,Vespa velutina,Insects,established,competencia,Threat,Post-Introduction,2022-08-15T12:34:44Z
video_015233,Vespa velutina,Insects,established,control,Detection,Post-Introduction,2022-08-15T12:34:44Z
video_015233,Vespa velutina,Insects,established,nocivo,Threat,Post-Introduction,2022-08-15T12:34:44Z
video_015233,Vespa velutina,Insects,established,registro,Detection,Post-Introduction,2022-08-15T12:34:44Z
video_015233,Vespa velutina,Insects,established,plagas,Invasion,Post-Introduction,2022-08-15T12:34:44Z
video_015233,Vespa velutina,Insects,established,contaminacion,Threat,Post-Introduction,2022-08-15T12:34:44Z
video_015233,Vespa velutina,Insects,established,riesgo,Threat,Post-Introduction,2022-08-15T08:15:59Z
video_015233,Vespa velutina,Insects,established,visto,Detection,Post-Introduction,2022-08-15T08:15:59Z
video_015233,Vespa velutina,Insects,established,veneno,Threat,Post-Introduction,2022-08-08T12:10:49Z
video_015233,Vespa velutina,Insects,established,euros,eCommerce,Post-Introduction,2022-08-03T07:32:42Z
video_015233,Vespa velutina,Insects,established,veneno,Threat,Post-Introduction,2022-08-03T07:32:42Z
video_015233,Vespa velutina,Insects,established,riesgo,Threat,Post-Introduction,2022-08-02T14:40:16Z
video_015233,Vespa velutina,Insects,established,compra,eCommerce,Post-Introduction,2024-10-27T15:55:20Z
video_015233,Vespa velutina,Insects,established,barato,eCommerce,Post-Introduction,2022-08-25T21:38:32Z
video_015233,Vespa velutina,Insects,established,letal,Threat,Post-Introduction,2022-08-28T14:29:47Z
video_015233,Vespa velutina,Insects,established,visto,Detection,Post-Introduction,2022-08-25T12:00:15Z
video_015233,Vespa velutina,Insects,established,trampa,Detection,Post-Introduction,2022-08-17T16:06:01Z
video_015233,Vespa velutina,Insects,established,trampas,Detection,Post-Introduction,2022-08-17T16:06:01Z
video_015233,Vespa velutina,Insects,established,contaminacion,Threat,Post-Introduction,2022-08-17T16:06:01Z
video_015233,Vespa velutina,Insects,established,seguimiento,Detection,Post-Introduction,2022-08-17T16:06:01Z
video_015233,Vespa velutina,Insects,established,veneno,Threat,Post-Introduction,2022-08-17T16:06:01Z
video_015233,Vespa velutina,Insects,established,peligroso,Threat,Post-Introduction,2022-08-17T16:06:01Z
video_015233,Vespa velutina,Insects,established,encontrado,Detection,Post-Introduction,2022-08-17T16:06:01Z
video_015233,Vespa velutina,Insects,established,toxico,Threat,Post-Introduction,2022-09-14T15:19:42Z
video_015233,Vespa velutina,Insects,established,veneno,Threat,Post-Introduction,2022-09-14T15:19:42Z
video_015233,Vespa velutina,Insects,established,compra,eCommerce,Post-Introduction,2022-09-07T12:03:59Z
video_015233,Vespa velutina,Insects,established,plaga,Invasion,Post-Introduction,2022-08-30T16:42:49Z
video_003829,Vespa velutina,Insects,established,trampa,Detection,Post-Introduction,2025-11-20T00:52:04Z
video_003829,Vespa velutina,Insects,established,barata,eCommerce,Post-Introduction,2025-11-08T14:32:06Z
video_003829,Vespa velutina,Insects,established,visto,Detection,Post-Introduction,2025-10-01T09:12:59Z
video_003829,Vespa velutina,Insects,established,peligro,Threat,Post-Introduction,2025-06-22T18:20:01Z
video_003829,Vespa velutina,Insects,established,trampa,Detection,Post-Introduction,2025-04-25T15:37:03Z
video_003829,Vespa velutina,Insects,established,plaga,Invasion,Post-Introduction,2024-11-02T19:06:01Z
video_003829,Vespa velutina,Insects,established,riesgo,Threat,Post-Introduction,2024-09-08T14:53:43Z
video_003829,Vespa velutina,Insects,established,visto,Detection,Post-Introduction,2024-08-28T22:11:27Z
video_003829,Vespa velutina,Insects,established,veneno,Threat,Post-Introduction,2024-08-28T22:11:27Z
video_003829,Vespa velutina,Insects,established,barata,eCommerce,Post-Introduction,2024-08-21T17:47:22Z
video_003829,Vespa velutina,Insects,established,trampa,Detection,Post-Introduction,2024-07-17T18:39:50Z
video_003829,Vespa velutina,Insects,established,extincion,Threat,Post-Introduction,2024-07-17T18:39:50Z
video_003829,Vespa velutina,Insects,established,trampa,Detection,Post-Introduction,2024-05-13T16:15:35Z
video_003829,Vespa velutina,Insects,established,peligro,Threat,Post-Introduction,2024-05-13T16:15:35Z
video_003829,Vespa velutina,Insects,established,peligroso,Threat,Post-Introduction,2024-05-13T16:15:35Z
video_003829,Vespa velutina,Insects,established,trampas,Detection,Post-Introduction,2024-05-07T15:52:59Z
video_003829,Vespa velutina,Insects,established,trampas,Detection,Post-Introduction,2024-05-07T15:52:22Z
video_003829,Vespa velutina,Insects,established,trampa,Detection,Post-Introduction,2024-05-07T15:52:22Z
video_003829,Vespa velutina,Insects,established,trampa,Detection,Post-Introduction,2025-10-15T17:04:29Z
video_003829,Vespa velutina,Insects,established,nativa,Invasion,Post-Introduction,2025-10-04T16:04:49Z
video_003829,Vespa velutina,Insects,established,invasion,Invasion,Post-Introduction,2025-10-04T16:04:49Z
video_003829,Vespa velutina,Insects,established,trampa,Detection,Post-Introduction,2025-01-27T19:25:18Z
video_003829,Vespa velutina,Insects,established,riesgo,Threat,Post-Introduction,2024-09-10T15:16:47Z
video_003829,Vespa velutina,Insects,established,plaga,Invasion,Post-Introduction,2024-09-10T14:53:24Z
video_003829,Vespa velutina,Insects,established,veneno,Threat,Post-Introduction,2024-11-02T00:04:35Z
video_003829,Vespa velutina,Insects,established,vista,Detection,Post-Introduction,2025-02-17T13:13:25Z
video_003829,Vespa velutina,Insects,established,trampa,Detection,Post-Introduction,2025-02-17T13:11:08Z
video_003829,Vespa velutina,Insects,established,visto,Detection,Post-Introduction,2025-02-17T13:11:40Z
video_003829,Vespa velutina,Insects,established,trampa,Detection,Post-Introduction,2025-02-17T18:11:05Z
video_003829,Vespa velutina,Insects,established,trampa,Detection,Post-Introduction,2025-02-17T13:12:13Z
video_003829,Vespa velutina,Insects,established,trampa,Detection,Post-Introduction,2024-11-02T00:12:02Z
video_003829,Vespa velutina,Insects,established,trampa,Detection,Post-Introduction,2025-02-17T13:15:32Z
video_003829,Vespa velutina,Insects,established,trampa,Detection,Post-Introduction,2024-07-15T08:00:40Z
video_003829,Vespa velutina,Insects,established,trampa,Detection,Post-Introduction,2024-05-25T05:46:01Z
video_003829,Vespa velutina,Insects,established,trampas,Detection,Post-Introduction,2024-07-23T09:05:19Z
video_007878,Vespa velutina,Insects,established,trampa,Detection,Post-Introduction,2025-11-06T12:23:59Z
video_007878,Vespa velutina,Insects,established,trampa,Detection,Post-Introduction,2025-10-04T16:48:28Z
video_007878,Vespa velutina,Insects,established,establecido,Invasion,Post-Introduction,2024-03-18T10:42:22Z
video_007878,Vespa velutina,Insects,established,invasion,Invasion,Post-Introduction,2023-10-14T20:14:13Z
video_007878,Vespa velutina,Insects,established,capturada,Detection,Post-Introduction,2023-10-14T20:14:13Z
video_007878,Vespa velutina,Insects,established,trampas,Detection,Post-Introduction,2023-10-14T20:14:13Z
video_007878,Vespa velutina,Insects,established,capturas,Detection,Post-Introduction,2023-10-14T20:14:13Z
video_007878,Vespa velutina,Insects,established,captures,Detection,Post-Introduction,2023-10-14T20:14:13Z
video_007878,Vespa velutina,Insects,established,contaminacion,Threat,Post-Introduction,2023-10-14T20:14:13Z
video_007878,Vespa velutina,Insects,established,captura,Detection,Post-Introduction,2023-10-14T20:14:13Z
video_007878,Vespa velutina,Insects,established,trampas,Detection,Post-Introduction,2023-09-01T15:44:06Z
video_016154,Vespa velutina,Insects,established,competencia,Threat,Post-Introduction,2018-07-28T08:30:33Z
video_016154,Vespa velutina,Insects,established,visto,Detection,Post-Introduction,2018-08-02T09:14:37Z
video_012316,Vespa velutina,Insects,established,peligroso,Threat,Post-Introduction,2024-10-19T06:54:33Z
video_012316,Vespa velutina,Insects,established,veneno,Threat,Post-Introduction,2024-07-18T12:43:04Z
video_005792,Vespa velutina,Insects,established,peligro,Threat,Post-Introduction,2023-08-12T06:03:51Z
video_005792,Vespa velutina,Insects,established,plaga,Invasion,Post-Introduction,2023-08-15T15:29:29Z
video_010250,Vespa velutina,Insects,established,invadir,Invasion,Post-Introduction,2019-09-23T03:34:43Z
video_010250,Vespa velutina,Insects,established,veneno,Threat,Post-Introduction,2018-09-12T06:35:14Z
video_010432,Vespa velutina,Insects,established,trampas,Detection,Post-Introduction,2025-08-29T15:13:54Z
video_010432,Vespa velutina,Insects,established,barata,eCommerce,Post-Introduction,2025-10-02T10:00:42Z
video_010432,Vespa velutina,Insects,established,trampas,Detection,Post-Introduction,2025-08-29T15:16:07Z
video_010432,Vespa velutina,Insects,established,trampa,Detection,Post-Introduction,2025-08-02T22:07:53Z
video_005201,Vespa velutina,Insects,established,trampas,Detection,Post-Introduction,2019-09-28T08:16:50Z
video_010191,Vespa velutina,Insects,established,peligrosa,Threat,Post-Introduction,2013-10-08T16:54:17Z
video_013098,Vespa velutina,Insects,established,invasion,Invasion,Post-Introduction,2020-05-04T16:06:28Z
video_013098,Vespa velutina,Insects,established,control,Detection,Post-Introduction,2020-05-04T16:06:28Z
video_000217,Vespa velutina,Insects,established,extincion,Threat,Post-Introduction,2022-11-08T16:23:38Z
video_000217,Vespa velutina,Insects,established,trampas,Detection,Post-Introduction,2022-08-02T10:51:47Z
video_000217,Vespa velutina,Insects,established,visto,Detection,Post-Introduction,2021-07-18T23:18:10Z
video_000217,Vespa velutina,Insects,established,trampas,Detection,Post-Introduction,2019-08-11T17:09:15Z
video_000217,Vespa velutina,Insects,established,trampa,Detection,Post-Introduction,2019-08-11T17:09:15Z
video_000217,Vespa velutina,Insects,established,trampas,Detection,Post-Introduction,2018-06-17T20:05:51Z
video_000217,Vespa velutina,Insects,established,alien,Invasion,Post-Introduction,2017-08-07T15:00:43Z
video_000217,Vespa velutina,Insects,established,capturar,Detection,Post-Introduction,2018-06-18T14:14:00Z
video_000217,Vespa velutina,Insects,established,expansion,Invasion,Post-Introduction,2018-06-18T14:14:00Z
video_000217,Vespa velutina,Insects,established,control,Detection,Post-Introduction,2018-06-18T14:14:00Z
video_000217,Vespa velutina,Insects,established,trampas,Detection,Post-Introduction,2018-06-20T20:37:10Z
video_000217,Vespa velutina,Insects,established,trampa,Detection,Post-Introduction,2018-06-20T20:37:10Z
video_000217,Vespa velutina,Insects,established,capturar,Detection,Post-Introduction,2018-06-26T21:59:40Z
video_000217,Vespa velutina,Insects,established,expansion,Invasion,Post-Introduction,2018-06-26T21:59:40Z
video_000217,Vespa velutina,Insects,established,trampas,Detection,Post-Introduction,2018-06-26T21:59:40Z
video_000217,Vespa velutina,Insects,established,captura,Detection,Post-Introduction,2018-06-26T21:59:40Z
video_005510,Vespa velutina,Insects,established,trampas,Detection,Post-Introduction,2023-02-22T20:10:48Z
video_005510,Vespa velutina,Insects,established,visto,Detection,Post-Introduction,2022-08-02T20:52:28Z
video_005510,Vespa velutina,Insects,established,dinero,eCommerce,Post-Introduction,2022-07-27T18:31:20Z
video_005510,Vespa velutina,Insects,established,trampa,Detection,Post-Introduction,2022-07-27T10:50:40Z
video_005510,Vespa velutina,Insects,established,visto,Detection,Post-Introduction,2022-07-27T08:42:02Z
video_005510,Vespa velutina,Insects,established,trampas,Detection,Post-Introduction,2022-07-27T08:42:02Z
video_005510,Vespa velutina,Insects,established,trampas,Detection,Post-Introduction,2022-07-26T21:53:09Z
video_005510,Vespa velutina,Insects,established,expansion,Invasion,Post-Introduction,2022-08-02T21:06:07Z
video_005510,Vespa velutina,Insects,established,costes,eCommerce,Post-Introduction,2022-07-28T19:14:23Z
video_005510,Vespa velutina,Insects,established,trampas,Detection,Post-Introduction,2022-07-27T02:45:30Z
video_005510,Vespa velutina,Insects,established,trampas,Detection,Post-Introduction,2022-07-27T12:20:05Z
video_011480,Vespa velutina,Insects,established,encontre,Detection,Post-Introduction,2020-06-07T00:32:15Z
video_011480,Vespa velutina,Insects,established,invasor,Invasion,Post-Introduction,2020-05-05T20:18:23Z
video_015139,Vespa velutina,Insects,established,trampas,Detection,Post-Introduction,2025-04-18T15:22:44Z
video_008318,Vespa velutina,Insects,established,comprar,eCommerce,Post-Introduction,2022-01-11T00:52:08Z
video_008318,Vespa velutina,Insects,established,dinero,eCommerce,Post-Introduction,2022-01-08T01:15:38Z
video_008318,Vespa velutina,Insects,established,capturar,Detection,Post-Introduction,2022-01-05T22:29:06Z
video_008318,Vespa velutina,Insects,established,trampas,Detection,Post-Introduction,2022-01-05T22:29:06Z
video_008318,Vespa velutina,Insects,established,trampas,Detection,Post-Introduction,2022-01-04T23:11:15Z
video_008318,Vespa velutina,Insects,established,visto,Detection,Post-Introduction,2022-01-04T23:11:15Z
video_008318,Vespa velutina,Insects,established,establecida,Invasion,Post-Introduction,2022-01-04T19:20:31Z
video_008318,Vespa velutina,Insects,established,reproduciendose,Invasion,Post-Introduction,2022-01-04T19:20:31Z
video_008318,Vespa velutina,Insects,established,veneno,Threat,Post-Introduction,2022-08-08T12:20:11Z
video_008318,Vespa velutina,Insects,established,trampas,Detection,Post-Introduction,2022-01-04T22:07:40Z
video_005634,Vespa velutina,Insects,established,encontre,Detection,Post-Introduction,2024-10-04T16:39:03Z
video_005634,Vespa velutina,Insects,established,encontre,Detection,Post-Introduction,2024-10-04T16:38:48Z
video_011156,Vespa velutina,Insects,established,invasora,Invasion,Post-Introduction,2018-01-17T09:50:06Z
video_002680,Vespa velutina,Insects,established,encontrado,Detection,Post-Introduction,2020-09-29T03:09:15Z
video_002680,Vespa velutina,Insects,established,reciente,Detection,Post-Introduction,2019-06-12T01:51:02Z
video_002680,Vespa velutina,Insects,established,trampas,Detection,Post-Introduction,2018-12-26T20:42:08Z
video_002680,Vespa velutina,Insects,established,plaga,Invasion,Post-Introduction,2013-11-26T01:16:27Z
video_002680,Vespa velutina,Insects,established,visto,Detection,Post-Introduction,2013-01-13T14:10:22Z
video_002680,Vespa velutina,Insects,established,trampa,Detection,Post-Introduction,2013-01-13T14:10:22Z
video_012398,Vespa velutina,Insects,established,plagas,Invasion,Post-Introduction,2018-11-01T02:11:13Z
video_008331,Vespa velutina,Insects,established,introducida,Invasion,Post-Introduction,2020-06-07T17:20:44Z
video_008331,Vespa velutina,Insects,established,invasion,Invasion,Post-Introduction,2018-09-28T15:56:53Z
video_008331,Vespa velutina,Insects,established,visto,Detection,Post-Introduction,2018-09-28T15:56:53Z
video_008331,Vespa velutina,Insects,established,plaga,Invasion,Post-Introduction,2018-09-05T16:39:11Z
video_008331,Vespa velutina,Insects,established,controlada,Detection,Post-Introduction,2018-09-05T16:39:11Z
video_008331,Vespa velutina,Insects,established,invasion,Invasion,Post-Introduction,2018-09-01T01:26:43Z
video_008331,Vespa velutina,Insects,established,plaga,Invasion,Post-Introduction,2018-08-28T01:14:50Z
video_008331,Vespa velutina,Insects,established,visto,Detection,Post-Introduction,2018-08-28T01:14:50Z
video_008331,Vespa velutina,Insects,established,trampas,Detection,Post-Introduction,2018-08-26T18:54:50Z
video_008331,Vespa velutina,Insects,established,visto,Detection,Post-Introduction,2018-08-21T19:32:03Z
video_008331,Vespa velutina,Insects,established,dispersar,Invasion,Post-Introduction,2018-08-20T06:28:12Z
video_008331,Vespa velutina,Insects,established,visto,Detection,Post-Introduction,2018-08-18T16:20:51Z
video_008331,Vespa velutina,Insects,established,captura,Detection,Post-Introduction,2018-08-18T16:20:51Z
video_008331,Vespa velutina,Insects,established,trampas,Detection,Post-Introduction,2018-08-18T16:20:51Z
video_008331,Vespa velutina,Insects,established,trampa,Detection,Post-Introduction,2018-08-18T16:20:51Z
video_008331,Vespa velutina,Insects,established,controlar,Detection,Post-Introduction,2018-08-18T16:20:51Z
video_008331,Vespa velutina,Insects,established,capturado,Detection,Post-Introduction,2018-06-28T20:46:11Z
video_008331,Vespa velutina,Insects,established,visto,Detection,Post-Introduction,2018-06-28T20:46:11Z
video_008331,Vespa velutina,Insects,established,armadilhas,Detection,Post-Introduction,2018-05-07T13:07:22Z
video_008331,Vespa velutina,Insects,established,plaga,Invasion,Post-Introduction,2018-05-05T08:11:18Z
video_008331,Vespa velutina,Insects,established,invade,Invasion,Post-Introduction,2018-05-05T08:11:18Z
video_008331,Vespa velutina,Insects,established,trampas,Detection,Post-Introduction,2018-05-04T12:30:10Z
video_008331,Vespa velutina,Insects,established,capturado,Detection,Post-Introduction,2018-08-20T22:11:31Z
video_008331,Vespa velutina,Insects,established,trampa,Detection,Post-Introduction,2018-05-07T13:56:42Z
video_008331,Vespa velutina,Insects,established,armadilha,Detection,Post-Introduction,2018-05-07T17:22:02Z
video_008331,Vespa velutina,Insects,established,aparecer,Detection,Post-Introduction,2018-05-05T19:22:09Z
video_008331,Vespa velutina,Insects,established,capturadas,Detection,Post-Introduction,2018-05-05T19:22:09Z
video_008331,Vespa velutina,Insects,established,trampas,Detection,Post-Introduction,2018-05-05T19:35:38Z
video_008331,Vespa velutina,Insects,established,capturado,Detection,Post-Introduction,2018-05-06T07:27:03Z
video_008331,Vespa velutina,Insects,established,trampas,Detection,Post-Introduction,2018-05-06T07:27:03Z
video_008331,Vespa velutina,Insects,established,trampa,Detection,Post-Introduction,2018-05-06T07:27:03Z
video_008331,Vespa velutina,Insects,established,invasion,Invasion,Post-Introduction,2018-05-06T09:45:25Z
video_006004,Vespa velutina,Insects,established,plagas,Invasion,Post-Introduction,2018-09-12T22:16:18Z
video_006004,Vespa velutina,Insects,established,trampa,Detection,Post-Introduction,2018-09-12T22:16:18Z
video_006004,Vespa velutina,Insects,established,trampa,Detection,Post-Introduction,2018-07-27T02:23:53Z
video_006004,Vespa velutina,Insects,established,trampa,Detection,Post-Introduction,2017-04-11T11:24:33Z
video_006004,Vespa velutina,Insects,established,trampas,Detection,Post-Introduction,2017-04-11T11:24:33Z
video_006004,Vespa velutina,Insects,established,plagas,Invasion,Post-Introduction,2021-08-06T13:45:42Z
video_006004,Vespa velutina,Insects,established,plagas,Invasion,Post-Introduction,2021-08-05T14:31:16Z
video_016291,Vespa velutina,Insects,established,encontre,Detection,Post-Introduction,2021-09-04T12:39:55Z
video_000738,Vespa velutina,Insects,established,visto,Detection,Post-Introduction,2021-08-07T13:13:16Z
video_011164,Vespa velutina,Insects,established,trampa,Detection,Post-Introduction,2024-03-18T22:08:23Z
video_011164,Vespa velutina,Insects,established,plaga,Invasion,Post-Introduction,2024-03-14T20:12:36Z
video_011164,Vespa velutina,Insects,established,trampa,Detection,Post-Introduction,2022-11-16T16:08:30Z
video_011164,Vespa velutina,Insects,established,plaga,Invasion,Post-Introduction,2024-12-31T18:39:04Z
video_011164,Vespa velutina,Insects,established,trampas,Detection,Post-Introduction,2025-04-18T11:13:29Z
video_011164,Vespa velutina,Insects,established,trampa,Detection,Post-Introduction,2025-04-18T11:13:29Z
video_011164,Vespa velutina,Insects,established,trampas,Detection,Post-Introduction,2024-05-08T05:38:23Z
video_011164,Vespa velutina,Insects,established,trampas,Detection,Post-Introduction,2023-10-21T22:46:20Z
video_007927,Vespa velutina,Insects,established,invasora,Invasion,Post-Introduction,2025-03-03T06:38:25Z
video_007927,Vespa velutina,Insects,established,letal,Threat,Post-Introduction,2024-08-14T17:23:40Z
video_007927,Vespa velutina,Insects,established,invasor,Invasion,Post-Introduction,2024-08-06T21:51:21Z
video_008124,Vespa velutina,Insects,established,plaga,Invasion,Post-Introduction,2025-03-04T18:31:23Z
video_008124,Vespa velutina,Insects,established,veneno,Threat,Post-Introduction,2024-05-25T21:30:19Z
video_008124,Vespa velutina,Insects,established,trampas,Detection,Post-Introduction,2024-05-25T21:30:19Z
video_010345,Vespa velutina,Insects,established,vista,Detection,Post-Introduction,2020-08-22T13:41:14Z
video_010345,Vespa velutina,Insects,established,caro,eCommerce,Post-Introduction,2020-02-23T18:13:29Z
video_010345,Vespa velutina,Insects,established,trampa,Detection,Post-Introduction,2020-02-23T18:13:29Z
video_010345,Vespa velutina,Insects,established,dinero,eCommerce,Post-Introduction,2020-02-23T18:13:29Z
video_010345,Vespa velutina,Insects,established,invadir,Invasion,Post-Introduction,2018-12-04T00:36:43Z
video_010345,Vespa velutina,Insects,established,peligrosa,Threat,Post-Introduction,2018-09-14T09:12:09Z
video_010345,Vespa velutina,Insects,established,trampa,Detection,Post-Introduction,2018-05-25T13:44:26Z
video_010345,Vespa velutina,Insects,established,plaga,Invasion,Post-Introduction,2018-01-23T21:29:11Z
video_010345,Vespa velutina,Insects,established,trampas,Detection,Post-Introduction,2018-01-23T17:19:36Z
video_010345,Vespa velutina,Insects,established,encontramos,Detection,Post-Introduction,2018-01-23T17:25:29Z
video_010345,Vespa velutina,Insects,established,trampas,Detection,Post-Introduction,2018-01-23T17:28:45Z
video_003796,Vespa velutina,Insects,established,visto,Detection,Post-Introduction,2021-10-14T08:03:21Z
video_000103,Vespa velutina,Insects,established,descubierto,Detection,Post-Introduction,2019-05-31T16:38:23Z
video_000103,Vespa velutina,Insects,established,trampas,Detection,Post-Introduction,2019-05-31T16:38:23Z
video_000103,Vespa velutina,Insects,established,veneno,Threat,Post-Introduction,2019-05-31T17:40:37Z
video_005830,Vespa velutina,Insects,established,trampa,Detection,Post-Introduction,2025-05-30T11:48:27Z
video_005830,Vespa velutina,Insects,established,trampas,Detection,Post-Introduction,2023-11-04T16:45:17Z
video_005830,Vespa velutina,Insects,established,trampas,Detection,Post-Introduction,2023-11-05T07:49:12Z
video_005830,Vespa velutina,Insects,established,plaga,Invasion,Post-Introduction,2023-11-05T07:49:12Z
video_005830,Vespa velutina,Insects,established,peligrosa,Threat,Post-Introduction,2023-11-05T07:49:12Z
video_005830,Vespa velutina,Insects,established,plaga,Invasion,Post-Introduction,2023-10-10T12:30:22Z
video_005830,Vespa velutina,Insects,established,trampa,Detection,Post-Introduction,2023-10-10T12:30:22Z
video_005830,Vespa velutina,Insects,established,vistos,Detection,Post-Introduction,2024-05-30T20:27:37Z
video_005830,Vespa velutina,Insects,established,trampas,Detection,Post-Introduction,2023-08-29T13:22:28Z
video_004028,Vespa velutina,Insects,established,trampa,Detection,Post-Introduction,2021-09-24T17:58:20Z
video_004286,Vespa velutina,Insects,established,comprar,eCommerce,Post-Introduction,2024-10-07T13:04:16Z
video_004286,Vespa velutina,Insects,established,trampa,Detection,Post-Introduction,2024-10-07T13:04:16Z
video_004286,Vespa velutina,Insects,established,trampa,Detection,Post-Introduction,2021-03-21T18:23:57Z
video_004286,Vespa velutina,Insects,established,capturar,Detection,Post-Introduction,2021-03-21T18:23:57Z
video_004286,Vespa velutina,Insects,established,visto,Detection,Post-Introduction,2020-07-02T16:10:17Z
video_004286,Vespa velutina,Insects,established,trampa,Detection,Post-Introduction,2020-07-02T16:10:17Z
video_004286,Vespa velutina,Insects,established,trampas,Detection,Post-Introduction,2020-05-11T19:15:29Z
video_004286,Vespa velutina,Insects,established,trampa,Detection,Post-Introduction,2019-08-30T13:34:04Z
video_004286,Vespa velutina,Insects,established,veneno,Threat,Post-Introduction,2019-07-11T03:26:20Z
video_004286,Vespa velutina,Insects,established,visto,Detection,Post-Introduction,2019-07-04T07:09:22Z
video_004286,Vespa velutina,Insects,established,encontre,Detection,Post-Introduction,2019-07-04T07:09:22Z
video_004286,Vespa velutina,Insects,established,peligro,Threat,Post-Introduction,2018-08-23T13:37:07Z
video_004286,Vespa velutina,Insects,established,trampas,Detection,Post-Introduction,2018-08-23T11:55:59Z
video_004286,Vespa velutina,Insects,established,visto,Detection,Post-Introduction,2018-07-28T20:39:06Z
video_004286,Vespa velutina,Insects,established,cara,eCommerce,Post-Introduction,2018-07-19T16:38:40Z
video_004286,Vespa velutina,Insects,established,visto,Detection,Post-Introduction,2018-07-19T16:38:40Z
video_004286,Vespa velutina,Insects,established,trampa,Detection,Post-Introduction,2018-05-30T00:54:02Z
video_004286,Vespa velutina,Insects,established,peligroso,Threat,Post-Introduction,2018-03-31T23:01:07Z
video_004286,Vespa velutina,Insects,established,control,Detection,Post-Introduction,2018-03-31T23:01:07Z
video_004286,Vespa velutina,Insects,established,trampa,Detection,Post-Introduction,2018-03-23T08:45:07Z
video_004286,Vespa velutina,Insects,established,veneno,Threat,Post-Introduction,2018-01-05T14:37:29Z
video_004286,Vespa velutina,Insects,established,trampa,Detection,Post-Introduction,2017-12-28T18:28:11Z
video_004286,Vespa velutina,Insects,established,invasora,Invasion,Post-Introduction,2017-11-12T10:21:59Z
video_004286,Vespa velutina,Insects,established,trampa,Detection,Post-Introduction,2017-11-06T19:01:59Z
video_004286,Vespa velutina,Insects,established,visto,Detection,Post-Introduction,2017-11-06T19:01:59Z
video_004286,Vespa velutina,Insects,established,trampa,Detection,Post-Introduction,2017-10-22T16:33:35Z
video_004286,Vespa velutina,Insects,established,trampas,Detection,Post-Introduction,2017-09-24T19:29:19Z
video_004286,Vespa velutina,Insects,established,trampa,Detection,Post-Introduction,2017-09-24T19:29:19Z
video_004286,Vespa velutina,Insects,established,trampa,Detection,Post-Introduction,2017-09-14T16:07:00Z
video_004286,Vespa velutina,Insects,established,trampa,Detection,Post-Introduction,2017-09-09T22:58:05Z
video_004286,Vespa velutina,Insects,established,trampa,Detection,Post-Introduction,2017-09-09T09:57:56Z
video_004286,Vespa velutina,Insects,established,veneno,Threat,Post-Introduction,2017-09-06T23:21:47Z
video_004286,Vespa velutina,Insects,established,plagas,Invasion,Post-Introduction,2017-09-06T22:12:11Z
video_004286,Vespa velutina,Insects,established,trampa,Detection,Post-Introduction,2017-09-06T21:57:10Z
video_004286,Vespa velutina,Insects,established,plaga,Invasion,Post-Introduction,2020-10-24T18:24:00Z
video_004286,Vespa velutina,Insects,established,trampa,Detection,Post-Introduction,2020-05-27T18:37:01Z
video_004286,Vespa velutina,Insects,established,trampa,Detection,Post-Introduction,2020-05-09T00:50:48Z
video_004286,Vespa velutina,Insects,established,cara,eCommerce,Post-Introduction,2018-09-18T17:18:46Z
video_004286,Vespa velutina,Insects,established,praga,Invasion,Post-Introduction,2018-09-20T12:13:02Z
video_004286,Vespa velutina,Insects,established,invasora,Invasion,Post-Introduction,2019-07-04T01:25:09Z
video_004286,Vespa velutina,Insects,established,visto,Detection,Post-Introduction,2019-07-04T01:25:09Z
video_004286,Vespa velutina,Insects,established,amenaza,Threat,Post-Introduction,2019-07-04T01:25:09Z
video_004286,Vespa velutina,Insects,established,controlado,Detection,Post-Introduction,2019-07-04T01:25:09Z
video_004286,Vespa velutina,Insects,established,trampas,Detection,Post-Introduction,2021-10-12T07:48:02Z
video_004286,Vespa velutina,Insects,established,trampa,Detection,Post-Introduction,2018-07-23T19:57:38Z
video_004286,Vespa velutina,Insects,established,peligro,Threat,Post-Introduction,2018-07-23T20:53:59Z
video_004286,Vespa velutina,Insects,established,introducida,Invasion,Post-Introduction,2018-09-20T12:17:19Z
video_004286,Vespa velutina,Insects,established,trampa,Detection,Post-Introduction,2018-09-20T12:17:19Z
video_004286,Vespa velutina,Insects,established,veneno,Threat,Post-Introduction,2018-04-01T09:22:13Z
video_004286,Vespa velutina,Insects,established,trampas,Detection,Post-Introduction,2018-02-19T22:41:38Z
video_004286,Vespa velutina,Insects,established,veneno,Threat,Post-Introduction,2018-01-05T20:07:25Z
video_004286,Vespa velutina,Insects,established,veneno,Threat,Post-Introduction,2018-03-31T23:04:20Z
video_004286,Vespa velutina,Insects,established,peligroso,Threat,Post-Introduction,2018-03-31T23:04:20Z
video_004286,Vespa velutina,Insects,established,amenaza,Threat,Post-Introduction,2017-11-15T18:27:12Z
video_004286,Vespa velutina,Insects,established,plaga,Invasion,Post-Introduction,2017-11-15T18:27:12Z
video_004286,Vespa velutina,Insects,established,invasora,Invasion,Post-Introduction,2017-11-15T18:27:12Z
video_004286,Vespa velutina,Insects,established,trampas,Detection,Post-Introduction,2017-11-13T15:18:26Z
video_004286,Vespa velutina,Insects,established,precio,eCommerce,Post-Introduction,2017-11-13T15:27:16Z
video_004286,Vespa velutina,Insects,established,trampa,Detection,Post-Introduction,2017-10-23T00:16:04Z
video_004286,Vespa velutina,Insects,established,trampa,Detection,Post-Introduction,2017-10-20T06:26:48Z
video_004286,Vespa velutina,Insects,established,trampas,Detection,Post-Introduction,2017-09-25T17:01:35Z
video_004286,Vespa velutina,Insects,established,capturar,Detection,Post-Introduction,2017-09-25T17:04:50Z
video_004286,Vespa velutina,Insects,established,trampa,Detection,Post-Introduction,2017-09-14T16:13:20Z
video_004286,Vespa velutina,Insects,established,captura,Detection,Post-Introduction,2017-09-14T16:13:20Z
video_004286,Vespa velutina,Insects,established,trampa,Detection,Post-Introduction,2018-04-18T18:59:43Z
video_004286,Vespa velutina,Insects,established,plagas,Invasion,Post-Introduction,2017-09-09T13:10:12Z
video_004286,Vespa velutina,Insects,established,plaga,Invasion,Post-Introduction,2017-09-08T06:26:52Z
video_004286,Vespa velutina,Insects,established,encontramos,Detection,Post-Introduction,2017-09-08T06:26:52Z
video_004286,Vespa velutina,Insects,established,invasoras,Invasion,Post-Introduction,2017-09-08T06:26:52Z
video_004286,Vespa velutina,Insects,established,plagas,Invasion,Post-Introduction,2017-09-08T19:32:59Z
video_004286,Vespa velutina,Insects,established,invasoras,Invasion,Post-Introduction,2017-09-08T19:32:59Z
video_004286,Vespa velutina,Insects,established,visto,Detection,Post-Introduction,2017-09-07T13:52:03Z
video_004286,Vespa velutina,Insects,established,trampa,Detection,Post-Introduction,2017-09-07T13:52:03Z
video_004286,Vespa velutina,Insects,established,plaga,Invasion,Post-Introduction,2017-09-07T13:55:40Z
video_004286,Vespa velutina,Insects,established,encontrado,Detection,Post-Introduction,2017-09-07T14:00:20Z
video_004286,Vespa velutina,Insects,established,visto,Detection,Post-Introduction,2017-11-03T19:22:24Z
video_004286,Vespa velutina,Insects,established,trampa,Detection,Post-Introduction,2017-11-06T19:04:02Z
video_004286,Vespa velutina,Insects,established,visto,Detection,Post-Introduction,2017-11-06T19:23:23Z
video_004286,Vespa velutina,Insects,established,barato,eCommerce,Post-Introduction,2017-09-07T14:07:45Z
video_004286,Vespa velutina,Insects,established,plaga,Invasion,Post-Introduction,2017-09-06T18:27:32Z
video_004286,Vespa velutina,Insects,established,trampa,Detection,Post-Introduction,2017-09-06T18:18:25Z
video_000340,Vespa velutina,Insects,established,control,Detection,Post-Introduction,2018-09-18T22:17:18Z
video_000340,Vespa velutina,Insects,established,plaga,Invasion,Post-Introduction,2018-09-21T13:29:07Z
video_016127,Vespa velutina,Insects,established,alerta,Detection,Post-Introduction,2020-06-12T23:00:17Z
video_016127,Vespa velutina,Insects,established,plaga,Invasion,Post-Introduction,2020-05-09T10:46:44Z
video_016127,Vespa velutina,Insects,established,plaga,Invasion,Post-Introduction,2020-05-05T13:52:14Z
video_016127,Vespa velutina,Insects,established,plagas,Invasion,Post-Introduction,2018-11-04T22:07:05Z
video_016127,Vespa velutina,Insects,established,plaga,Invasion,Post-Introduction,2018-01-25T11:41:58Z
video_016127,Vespa velutina,Insects,established,trampas,Detection,Post-Introduction,2018-01-25T11:41:58Z
video_016127,Vespa velutina,Insects,established,capturas,Detection,Post-Introduction,2018-01-25T11:41:58Z
video_016127,Vespa velutina,Insects,established,aparecido,Detection,Post-Introduction,2018-01-25T11:41:58Z
video_016127,Vespa velutina,Insects,established,dinheiro,eCommerce,Post-Introduction,2017-12-16T16:08:24Z
video_016127,Vespa velutina,Insects,established,descoberta,Detection,Post-Introduction,2017-12-16T16:08:24Z
video_016127,Vespa velutina,Insects,established,praga,Invasion,Post-Introduction,2017-12-16T16:08:24Z
video_016127,Vespa velutina,Insects,established,veneno,Threat,Post-Introduction,2017-12-04T22:18:47Z
video_016127,Vespa velutina,Insects,established,plaga,Invasion,Post-Introduction,2017-11-05T13:40:49Z
video_016127,Vespa velutina,Insects,established,captura,Detection,Post-Introduction,2017-11-05T13:40:49Z
video_016127,Vespa velutina,Insects,established,plaga,Invasion,Post-Introduction,2017-09-24T13:36:32Z
video_016127,Vespa velutina,Insects,established,invasora,Invasion,Post-Introduction,2017-09-24T13:36:32Z
video_016127,Vespa velutina,Insects,established,danina,Threat,Post-Introduction,2017-09-24T13:36:32Z
video_016127,Vespa velutina,Insects,established,plaga,Invasion,Post-Introduction,2017-09-13T19:27:51Z
video_016127,Vespa velutina,Insects,established,afectando,Invasion,Post-Introduction,2017-09-13T11:15:33Z
video_016127,Vespa velutina,Insects,established,veneno,Threat,Post-Introduction,2017-09-13T11:15:33Z
video_016127,Vespa velutina,Insects,established,visto,Detection,Post-Introduction,2017-09-13T01:53:21Z
video_016127,Vespa velutina,Insects,established,plaga,Invasion,Post-Introduction,2017-09-12T20:55:34Z
video_016127,Vespa velutina,Insects,established,plaga,Invasion,Post-Introduction,2018-08-09T12:13:26Z
video_016127,Vespa velutina,Insects,established,plaga,Invasion,Post-Introduction,2018-01-25T13:33:04Z
video_016127,Vespa velutina,Insects,established,compra,eCommerce,Post-Introduction,2018-01-25T13:33:04Z
video_016127,Vespa velutina,Insects,established,controlar,Detection,Post-Introduction,2018-01-25T13:33:04Z
video_016127,Vespa velutina,Insects,established,plagas,Invasion,Post-Introduction,2018-01-25T13:33:04Z
video_016127,Vespa velutina,Insects,established,invasoras,Invasion,Post-Introduction,2018-01-25T13:33:04Z
video_016127,Vespa velutina,Insects,established,precio,eCommerce,Post-Introduction,2017-12-17T16:18:03Z
video_016127,Vespa velutina,Insects,established,plaga,Invasion,Post-Introduction,2017-09-13T15:11:33Z
video_016127,Vespa velutina,Insects,established,controlada,Detection,Post-Introduction,2017-09-13T15:18:54Z
video_016127,Vespa velutina,Insects,established,controlar,Detection,Post-Introduction,2017-09-12T22:16:01Z
video_016127,Vespa velutina,Insects,established,nativa,Invasion,Post-Introduction,2018-01-01T07:54:10Z
video_016127,Vespa velutina,Insects,established,avistado,Detection,Post-Introduction,2018-01-01T07:54:10Z
video_016127,Vespa velutina,Insects,established,custos,eCommerce,Post-Introduction,2018-01-01T07:54:10Z
video_016127,Vespa velutina,Insects,established,precio,eCommerce,Post-Introduction,2017-09-12T19:45:22Z
video_015133,Vespa velutina,Insects,established,dinero,eCommerce,Post-Introduction,2019-06-23T19:45:47Z
video_011465,Vespa velutina,Insects,established,invadir,Invasion,Post-Introduction,2024-07-01T08:23:08Z
video_010044,Vespa velutina,Insects,established,trampa,Detection,Post-Introduction,2024-12-25T23:27:30Z
video_010044,Vespa velutina,Insects,established,plaga,Invasion,Post-Introduction,2024-08-11T12:50:17Z
video_010044,Vespa velutina,Insects,established,trampa,Detection,Post-Introduction,2024-08-11T12:50:17Z
video_010044,Vespa velutina,Insects,established,caro,eCommerce,Post-Introduction,2024-08-04T01:22:59Z
video_010044,Vespa velutina,Insects,established,peligro,Threat,Post-Introduction,2024-08-04T01:22:59Z
video_005205,Vespa velutina,Insects,established,trampa,Detection,Post-Introduction,2023-12-04T20:09:41Z
video_005056,Vespa velutina,Insects,established,trampas,Detection,Post-Introduction,2020-12-05T23:20:05Z
video_005927,Vespa velutina,Insects,established,veneno,Threat,Post-Introduction,2021-08-01T18:56:48Z
video_005927,Vespa velutina,Insects,established,afectando,Invasion,Post-Introduction,2020-05-08T05:31:08Z
video_005927,Vespa velutina,Insects,established,visto,Detection,Post-Introduction,2020-01-09T10:08:55Z
video_005927,Vespa velutina,Insects,established,comprar,eCommerce,Post-Introduction,2019-10-12T18:01:40Z
video_005927,Vespa velutina,Insects,established,trampas,Detection,Post-Introduction,2019-10-11T21:09:34Z
video_010549,Vespa velutina,Insects,established,trampas,Detection,Post-Introduction,2022-09-23T11:42:43Z
video_010549,Vespa velutina,Insects,established,plaga,Invasion,Post-Introduction,2021-12-16T01:56:37Z
video_010549,Vespa velutina,Insects,established,visto,Detection,Post-Introduction,2020-05-05T01:46:25Z
video_010549,Vespa velutina,Insects,established,plaga,Invasion,Post-Introduction,2018-12-10T12:43:37Z
video_007764,Vespa velutina,Insects,established,invasora,Invasion,Post-Introduction,2020-05-17T00:25:41Z
video_007764,Vespa velutina,Insects,established,veneno,Threat,Post-Introduction,2020-05-09T06:25:00Z
video_007764,Vespa velutina,Insects,established,cara,eCommerce,Post-Introduction,2019-12-08T21:44:35Z
video_007764,Vespa velutina,Insects,established,visto,Detection,Post-Introduction,2019-12-08T21:44:35Z
video_007764,Vespa velutina,Insects,established,trampas,Detection,Post-Introduction,2018-10-10T14:47:56Z
video_007764,Vespa velutina,Insects,established,control,Detection,Post-Introduction,2018-10-10T14:47:56Z
video_007764,Vespa velutina,Insects,established,plaga,Invasion,Post-Introduction,2018-10-10T14:47:56Z
video_007764,Vespa velutina,Insects,established,trampas,Detection,Post-Introduction,2018-01-08T14:27:41Z
video_007764,Vespa velutina,Insects,established,trampa,Detection,Post-Introduction,2018-01-08T14:27:41Z
video_007764,Vespa velutina,Insects,established,capturar,Detection,Post-Introduction,2017-12-06T16:04:31Z
video_002646,Vespa velutina,Insects,established,invasora,Invasion,Post-Introduction,2020-10-30T13:03:29Z
video_002433,Vespa velutina,Insects,established,visto,Detection,Post-Introduction,2019-07-17T23:43:23Z
video_002433,Vespa velutina,Insects,established,trampas,Detection,Post-Introduction,2018-09-22T13:51:54Z
video_014815,Vespa velutina,Insects,established,encontre,Detection,Post-Introduction,2024-07-15T12:25:12Z
video_014815,Vespa velutina,Insects,established,peligroso,Threat,Post-Introduction,2024-07-15T12:25:12Z
video_014815,Vespa velutina,Insects,established,visto,Detection,Post-Introduction,2024-07-15T12:23:06Z
video_014815,Vespa velutina,Insects,established,trampa,Detection,Post-Introduction,2021-04-29T15:24:06Z
video_014815,Vespa velutina,Insects,established,comprar,eCommerce,Post-Introduction,2021-02-25T00:24:02Z
video_014815,Vespa velutina,Insects,established,trampa,Detection,Post-Introduction,2020-06-03T19:08:02Z
video_014815,Vespa velutina,Insects,established,trampa,Detection,Post-Introduction,2020-05-10T00:47:41Z
video_014815,Vespa velutina,Insects,established,invasoras,Invasion,Post-Introduction,2019-09-25T22:48:03Z
video_014815,Vespa velutina,Insects,established,armadilhas,Detection,Post-Introduction,2019-09-25T22:48:03Z
video_014815,Vespa velutina,Insects,established,aparece,Detection,Post-Introduction,2019-09-01T17:27:49Z
video_014815,Vespa velutina,Insects,established,plaga,Invasion,Post-Introduction,2019-01-28T19:09:27Z
video_014815,Vespa velutina,Insects,established,visto,Detection,Post-Introduction,2019-01-28T19:09:27Z
video_014815,Vespa velutina,Insects,established,trampas,Detection,Post-Introduction,2019-01-28T19:09:27Z
video_014815,Vespa velutina,Insects,established,visto,Detection,Post-Introduction,2018-12-21T22:30:38Z
video_014815,Vespa velutina,Insects,established,expansion,Invasion,Post-Introduction,2018-12-21T22:30:38Z
video_014815,Vespa velutina,Insects,established,trampas,Detection,Post-Introduction,2018-10-30T08:56:57Z
video_014815,Vespa velutina,Insects,established,trampa,Detection,Post-Introduction,2018-08-30T09:53:23Z
video_014815,Vespa velutina,Insects,established,epidemia,Threat,Post-Introduction,2018-06-17T19:33:37Z
video_014815,Vespa velutina,Insects,established,trampas,Detection,Post-Introduction,2018-06-17T19:33:37Z
video_014815,Vespa velutina,Insects,established,ataca,Threat,Post-Introduction,2020-05-06T14:46:07Z
video_014815,Vespa velutina,Insects,established,trampas,Detection,Post-Introduction,2020-07-29T08:02:22Z
video_014815,Vespa velutina,Insects,established,aparecieron,Detection,Post-Introduction,2020-07-29T11:01:25Z
video_014815,Vespa velutina,Insects,established,aparecido,Detection,Post-Introduction,2020-07-31T06:55:51Z
video_014815,Vespa velutina,Insects,established,colonizacion,Invasion,Post-Introduction,2020-07-31T06:55:51Z
video_014815,Vespa velutina,Insects,established,plaga,Invasion,Post-Introduction,2020-07-31T06:55:51Z
video_014815,Vespa velutina,Insects,established,trampas,Detection,Post-Introduction,2019-06-29T08:04:40Z
video_014815,Vespa velutina,Insects,established,visto,Detection,Post-Introduction,2019-06-29T08:04:40Z
video_011057,Vespa velutina,Insects,established,plaga,Invasion,Post-Introduction,2022-04-17T14:35:39Z
video_004651,Vespa velutina,Insects,established,vista,Detection,Post-Introduction,2018-07-26T22:36:59Z
video_004651,Vespa velutina,Insects,established,vistas,Detection,Post-Introduction,2018-07-26T22:31:49Z
video_000449,Vespa velutina,Insects,established,armadilhas,Detection,Post-Introduction,2024-04-27T20:03:21Z
video_000449,Vespa velutina,Insects,established,invasora,Invasion,Post-Introduction,2021-10-21T19:57:09Z
video_000449,Vespa velutina,Insects,established,barato,eCommerce,Post-Introduction,2020-08-20T20:35:27Z
video_011242,Vespa velutina,Insects,established,descobertos,Detection,Post-Introduction,2023-10-08T21:18:18Z
video_011242,Vespa velutina,Insects,established,aparece,Detection,Post-Introduction,2023-10-08T15:58:32Z
video_005202,Vespa velutina,Insects,established,mercado,eCommerce,Post-Introduction,2022-08-16T22:54:28Z
video_000188,Vespa velutina,Insects,established,praga,Invasion,Post-Introduction,2023-11-12T14:09:30Z
video_000188,Vespa velutina,Insects,established,praga,Invasion,Post-Introduction,2023-11-12T20:49:11Z
video_006871,Vespa velutina,Insects,established,pandemia,Threat,Post-Introduction,2022-02-12T16:51:34Z
video_010013,Vespa velutina,Insects,established,trampas,Detection,Post-Introduction,2023-11-28T16:40:29Z
video_010013,Vespa velutina,Insects,established,encontramos,Detection,Post-Introduction,2023-09-04T16:31:51Z
video_010013,Vespa velutina,Insects,established,visto,Detection,Post-Introduction,2023-09-01T19:36:28Z
video_010013,Vespa velutina,Insects,established,veneno,Threat,Post-Introduction,2023-11-28T17:41:59Z
video_010013,Vespa velutina,Insects,established,trampa,Detection,Post-Introduction,2023-11-28T17:41:59Z
video_010013,Vespa velutina,Insects,established,atacando,Threat,Post-Introduction,2023-10-10T07:06:23Z
video_010013,Vespa velutina,Insects,established,invasion,Invasion,Post-Introduction,2023-10-10T07:06:23Z
video_010013,Vespa velutina,Insects,established,plaga,Invasion,Post-Introduction,2023-10-10T09:51:53Z
video_010013,Vespa velutina,Insects,established,encontre,Detection,Post-Introduction,2023-10-13T15:30:11Z
video_010013,Vespa velutina,Insects,established,visto,Detection,Post-Introduction,2023-10-13T15:30:11Z
video_010013,Vespa velutina,Insects,established,peligro,Threat,Post-Introduction,2023-10-09T16:41:14Z
video_010013,Vespa velutina,Insects,established,tienda,eCommerce,Post-Introduction,2023-09-18T06:53:16Z
video_010013,Vespa velutina,Insects,established,dinero,eCommerce,Post-Introduction,2023-09-30T14:10:17Z
video_010013,Vespa velutina,Insects,established,veneno,Threat,Post-Introduction,2023-09-30T14:10:17Z
video_010013,Vespa velutina,Insects,established,control,Detection,Post-Introduction,2023-09-03T08:09:29Z
video_016949,Vespa velutina,Insects,established,visto,Detection,Post-Introduction,2021-05-07T11:12:29Z
video_016949,Vespa velutina,Insects,established,plaga,Invasion,Post-Introduction,2023-12-20T10:55:51Z
video_016949,Vespa velutina,Insects,established,ataca,Threat,Post-Introduction,2023-09-15T21:15:13Z
video_016949,Vespa velutina,Insects,established,cara,eCommerce,Post-Introduction,2022-09-02T14:13:15Z
video_016949,Vespa velutina,Insects,established,veneno,Threat,Post-Introduction,2022-08-24T18:24:41Z
video_016499,Vespa velutina,Insects,established,deteccion,Detection,Post-Introduction,2021-12-15T00:22:28Z
video_016499,Vespa velutina,Insects,established,encontrado,Detection,Post-Introduction,2015-10-02T20:43:06Z
video_006268,Vespa velutina,Insects,established,visto,Detection,Post-Introduction,2020-05-21T07:04:01Z
video_006268,Vespa velutina,Insects,established,trampa,Detection,Post-Introduction,2020-05-21T07:04:01Z
video_006268,Vespa velutina,Insects,established,invasion,Invasion,Post-Introduction,2020-05-21T10:45:40Z
video_010023,Vespa velutina,Insects,established,captura,Detection,Post-Introduction,2017-10-17T23:11:32Z
video_014172,Vespa velutina,Insects,established,deteccion,Detection,Post-Introduction,2016-11-14T16:18:17Z
video_014172,Vespa velutina,Insects,established,seguimiento,Detection,Post-Introduction,2016-11-14T16:18:17Z
video_014172,Vespa velutina,Insects,established,control,Detection,Post-Introduction,2016-11-14T16:18:17Z
video_014172,Vespa velutina,Insects,established,exotica,Invasion,Post-Introduction,2016-11-14T16:18:17Z
video_014172,Vespa velutina,Insects,established,invasora,Invasion,Post-Introduction,2016-11-14T16:18:17Z
video_015081,Vespa velutina,Insects,established,veneno,Threat,Post-Introduction,2019-12-26T01:14:41Z
video_015081,Vespa velutina,Insects,established,venenosa,Threat,Post-Introduction,2019-12-26T01:14:41Z
video_015081,Vespa velutina,Insects,established,invasora,Invasion,Post-Introduction,2019-12-26T01:14:41Z
video_015081,Vespa velutina,Insects,established,vendido,eCommerce,Post-Introduction,2019-12-26T01:14:41Z
video_015081,Vespa velutina,Insects,established,veneno,Threat,Post-Introduction,2019-09-06T11:26:20Z
video_015081,Vespa velutina,Insects,established,veneno,Threat,Post-Introduction,2019-09-05T18:44:36Z
video_015081,Vespa velutina,Insects,established,peligro,Threat,Post-Introduction,2019-09-05T18:44:36Z
video_015081,Vespa velutina,Insects,established,trampas,Detection,Post-Introduction,2019-09-05T18:44:36Z
video_015081,Vespa velutina,Insects,established,expansion,Invasion,Post-Introduction,2019-06-21T18:13:45Z
video_015081,Vespa velutina,Insects,established,visto,Detection,Post-Introduction,2018-11-01T02:25:15Z
video_015081,Vespa velutina,Insects,established,veneno,Threat,Post-Introduction,2018-09-23T02:07:18Z
video_015081,Vespa velutina,Insects,established,extincion,Threat,Post-Introduction,2018-07-26T00:24:55Z
video_015081,Vespa velutina,Insects,established,peligro,Threat,Post-Introduction,2018-07-26T00:24:55Z
video_015081,Vespa velutina,Insects,established,dinero,eCommerce,Post-Introduction,2018-07-25T14:08:10Z
video_015081,Vespa velutina,Insects,established,trampa,Detection,Post-Introduction,2018-07-25T09:39:34Z
video_015081,Vespa velutina,Insects,established,plaga,Invasion,Post-Introduction,2019-08-18T00:51:45Z
video_015081,Vespa velutina,Insects,established,veneno,Threat,Post-Introduction,2020-07-12T08:15:59Z
video_015081,Vespa velutina,Insects,established,trampa,Detection,Post-Introduction,2018-08-03T00:57:57Z
video_003471,Vespa velutina,Insects,established,aparece,Detection,Post-Introduction,2021-09-05T09:37:31Z
video_007734,Vespa velutina,Insects,established,riesgo,Threat,Post-Introduction,2019-06-26T12:22:55Z
video_007734,Vespa velutina,Insects,established,veneno,Threat,Post-Introduction,2019-06-01T23:10:16Z
video_007734,Vespa velutina,Insects,established,riesgo,Threat,Post-Introduction,2018-09-13T18:13:52Z
video_007644,Vespa velutina,Insects,established,invasoras,Invasion,Post-Introduction,2018-08-14T17:34:57Z
video_007644,Vespa velutina,Insects,established,plaga,Invasion,Post-Introduction,2013-10-26T20:33:22Z
video_007644,Vespa velutina,Insects,established,invasion,Invasion,Post-Introduction,2013-01-14T08:31:01Z
video_016755,Vespa velutina,Insects,established,plagas,Invasion,Post-Introduction,2019-04-14T23:21:46Z
video_016755,Vespa velutina,Insects,established,descubierto,Detection,Post-Introduction,2019-04-14T23:21:46Z
video_016755,Vespa velutina,Insects,established,trampas,Detection,Post-Introduction,2019-04-14T23:21:46Z
video_016755,Vespa velutina,Insects,established,trampas,Detection,Post-Introduction,2017-09-05T13:13:38Z
video_002495,Vespa velutina,Insects,established,plagas,Invasion,Post-Introduction,2020-08-29T04:22:20Z
video_010286,Vespa velutina,Insects,established,vista,Detection,Post-Introduction,2019-10-29T04:38:37Z
video_003465,Vespa velutina,Insects,established,trampa,Detection,Post-Introduction,2020-09-14T12:01:20Z
video_010237,Vespa velutina,Insects,established,trampa,Detection,Post-Introduction,2021-07-11T11:46:20Z
video_010237,Vespa velutina,Insects,established,trampa,Detection,Post-Introduction,2021-07-11T14:24:08Z
video_010237,Vespa velutina,Insects,established,vist,Detection,Post-Introduction,2021-07-11T14:24:08Z
video_010237,Vespa velutina,Insects,established,trampa,Detection,Post-Introduction,2021-07-11T14:47:46Z
video_006777,Vespa velutina,Insects,established,visto,Detection,Post-Introduction,2023-08-27T13:48:10Z
video_006777,Vespa velutina,Insects,established,observado,Detection,Post-Introduction,2023-08-27T13:48:10Z
video_006777,Vespa velutina,Insects,established,encontrado,Detection,Post-Introduction,2023-08-27T13:58:35Z
video_006777,Vespa velutina,Insects,established,ameaca,Threat,Post-Introduction,2017-11-05T17:24:18Z
video_006777,Vespa velutina,Insects,established,expansao,Invasion,Post-Introduction,2017-11-05T17:24:18Z
video_006777,Vespa velutina,Insects,established,risco,Threat,Post-Introduction,2017-11-05T17:24:18Z
video_016728,Vespa velutina,Insects,established,manejar,Detection,Post-Introduction,2023-12-08T21:23:44Z
video_016728,Vespa velutina,Insects,established,visto,Detection,Post-Introduction,2023-12-08T21:23:44Z
video_016728,Vespa velutina,Insects,established,trampas,Detection,Post-Introduction,2023-06-19T09:52:33Z
video_016728,Vespa velutina,Insects,established,peligro,Threat,Post-Introduction,2023-06-19T09:52:33Z
video_016728,Vespa velutina,Insects,established,captura,Detection,Post-Introduction,2023-12-09T08:02:13Z
video_016728,Vespa velutina,Insects,established,trampas,Detection,Post-Introduction,2023-06-20T07:17:11Z
video_016728,Vespa velutina,Insects,established,vender,eCommerce,Post-Introduction,2021-11-30T17:56:22Z
video_016728,Vespa velutina,Insects,established,perjudicial,Threat,Post-Introduction,2021-11-30T17:56:22Z
video_004680,Vespa velutina,Insects,established,plaga,Invasion,Post-Introduction,2020-05-08T04:30:22Z
video_004680,Vespa velutina,Insects,established,captura,Detection,Post-Introduction,2017-06-23T07:42:14Z
video_004680,Vespa velutina,Insects,established,captura,Detection,Post-Introduction,2019-11-25T04:11:23Z
video_007725,Vespa velutina,Insects,established,praga,Invasion,Post-Introduction,2021-08-27T16:24:33Z
video_007725,Vespa velutina,Insects,established,praga,Invasion,Post-Introduction,2022-01-16T06:11:10Z
video_007725,Vespa velutina,Insects,established,praga,Invasion,Post-Introduction,2021-08-26T12:46:58Z
video_007725,Vespa velutina,Insects,established,vistos,Detection,Post-Introduction,2021-08-26T12:46:58Z
video_007725,Vespa velutina,Insects,established,praga,Invasion,Post-Introduction,2021-08-26T12:37:33Z
video_007725,Vespa velutina,Insects,established,praga,Invasion,Post-Introduction,2021-08-26T04:18:58Z
video_014763,Wasmannia auropunctata,Insects,established,invasion,Invasion,Post-Introduction,2024-08-17T17:34:19Z
video_014763,Wasmannia auropunctata,Insects,established,invasora,Invasion,Post-Introduction,2024-08-08T17:36:34Z
video_014763,Wasmannia auropunctata,Insects,established,encontre,Detection,Post-Introduction,2024-08-06T23:18:42Z
video_014763,Wasmannia auropunctata,Insects,established,invasora,Invasion,Post-Introduction,2024-08-06T23:18:42Z
video_014763,Wasmannia auropunctata,Insects,established,peligrosa,Threat,Post-Introduction,2024-08-06T22:47:20Z
video_014763,Wasmannia auropunctata,Insects,established,invasora,Invasion,Post-Introduction,2024-11-09T15:45:08Z
video_014763,Wasmannia auropunctata,Insects,established,vista,Detection,Post-Introduction,2024-11-09T16:26:22Z
video_014763,Wasmannia auropunctata,Insects,established,descubiertas,Detection,Post-Introduction,2024-12-18T00:10:09Z
video_014763,Wasmannia auropunctata,Insects,established,establecida,Invasion,Post-Introduction,2024-08-06T23:31:20Z
video_009735,Wasmannia auropunctata,Insects,established,vista,Detection,Post-Introduction,2025-01-21T13:58:44Z
video_001579,Xylella fastidiosa,"Bacteria, Viruses, Fungi",alien,plagas,Invasion,Post-Introduction,2018-09-08T11:42:41Z
video_016410,Xylella fastidiosa,"Bacteria, Viruses, Fungi",alien,detectado,Detection,Post-Introduction,2022-01-24T08:43:59Z
video_014598,Xylella fastidiosa,"Bacteria, Viruses, Fungi",alien,aparece,Detection,Post-Introduction,2017-09-03T14:03:57Z
video_014598,Xylella fastidiosa,"Bacteria, Viruses, Fungi",alien,aparezca,Detection,Post-Introduction,2017-09-03T14:03:57Z
video_014598,Xylella fastidiosa,"Bacteria, Viruses, Fungi",alien,controlar,Detection,Post-Introduction,2017-09-03T14:03:57Z
video_014598,Xylella fastidiosa,"Bacteria, Viruses, Fungi",alien,aparece,Detection,Post-Introduction,2017-09-03T14:03:51Z
video_014598,Xylella fastidiosa,"Bacteria, Viruses, Fungi",alien,aparezca,Detection,Post-Introduction,2017-09-03T14:03:51Z
video_014598,Xylella fastidiosa,"Bacteria, Viruses, Fungi",alien,controlar,Detection,Post-Introduction,2017-09-03T14:03:51Z
video_012098,Xylella fastidiosa,"Bacteria, Viruses, Fungi",alien,plagas,Invasion,Post-Introduction,2018-09-08T11:44:02Z
video_011133,Zebrasoma flavescens,Fishes,uncertain,presente,Invasion,Post-Introduction,2022-04-07T04:41:59Z
video_015983,Zebrasoma flavescens,Fishes,uncertain,acuario,eCommerce,Post-Introduction,2017-05-24T19:21:52Z
video_015372,Zebrasoma flavescens,Fishes,uncertain,acuario,eCommerce,Post-Introduction,2017-11-04T23:01:36Z
video_015372,Zebrasoma flavescens,Fishes,uncertain,acuario,eCommerce,Post-Introduction,2017-11-04T17:53:57Z
video_015372,Zebrasoma flavescens,Fishes,uncertain,extension,Invasion,Post-Introduction,2017-11-04T16:46:27Z
video_015372,Zebrasoma flavescens,Fishes,uncertain,acuario,eCommerce,Post-Introduction,2017-10-31T20:19:59Z
video_015372,Zebrasoma flavescens,Fishes,uncertain,acuario,eCommerce,Post-Introduction,2017-10-30T22:06:21Z
video_015372,Zebrasoma flavescens,Fishes,uncertain,acuario,eCommerce,Post-Introduction,2017-10-30T21:18:30Z
video_015372,Zebrasoma flavescens,Fishes,uncertain,acuario,eCommerce,Post-Introduction,2017-10-30T20:23:50Z
video_015372,Zebrasoma flavescens,Fishes,uncertain,acuario,eCommerce,Post-Introduction,2017-10-30T14:48:40Z
video_015372,Zebrasoma flavescens,Fishes,uncertain,acuario,eCommerce,Post-Introduction,2017-10-30T14:38:11Z
video_015372,Zebrasoma flavescens,Fishes,uncertain,acuario,eCommerce,Post-Introduction,2017-10-30T14:32:49Z
video_015372,Zebrasoma flavescens,Fishes,uncertain,aparece,Detection,Post-Introduction,2017-11-01T22:56:35Z
video_015372,Zebrasoma flavescens,Fishes,uncertain,compre,eCommerce,Post-Introduction,2017-10-31T03:03:45Z
video_015372,Zebrasoma flavescens,Fishes,uncertain,tienda,eCommerce,Post-Introduction,2017-10-31T03:03:45Z
video_015372,Zebrasoma flavescens,Fishes,uncertain,acuario,eCommerce,Post-Introduction,2017-10-31T02:59:56Z
video_015372,Zebrasoma flavescens,Fishes,uncertain,acuario,eCommerce,Post-Introduction,2017-10-31T07:03:41Z
video_007790,Zebrasoma flavescens,Fishes,uncertain,aquario,eCommerce,Post-Introduction,2020-10-18T15:33:11Z
video_007790,Zebrasoma flavescens,Fishes,uncertain,acuario,eCommerce,Post-Introduction,2020-10-17T11:10:39Z
video_007790,Zebrasoma flavescens,Fishes,uncertain,acuario,eCommerce,Post-Introduction,2020-10-17T10:09:10Z
video_007790,Zebrasoma flavescens,Fishes,uncertain,acuario,eCommerce,Post-Introduction,2020-10-17T07:13:28Z
video_007790,Zebrasoma flavescens,Fishes,uncertain,tienda,eCommerce,Post-Introduction,2020-10-17T07:00:20Z
video_007790,Zebrasoma flavescens,Fishes,uncertain,adquisicion,eCommerce,Post-Introduction,2020-10-17T04:01:48Z
video_007790,Zebrasoma flavescens,Fishes,uncertain,acuario,eCommerce,Post-Introduction,2020-10-17T03:07:12Z
video_007790,Zebrasoma flavescens,Fishes,uncertain,acuario,eCommerce,Post-Introduction,2020-10-17T03:04:29Z
video_007790,Zebrasoma flavescens,Fishes,uncertain,acuario,eCommerce,Post-Introduction,2020-10-16T22:57:43Z
video_007790,Zebrasoma flavescens,Fishes,uncertain,precio,eCommerce,Post-Introduction,2020-10-16T22:16:17Z
video_007790,Zebrasoma flavescens,Fishes,uncertain,acuario,eCommerce,Post-Introduction,2020-10-16T22:11:24Z
video_007790,Zebrasoma flavescens,Fishes,uncertain,acuarios,eCommerce,Post-Introduction,2020-10-17T07:12:45Z
video_013609,Zebrasoma flavescens,Fishes,uncertain,prohibida,eCommerce,Post-Introduction,2022-04-26T12:23:05Z
video_013609,Zebrasoma flavescens,Fishes,uncertain,tienda,eCommerce,Post-Introduction,2021-10-31T08:24:13Z
video_013609,Zebrasoma flavescens,Fishes,uncertain,prohibido,eCommerce,Post-Introduction,2023-06-06T14:34:34Z
video_006867,Zebrasoma flavescens,Fishes,uncertain,compre,eCommerce,Post-Introduction,2021-11-08T16:53:50Z
video_006867,Zebrasoma flavescens,Fishes,uncertain,acuario,eCommerce,Post-Introduction,2021-11-08T16:53:50Z
video_006867,Zebrasoma flavescens,Fishes,uncertain,acuario,eCommerce,Post-Introduction,2021-01-24T06:55:46Z
video_006867,Zebrasoma flavescens,Fishes,uncertain,tienda,eCommerce,Post-Introduction,2020-08-22T07:57:27Z
video_006867,Zebrasoma flavescens,Fishes,uncertain,compre,eCommerce,Post-Introduction,2020-07-16T21:25:47Z
video_006867,Zebrasoma flavescens,Fishes,uncertain,acuario,eCommerce,Post-Introduction,2020-07-12T21:39:06Z
video_006867,Zebrasoma flavescens,Fishes,uncertain,tienda,eCommerce,Post-Introduction,2020-07-11T09:32:09Z
video_006867,Zebrasoma flavescens,Fishes,uncertain,acuario,eCommerce,Post-Introduction,2020-07-11T07:41:42Z
video_006867,Zebrasoma flavescens,Fishes,uncertain,acuario,eCommerce,Post-Introduction,2020-07-10T23:09:26Z
video_006867,Zebrasoma flavescens,Fishes,uncertain,acuario,eCommerce,Post-Introduction,2020-07-10T22:14:25Z
video_006867,Zebrasoma flavescens,Fishes,uncertain,acuario,eCommerce,Post-Introduction,2021-01-24T06:58:05Z
video_006867,Zebrasoma flavescens,Fishes,uncertain,captura,Detection,Post-Introduction,2021-01-24T06:58:05Z
video_006867,Zebrasoma flavescens,Fishes,uncertain,trampa,Detection,Post-Introduction,2021-01-24T06:58:05Z
video_006867,Zebrasoma flavescens,Fishes,uncertain,tienda,eCommerce,Post-Introduction,2020-08-22T08:15:06Z
video_006867,Zebrasoma flavescens,Fishes,uncertain,tienda,eCommerce,Post-Introduction,2020-07-16T21:30:01Z
video_006867,Zebrasoma flavescens,Fishes,uncertain,tienda,eCommerce,Post-Introduction,2020-07-16T22:21:37Z
video_006867,Zebrasoma flavescens,Fishes,uncertain,adquisicion,eCommerce,Post-Introduction,2020-07-11T07:53:09Z
