video_id,created_at,viewCount,likeCount,commentCount,TaxonName,Region,LifeForm,PresentStatus,word,time_period,KeywordCategory,category,FirstRecord,FirstRecordDate,token_source,video_likeCount,comment_likeCount,comment_id,parent_id,is_reply
video_015544,2024-10-05T18:10:53Z,218,0,0,Acridotheres_cristatellus,Portugal,Birds,established,exotica,Post-Introduction,Invasion,Invasion,2007,2007-06-01T00:00:00Z,title_description,,,,,
video_008181,2019-08-21T19:36:28Z,96,5,0,Acridotheres_cristatellus,Portugal,Birds,established,exotica,Post-Introduction,Invasion,Invasion,2007,2007-06-01T00:00:00Z,title_description,,,,,
video_008181,2019-08-21T19:36:28Z,96,5,0,Acridotheres_cristatellus,Portugal,Birds,established,introduzida,Post-Introduction,Invasion,Invasion,2007,2007-06-01T00:00:00Z,title_description,,,,,
video_004480,2024-08-14T17:22:07Z,5,0,0,Acridotheres_cristatellus,Portugal,Birds,established,exotica,Post-Introduction,Invasion,Invasion,2007,2007-06-01T00:00:00Z,title_description,,,,,
video_012517,2024-08-14T17:24:40Z,8,0,0,Acridotheres_cristatellus,Portugal,Birds,established,exotica,Post-Introduction,Invasion,Invasion,2007,2007-06-01T00:00:00Z,title_description,,,,,
video_011966,2019-05-01T19:45:38Z,2451,23,2,Acridotheres_cristatellus,Portugal,Birds,established,exotica,Post-Introduction,Invasion,Invasion,2007,2007-06-01T00:00:00Z,title_description,,,,,
video_016293,2024-09-26T14:06:21Z,1789,17,1,Aedes_aegypti,Madeira,Insects,established,peligro,Post-Introduction,Threat,Threat,2006,2006-06-01T00:00:00Z,title_description,,,,,
video_002322,2013-04-04T17:41:01Z,5847,52,0,Aedes_aegypti,Madeira,Insects,established,introducao,Post-Introduction,Invasion,Invasion,2006,2006-06-01T00:00:00Z,title_description,,,,,
video_002322,2013-04-04T17:41:01Z,5847,52,0,Aedes_aegypti,Madeira,Insects,established,vetor,Post-Introduction,Threat,Threat,2006,2006-06-01T00:00:00Z,title_description,,,,,
video_002322,2013-04-04T17:41:01Z,5847,52,0,Aedes_aegypti,Madeira,Insects,established,introducao,Post-Introduction,Invasion,Invasion,2006,2006-06-01T00:00:00Z,title_description,,,,,
video_002322,2013-04-04T17:41:01Z,5847,52,0,Aedes_aegypti,Madeira,Insects,established,vetor,Post-Introduction,Threat,Threat,2006,2006-06-01T00:00:00Z,title_description,,,,,
video_002027,2013-04-04T19:55:13Z,47975,517,14,Aedes_aegypti,Madeira,Insects,established,introducao,Post-Introduction,Invasion,Invasion,2006,2006-06-01T00:00:00Z,title_description,,,,,
video_002027,2013-04-04T19:55:13Z,47975,517,14,Aedes_aegypti,Madeira,Insects,established,vetor,Post-Introduction,Threat,Threat,2006,2006-06-01T00:00:00Z,title_description,,,,,
video_005528,2020-10-03T13:00:03Z,60183,1618,147,Agapornis_fischeri,Portugal,Birds,alien,tienda,Post-Introduction,eCommerce,eCommerce,2008,2008-06-01T00:00:00Z,title_description,,,,,
video_009822,2021-07-26T12:29:30Z,3150,117,24,Agapornis_fischeri,Portugal,Birds,alien,vista,Post-Introduction,Detection,Detection,2008,2008-06-01T00:00:00Z,title_description,,,,,
video_000195,2017-11-29T20:50:10Z,54,0,0,Agapornis_nigrigenis,Spain,Birds,alien,jaula,Post-Introduction,eCommerce,eCommerce,2006,2006-06-01T00:00:00Z,title_description,,,,,
video_012364,2014-04-26T18:13:37Z,199,1,0,Amazona_farinosa,Spain,Birds,alien,peligro,Post-Introduction,Threat,Threat,2007,2007-06-01T00:00:00Z,title_description,,,,,
video_003746,2020-06-14T06:46:39Z,3114,19,3,Amazona_ochrocephala,Portugal,Birds,alien,mascota,Post-Introduction,eCommerce,eCommerce,2007,2007-06-01T00:00:00Z,title_description,,,,,
video_003746,2020-06-14T06:46:39Z,3114,19,3,Amazona_ochrocephala,Portugal,Birds,alien,mascota,Post-Introduction,eCommerce,eCommerce,2007,2007-06-01T00:00:00Z,title_description,,,,,
video_008476,2024-05-12T19:00:20Z,903,29,11,Amazona_ochrocephala,Portugal,Birds,alien,exotico,Post-Introduction,Invasion,Invasion,2007,2007-06-01T00:00:00Z,title_description,,,,,
video_011901,2015-07-29T09:16:19Z,51178,707,54,Aratinga_jandaya,Spain,Birds,alien,mascota,Post-Introduction,eCommerce,eCommerce,2008,2008-06-01T00:00:00Z,title_description,,,,,
video_002260,2017-10-13T13:49:58Z,1381,14,2,Balistoides_conspicillum,Spain,Fishes,uncertain,aquario,Post-Introduction,eCommerce,eCommerce,2012,2012-06-01T00:00:00Z,title_description,,,,,
video_011025,2025-04-14T04:00:49Z,1023,12,0,Balistoides_conspicillum,Spain,Fishes,uncertain,acuario,Post-Introduction,eCommerce,eCommerce,2012,2012-06-01T00:00:00Z,title_description,,,,,
video_011025,2025-04-14T04:00:49Z,1023,12,0,Balistoides_conspicillum,Spain,Fishes,uncertain,acuario,Post-Introduction,eCommerce,eCommerce,2012,2012-06-01T00:00:00Z,title_description,,,,,
video_006641,2015-07-09T10:23:37Z,17163,30,6,Belonochilus_numenius,Spain,Insects,established,plaga,Post-Introduction,Invasion,Invasion,2008,2008-06-01T00:00:00Z,title_description,,,,,
video_006641,2015-07-09T10:23:37Z,17163,30,6,Belonochilus_numenius,Spain,Insects,established,plaga,Post-Introduction,Invasion,Invasion,2008,2008-06-01T00:00:00Z,title_description,,,,,
video_006641,2015-07-09T10:23:37Z,17163,30,6,Belonochilus_numenius,Spain,Insects,established,ataca,Post-Introduction,Threat,Threat,2008,2008-06-01T00:00:00Z,title_description,,,,,
video_004411,2022-07-18T11:12:38Z,196,3,0,Bemisia_tabaci,Spain,Insects,alien,aparecer,Post-Introduction,Detection,Detection,2006,2006-06-01T00:00:00Z,title_description,,,,,
video_010057,2022-10-19T06:40:47Z,118918,918,28,Bemisia_tabaci,Spain,Insects,alien,aparicion,Post-Introduction,Detection,Detection,2006,2006-06-01T00:00:00Z,title_description,,,,,
video_000661,2019-01-18T23:44:12Z,734486,21296,362,Bemisia_tabaci,Spain,Insects,alien,control,Post-Introduction,Detection,Detection,2006,2006-06-01T00:00:00Z,title_description,,,,,
video_000661,2019-01-18T23:44:12Z,734486,21296,362,Bemisia_tabaci,Spain,Insects,alien,plagas,Post-Introduction,Invasion,Invasion,2006,2006-06-01T00:00:00Z,title_description,,,,,
video_009316,2020-07-14T07:07:36Z,3031,16,1,Bemisia_tabaci,Spain,Insects,alien,plaga,Post-Introduction,Invasion,Invasion,2006,2006-06-01T00:00:00Z,title_description,,,,,
video_014013,2023-08-08T19:30:09Z,23586,754,14,Bemisia_tabaci,Spain,Insects,alien,aparecer,Post-Introduction,Detection,Detection,2006,2006-06-01T00:00:00Z,title_description,,,,,
video_005392,2013-06-21T00:14:42Z,868594,19050,929,Bemisia_tabaci,Spain,Insects,alien,trampas,Post-Introduction,Detection,Detection,2006,2006-06-01T00:00:00Z,title_description,,,,,
video_005392,2013-06-21T00:14:42Z,868594,19050,929,Bemisia_tabaci,Spain,Insects,alien,trampas,Post-Introduction,Detection,Detection,2006,2006-06-01T00:00:00Z,title_description,,,,,
video_005392,2013-06-21T00:14:42Z,868594,19050,929,Bemisia_tabaci,Spain,Insects,alien,plagas,Post-Introduction,Invasion,Invasion,2006,2006-06-01T00:00:00Z,title_description,,,,,
video_015872,2022-04-03T18:15:02Z,2221,127,31,Bemisia_tabaci,Spain,Insects,alien,plagas,Post-Introduction,Invasion,Invasion,2006,2006-06-01T00:00:00Z,title_description,,,,,
video_011745,2023-07-28T22:00:15Z,2773,111,195,Bemisia_tabaci,Spain,Insects,alien,plaga,Post-Introduction,Invasion,Invasion,2006,2006-06-01T00:00:00Z,title_description,,,,,
video_011745,2023-07-28T22:00:15Z,2773,111,195,Bemisia_tabaci,Spain,Insects,alien,ataca,Post-Introduction,Threat,Threat,2006,2006-06-01T00:00:00Z,title_description,,,,,
video_004787,2020-09-02T06:27:41Z,1953,2,0,Bemisia_tabaci,Spain,Insects,alien,plagas,Post-Introduction,Invasion,Invasion,2006,2006-06-01T00:00:00Z,title_description,,,,,
video_013669,2023-03-16T19:50:16Z,4258,214,5,Bemisia_tabaci,Spain,Insects,alien,plaga,Post-Introduction,Invasion,Invasion,2006,2006-06-01T00:00:00Z,title_description,,,,,
video_013669,2023-03-16T19:50:16Z,4258,214,5,Bemisia_tabaci,Spain,Insects,alien,plagas,Post-Introduction,Invasion,Invasion,2006,2006-06-01T00:00:00Z,title_description,,,,,
video_013669,2023-03-16T19:50:16Z,4258,214,5,Bemisia_tabaci,Spain,Insects,alien,descuento,Post-Introduction,eCommerce,eCommerce,2006,2006-06-01T00:00:00Z,title_description,,,,,
video_013669,2023-03-16T19:50:16Z,4258,214,5,Bemisia_tabaci,Spain,Insects,alien,descuento,Post-Introduction,eCommerce,eCommerce,2006,2006-06-01T00:00:00Z,title_description,,,,,
video_013574,2019-04-25T15:58:16Z,817590,19070,700,Bemisia_tabaci,Spain,Insects,alien,plagas,Post-Introduction,Invasion,Invasion,2006,2006-06-01T00:00:00Z,title_description,,,,,
video_011247,2025-06-17T07:06:08Z,1570,9,0,Bemisia_tabaci,Spain,Insects,alien,trampa,Post-Introduction,Detection,Detection,2006,2006-06-01T00:00:00Z,title_description,,,,,
video_011247,2025-06-17T07:06:08Z,1570,9,0,Bemisia_tabaci,Spain,Insects,alien,trampas,Post-Introduction,Detection,Detection,2006,2006-06-01T00:00:00Z,title_description,,,,,
video_001642,2016-10-13T19:01:12Z,3377,14,0,Bemisia_tabaci,Spain,Insects,alien,control,Post-Introduction,Detection,Detection,2006,2006-06-01T00:00:00Z,title_description,,,,,
video_001642,2016-10-13T19:01:12Z,3377,14,0,Bemisia_tabaci,Spain,Insects,alien,control,Post-Introduction,Detection,Detection,2006,2006-06-01T00:00:00Z,title_description,,,,,
video_012614,2022-10-14T07:47:25Z,1516,25,2,Bemisia_tabaci,Spain,Insects,alien,plagas,Post-Introduction,Invasion,Invasion,2006,2006-06-01T00:00:00Z,title_description,,,,,
video_006219,2023-07-14T12:11:49Z,609,14,0,Bemisia_tabaci,Spain,Insects,alien,trampa,Post-Introduction,Detection,Detection,2006,2006-06-01T00:00:00Z,title_description,,,,,
video_005419,2012-03-29T17:16:03Z,32340,50,1,Bemisia_tabaci,Spain,Insects,alien,trampa,Post-Introduction,Detection,Detection,2006,2006-06-01T00:00:00Z,title_description,,,,,
video_005419,2012-03-29T17:16:03Z,32340,50,1,Bemisia_tabaci,Spain,Insects,alien,trampa,Post-Introduction,Detection,Detection,2006,2006-06-01T00:00:00Z,title_description,,,,,
video_005419,2012-03-29T17:16:03Z,32340,50,1,Bemisia_tabaci,Spain,Insects,alien,plagas,Post-Introduction,Invasion,Invasion,2006,2006-06-01T00:00:00Z,title_description,,,,,
video_001869,2015-05-22T21:58:57Z,18166,72,8,Bemisia_tabaci,Spain,Insects,alien,controlar,Post-Introduction,Detection,Detection,2006,2006-06-01T00:00:00Z,title_description,,,,,
video_001869,2015-05-22T21:58:57Z,18166,72,8,Bemisia_tabaci,Spain,Insects,alien,plagas,Post-Introduction,Invasion,Invasion,2006,2006-06-01T00:00:00Z,title_description,,,,,
video_001869,2015-05-22T21:58:57Z,18166,72,8,Bemisia_tabaci,Spain,Insects,alien,trampas,Post-Introduction,Detection,Detection,2006,2006-06-01T00:00:00Z,title_description,,,,,
video_001869,2015-05-22T21:58:57Z,18166,72,8,Bemisia_tabaci,Spain,Insects,alien,controlar,Post-Introduction,Detection,Detection,2006,2006-06-01T00:00:00Z,title_description,,,,,
video_013843,2024-12-02T12:23:13Z,240,1,,Bemisia_tabaci,Spain,Insects,alien,control,Post-Introduction,Detection,Detection,2006,2006-06-01T00:00:00Z,title_description,,,,,
video_013843,2024-12-02T12:23:13Z,240,1,,Bemisia_tabaci,Spain,Insects,alien,plaga,Post-Introduction,Invasion,Invasion,2006,2006-06-01T00:00:00Z,title_description,,,,,
video_012696,2022-05-25T22:21:15Z,5579,306,39,Bemisia_tabaci,Spain,Insects,alien,plagas,Post-Introduction,Invasion,Invasion,2006,2006-06-01T00:00:00Z,title_description,,,,,
video_004946,2023-06-21T05:13:31Z,1810,30,2,Bemisia_tabaci,Spain,Insects,alien,trampas,Post-Introduction,Detection,Detection,2006,2006-06-01T00:00:00Z,title_description,,,,,
video_004946,2023-06-21T05:13:31Z,1810,30,2,Bemisia_tabaci,Spain,Insects,alien,plagas,Post-Introduction,Invasion,Invasion,2006,2006-06-01T00:00:00Z,title_description,,,,,
video_000858,2020-10-15T20:16:57Z,577,8,0,Bemisia_tabaci,Spain,Insects,alien,control,Post-Introduction,Detection,Detection,2006,2006-06-01T00:00:00Z,title_description,,,,,
video_000858,2020-10-15T20:16:57Z,577,8,0,Bemisia_tabaci,Spain,Insects,alien,control,Post-Introduction,Detection,Detection,2006,2006-06-01T00:00:00Z,title_description,,,,,
video_012096,2018-06-21T16:00:03Z,1840050,39799,1791,Bemisia_tabaci,Spain,Insects,alien,plagas,Post-Introduction,Invasion,Invasion,2006,2006-06-01T00:00:00Z,title_description,,,,,
video_012096,2018-06-21T16:00:03Z,1840050,39799,1791,Bemisia_tabaci,Spain,Insects,alien,plagas,Post-Introduction,Invasion,Invasion,2006,2006-06-01T00:00:00Z,title_description,,,,,
video_000905,2018-06-08T01:19:37Z,1527,13,0,Bemisia_tabaci,Spain,Insects,alien,plaga,Post-Introduction,Invasion,Invasion,2006,2006-06-01T00:00:00Z,title_description,,,,,
video_000930,2020-07-09T12:40:13Z,995,8,0,Bemisia_tabaci,Spain,Insects,alien,plagas,Post-Introduction,Invasion,Invasion,2006,2006-06-01T00:00:00Z,title_description,,,,,
video_016865,2022-05-08T11:19:04Z,3942,57,19,Branta_canadensis,Portugal,Birds,established,peligroso,Post-Introduction,Threat,Threat,2008,2008-06-01T00:00:00Z,title_description,,,,,
video_016465,2024-02-24T15:00:54Z,258,22,1,Branta_canadensis,Portugal,Birds,established,nativa,Post-Introduction,Invasion,Invasion,2008,2008-06-01T00:00:00Z,title_description,,,,,
video_016465,2024-02-24T15:00:54Z,258,22,1,Branta_canadensis,Portugal,Birds,established,introduzida,Post-Introduction,Invasion,Invasion,2008,2008-06-01T00:00:00Z,title_description,,,,,
video_009308,2023-08-24T13:00:33Z,903,10,0,Bursaphelenchus_xylophilus,Spain,Non-arthropod invertebrates,established,control,Post-Introduction,Detection,Detection,2008,2008-06-01T00:00:00Z,title_description,,,,,
video_009308,2023-08-24T13:00:33Z,903,10,0,Bursaphelenchus_xylophilus,Spain,Non-arthropod invertebrates,established,nocivo,Post-Introduction,Threat,Threat,2008,2008-06-01T00:00:00Z,title_description,,,,,
video_009263,2010-05-11T16:19:54Z,508,1,0,Bursaphelenchus_xylophilus,Spain,Non-arthropod invertebrates,established,praga,Post-Introduction,Invasion,Invasion,2008,2008-06-01T00:00:00Z,title_description,,,,,
video_006589,2024-10-06T21:34:22Z,768,18,2,Caloenas_nicobarica,Spain,Birds,casual,exotica,Post-Introduction,Invasion,Invasion,2008,2008-06-01T00:00:00Z,title_description,,,,,
video_006589,2024-10-06T21:34:22Z,768,18,2,Caloenas_nicobarica,Spain,Birds,casual,exotica,Post-Introduction,Invasion,Invasion,2008,2008-06-01T00:00:00Z,title_description,,,,,
video_007463,2024-03-06T22:01:42Z,37,0,0,Caracara_plancus,Spain,Birds,casual,avistamiento,Post-Introduction,Detection,Detection,2010,2010-06-01T00:00:00Z,title_description,,,,,
video_011330,2024-02-07T17:51:59Z,406,3,0,Caracara_plancus,Spain,Birds,casual,avistamiento,Post-Introduction,Detection,Detection,2010,2010-06-01T00:00:00Z,title_description,,,,,
video_006562,2024-01-11T23:33:32Z,16,0,0,Caracara_plancus,Spain,Birds,casual,avistamiento,Post-Introduction,Detection,Detection,2010,2010-06-01T00:00:00Z,title_description,,,,,
video_014126,2023-11-27T22:19:32Z,16,0,0,Caracara_plancus,Spain,Birds,casual,avistamiento,Post-Introduction,Detection,Detection,2010,2010-06-01T00:00:00Z,title_description,,,,,
video_016920,2021-11-13T11:00:34Z,34047,532,90,Ceratitis_capitata,Spain,Insects,established,trampa,Post-Introduction,Detection,Detection,2006,2006-06-01T00:00:00Z,title_description,,,,,
video_016920,2021-11-13T11:00:34Z,34047,532,90,Ceratitis_capitata,Spain,Insects,established,trampa,Post-Introduction,Detection,Detection,2006,2006-06-01T00:00:00Z,title_description,,,,,
video_000957,2024-03-26T12:13:34Z,46,0,0,Ceratitis_capitata,Spain,Insects,established,control,Post-Introduction,Detection,Detection,2006,2006-06-01T00:00:00Z,title_description,,,,,
video_000957,2024-03-26T12:13:34Z,46,0,0,Ceratitis_capitata,Spain,Insects,established,monitoreo,Post-Introduction,Detection,Detection,2006,2006-06-01T00:00:00Z,title_description,,,,,
video_000957,2024-03-26T12:13:34Z,46,0,0,Ceratitis_capitata,Spain,Insects,established,trampa,Post-Introduction,Detection,Detection,2006,2006-06-01T00:00:00Z,title_description,,,,,
video_003968,2019-12-19T22:03:56Z,131,5,4,Ceratitis_capitata,Spain,Insects,established,trampa,Post-Introduction,Detection,Detection,2006,2006-06-01T00:00:00Z,title_description,,,,,
video_003968,2019-12-19T22:03:56Z,131,5,4,Ceratitis_capitata,Spain,Insects,established,trampa,Post-Introduction,Detection,Detection,2006,2006-06-01T00:00:00Z,title_description,,,,,
video_012807,2021-10-28T11:36:46Z,94,0,0,Ceratitis_capitata,Spain,Insects,established,plaga,Post-Introduction,Invasion,Invasion,2006,2006-06-01T00:00:00Z,title_description,,,,,
video_004688,2022-11-01T11:30:07Z,82,2,0,Ceratitis_capitata,Spain,Insects,established,plagas,Post-Introduction,Invasion,Invasion,2006,2006-06-01T00:00:00Z,title_description,,,,,
video_003439,2025-08-01T11:15:18Z,147,0,0,Ceratitis_capitata,Spain,Insects,established,armadilha,Post-Introduction,Detection,Detection,2006,2006-06-01T00:00:00Z,title_description,,,,,
video_003439,2025-08-01T11:15:18Z,147,0,0,Ceratitis_capitata,Spain,Insects,established,armadilha,Post-Introduction,Detection,Detection,2006,2006-06-01T00:00:00Z,title_description,,,,,
video_003439,2025-08-01T11:15:18Z,147,0,0,Ceratitis_capitata,Spain,Insects,established,capturar,Post-Introduction,Detection,Detection,2006,2006-06-01T00:00:00Z,title_description,,,,,
video_002323,2024-07-16T19:00:04Z,102199,3504,258,Ceratitis_capitata,Spain,Insects,established,plaga,Post-Introduction,Invasion,Invasion,2006,2006-06-01T00:00:00Z,title_description,,,,,
video_002323,2024-07-16T19:00:04Z,102199,3504,258,Ceratitis_capitata,Spain,Insects,established,peligrosa,Post-Introduction,Threat,Threat,2006,2006-06-01T00:00:00Z,title_description,,,,,
video_004490,2019-07-24T15:18:05Z,548,4,1,Ceratitis_capitata,Spain,Insects,established,trampas,Post-Introduction,Detection,Detection,2006,2006-06-01T00:00:00Z,title_description,,,,,
video_001950,2024-07-22T16:51:06Z,98,3,0,Ceratitis_capitata,Spain,Insects,established,manejo,Post-Introduction,Detection,Detection,2006,2006-06-01T00:00:00Z,title_description,,,,,
video_001950,2024-07-22T16:51:06Z,98,3,0,Ceratitis_capitata,Spain,Insects,established,plaga,Post-Introduction,Invasion,Invasion,2006,2006-06-01T00:00:00Z,title_description,,,,,
video_016678,2011-08-23T00:03:44Z,8264,7,0,Ceratitis_capitata,Spain,Insects,established,trampas,Post-Introduction,Detection,Detection,2006,2006-06-01T00:00:00Z,title_description,,,,,
video_017018,2017-06-16T18:14:43Z,52,0,0,Ceratitis_capitata,Spain,Insects,established,plaga,Post-Introduction,Invasion,Invasion,2006,2006-06-01T00:00:00Z,title_description,,,,,
video_017018,2017-06-16T18:14:43Z,52,0,0,Ceratitis_capitata,Spain,Insects,established,plagues,Post-Introduction,Invasion,Invasion,2006,2006-06-01T00:00:00Z,title_description,,,,,
video_010705,2024-01-24T19:34:15Z,115,3,0,Ceratitis_capitata,Spain,Insects,established,mercado,Post-Introduction,eCommerce,eCommerce,2006,2006-06-01T00:00:00Z,title_description,,,,,
video_015845,2016-10-04T17:47:41Z,936,6,3,Cherax_quadricarinatus,Spain,Crustaceans,alien,acuario,Post-Introduction,eCommerce,eCommerce,2013,2013-09-01T00:00:00Z,title_description,,,,,
video_010302,2014-01-05T19:13:06Z,91772,423,64,Cherax_quadricarinatus,Spain,Crustaceans,alien,aquario,Post-Introduction,eCommerce,eCommerce,2013,2013-09-01T00:00:00Z,title_description,,,,,
video_010302,2014-01-05T19:13:06Z,91772,423,64,Cherax_quadricarinatus,Spain,Crustaceans,alien,aquario,Post-Introduction,eCommerce,eCommerce,2013,2013-09-01T00:00:00Z,title_description,,,,,
video_010302,2014-01-05T19:13:06Z,91772,423,64,Cherax_quadricarinatus,Spain,Crustaceans,alien,capturados,Post-Introduction,Detection,Detection,2013,2013-09-01T00:00:00Z,title_description,,,,,
video_011764,2019-10-14T18:38:55Z,20452,319,61,Cherax_quadricarinatus,Spain,Crustaceans,alien,acuario,Post-Introduction,eCommerce,eCommerce,2013,2013-09-01T00:00:00Z,title_description,,,,,
video_008657,2025-03-08T17:00:36Z,5035,129,3,Cherax_quadricarinatus,Spain,Crustaceans,alien,mascota,Post-Introduction,eCommerce,eCommerce,2013,2013-09-01T00:00:00Z,title_description,,,,,
video_017053,2008-09-28T21:57:15Z,13355,5,3,Cherax_quadricarinatus,Spain,Crustaceans,alien,acuario,Pre-Introduction,eCommerce,eCommerce,2013,2013-09-01T00:00:00Z,title_description,,,,,
video_017053,2008-09-28T21:57:15Z,13355,5,3,Cherax_quadricarinatus,Spain,Crustaceans,alien,acuario,Pre-Introduction,eCommerce,eCommerce,2013,2013-09-01T00:00:00Z,title_description,,,,,
video_016640,2021-01-24T21:14:03Z,61,1,0,Cherax_quadricarinatus,Spain,Crustaceans,alien,acuario,Post-Introduction,eCommerce,eCommerce,2013,2013-09-01T00:00:00Z,title_description,,,,,
video_016640,2021-01-24T21:14:03Z,61,1,0,Cherax_quadricarinatus,Spain,Crustaceans,alien,acuario,Post-Introduction,eCommerce,eCommerce,2013,2013-09-01T00:00:00Z,title_description,,,,,
video_006008,2022-05-27T13:33:52Z,133,5,3,Chloephaga_picta,Portugal,Birds,casual,registro,Post-Introduction,Detection,Detection,2008,2008-06-01T00:00:00Z,title_description,,,,,
video_008130,2024-03-06T22:59:52Z,7,0,0,Columbina_talpacoti,Spain,Birds,casual,avistamiento,Post-Introduction,Detection,Detection,2013,2013-06-01T00:00:00Z,title_description,,,,,
video_011696,2025-07-23T09:09:12Z,1853,13,2,Corvus_albus,Portugal,Birds,alien,avistamiento,Post-Introduction,Detection,Detection,2015,2015-06-01T00:00:00Z,title_description,,,,,
video_011696,2025-07-23T09:09:12Z,1853,13,2,Corvus_albus,Portugal,Birds,alien,observado,Post-Introduction,Detection,Detection,2015,2015-06-01T00:00:00Z,title_description,,,,,
video_000059,2022-01-24T08:50:57Z,1930,18,0,Cydalima_perspectalis,Spain,Insects,established,exotica,Post-Introduction,Invasion,Invasion,2014,2014-06-01T00:00:00Z,title_description,,,,,
video_000059,2022-01-24T08:50:57Z,1930,18,0,Cydalima_perspectalis,Spain,Insects,established,invasora,Post-Introduction,Invasion,Invasion,2014,2014-06-01T00:00:00Z,title_description,,,,,
video_005003,2015-04-29T18:43:54Z,11346,72,10,Cydalima_perspectalis,Spain,Insects,established,plaga,Post-Introduction,Invasion,Invasion,2014,2014-06-01T00:00:00Z,title_description,,,,,
video_005003,2015-04-29T18:43:54Z,11346,72,10,Cydalima_perspectalis,Spain,Insects,established,plaga,Post-Introduction,Invasion,Invasion,2014,2014-06-01T00:00:00Z,title_description,,,,,
video_002182,2019-10-04T11:11:14Z,2578,16,0,Cydalima_perspectalis,Spain,Insects,established,invasora,Post-Introduction,Invasion,Invasion,2014,2014-06-01T00:00:00Z,title_description,,,,,
video_002182,2019-10-04T11:11:14Z,2578,16,0,Cydalima_perspectalis,Spain,Insects,established,amenaza,Post-Introduction,Threat,Threat,2014,2014-06-01T00:00:00Z,title_description,,,,,
video_016511,2018-08-22T10:35:53Z,157,0,0,Cydalima_perspectalis,Spain,Insects,established,observada,Post-Introduction,Detection,Detection,2014,2014-06-01T00:00:00Z,title_description,,,,,
video_001410,2024-04-18T07:10:01Z,51,2,0,Cydalima_perspectalis,Spain,Insects,established,invasores,Post-Introduction,Invasion,Invasion,2014,2014-06-01T00:00:00Z,title_description,,,,,
video_001410,2024-04-18T07:10:01Z,51,2,0,Cydalima_perspectalis,Spain,Insects,established,invasores,Post-Introduction,Invasion,Invasion,2014,2014-06-01T00:00:00Z,title_description,,,,,
video_016087,2021-05-18T07:30:54Z,1202,3,0,Delottococcus_aberiae,Spain,Insects,alien,control,Post-Introduction,Detection,Detection,2009,2009-06-01T00:00:00Z,title_description,,,,,
video_008544,2023-03-16T12:14:58Z,6511,95,2,Delottococcus_aberiae,Spain,Insects,alien,control,Post-Introduction,Detection,Detection,2009,2009-06-01T00:00:00Z,title_description,,,,,
video_008544,2023-03-16T12:14:58Z,6511,95,2,Delottococcus_aberiae,Spain,Insects,alien,control,Post-Introduction,Detection,Detection,2009,2009-06-01T00:00:00Z,title_description,,,,,
video_009465,2020-06-14T20:17:38Z,2692,56,3,Delottococcus_aberiae,Spain,Insects,alien,afectando,Post-Introduction,Invasion,Invasion,2009,2009-06-01T00:00:00Z,title_description,,,,,
video_000645,2021-09-22T07:27:11Z,606,6,,Delottococcus_aberiae,Spain,Insects,alien,control,Post-Introduction,Detection,Detection,2009,2009-06-01T00:00:00Z,title_description,,,,,
video_000645,2021-09-22T07:27:11Z,606,6,,Delottococcus_aberiae,Spain,Insects,alien,control,Post-Introduction,Detection,Detection,2009,2009-06-01T00:00:00Z,title_description,,,,,
video_009102,2023-03-09T08:34:52Z,674,3,0,Delottococcus_aberiae,Spain,Insects,alien,plaga,Post-Introduction,Invasion,Invasion,2009,2009-06-01T00:00:00Z,title_description,,,,,
video_000849,2021-07-19T09:30:33Z,21,0,0,Delottococcus_aberiae,Spain,Insects,alien,proliferacion,Post-Introduction,Invasion,Invasion,2009,2009-06-01T00:00:00Z,title_description,,,,,
video_006885,2021-08-30T06:23:27Z,1065,20,,Delottococcus_aberiae,Spain,Insects,alien,controlar,Post-Introduction,Detection,Detection,2009,2009-06-01T00:00:00Z,title_description,,,,,
video_006885,2021-08-30T06:23:27Z,1065,20,,Delottococcus_aberiae,Spain,Insects,alien,control,Post-Introduction,Detection,Detection,2009,2009-06-01T00:00:00Z,title_description,,,,,
video_009448,2021-05-06T10:31:55Z,1819,7,0,Delottococcus_aberiae,Spain,Insects,alien,control,Post-Introduction,Detection,Detection,2009,2009-06-01T00:00:00Z,title_description,,,,,
video_009448,2021-05-06T10:31:55Z,1819,7,0,Delottococcus_aberiae,Spain,Insects,alien,plagas,Post-Introduction,Invasion,Invasion,2009,2009-06-01T00:00:00Z,title_description,,,,,
video_009448,2021-05-06T10:31:55Z,1819,7,0,Delottococcus_aberiae,Spain,Insects,alien,control,Post-Introduction,Detection,Detection,2009,2009-06-01T00:00:00Z,title_description,,,,,
video_009613,2021-08-22T04:41:39Z,369,19,1,Delottococcus_aberiae,Spain,Insects,alien,plaga,Post-Introduction,Invasion,Invasion,2009,2009-06-01T00:00:00Z,title_description,,,,,
video_009613,2021-08-22T04:41:39Z,369,19,1,Delottococcus_aberiae,Spain,Insects,alien,plaga,Post-Introduction,Invasion,Invasion,2009,2009-06-01T00:00:00Z,title_description,,,,,
video_014673,2022-04-06T10:00:24Z,158,3,0,Delottococcus_aberiae,Spain,Insects,alien,plaga,Post-Introduction,Invasion,Invasion,2009,2009-06-01T00:00:00Z,title_description,,,,,
video_014673,2022-04-06T10:00:24Z,158,3,0,Delottococcus_aberiae,Spain,Insects,alien,expansion,Post-Introduction,Invasion,Invasion,2009,2009-06-01T00:00:00Z,title_description,,,,,
video_014673,2022-04-06T10:00:24Z,158,3,0,Delottococcus_aberiae,Spain,Insects,alien,visto,Post-Introduction,Detection,Detection,2009,2009-06-01T00:00:00Z,title_description,,,,,
video_014673,2022-04-06T10:00:24Z,158,3,0,Delottococcus_aberiae,Spain,Insects,alien,control,Post-Introduction,Detection,Detection,2009,2009-06-01T00:00:00Z,title_description,,,,,
video_003552,2020-06-17T10:00:11Z,95,18,1,Delottococcus_aberiae,Spain,Insects,alien,plaga,Post-Introduction,Invasion,Invasion,2009,2009-06-01T00:00:00Z,title_description,,,,,
video_003552,2020-06-17T10:00:11Z,95,18,1,Delottococcus_aberiae,Spain,Insects,alien,plaga,Post-Introduction,Invasion,Invasion,2009,2009-06-01T00:00:00Z,title_description,,,,,
video_010681,2025-06-02T14:00:54Z,453,1,0,Delottococcus_aberiae,Spain,Insects,alien,plagas,Post-Introduction,Invasion,Invasion,2009,2009-06-01T00:00:00Z,title_description,,,,,
video_009729,2022-03-30T12:00:32Z,206,3,0,Delottococcus_aberiae,Spain,Insects,alien,plaga,Post-Introduction,Invasion,Invasion,2009,2009-06-01T00:00:00Z,title_description,,,,,
video_003906,2020-06-26T10:46:39Z,7858,38,1,Delottococcus_aberiae,Spain,Insects,alien,plaga,Post-Introduction,Invasion,Invasion,2009,2009-06-01T00:00:00Z,title_description,,,,,
video_014056,2020-07-21T12:12:10Z,3042,15,,Delottococcus_aberiae,Spain,Insects,alien,control,Post-Introduction,Detection,Detection,2009,2009-06-01T00:00:00Z,title_description,,,,,
video_008690,2021-06-14T10:05:26Z,1557,41,5,Delottococcus_aberiae,Spain,Insects,alien,trampa,Post-Introduction,Detection,Detection,2009,2009-06-01T00:00:00Z,title_description,,,,,
video_010186,2021-05-14T08:42:36Z,931,4,0,Delottococcus_aberiae,Spain,Insects,alien,plagas,Post-Introduction,Invasion,Invasion,2009,2009-06-01T00:00:00Z,title_description,,,,,
video_010186,2021-05-14T08:42:36Z,931,4,0,Delottococcus_aberiae,Spain,Insects,alien,amenaza,Post-Introduction,Threat,Threat,2009,2009-06-01T00:00:00Z,title_description,,,,,
video_013474,2015-09-20T13:24:52Z,2423,12,,Diadema_antillarum,Canary Islands,Non-arthropod invertebrates,alien,presente,Post-Introduction,Invasion,Invasion,2006,2006-06-01T00:00:00Z,title_description,,,,,
video_002796,2021-09-07T14:19:29Z,430,3,1,Diadema_antillarum,Canary Islands,Non-arthropod invertebrates,alien,amenaza,Post-Introduction,Threat,Threat,2006,2006-06-01T00:00:00Z,title_description,,,,,
video_004098,2012-03-15T15:51:49Z,2653,8,0,Drosophila_suzukii,Spain,Insects,alien,invasora,Post-Introduction,Invasion,Invasion,2008,2008-06-01T00:00:00Z,title_description,,,,,
video_004098,2012-03-15T15:51:49Z,2653,8,0,Drosophila_suzukii,Spain,Insects,alien,invasion,Post-Introduction,Invasion,Invasion,2008,2008-06-01T00:00:00Z,title_description,,,,,
video_003003,2013-07-11T14:49:47Z,1728,2,1,Drosophila_suzukii,Spain,Insects,alien,captura,Post-Introduction,Detection,Detection,2008,2008-06-01T00:00:00Z,title_description,,,,,
video_003003,2013-07-11T14:49:47Z,1728,2,1,Drosophila_suzukii,Spain,Insects,alien,captura,Post-Introduction,Detection,Detection,2008,2008-06-01T00:00:00Z,title_description,,,,,
video_000540,2017-11-25T21:14:49Z,1161,1,0,Drosophila_suzukii,Spain,Insects,alien,plaga,Post-Introduction,Invasion,Invasion,2008,2008-06-01T00:00:00Z,title_description,,,,,
video_000540,2017-11-25T21:14:49Z,1161,1,0,Drosophila_suzukii,Spain,Insects,alien,control,Post-Introduction,Detection,Detection,2008,2008-06-01T00:00:00Z,title_description,,,,,
video_007085,2017-10-23T21:22:26Z,85,1,0,Dryocosmus_kuriphilus,Spain,Insects,alien,expansion,Post-Introduction,Invasion,Invasion,2012,2012-06-01T00:00:00Z,title_description,,,,,
video_003299,2022-05-26T15:48:53Z,155,2,0,Dryocosmus_kuriphilus,Spain,Insects,alien,controlada,Post-Introduction,Detection,Detection,2012,2012-06-01T00:00:00Z,title_description,,,,,
video_010519,2021-06-11T16:00:02Z,523,3,0,Dryocosmus_kuriphilus,Spain,Insects,alien,peligro,Post-Introduction,Threat,Threat,2012,2012-06-01T00:00:00Z,title_description,,,,,
video_010519,2021-06-11T16:00:02Z,523,3,0,Dryocosmus_kuriphilus,Spain,Insects,alien,plaga,Post-Introduction,Invasion,Invasion,2012,2012-06-01T00:00:00Z,title_description,,,,,
video_005900,2020-04-20T06:01:56Z,744,5,1,Dryocosmus_kuriphilus,Spain,Insects,alien,comprar,Post-Introduction,eCommerce,eCommerce,2012,2012-06-01T00:00:00Z,title_description,,,,,
video_000781,2019-11-29T10:17:10Z,104,0,0,Dryocosmus_kuriphilus,Spain,Insects,alien,control,Post-Introduction,Detection,Detection,2012,2012-06-01T00:00:00Z,title_description,,,,,
video_005436,2019-05-15T18:46:12Z,315,1,0,Dryocosmus_kuriphilus,Spain,Insects,alien,plaga,Post-Introduction,Invasion,Invasion,2012,2012-06-01T00:00:00Z,title_description,,,,,
video_006522,2019-11-29T10:10:15Z,38,0,0,Dryocosmus_kuriphilus,Spain,Insects,alien,control,Post-Introduction,Detection,Detection,2012,2012-06-01T00:00:00Z,title_description,,,,,
video_000550,2014-10-07T07:41:40Z,1679,10,1,Dryocosmus_kuriphilus,Spain,Insects,alien,plaga,Post-Introduction,Invasion,Invasion,2012,2012-06-01T00:00:00Z,title_description,,,,,
video_000550,2014-10-07T07:41:40Z,1679,10,1,Dryocosmus_kuriphilus,Spain,Insects,alien,amenaza,Post-Introduction,Threat,Threat,2012,2012-06-01T00:00:00Z,title_description,,,,,
video_000550,2014-10-07T07:41:40Z,1679,10,1,Dryocosmus_kuriphilus,Spain,Insects,alien,plaga,Post-Introduction,Invasion,Invasion,2012,2012-06-01T00:00:00Z,title_description,,,,,
video_014379,2015-04-22T17:58:15Z,1374,6,0,Dryocosmus_kuriphilus,Spain,Insects,alien,expansion,Post-Introduction,Invasion,Invasion,2012,2012-06-01T00:00:00Z,title_description,,,,,
video_014379,2015-04-22T17:58:15Z,1374,6,0,Dryocosmus_kuriphilus,Spain,Insects,alien,plaga,Post-Introduction,Invasion,Invasion,2012,2012-06-01T00:00:00Z,title_description,,,,,
video_007601,2025-05-26T09:00:11Z,18,0,0,Dryocosmus_kuriphilus,Spain,Insects,alien,plagas,Post-Introduction,Invasion,Invasion,2012,2012-06-01T00:00:00Z,title_description,,,,,
video_015661,2021-07-13T07:00:12Z,163,7,0,Dryocosmus_kuriphilus,Spain,Insects,alien,seguimiento,Post-Introduction,Detection,Detection,2012,2012-06-01T00:00:00Z,title_description,,,,,
video_015661,2021-07-13T07:00:12Z,163,7,0,Dryocosmus_kuriphilus,Spain,Insects,alien,plaga,Post-Introduction,Invasion,Invasion,2012,2012-06-01T00:00:00Z,title_description,,,,,
video_015661,2021-07-13T07:00:12Z,163,7,0,Dryocosmus_kuriphilus,Spain,Insects,alien,observado,Post-Introduction,Detection,Detection,2012,2012-06-01T00:00:00Z,title_description,,,,,
video_001181,2021-04-24T22:20:26Z,700,32,9,Dryocosmus_kuriphilus,Spain,Insects,alien,control,Post-Introduction,Detection,Detection,2012,2012-06-01T00:00:00Z,title_description,,,,,
video_009138,2021-04-12T20:23:55Z,540,7,0,Dryocosmus_kuriphilus,Spain,Insects,alien,plagas,Post-Introduction,Invasion,Invasion,2012,2012-06-01T00:00:00Z,title_description,,,,,
video_009138,2021-04-12T20:23:55Z,540,7,0,Dryocosmus_kuriphilus,Spain,Insects,alien,controlada,Post-Introduction,Detection,Detection,2012,2012-06-01T00:00:00Z,title_description,,,,,
video_013402,2021-05-31T20:46:36Z,9,0,0,Dryocosmus_kuriphilus,Spain,Insects,alien,pandemia,Post-Introduction,Threat,Threat,2012,2012-06-01T00:00:00Z,title_description,,,,,
video_000535,2024-05-07T10:54:58Z,55,2,0,Dryocosmus_kuriphilus,Spain,Insects,alien,plaga,Post-Introduction,Invasion,Invasion,2012,2012-06-01T00:00:00Z,title_description,,,,,
video_000460,2021-05-17T20:27:37Z,230,4,0,Dryocosmus_kuriphilus,Spain,Insects,alien,plagas,Post-Introduction,Invasion,Invasion,2012,2012-06-01T00:00:00Z,title_description,,,,,
video_000460,2021-05-17T20:27:37Z,230,4,0,Dryocosmus_kuriphilus,Spain,Insects,alien,controlada,Post-Introduction,Detection,Detection,2012,2012-06-01T00:00:00Z,title_description,,,,,
video_016223,2017-05-20T18:43:29Z,2563,26,0,Dryocosmus_kuriphilus,Spain,Insects,alien,perigo,Post-Introduction,Threat,Threat,2012,2012-06-01T00:00:00Z,title_description,,,,,
video_016223,2017-05-20T18:43:29Z,2563,26,0,Dryocosmus_kuriphilus,Spain,Insects,alien,ataca,Post-Introduction,Threat,Threat,2012,2012-06-01T00:00:00Z,title_description,,,,,
video_005715,2023-01-03T10:31:57Z,198,2,0,Elanoides_forficatus,Spain,Birds,casual,avistamiento,Post-Introduction,Detection,Detection,2010,2010-06-01T00:00:00Z,title_description,,,,,
video_009395,2011-09-28T02:06:21Z,1224,10,4,Eupsittula_pertinax,Spain,Birds,alien,cara,Post-Introduction,eCommerce,eCommerce,2011,2011-06-01T00:00:00Z,title_description,,,,,
video_014659,2011-06-19T23:09:17Z,13307,46,10,Glycaspis_brimblecombei,Spain,Insects,established,plaga,Post-Introduction,Invasion,Invasion,2007,2007-06-01T00:00:00Z,title_description,,,,,
video_006654,2024-10-23T11:00:32Z,1414,42,9,Glycaspis_brimblecombei,Spain,Insects,established,plaga,Post-Introduction,Invasion,Invasion,2007,2007-06-01T00:00:00Z,title_description,,,,,
video_008441,2014-06-22T22:52:22Z,849,3,3,Glycaspis_brimblecombei,Spain,Insects,established,plaga,Post-Introduction,Invasion,Invasion,2007,2007-06-01T00:00:00Z,title_description,,,,,
video_016179,2014-06-28T11:03:00Z,790,1,0,Glycaspis_brimblecombei,Spain,Insects,established,plaga,Post-Introduction,Invasion,Invasion,2007,2007-06-01T00:00:00Z,title_description,,,,,
video_014861,2020-04-26T13:42:59Z,1369,41,3,Graptemys_pseudogeographica,Portugal,Herptiles,established,vendidas,Post-Introduction,eCommerce,eCommerce,2013,2013-06-01T00:00:00Z,title_description,,,,,
video_014861,2020-04-26T13:42:59Z,1369,41,3,Graptemys_pseudogeographica,Portugal,Herptiles,established,mascota,Post-Introduction,eCommerce,eCommerce,2013,2013-06-01T00:00:00Z,title_description,,,,,
video_015202,2016-04-10T09:16:41Z,12471,117,60,Graptemys_pseudogeographica,Portugal,Herptiles,established,aquario,Post-Introduction,eCommerce,eCommerce,2013,2013-06-01T00:00:00Z,title_description,,,,,
video_000548,2015-12-19T17:51:09Z,6605,67,22,Graptemys_pseudogeographica,Portugal,Herptiles,established,aquario,Post-Introduction,eCommerce,eCommerce,2013,2013-06-01T00:00:00Z,title_description,,,,,
video_009670,2023-08-23T09:22:49Z,550,21,10,Grus_canadensis,Spain,Birds,casual,vistas,Post-Introduction,Detection,Detection,2011,2011-06-01T00:00:00Z,title_description,,,,,
video_011123,2024-11-10T23:07:54Z,0,0,0,Grus_canadensis,Spain,Birds,casual,extincao,Post-Introduction,Threat,Threat,2011,2011-06-01T00:00:00Z,title_description,,,,,
video_015965,2020-02-28T22:43:26Z,1079,12,1,Haemorhous_mexicanus,Spain,Birds,casual,vista,Post-Introduction,Detection,Detection,2016,2016-06-01T00:00:00Z,title_description,,,,,
video_011797,2024-02-26T17:00:35Z,753,9,0,Haemorhous_mexicanus,Spain,Birds,casual,reciente,Post-Introduction,Detection,Detection,2016,2016-06-01T00:00:00Z,title_description,,,,,
video_005236,2011-06-09T18:04:49Z,1168,3,0,Haliaeetus_leucocephalus,Spain,Birds,casual,cetreria,Post-Introduction,eCommerce,eCommerce,2008,2008-06-01T00:00:00Z,title_description,,,,,
video_001702,2017-06-06T09:55:50Z,1486,18,1,Haliaeetus_leucocephalus,Spain,Birds,casual,cetreria,Post-Introduction,eCommerce,eCommerce,2008,2008-06-01T00:00:00Z,title_description,,,,,
video_015174,2024-07-21T19:20:00Z,10216,115,0,Haliaeetus_leucocephalus,Spain,Birds,casual,capturar,Post-Introduction,Detection,Detection,2008,2008-06-01T00:00:00Z,title_description,,,,,
video_014365,2024-12-27T14:00:52Z,43,1,0,Haliaeetus_leucocephalus,Spain,Birds,casual,jaula,Post-Introduction,eCommerce,eCommerce,2008,2008-06-01T00:00:00Z,title_description,,,,,
video_014869,2018-01-10T09:53:54Z,26,0,0,Haliaeetus_leucocephalus,Spain,Birds,casual,peligro,Post-Introduction,Threat,Threat,2008,2008-06-01T00:00:00Z,title_description,,,,,
video_014869,2018-01-10T09:53:54Z,26,0,0,Haliaeetus_leucocephalus,Spain,Birds,casual,extincion,Post-Introduction,Threat,Threat,2008,2008-06-01T00:00:00Z,title_description,,,,,
video_004588,2020-12-28T20:19:35Z,348,17,30,Haliaeetus_leucocephalus,Spain,Birds,casual,avistamiento,Post-Introduction,Detection,Detection,2008,2008-06-01T00:00:00Z,title_description,,,,,
video_005001,2024-10-15T13:08:25Z,4399,121,11,Halyomorpha_halys,Spain,Insects,alien,plagas,Post-Introduction,Invasion,Invasion,2016,2016-09-01T00:00:00Z,title_description,,,,,
video_005001,2024-10-15T13:08:25Z,4399,121,11,Halyomorpha_halys,Spain,Insects,alien,plaga,Post-Introduction,Invasion,Invasion,2016,2016-09-01T00:00:00Z,title_description,,,,,
video_005001,2024-10-15T13:08:25Z,4399,121,11,Halyomorpha_halys,Spain,Insects,alien,establecido,Post-Introduction,Invasion,Invasion,2016,2016-09-01T00:00:00Z,title_description,,,,,
video_009229,2022-11-04T16:57:36Z,2122,13,1,Halyomorpha_halys,Spain,Insects,alien,invasora,Post-Introduction,Invasion,Invasion,2016,2016-09-01T00:00:00Z,title_description,,,,,
video_016172,2021-02-24T09:52:28Z,4643,39,5,Halyomorpha_halys,Spain,Insects,alien,plaga,Post-Introduction,Invasion,Invasion,2016,2016-09-01T00:00:00Z,title_description,,,,,
video_012054,2011-11-30T15:13:50Z,16240,33,23,Halyomorpha_halys,Spain,Insects,alien,plaga,Pre-Introduction,Invasion,Invasion,2016,2016-09-01T00:00:00Z,title_description,,,,,
video_001617,2020-08-20T19:18:46Z,312,5,0,Halyomorpha_halys,Spain,Insects,alien,seguimiento,Post-Introduction,Detection,Detection,2016,2016-09-01T00:00:00Z,title_description,,,,,
video_001617,2020-08-20T19:18:46Z,312,5,0,Halyomorpha_halys,Spain,Insects,alien,invasoras,Post-Introduction,Invasion,Invasion,2016,2016-09-01T00:00:00Z,title_description,,,,,
video_001617,2020-08-20T19:18:46Z,312,5,0,Halyomorpha_halys,Spain,Insects,alien,invasora,Post-Introduction,Invasion,Invasion,2016,2016-09-01T00:00:00Z,title_description,,,,,
video_003379,2019-09-16T08:51:09Z,251,2,0,Halyomorpha_halys,Spain,Insects,alien,control,Post-Introduction,Detection,Detection,2016,2016-09-01T00:00:00Z,title_description,,,,,
video_003379,2019-09-16T08:51:09Z,251,2,0,Halyomorpha_halys,Spain,Insects,alien,control,Post-Introduction,Detection,Detection,2016,2016-09-01T00:00:00Z,title_description,,,,,
video_003379,2019-09-16T08:51:09Z,251,2,0,Halyomorpha_halys,Spain,Insects,alien,plagas,Post-Introduction,Invasion,Invasion,2016,2016-09-01T00:00:00Z,title_description,,,,,
video_004285,2021-11-12T12:27:11Z,24975,98,17,Halyomorpha_halys,Spain,Insects,alien,plaga,Post-Introduction,Invasion,Invasion,2016,2016-09-01T00:00:00Z,title_description,,,,,
video_012553,2025-04-22T18:00:52Z,8277,171,7,Lagocephalus_sceleratus,Spain,Fishes,uncertain,peligroso,Post-Introduction,Threat,Threat,2014,2014-06-01T00:00:00Z,title_description,,,,,
video_012553,2025-04-22T18:00:52Z,8277,171,7,Lagocephalus_sceleratus,Spain,Fishes,uncertain,toxico,Post-Introduction,Threat,Threat,2014,2014-06-01T00:00:00Z,title_description,,,,,
video_012553,2025-04-22T18:00:52Z,8277,171,7,Lagocephalus_sceleratus,Spain,Fishes,uncertain,invasor,Post-Introduction,Invasion,Invasion,2014,2014-06-01T00:00:00Z,title_description,,,,,
video_012553,2025-04-22T18:00:52Z,8277,171,7,Lagocephalus_sceleratus,Spain,Fishes,uncertain,peligrosa,Post-Introduction,Threat,Threat,2014,2014-06-01T00:00:00Z,title_description,,,,,
video_013432,2025-05-14T09:00:56Z,1564,26,2,Lasius_neglectus,Andorra,Insects,established,invasoras,Post-Introduction,Invasion,Invasion,2012,2012-06-01T00:00:00Z,title_description,,,,,
video_013432,2025-05-14T09:00:56Z,1564,26,2,Lasius_neglectus,Andorra,Insects,established,invasoras,Post-Introduction,Invasion,Invasion,2012,2012-06-01T00:00:00Z,title_description,,,,,
video_000082,2019-09-20T21:13:26Z,93,1,0,Lepisiota_capensis,Canary Islands,Insects,established,adopcion,Post-Introduction,eCommerce,eCommerce,2014,2014-06-01T00:00:00Z,title_description,,,,,
video_000082,2019-09-20T21:13:26Z,93,1,0,Lepisiota_capensis,Canary Islands,Insects,established,adoptar,Post-Introduction,eCommerce,eCommerce,2014,2014-06-01T00:00:00Z,title_description,,,,,
video_003701,2018-09-20T06:32:42Z,4304,24,0,Leptoglossus_occidentalis,Portugal,Insects,alien,plaga,Post-Introduction,Invasion,Invasion,2010,2010-06-01T00:00:00Z,title_description,,,,,
video_003701,2018-09-20T06:32:42Z,4304,24,0,Leptoglossus_occidentalis,Portugal,Insects,alien,reciente,Post-Introduction,Detection,Detection,2010,2010-06-01T00:00:00Z,title_description,,,,,
video_003701,2018-09-20T06:32:42Z,4304,24,0,Leptoglossus_occidentalis,Portugal,Insects,alien,plaga,Post-Introduction,Invasion,Invasion,2010,2010-06-01T00:00:00Z,title_description,,,,,
video_009365,2020-05-23T16:20:21Z,280,4,2,Leptoglossus_occidentalis,Portugal,Insects,alien,invasoras,Post-Introduction,Invasion,Invasion,2010,2010-06-01T00:00:00Z,title_description,,,,,
video_004351,2024-03-09T18:39:22Z,1745,19,3,Leptoglossus_occidentalis,Portugal,Insects,alien,avistado,Post-Introduction,Detection,Detection,2010,2010-06-01T00:00:00Z,title_description,,,,,
video_004014,2023-03-06T15:00:17Z,59,0,0,Leptoglossus_occidentalis,Portugal,Insects,alien,control,Post-Introduction,Detection,Detection,2010,2010-06-01T00:00:00Z,title_description,,,,,
video_003538,2024-07-29T18:00:05Z,455,8,0,Leptoglossus_occidentalis,Portugal,Insects,alien,invasor,Post-Introduction,Invasion,Invasion,2010,2010-06-01T00:00:00Z,title_description,,,,,
video_014710,2020-05-29T19:26:15Z,2849,305,38,Leuciscus_aspius,Spain,Fishes,established,aparecido,Post-Introduction,Detection,Detection,2017,2017-07-20T00:00:00Z,title_description,,,,,
video_008798,2023-02-17T20:35:09Z,425,8,2,Leuciscus_aspius,Spain,Fishes,established,capturar,Post-Introduction,Detection,Detection,2017,2017-07-20T00:00:00Z,title_description,,,,,
video_004963,2014-11-17T12:54:52Z,428,3,0,Leuciscus_aspius,Spain,Fishes,established,descubiertos,Pre-Introduction,Detection,Detection,2017,2017-07-20T00:00:00Z,title_description,,,,,
video_003192,2015-07-21T14:58:23Z,1777,11,0,Lonchura_oryzivora,Portugal,Birds,alien,jaula,Post-Introduction,eCommerce,eCommerce,2010,2010-06-01T00:00:00Z,title_description,,,,,
video_007557,2017-11-27T14:57:58Z,1234,22,5,Mauremys_reevesii,Spain,Herptiles,alien,acuario,Post-Introduction,eCommerce,eCommerce,2016,2016-04-05T00:00:00Z,title_description,,,,,
video_006937,2018-07-01T11:19:26Z,494,10,2,Mauremys_reevesii,Spain,Herptiles,alien,acuario,Post-Introduction,eCommerce,eCommerce,2016,2016-04-05T00:00:00Z,title_description,,,,,
video_012569,2017-12-10T07:57:54Z,4780,23,4,Mauremys_sinensis,Spain,Herptiles,alien,terrario,Post-Introduction,eCommerce,eCommerce,2014,2014-10-10T00:00:00Z,title_description,,,,,
video_002932,2023-05-24T21:54:15Z,149,5,0,Mauremys_sinensis,Spain,Herptiles,alien,exotica,Post-Introduction,Invasion,Invasion,2014,2014-10-10T00:00:00Z,title_description,,,,,
video_004719,2013-11-12T08:47:33Z,14909,24,2,Mnemiopsis_leidyi,Spain,Non-arthropod invertebrates,established,invasor,Post-Introduction,Invasion,Invasion,2009,2009-06-01T00:00:00Z,title_description,,,,,
video_006319,2016-07-30T23:19:43Z,224,1,1,Mnemiopsis_leidyi,Spain,Non-arthropod invertebrates,established,aparicion,Post-Introduction,Detection,Detection,2009,2009-06-01T00:00:00Z,title_description,,,,,
video_014352,2025-05-30T18:30:18Z,21,4,0,Mnemiopsis_leidyi,Spain,Non-arthropod invertebrates,established,invasora,Post-Introduction,Invasion,Invasion,2009,2009-06-01T00:00:00Z,title_description,,,,,
video_006309,2021-01-28T21:43:25Z,442,11,1,Paratrechina_jaegerskioeldi,Portugal,Insects,established,manejo,Post-Introduction,Detection,Detection,2012,2012-06-01T00:00:00Z,title_description,,,,,
video_006309,2021-01-28T21:43:25Z,442,11,1,Paratrechina_jaegerskioeldi,Portugal,Insects,established,invasora,Post-Introduction,Invasion,Invasion,2012,2012-06-01T00:00:00Z,title_description,,,,,
video_006309,2021-01-28T21:43:25Z,442,11,1,Paratrechina_jaegerskioeldi,Portugal,Insects,established,nativa,Post-Introduction,Invasion,Invasion,2012,2012-06-01T00:00:00Z,title_description,,,,,
video_012470,2019-06-27T14:42:38Z,2514,72,28,Paratrechina_jaegerskioeldi,Portugal,Insects,established,encontre,Post-Introduction,Detection,Detection,2012,2012-06-01T00:00:00Z,title_description,,,,,
video_011561,2008-02-17T20:35:20Z,1286,4,0,Pelodiscus_sinensis,Portugal,Herptiles,alien,acuario,Pre-Introduction,eCommerce,eCommerce,2019,2019-06-01T00:00:00Z,title_description,,,,,
video_011561,2008-02-17T20:35:20Z,1286,4,0,Pelodiscus_sinensis,Portugal,Herptiles,alien,acuario,Pre-Introduction,eCommerce,eCommerce,2019,2019-06-01T00:00:00Z,title_description,,,,,
video_011518,2019-05-09T09:22:53Z,1571,19,2,Perca_fluviatilis,Portugal,Fishes,established,captura,Post-Introduction,Detection,Detection,2015,2015-06-01T00:00:00Z,title_description,,,,,
video_010293,2019-09-24T20:09:55Z,559,19,6,Perca_fluviatilis,Portugal,Fishes,established,capturas,Post-Introduction,Detection,Detection,2015,2015-06-01T00:00:00Z,title_description,,,,,
video_000305,2020-05-01T15:13:54Z,211,7,0,Perca_fluviatilis,Portugal,Fishes,established,captura,Post-Introduction,Detection,Detection,2015,2015-06-01T00:00:00Z,title_description,,,,,
video_007453,2020-09-25T13:00:33Z,275,8,4,Perca_fluviatilis,Portugal,Fishes,established,encontramos,Post-Introduction,Detection,Detection,2015,2015-06-01T00:00:00Z,title_description,,,,,
video_010544,2022-07-05T20:02:21Z,106,1,0,Pheidole_indica,Portugal,Insects,established,ataca,Post-Introduction,Threat,Threat,2012,2012-06-01T00:00:00Z,title_description,,,,,
video_005234,2023-07-18T16:00:20Z,63085,2473,126,Phthorimaea_absoluta,Spain,Insects,established,controlar,Post-Introduction,Detection,Detection,2006,2006-06-01T00:00:00Z,title_description,,,,,
video_005234,2023-07-18T16:00:20Z,63085,2473,126,Phthorimaea_absoluta,Spain,Insects,established,controlar,Post-Introduction,Detection,Detection,2006,2006-06-01T00:00:00Z,title_description,,,,,
video_005234,2023-07-18T16:00:20Z,63085,2473,126,Phthorimaea_absoluta,Spain,Insects,established,dinero,Post-Introduction,eCommerce,eCommerce,2006,2006-06-01T00:00:00Z,title_description,,,,,
video_008202,2017-07-27T10:15:07Z,2942,52,25,Phthorimaea_absoluta,Spain,Insects,established,ataca,Post-Introduction,Threat,Threat,2006,2006-06-01T00:00:00Z,title_description,,,,,
video_015374,2020-09-02T17:16:40Z,3609,15,,Phthorimaea_absoluta,Spain,Insects,established,control,Post-Introduction,Detection,Detection,2006,2006-06-01T00:00:00Z,title_description,,,,,
video_009377,2013-12-10T10:09:24Z,43956,387,13,Phthorimaea_absoluta,Spain,Insects,established,plaga,Post-Introduction,Invasion,Invasion,2006,2006-06-01T00:00:00Z,title_description,,,,,
video_010258,2017-05-17T10:58:45Z,98606,784,39,Phthorimaea_absoluta,Spain,Insects,established,trampa,Post-Introduction,Detection,Detection,2006,2006-06-01T00:00:00Z,title_description,,,,,
video_010258,2017-05-17T10:58:45Z,98606,784,39,Phthorimaea_absoluta,Spain,Insects,established,plaga,Post-Introduction,Invasion,Invasion,2006,2006-06-01T00:00:00Z,title_description,,,,,
video_010258,2017-05-17T10:58:45Z,98606,784,39,Phthorimaea_absoluta,Spain,Insects,established,plaga,Post-Introduction,Invasion,Invasion,2006,2006-06-01T00:00:00Z,title_description,,,,,
video_000107,2025-06-14T04:31:07Z,1721,56,25,Phthorimaea_absoluta,Spain,Insects,established,control,Post-Introduction,Detection,Detection,2006,2006-06-01T00:00:00Z,title_description,,,,,
video_000107,2025-06-14T04:31:07Z,1721,56,25,Phthorimaea_absoluta,Spain,Insects,established,trampas,Post-Introduction,Detection,Detection,2006,2006-06-01T00:00:00Z,title_description,,,,,
video_000107,2025-06-14T04:31:07Z,1721,56,25,Phthorimaea_absoluta,Spain,Insects,established,trampas,Post-Introduction,Detection,Detection,2006,2006-06-01T00:00:00Z,title_description,,,,,
video_006841,2021-11-10T16:30:02Z,1941,83,149,Phthorimaea_absoluta,Spain,Insects,established,plaga,Post-Introduction,Invasion,Invasion,2006,2006-06-01T00:00:00Z,title_description,,,,,
video_010587,2024-04-16T10:44:21Z,376,5,0,Phthorimaea_absoluta,Spain,Insects,established,manejo,Post-Introduction,Detection,Detection,2006,2006-06-01T00:00:00Z,title_description,,,,,
video_000426,2024-05-18T12:00:03Z,237906,3037,188,Phthorimaea_absoluta,Spain,Insects,established,plaga,Post-Introduction,Invasion,Invasion,2006,2006-06-01T00:00:00Z,title_description,,,,,
video_000426,2024-05-18T12:00:03Z,237906,3037,188,Phthorimaea_absoluta,Spain,Insects,established,plaga,Post-Introduction,Invasion,Invasion,2006,2006-06-01T00:00:00Z,title_description,,,,,
video_010528,2015-08-18T04:30:00Z,226350,3598,166,Phthorimaea_absoluta,Spain,Insects,established,trampa,Post-Introduction,Detection,Detection,2006,2006-06-01T00:00:00Z,title_description,,,,,
video_005889,2019-02-25T10:30:57Z,31912,186,12,Phthorimaea_absoluta,Spain,Insects,established,trampas,Post-Introduction,Detection,Detection,2006,2006-06-01T00:00:00Z,title_description,,,,,
video_005089,2019-03-04T17:01:32Z,11404,55,4,Phthorimaea_absoluta,Spain,Insects,established,trampa,Post-Introduction,Detection,Detection,2006,2006-06-01T00:00:00Z,title_description,,,,,
video_005089,2019-03-04T17:01:32Z,11404,55,4,Phthorimaea_absoluta,Spain,Insects,established,trampas,Post-Introduction,Detection,Detection,2006,2006-06-01T00:00:00Z,title_description,,,,,
video_006510,2023-08-11T13:13:01Z,40088,461,2,Phthorimaea_absoluta,Spain,Insects,established,trampa,Post-Introduction,Detection,Detection,2006,2006-06-01T00:00:00Z,title_description,,,,,
video_012787,2021-06-19T16:02:51Z,373381,6319,739,Phthorimaea_absoluta,Spain,Insects,established,plaga,Post-Introduction,Invasion,Invasion,2006,2006-06-01T00:00:00Z,title_description,,,,,
video_012579,2021-03-05T18:01:10Z,5228,36,0,Phthorimaea_absoluta,Spain,Insects,established,control,Post-Introduction,Detection,Detection,2006,2006-06-01T00:00:00Z,title_description,,,,,
video_013154,2025-07-02T18:00:06Z,19149,367,7,Phthorimaea_absoluta,Spain,Insects,established,trampas,Post-Introduction,Detection,Detection,2006,2006-06-01T00:00:00Z,title_description,,,,,
video_012355,2022-01-18T16:14:00Z,2496,25,0,Phthorimaea_absoluta,Spain,Insects,established,controlar,Post-Introduction,Detection,Detection,2006,2006-06-01T00:00:00Z,title_description,,,,,
video_012355,2022-01-18T16:14:00Z,2496,25,0,Phthorimaea_absoluta,Spain,Insects,established,plaga,Post-Introduction,Invasion,Invasion,2006,2006-06-01T00:00:00Z,title_description,,,,,
video_012355,2022-01-18T16:14:00Z,2496,25,0,Phthorimaea_absoluta,Spain,Insects,established,trampa,Post-Introduction,Detection,Detection,2006,2006-06-01T00:00:00Z,title_description,,,,,
video_014218,2018-10-11T13:24:28Z,29931,220,3,Phthorimaea_absoluta,Spain,Insects,established,control,Post-Introduction,Detection,Detection,2006,2006-06-01T00:00:00Z,title_description,,,,,
video_014218,2018-10-11T13:24:28Z,29931,220,3,Phthorimaea_absoluta,Spain,Insects,established,plagas,Post-Introduction,Invasion,Invasion,2006,2006-06-01T00:00:00Z,title_description,,,,,
video_001828,2024-04-15T14:58:20Z,2125,32,0,Phthorimaea_absoluta,Spain,Insects,established,control,Post-Introduction,Detection,Detection,2006,2006-06-01T00:00:00Z,title_description,,,,,
video_003672,2020-08-25T11:34:48Z,563,1,,Phthorimaea_absoluta,Spain,Insects,established,trampa,Post-Introduction,Detection,Detection,2006,2006-06-01T00:00:00Z,title_description,,,,,
video_003672,2020-08-25T11:34:48Z,563,1,,Phthorimaea_absoluta,Spain,Insects,established,trampa,Post-Introduction,Detection,Detection,2006,2006-06-01T00:00:00Z,title_description,,,,,
video_003672,2020-08-25T11:34:48Z,563,1,,Phthorimaea_absoluta,Spain,Insects,established,capturas,Post-Introduction,Detection,Detection,2006,2006-06-01T00:00:00Z,title_description,,,,,
video_010422,2019-08-07T07:14:55Z,15729,,,Phthorimaea_absoluta,Spain,Insects,established,control,Post-Introduction,Detection,Detection,2006,2006-06-01T00:00:00Z,title_description,,,,,
video_010422,2019-08-07T07:14:55Z,15729,,,Phthorimaea_absoluta,Spain,Insects,established,control,Post-Introduction,Detection,Detection,2006,2006-06-01T00:00:00Z,title_description,,,,,
video_000128,2024-04-15T14:56:45Z,5119,116,0,Phthorimaea_absoluta,Spain,Insects,established,control,Post-Introduction,Detection,Detection,2006,2006-06-01T00:00:00Z,title_description,,,,,
video_000128,2024-04-15T14:56:45Z,5119,116,0,Phthorimaea_absoluta,Spain,Insects,established,controlada,Post-Introduction,Detection,Detection,2006,2006-06-01T00:00:00Z,title_description,,,,,
video_012664,2013-10-15T12:12:45Z,41580,153,8,Phthorimaea_absoluta,Spain,Insects,established,plaga,Post-Introduction,Invasion,Invasion,2006,2006-06-01T00:00:00Z,title_description,,,,,
video_011507,2025-05-20T14:22:10Z,22,1,0,Phthorimaea_absoluta,Spain,Insects,established,controlar,Post-Introduction,Detection,Detection,2006,2006-06-01T00:00:00Z,title_description,,,,,
video_011507,2025-05-20T14:22:10Z,22,1,0,Phthorimaea_absoluta,Spain,Insects,established,plaga,Post-Introduction,Invasion,Invasion,2006,2006-06-01T00:00:00Z,title_description,,,,,
video_015409,2025-06-28T10:25:32Z,3743,191,6,Phthorimaea_absoluta,Spain,Insects,established,ataca,Post-Introduction,Threat,Threat,2006,2006-06-01T00:00:00Z,title_description,,,,,
video_015409,2025-06-28T10:25:32Z,3743,191,6,Phthorimaea_absoluta,Spain,Insects,established,plagas,Post-Introduction,Invasion,Invasion,2006,2006-06-01T00:00:00Z,title_description,,,,,
video_015409,2025-06-28T10:25:32Z,3743,191,6,Phthorimaea_absoluta,Spain,Insects,established,alerta,Post-Introduction,Detection,Detection,2006,2006-06-01T00:00:00Z,title_description,,,,,
video_015409,2025-06-28T10:25:32Z,3743,191,6,Phthorimaea_absoluta,Spain,Insects,established,plaga,Post-Introduction,Invasion,Invasion,2006,2006-06-01T00:00:00Z,title_description,,,,,
video_011235,2025-07-04T17:45:02Z,7135,184,1,Phthorimaea_absoluta,Spain,Insects,established,trampas,Post-Introduction,Detection,Detection,2006,2006-06-01T00:00:00Z,title_description,,,,,
video_016837,2019-05-21T10:46:46Z,1090,6,1,Phthorimaea_absoluta,Spain,Insects,established,plaga,Post-Introduction,Invasion,Invasion,2006,2006-06-01T00:00:00Z,title_description,,,,,
video_016837,2019-05-21T10:46:46Z,1090,6,1,Phthorimaea_absoluta,Spain,Insects,established,plaga,Post-Introduction,Invasion,Invasion,2006,2006-06-01T00:00:00Z,title_description,,,,,
video_016837,2019-05-21T10:46:46Z,1090,6,1,Phthorimaea_absoluta,Spain,Insects,established,afectando,Post-Introduction,Invasion,Invasion,2006,2006-06-01T00:00:00Z,title_description,,,,,
video_008700,2019-08-07T11:36:22Z,175,,,Phthorimaea_absoluta,Spain,Insects,established,control,Post-Introduction,Detection,Detection,2006,2006-06-01T00:00:00Z,title_description,,,,,
video_008700,2019-08-07T11:36:22Z,175,,,Phthorimaea_absoluta,Spain,Insects,established,control,Post-Introduction,Detection,Detection,2006,2006-06-01T00:00:00Z,title_description,,,,,
video_005388,2025-08-04T09:52:49Z,544,4,0,Phthorimaea_absoluta,Spain,Insects,established,manejo,Post-Introduction,Detection,Detection,2006,2006-06-01T00:00:00Z,title_description,,,,,
video_005388,2025-08-04T09:52:49Z,544,4,0,Phthorimaea_absoluta,Spain,Insects,established,manejo,Post-Introduction,Detection,Detection,2006,2006-06-01T00:00:00Z,title_description,,,,,
video_008851,2024-06-22T11:48:15Z,47,1,0,Phthorimaea_absoluta,Spain,Insects,established,trampas,Post-Introduction,Detection,Detection,2006,2006-06-01T00:00:00Z,title_description,,,,,
video_008851,2024-06-22T11:48:15Z,47,1,0,Phthorimaea_absoluta,Spain,Insects,established,trampas,Post-Introduction,Detection,Detection,2006,2006-06-01T00:00:00Z,title_description,,,,,
video_012879,2024-04-28T19:39:28Z,481,8,0,Phthorimaea_absoluta,Spain,Insects,established,trampa,Post-Introduction,Detection,Detection,2006,2006-06-01T00:00:00Z,title_description,,,,,
video_012879,2024-04-28T19:39:28Z,481,8,0,Phthorimaea_absoluta,Spain,Insects,established,plaga,Post-Introduction,Invasion,Invasion,2006,2006-06-01T00:00:00Z,title_description,,,,,
video_013194,2019-07-01T10:34:19Z,321,1,0,Phthorimaea_absoluta,Spain,Insects,established,danina,Post-Introduction,Threat,Threat,2006,2006-06-01T00:00:00Z,title_description,,,,,
video_010635,2025-07-06T06:06:22Z,1678,53,10,Phthorimaea_absoluta,Spain,Insects,established,extincion,Post-Introduction,Threat,Threat,2006,2006-06-01T00:00:00Z,title_description,,,,,
video_014856,2021-02-18T10:56:30Z,476,9,0,Phthorimaea_absoluta,Spain,Insects,established,control,Post-Introduction,Detection,Detection,2006,2006-06-01T00:00:00Z,title_description,,,,,
video_011516,2019-08-16T10:21:29Z,430,19,8,Phthorimaea_absoluta,Spain,Insects,established,control,Post-Introduction,Detection,Detection,2006,2006-06-01T00:00:00Z,title_description,,,,,
video_011516,2019-08-16T10:21:29Z,430,19,8,Phthorimaea_absoluta,Spain,Insects,established,control,Post-Introduction,Detection,Detection,2006,2006-06-01T00:00:00Z,title_description,,,,,
video_000983,2010-05-13T17:23:14Z,4712,1,0,Phthorimaea_absoluta,Spain,Insects,established,capturas,Post-Introduction,Detection,Detection,2006,2006-06-01T00:00:00Z,title_description,,,,,
video_007387,2019-05-21T15:07:03Z,24,1,0,Phthorimaea_absoluta,Spain,Insects,established,plaga,Post-Introduction,Invasion,Invasion,2006,2006-06-01T00:00:00Z,title_description,,,,,
video_008017,2024-07-04T16:30:55Z,1673,23,0,Phthorimaea_absoluta,Spain,Insects,established,trampas,Post-Introduction,Detection,Detection,2006,2006-06-01T00:00:00Z,title_description,,,,,
video_008017,2024-07-04T16:30:55Z,1673,23,0,Phthorimaea_absoluta,Spain,Insects,established,trampa,Post-Introduction,Detection,Detection,2006,2006-06-01T00:00:00Z,title_description,,,,,
video_011514,2021-10-29T10:07:03Z,35,1,0,Phthorimaea_absoluta,Spain,Insects,established,alerta,Post-Introduction,Detection,Detection,2006,2006-06-01T00:00:00Z,title_description,,,,,
video_011514,2021-10-29T10:07:03Z,35,1,0,Phthorimaea_absoluta,Spain,Insects,established,deteccion,Post-Introduction,Detection,Detection,2006,2006-06-01T00:00:00Z,title_description,,,,,
video_010571,2022-04-28T16:00:52Z,1689,65,22,Pionites_melanocephalus,Spain,Birds,alien,encontramos,Post-Introduction,Detection,Detection,2007,2007-06-01T00:00:00Z,title_description,,,,,
video_010571,2022-04-28T16:00:52Z,1689,65,22,Pionites_melanocephalus,Spain,Birds,alien,encontrado,Post-Introduction,Detection,Detection,2007,2007-06-01T00:00:00Z,title_description,,,,,
video_008384,2018-12-23T13:07:20Z,18035,272,29,Platycerium_bifurcatum,Madeira,Plants,established,exotica,Post-Introduction,Invasion,Invasion,2017,2017-06-01T00:00:00Z,title_description,,,,,
video_013866,2024-11-18T12:31:16Z,4820,90,3,Platycerium_bifurcatum,Madeira,Plants,established,terrario,Post-Introduction,eCommerce,eCommerce,2017,2017-06-01T00:00:00Z,title_description,,,,,
video_011060,2011-10-14T12:05:27Z,34766,102,26,Pomacea_maculata,Spain,Non-arthropod invertebrates,established,acuario,Post-Introduction,eCommerce,eCommerce,2009,2009-06-01T00:00:00Z,title_description,,,,,
video_000011,2017-08-10T18:47:48Z,1341,15,1,Pomacea_maculata,Spain,Non-arthropod invertebrates,established,presente,Post-Introduction,Invasion,Invasion,2009,2009-06-01T00:00:00Z,title_description,,,,,
video_015201,2015-11-03T13:19:27Z,3323,28,0,Pomacea_maculata,Spain,Non-arthropod invertebrates,established,control,Post-Introduction,Detection,Detection,2009,2009-06-01T00:00:00Z,title_description,,,,,
video_015201,2015-11-03T13:19:27Z,3323,28,0,Pomacea_maculata,Spain,Non-arthropod invertebrates,established,control,Post-Introduction,Detection,Detection,2009,2009-06-01T00:00:00Z,title_description,,,,,
video_011768,2014-09-10T16:41:36Z,3844,37,3,Pomacea_maculata,Spain,Non-arthropod invertebrates,established,presente,Post-Introduction,Invasion,Invasion,2009,2009-06-01T00:00:00Z,title_description,,,,,
video_011768,2014-09-10T16:41:36Z,3844,37,3,Pomacea_maculata,Spain,Non-arthropod invertebrates,established,peligro,Post-Introduction,Threat,Threat,2009,2009-06-01T00:00:00Z,title_description,,,,,
video_007697,2017-07-31T11:57:29Z,686,10,0,Pomacea_maculata,Spain,Non-arthropod invertebrates,established,presente,Post-Introduction,Invasion,Invasion,2009,2009-06-01T00:00:00Z,title_description,,,,,
video_007697,2017-07-31T11:57:29Z,686,10,0,Pomacea_maculata,Spain,Non-arthropod invertebrates,established,peligro,Post-Introduction,Threat,Threat,2009,2009-06-01T00:00:00Z,title_description,,,,,
video_016111,2014-10-07T22:49:15Z,14898,242,17,Primolius_maracana,Spain,Birds,alien,mascota,Post-Introduction,eCommerce,eCommerce,2007,2007-06-01T00:00:00Z,title_description,,,,,
video_014167,2012-04-13T15:01:38Z,14225,18,9,Psephotus_haematonotus,Spain,Birds,alien,compre,Post-Introduction,eCommerce,eCommerce,2006,2006-06-01T00:00:00Z,title_description,,,,,
video_015052,2020-05-03T13:26:04Z,1341,32,17,Pseudemys_concinna,Portugal,Herptiles,established,compre,Post-Introduction,eCommerce,eCommerce,2013,2013-06-01T00:00:00Z,title_description,,,,,
video_003307,2017-04-19T14:23:00Z,1543,12,0,Pseudemys_concinna,Portugal,Herptiles,established,invasora,Post-Introduction,Invasion,Invasion,2013,2013-06-01T00:00:00Z,title_description,,,,,
video_002753,2017-05-02T17:28:54Z,898,14,0,Pseudemys_concinna,Portugal,Herptiles,established,invasora,Post-Introduction,Invasion,Invasion,2013,2013-06-01T00:00:00Z,title_description,,,,,
video_002480,2017-09-04T00:11:34Z,169,3,0,Pseudemys_concinna,Portugal,Herptiles,established,aquisicao,Post-Introduction,eCommerce,eCommerce,2013,2013-06-01T00:00:00Z,title_description,,,,,
video_010923,2021-07-23T11:34:19Z,955,16,6,Pseudemys_peninsularis,Spain,Herptiles,alien,eei,Post-Introduction,Invasion,Invasion,2020,2020-06-01T00:00:00Z,title_description,,,,,
video_009611,2015-10-07T15:30:10Z,369744,4095,364,Psittacus_erithacus,Portugal,Birds,casual,descuento,Post-Introduction,eCommerce,eCommerce,2014,2014-06-01T00:00:00Z,title_description,,,,,
video_015972,2025-05-11T22:00:56Z,1524,47,3,Psittacus_erithacus,Portugal,Birds,casual,mascota,Post-Introduction,eCommerce,eCommerce,2014,2014-06-01T00:00:00Z,title_description,,,,,
video_002430,2025-05-16T12:00:14Z,1093,32,1,Psittacus_erithacus,Portugal,Birds,casual,mascota,Post-Introduction,eCommerce,eCommerce,2014,2014-06-01T00:00:00Z,title_description,,,,,
video_014204,2025-01-20T19:00:36Z,227971,14214,393,Psittacus_erithacus,Portugal,Birds,casual,adoptes,Post-Introduction,eCommerce,eCommerce,2014,2014-06-01T00:00:00Z,title_description,,,,,
video_008627,2015-04-17T03:24:41Z,226,6,0,Psittacus_erithacus,Portugal,Birds,casual,tienda,Post-Introduction,eCommerce,eCommerce,2014,2014-06-01T00:00:00Z,title_description,,,,,
video_000166,2023-11-19T17:00:00Z,260,3,0,Psittacus_erithacus,Portugal,Birds,casual,mascota,Post-Introduction,eCommerce,eCommerce,2014,2014-06-01T00:00:00Z,title_description,,,,,
video_004271,2025-05-14T11:30:24Z,2148,69,3,Psittacus_erithacus,Portugal,Birds,casual,mascota,Post-Introduction,eCommerce,eCommerce,2014,2014-06-01T00:00:00Z,title_description,,,,,
video_016946,2025-05-11T11:30:48Z,2247,59,1,Psittacus_erithacus,Portugal,Birds,casual,mascota,Post-Introduction,eCommerce,eCommerce,2014,2014-06-01T00:00:00Z,title_description,,,,,
video_015798,2025-05-13T20:00:41Z,1692,25,1,Psittacus_erithacus,Portugal,Birds,casual,mascota,Post-Introduction,eCommerce,eCommerce,2014,2014-06-01T00:00:00Z,title_description,,,,,
video_000374,2012-01-16T17:31:07Z,3841,6,2,Psittacus_erithacus,Portugal,Birds,casual,capturado,Pre-Introduction,Detection,Detection,2014,2014-06-01T00:00:00Z,title_description,,,,,
video_000374,2012-01-16T17:31:07Z,3841,6,2,Psittacus_erithacus,Portugal,Birds,casual,compre,Pre-Introduction,eCommerce,eCommerce,2014,2014-06-01T00:00:00Z,title_description,,,,,
video_000374,2012-01-16T17:31:07Z,3841,6,2,Psittacus_erithacus,Portugal,Birds,casual,tienda,Pre-Introduction,eCommerce,eCommerce,2014,2014-06-01T00:00:00Z,title_description,,,,,
video_007900,2018-08-27T10:42:34Z,106644,2056,,Psittacus_erithacus,Portugal,Birds,casual,mascota,Post-Introduction,eCommerce,eCommerce,2014,2014-06-01T00:00:00Z,title_description,,,,,
video_005731,2011-07-21T10:31:40Z,74316,272,,Psittacus_erithacus,Portugal,Birds,casual,comprar,Pre-Introduction,eCommerce,eCommerce,2014,2014-06-01T00:00:00Z,title_description,,,,,
video_007535,2020-04-24T19:11:42Z,8662,264,37,Psittacus_erithacus,Portugal,Birds,casual,tienda,Post-Introduction,eCommerce,eCommerce,2014,2014-06-01T00:00:00Z,title_description,,,,,
video_009023,2016-09-16T16:35:48Z,7476,38,12,Psittacus_erithacus,Portugal,Birds,casual,venta,Post-Introduction,eCommerce,eCommerce,2014,2014-06-01T00:00:00Z,title_description,,,,,
video_009023,2016-09-16T16:35:48Z,7476,38,12,Psittacus_erithacus,Portugal,Birds,casual,pajareria,Post-Introduction,eCommerce,eCommerce,2014,2014-06-01T00:00:00Z,title_description,,,,,
video_005485,2010-12-01T02:41:29Z,27875,29,5,Psittacus_erithacus,Portugal,Birds,casual,jaula,Pre-Introduction,eCommerce,eCommerce,2014,2014-06-01T00:00:00Z,title_description,,,,,
video_014301,2022-10-17T21:24:44Z,4717,125,0,Psittacus_erithacus,Portugal,Birds,casual,ataca,Post-Introduction,Threat,Threat,2014,2014-06-01T00:00:00Z,title_description,,,,,
video_015195,2022-08-14T17:19:22Z,422,9,4,Psittacus_erithacus,Portugal,Birds,casual,compra,Post-Introduction,eCommerce,eCommerce,2014,2014-06-01T00:00:00Z,title_description,,,,,
video_006133,2011-06-28T18:44:30Z,232662,939,56,Psittacus_erithacus,Portugal,Birds,casual,jaula,Pre-Introduction,eCommerce,eCommerce,2014,2014-06-01T00:00:00Z,title_description,,,,,
video_006044,2018-01-30T19:44:24Z,60,4,0,Psittacus_erithacus,Portugal,Birds,casual,costo,Post-Introduction,eCommerce,eCommerce,2014,2014-06-01T00:00:00Z,title_description,,,,,
video_010068,2011-12-12T15:22:53Z,60,0,0,Psittacus_erithacus,Portugal,Birds,casual,jaula,Pre-Introduction,eCommerce,eCommerce,2014,2014-06-01T00:00:00Z,title_description,,,,,
video_011691,2025-07-31T11:05:04Z,1152,13,0,Psittacus_erithacus,Portugal,Birds,casual,exotica,Post-Introduction,Invasion,Invasion,2014,2014-06-01T00:00:00Z,title_description,,,,,
video_015075,2021-08-26T14:23:39Z,2855,30,0,Rapana_venosa,Spain,Non-arthropod invertebrates,uncertain,invasora,Post-Introduction,Invasion,Invasion,2007,2007-03-15T00:00:00Z,title_description,,,,,
video_015612,2021-07-27T18:25:57Z,186,4,0,Reticulitermes_flavipes,Canary Islands,Insects,alien,control,Post-Introduction,Detection,Detection,2010,2010-06-01T00:00:00Z,title_description,,,,,
video_015039,2021-05-31T14:00:31Z,1183,33,0,Rugulopteryx_okamurae,Spain,Plants,alien,invasion,Post-Introduction,Invasion,Invasion,2015,2015-06-01T00:00:00Z,title_description,,,,,
video_015039,2021-05-31T14:00:31Z,1183,33,0,Rugulopteryx_okamurae,Spain,Plants,alien,afectando,Post-Introduction,Invasion,Invasion,2015,2015-06-01T00:00:00Z,title_description,,,,,
video_014106,2023-08-31T16:00:29Z,1134,67,40,Rugulopteryx_okamurae,Spain,Plants,alien,invasora,Post-Introduction,Invasion,Invasion,2015,2015-06-01T00:00:00Z,title_description,,,,,
video_014106,2023-08-31T16:00:29Z,1134,67,40,Rugulopteryx_okamurae,Spain,Plants,alien,invasora,Post-Introduction,Invasion,Invasion,2015,2015-06-01T00:00:00Z,title_description,,,,,
video_002407,2025-08-09T14:04:39Z,2521,7,2,Rugulopteryx_okamurae,Spain,Plants,alien,invasora,Post-Introduction,Invasion,Invasion,2015,2015-06-01T00:00:00Z,title_description,,,,,
video_016226,2025-05-18T07:15:12Z,56,2,0,Rugulopteryx_okamurae,Spain,Plants,alien,invasion,Post-Introduction,Invasion,Invasion,2015,2015-06-01T00:00:00Z,title_description,,,,,
video_014425,2020-06-21T13:38:17Z,4320,49,18,Rugulopteryx_okamurae,Spain,Plants,alien,invasora,Post-Introduction,Invasion,Invasion,2015,2015-06-01T00:00:00Z,title_description,,,,,
video_014425,2020-06-21T13:38:17Z,4320,49,18,Rugulopteryx_okamurae,Spain,Plants,alien,amenaza,Post-Introduction,Threat,Threat,2015,2015-06-01T00:00:00Z,title_description,,,,,
video_014425,2020-06-21T13:38:17Z,4320,49,18,Rugulopteryx_okamurae,Spain,Plants,alien,captura,Post-Introduction,Detection,Detection,2015,2015-06-01T00:00:00Z,title_description,,,,,
video_014072,2024-09-12T14:40:05Z,1147,29,1,Rugulopteryx_okamurae,Spain,Plants,alien,invasora,Post-Introduction,Invasion,Invasion,2015,2015-06-01T00:00:00Z,title_description,,,,,
video_014834,2019-07-31T18:59:19Z,323,2,2,Rugulopteryx_okamurae,Spain,Plants,alien,invasora,Post-Introduction,Invasion,Invasion,2015,2015-06-01T00:00:00Z,title_description,,,,,
video_014834,2019-07-31T18:59:19Z,323,2,2,Rugulopteryx_okamurae,Spain,Plants,alien,invasion,Post-Introduction,Invasion,Invasion,2015,2015-06-01T00:00:00Z,title_description,,,,,
video_007984,2025-07-30T11:30:17Z,27,0,0,Rugulopteryx_okamurae,Spain,Plants,alien,invade,Post-Introduction,Invasion,Invasion,2015,2015-06-01T00:00:00Z,title_description,,,,,
video_007984,2025-07-30T11:30:17Z,27,0,0,Rugulopteryx_okamurae,Spain,Plants,alien,invade,Post-Introduction,Invasion,Invasion,2015,2015-06-01T00:00:00Z,title_description,,,,,
video_006748,2025-07-29T12:04:43Z,708,2,0,Rugulopteryx_okamurae,Spain,Plants,alien,invade,Post-Introduction,Invasion,Invasion,2015,2015-06-01T00:00:00Z,title_description,,,,,
video_006748,2025-07-29T12:04:43Z,708,2,0,Rugulopteryx_okamurae,Spain,Plants,alien,invade,Post-Introduction,Invasion,Invasion,2015,2015-06-01T00:00:00Z,title_description,,,,,
video_002310,2023-09-01T12:22:40Z,24,1,0,Rugulopteryx_okamurae,Spain,Plants,alien,expansion,Post-Introduction,Invasion,Invasion,2015,2015-06-01T00:00:00Z,title_description,,,,,
video_002419,2019-09-17T15:52:32Z,1013,3,0,Rugulopteryx_okamurae,Spain,Plants,alien,invasora,Post-Introduction,Invasion,Invasion,2015,2015-06-01T00:00:00Z,title_description,,,,,
video_014674,2024-09-05T10:00:53Z,2166,84,2,Rugulopteryx_okamurae,Spain,Plants,alien,alerta,Post-Introduction,Detection,Detection,2015,2015-06-01T00:00:00Z,title_description,,,,,
video_014674,2024-09-05T10:00:53Z,2166,84,2,Rugulopteryx_okamurae,Spain,Plants,alien,invasora,Post-Introduction,Invasion,Invasion,2015,2015-06-01T00:00:00Z,title_description,,,,,
video_014674,2024-09-05T10:00:53Z,2166,84,2,Rugulopteryx_okamurae,Spain,Plants,alien,amenaza,Post-Introduction,Threat,Threat,2015,2015-06-01T00:00:00Z,title_description,,,,,
video_016630,2020-07-03T13:10:20Z,26,0,,Rugulopteryx_okamurae,Spain,Plants,alien,invasora,Post-Introduction,Invasion,Invasion,2015,2015-06-01T00:00:00Z,title_description,,,,,
video_016630,2020-07-03T13:10:20Z,26,0,,Rugulopteryx_okamurae,Spain,Plants,alien,visto,Post-Introduction,Detection,Detection,2015,2015-06-01T00:00:00Z,title_description,,,,,
video_016630,2020-07-03T13:10:20Z,26,0,,Rugulopteryx_okamurae,Spain,Plants,alien,invade,Post-Introduction,Invasion,Invasion,2015,2015-06-01T00:00:00Z,title_description,,,,,
video_009755,2025-06-05T11:47:29Z,314,3,0,Rugulopteryx_okamurae,Spain,Plants,alien,invade,Post-Introduction,Invasion,Invasion,2015,2015-06-01T00:00:00Z,title_description,,,,,
video_009755,2025-06-05T11:47:29Z,314,3,0,Rugulopteryx_okamurae,Spain,Plants,alien,invasion,Post-Introduction,Invasion,Invasion,2015,2015-06-01T00:00:00Z,title_description,,,,,
video_013555,2020-02-03T11:01:07Z,1748,27,,Rugulopteryx_okamurae,Spain,Plants,alien,invasora,Post-Introduction,Invasion,Invasion,2015,2015-06-01T00:00:00Z,title_description,,,,,
video_000471,2024-04-28T05:30:00Z,322,,,Rugulopteryx_okamurae,Spain,Plants,alien,invasora,Post-Introduction,Invasion,Invasion,2015,2015-06-01T00:00:00Z,title_description,,,,,
video_000471,2024-04-28T05:30:00Z,322,,,Rugulopteryx_okamurae,Spain,Plants,alien,invasora,Post-Introduction,Invasion,Invasion,2015,2015-06-01T00:00:00Z,title_description,,,,,
video_007414,2025-08-08T13:50:52Z,2775,31,10,Rugulopteryx_okamurae,Spain,Plants,alien,invasora,Post-Introduction,Invasion,Invasion,2015,2015-06-01T00:00:00Z,title_description,,,,,
video_014631,2025-06-11T12:28:38Z,25,0,1,Rugulopteryx_okamurae,Spain,Plants,alien,invasora,Post-Introduction,Invasion,Invasion,2015,2015-06-01T00:00:00Z,title_description,,,,,
video_004810,2020-06-24T12:34:11Z,10,0,,Rugulopteryx_okamurae,Spain,Plants,alien,invasora,Post-Introduction,Invasion,Invasion,2015,2015-06-01T00:00:00Z,title_description,,,,,
video_004810,2020-06-24T12:34:11Z,10,0,,Rugulopteryx_okamurae,Spain,Plants,alien,invasora,Post-Introduction,Invasion,Invasion,2015,2015-06-01T00:00:00Z,title_description,,,,,
video_001176,2019-09-06T12:07:00Z,35,0,,Rugulopteryx_okamurae,Spain,Plants,alien,exotica,Post-Introduction,Invasion,Invasion,2015,2015-06-01T00:00:00Z,title_description,,,,,
video_001176,2019-09-06T12:07:00Z,35,0,,Rugulopteryx_okamurae,Spain,Plants,alien,invasora,Post-Introduction,Invasion,Invasion,2015,2015-06-01T00:00:00Z,title_description,,,,,
video_000150,2019-09-20T12:17:58Z,18,0,,Rugulopteryx_okamurae,Spain,Plants,alien,invasora,Post-Introduction,Invasion,Invasion,2015,2015-06-01T00:00:00Z,title_description,,,,,
video_009062,2024-08-04T10:00:28Z,14662,423,74,Rugulopteryx_okamurae,Spain,Plants,alien,alerta,Post-Introduction,Detection,Detection,2015,2015-06-01T00:00:00Z,title_description,,,,,
video_009062,2024-08-04T10:00:28Z,14662,423,74,Rugulopteryx_okamurae,Spain,Plants,alien,invasora,Post-Introduction,Invasion,Invasion,2015,2015-06-01T00:00:00Z,title_description,,,,,
video_009062,2024-08-04T10:00:28Z,14662,423,74,Rugulopteryx_okamurae,Spain,Plants,alien,invade,Post-Introduction,Invasion,Invasion,2015,2015-06-01T00:00:00Z,title_description,,,,,
video_009062,2024-08-04T10:00:28Z,14662,423,74,Rugulopteryx_okamurae,Spain,Plants,alien,amenaza,Post-Introduction,Threat,Threat,2015,2015-06-01T00:00:00Z,title_description,,,,,
video_009817,2020-12-06T06:40:21Z,81,0,0,Rugulopteryx_okamurae,Spain,Plants,alien,invasora,Post-Introduction,Invasion,Invasion,2015,2015-06-01T00:00:00Z,title_description,,,,,
video_007613,2021-04-13T10:42:52Z,24,0,,Rugulopteryx_okamurae,Spain,Plants,alien,invasion,Post-Introduction,Invasion,Invasion,2015,2015-06-01T00:00:00Z,title_description,,,,,
video_007613,2021-04-13T10:42:52Z,24,0,,Rugulopteryx_okamurae,Spain,Plants,alien,invasion,Post-Introduction,Invasion,Invasion,2015,2015-06-01T00:00:00Z,title_description,,,,,
video_015939,2025-07-26T10:06:12Z,393,3,0,Rugulopteryx_okamurae,Spain,Plants,alien,invasion,Post-Introduction,Invasion,Invasion,2015,2015-06-01T00:00:00Z,title_description,,,,,
video_005781,2025-07-28T16:30:40Z,816,2,0,Rugulopteryx_okamurae,Spain,Plants,alien,alerta,Post-Introduction,Detection,Detection,2015,2015-06-01T00:00:00Z,title_description,,,,,
video_005781,2025-07-28T16:30:40Z,816,2,0,Rugulopteryx_okamurae,Spain,Plants,alien,invade,Post-Introduction,Invasion,Invasion,2015,2015-06-01T00:00:00Z,title_description,,,,,
video_005781,2025-07-28T16:30:40Z,816,2,0,Rugulopteryx_okamurae,Spain,Plants,alien,amenaza,Post-Introduction,Threat,Threat,2015,2015-06-01T00:00:00Z,title_description,,,,,
video_016970,2023-10-24T14:29:11Z,113,1,0,Rugulopteryx_okamurae,Spain,Plants,alien,invasora,Post-Introduction,Invasion,Invasion,2015,2015-06-01T00:00:00Z,title_description,,,,,
video_000472,2025-08-10T14:00:01Z,2230,42,3,Rugulopteryx_okamurae,Spain,Plants,alien,invasora,Post-Introduction,Invasion,Invasion,2015,2015-06-01T00:00:00Z,title_description,,,,,
video_000472,2025-08-10T14:00:01Z,2230,42,3,Rugulopteryx_okamurae,Spain,Plants,alien,euros,Post-Introduction,eCommerce,eCommerce,2015,2015-06-01T00:00:00Z,title_description,,,,,
video_000472,2025-08-10T14:00:01Z,2230,42,3,Rugulopteryx_okamurae,Spain,Plants,alien,colonizacion,Post-Introduction,Invasion,Invasion,2015,2015-06-01T00:00:00Z,title_description,,,,,
video_003059,2021-07-30T16:57:11Z,135,1,0,Rugulopteryx_okamurae,Spain,Plants,alien,invasora,Post-Introduction,Invasion,Invasion,2015,2015-06-01T00:00:00Z,title_description,,,,,
video_003059,2021-07-30T16:57:11Z,135,1,0,Rugulopteryx_okamurae,Spain,Plants,alien,invasora,Post-Introduction,Invasion,Invasion,2015,2015-06-01T00:00:00Z,title_description,,,,,
video_007976,2019-09-05T12:26:56Z,9,0,,Rugulopteryx_okamurae,Spain,Plants,alien,invasora,Post-Introduction,Invasion,Invasion,2015,2015-06-01T00:00:00Z,title_description,,,,,
video_008369,2019-06-14T14:08:22Z,1260,5,0,Rugulopteryx_okamurae,Spain,Plants,alien,invasora,Post-Introduction,Invasion,Invasion,2015,2015-06-01T00:00:00Z,title_description,,,,,
video_008369,2019-06-14T14:08:22Z,1260,5,0,Rugulopteryx_okamurae,Spain,Plants,alien,invasion,Post-Introduction,Invasion,Invasion,2015,2015-06-01T00:00:00Z,title_description,,,,,
video_013309,2019-10-10T09:42:40Z,1501,20,,Rugulopteryx_okamurae,Spain,Plants,alien,invasoras,Post-Introduction,Invasion,Invasion,2015,2015-06-01T00:00:00Z,title_description,,,,,
video_013309,2019-10-10T09:42:40Z,1501,20,,Rugulopteryx_okamurae,Spain,Plants,alien,proliferacion,Post-Introduction,Invasion,Invasion,2015,2015-06-01T00:00:00Z,title_description,,,,,
video_014569,2021-05-04T09:44:07Z,7,0,,Rugulopteryx_okamurae,Spain,Plants,alien,proliferacion,Post-Introduction,Invasion,Invasion,2015,2015-06-01T00:00:00Z,title_description,,,,,
video_009488,2019-07-22T12:54:29Z,13,0,,Rugulopteryx_okamurae,Spain,Plants,alien,invasora,Post-Introduction,Invasion,Invasion,2015,2015-06-01T00:00:00Z,title_description,,,,,
video_010463,2021-04-22T11:37:13Z,11,0,,Rugulopteryx_okamurae,Spain,Plants,alien,amenaza,Post-Introduction,Threat,Threat,2015,2015-06-01T00:00:00Z,title_description,,,,,
video_005101,2023-11-02T08:43:52Z,414,11,0,Rugulopteryx_okamurae,Spain,Plants,alien,invasora,Post-Introduction,Invasion,Invasion,2015,2015-06-01T00:00:00Z,title_description,,,,,
video_012855,2020-07-27T09:31:04Z,253,14,0,Rugulopteryx_okamurae,Spain,Plants,alien,invasion,Post-Introduction,Invasion,Invasion,2015,2015-06-01T00:00:00Z,title_description,,,,,
video_012855,2020-07-27T09:31:04Z,253,14,0,Rugulopteryx_okamurae,Spain,Plants,alien,invasion,Post-Introduction,Invasion,Invasion,2015,2015-06-01T00:00:00Z,title_description,,,,,
video_011544,2019-09-17T16:31:50Z,19,0,0,Rugulopteryx_okamurae,Spain,Plants,alien,visto,Post-Introduction,Detection,Detection,2015,2015-06-01T00:00:00Z,title_description,,,,,
video_011544,2019-09-17T16:31:50Z,19,0,0,Rugulopteryx_okamurae,Spain,Plants,alien,capturas,Post-Introduction,Detection,Detection,2015,2015-06-01T00:00:00Z,title_description,,,,,
video_004231,2021-04-08T12:11:17Z,16,0,,Rugulopteryx_okamurae,Spain,Plants,alien,euros,Post-Introduction,eCommerce,eCommerce,2015,2015-06-01T00:00:00Z,title_description,,,,,
video_001527,2024-09-10T10:00:04Z,1938,83,0,Rugulopteryx_okamurae,Spain,Plants,alien,invasora,Post-Introduction,Invasion,Invasion,2015,2015-06-01T00:00:00Z,title_description,,,,,
video_001527,2024-09-10T10:00:04Z,1938,83,0,Rugulopteryx_okamurae,Spain,Plants,alien,amenaza,Post-Introduction,Threat,Threat,2015,2015-06-01T00:00:00Z,title_description,,,,,
video_014942,2024-09-06T10:01:02Z,4106,127,7,Rugulopteryx_okamurae,Spain,Plants,alien,invasora,Post-Introduction,Invasion,Invasion,2015,2015-06-01T00:00:00Z,title_description,,,,,
video_014942,2024-09-06T10:01:02Z,4106,127,7,Rugulopteryx_okamurae,Spain,Plants,alien,amenaza,Post-Introduction,Threat,Threat,2015,2015-06-01T00:00:00Z,title_description,,,,,
video_014336,2021-06-14T11:00:17Z,8231,41,,Rugulopteryx_okamurae,Spain,Plants,alien,peligro,Post-Introduction,Threat,Threat,2015,2015-06-01T00:00:00Z,title_description,,,,,
video_013464,2021-04-29T12:23:24Z,5,0,,Rugulopteryx_okamurae,Spain,Plants,alien,proliferacion,Post-Introduction,Invasion,Invasion,2015,2015-06-01T00:00:00Z,title_description,,,,,
video_002352,2024-09-11T10:00:06Z,1494,44,3,Rugulopteryx_okamurae,Spain,Plants,alien,invasora,Post-Introduction,Invasion,Invasion,2015,2015-06-01T00:00:00Z,title_description,,,,,
video_002352,2024-09-11T10:00:06Z,1494,44,3,Rugulopteryx_okamurae,Spain,Plants,alien,amenaza,Post-Introduction,Threat,Threat,2015,2015-06-01T00:00:00Z,title_description,,,,,
video_004385,2022-06-08T10:22:47Z,6,0,,Rugulopteryx_okamurae,Spain,Plants,alien,invasora,Post-Introduction,Invasion,Invasion,2015,2015-06-01T00:00:00Z,title_description,,,,,
video_004385,2022-06-08T10:22:47Z,6,0,,Rugulopteryx_okamurae,Spain,Plants,alien,invasora,Post-Introduction,Invasion,Invasion,2015,2015-06-01T00:00:00Z,title_description,,,,,
video_016670,2021-07-06T12:21:50Z,21,0,,Rugulopteryx_okamurae,Spain,Plants,alien,invasora,Post-Introduction,Invasion,Invasion,2015,2015-06-01T00:00:00Z,title_description,,,,,
video_007514,2024-09-04T10:00:22Z,1474,82,1,Rugulopteryx_okamurae,Spain,Plants,alien,alerta,Post-Introduction,Detection,Detection,2015,2015-06-01T00:00:00Z,title_description,,,,,
video_007514,2024-09-04T10:00:22Z,1474,82,1,Rugulopteryx_okamurae,Spain,Plants,alien,invasora,Post-Introduction,Invasion,Invasion,2015,2015-06-01T00:00:00Z,title_description,,,,,
video_007514,2024-09-04T10:00:22Z,1474,82,1,Rugulopteryx_okamurae,Spain,Plants,alien,amenaza,Post-Introduction,Threat,Threat,2015,2015-06-01T00:00:00Z,title_description,,,,,
video_003232,2024-09-07T10:00:18Z,18133,231,4,Rugulopteryx_okamurae,Spain,Plants,alien,invasora,Post-Introduction,Invasion,Invasion,2015,2015-06-01T00:00:00Z,title_description,,,,,
video_003232,2024-09-07T10:00:18Z,18133,231,4,Rugulopteryx_okamurae,Spain,Plants,alien,amenaza,Post-Introduction,Threat,Threat,2015,2015-06-01T00:00:00Z,title_description,,,,,
video_012059,2025-07-26T12:50:34Z,1,0,0,Rugulopteryx_okamurae,Spain,Plants,alien,invasora,Post-Introduction,Invasion,Invasion,2015,2015-06-01T00:00:00Z,title_description,,,,,
video_005547,2024-11-06T11:12:52Z,103,1,0,Rugulopteryx_okamurae,Spain,Plants,alien,invasora,Post-Introduction,Invasion,Invasion,2015,2015-06-01T00:00:00Z,title_description,,,,,
video_005547,2024-11-06T11:12:52Z,103,1,0,Rugulopteryx_okamurae,Spain,Plants,alien,invasion,Post-Introduction,Invasion,Invasion,2015,2015-06-01T00:00:00Z,title_description,,,,,
video_016971,2021-04-29T12:12:10Z,57,2,0,Rugulopteryx_okamurae,Spain,Plants,alien,invasora,Post-Introduction,Invasion,Invasion,2015,2015-06-01T00:00:00Z,title_description,,,,,
video_016971,2021-04-29T12:12:10Z,57,2,0,Rugulopteryx_okamurae,Spain,Plants,alien,vector,Post-Introduction,Threat,Threat,2015,2015-06-01T00:00:00Z,title_description,,,,,
video_016971,2021-04-29T12:12:10Z,57,2,0,Rugulopteryx_okamurae,Spain,Plants,alien,invasora,Post-Introduction,Invasion,Invasion,2015,2015-06-01T00:00:00Z,title_description,,,,,
video_005893,2024-01-12T17:00:13Z,80,10,8,Rugulopteryx_okamurae,Spain,Plants,alien,amenaza,Post-Introduction,Threat,Threat,2015,2015-06-01T00:00:00Z,title_description,,,,,
video_005893,2024-01-12T17:00:13Z,80,10,8,Rugulopteryx_okamurae,Spain,Plants,alien,amenaza,Post-Introduction,Threat,Threat,2015,2015-06-01T00:00:00Z,title_description,,,,,
video_005893,2024-01-12T17:00:13Z,80,10,8,Rugulopteryx_okamurae,Spain,Plants,alien,amenaza,Post-Introduction,Threat,Threat,2015,2015-06-01T00:00:00Z,title_description,,,,,
video_005411,2025-08-11T15:37:16Z,1621,35,14,Rugulopteryx_okamurae,Spain,Plants,alien,invasoras,Post-Introduction,Invasion,Invasion,2015,2015-06-01T00:00:00Z,title_description,,,,,
video_005411,2025-08-11T15:37:16Z,1621,35,14,Rugulopteryx_okamurae,Spain,Plants,alien,invasora,Post-Introduction,Invasion,Invasion,2015,2015-06-01T00:00:00Z,title_description,,,,,
video_011026,2024-09-12T11:29:08Z,1063,2,0,Rugulopteryx_okamurae,Spain,Plants,alien,invasora,Post-Introduction,Invasion,Invasion,2015,2015-06-01T00:00:00Z,title_description,,,,,
video_011026,2024-09-12T11:29:08Z,1063,2,0,Rugulopteryx_okamurae,Spain,Plants,alien,invasora,Post-Introduction,Invasion,Invasion,2015,2015-06-01T00:00:00Z,title_description,,,,,
video_012121,2021-05-27T14:09:04Z,21,0,0,Rugulopteryx_okamurae,Spain,Plants,alien,invasora,Post-Introduction,Invasion,Invasion,2015,2015-06-01T00:00:00Z,title_description,,,,,
video_007712,2025-07-16T14:41:41Z,93,1,0,Rugulopteryx_okamurae,Spain,Plants,alien,invasora,Post-Introduction,Invasion,Invasion,2015,2015-06-01T00:00:00Z,title_description,,,,,
video_003119,2020-01-21T11:56:27Z,42,0,0,Rugulopteryx_okamurae,Spain,Plants,alien,invasora,Post-Introduction,Invasion,Invasion,2015,2015-06-01T00:00:00Z,title_description,,,,,
video_003119,2020-01-21T11:56:27Z,42,0,0,Rugulopteryx_okamurae,Spain,Plants,alien,invasora,Post-Introduction,Invasion,Invasion,2015,2015-06-01T00:00:00Z,title_description,,,,,
video_003119,2020-01-21T11:56:27Z,42,0,0,Rugulopteryx_okamurae,Spain,Plants,alien,competencia,Post-Introduction,Threat,Threat,2015,2015-06-01T00:00:00Z,title_description,,,,,
video_010624,2019-10-30T19:38:34Z,30,0,0,Rugulopteryx_okamurae,Spain,Plants,alien,invasora,Post-Introduction,Invasion,Invasion,2015,2015-06-01T00:00:00Z,title_description,,,,,
video_000916,2019-06-21T07:26:30Z,372,4,0,Rugulopteryx_okamurae,Spain,Plants,alien,invasora,Post-Introduction,Invasion,Invasion,2015,2015-06-01T00:00:00Z,title_description,,,,,
video_000720,2019-10-30T19:39:59Z,16,0,0,Rugulopteryx_okamurae,Spain,Plants,alien,invasora,Post-Introduction,Invasion,Invasion,2015,2015-06-01T00:00:00Z,title_description,,,,,
video_000718,2019-10-30T19:42:59Z,36,0,0,Rugulopteryx_okamurae,Spain,Plants,alien,invasora,Post-Introduction,Invasion,Invasion,2015,2015-06-01T00:00:00Z,title_description,,,,,
video_005585,2019-10-30T19:36:17Z,55,0,0,Rugulopteryx_okamurae,Spain,Plants,alien,invasora,Post-Introduction,Invasion,Invasion,2015,2015-06-01T00:00:00Z,title_description,,,,,
video_010655,2019-10-30T19:45:03Z,32,0,0,Rugulopteryx_okamurae,Spain,Plants,alien,invasora,Post-Introduction,Invasion,Invasion,2015,2015-06-01T00:00:00Z,title_description,,,,,
video_000344,2019-09-16T19:27:32Z,31,0,0,Rugulopteryx_okamurae,Spain,Plants,alien,invasora,Post-Introduction,Invasion,Invasion,2015,2015-06-01T00:00:00Z,title_description,,,,,
video_005418,2023-07-18T16:40:58Z,1014,15,2,Rugulopteryx_okamurae,Spain,Plants,alien,invasion,Post-Introduction,Invasion,Invasion,2015,2015-06-01T00:00:00Z,title_description,,,,,
video_014974,2019-11-04T11:00:07Z,897,,,Rugulopteryx_okamurae,Spain,Plants,alien,invasora,Post-Introduction,Invasion,Invasion,2015,2015-06-01T00:00:00Z,title_description,,,,,
video_014974,2019-11-04T11:00:07Z,897,,,Rugulopteryx_okamurae,Spain,Plants,alien,invasora,Post-Introduction,Invasion,Invasion,2015,2015-06-01T00:00:00Z,title_description,,,,,
video_014534,2021-06-20T12:00:21Z,519,9,0,Rugulopteryx_okamurae,Spain,Plants,alien,invasion,Post-Introduction,Invasion,Invasion,2015,2015-06-01T00:00:00Z,title_description,,,,,
video_014534,2021-06-20T12:00:21Z,519,9,0,Rugulopteryx_okamurae,Spain,Plants,alien,invasion,Post-Introduction,Invasion,Invasion,2015,2015-06-01T00:00:00Z,title_description,,,,,
video_011891,2022-06-24T12:17:34Z,132,1,0,Rugulopteryx_okamurae,Spain,Plants,alien,invasoras,Post-Introduction,Invasion,Invasion,2015,2015-06-01T00:00:00Z,title_description,,,,,
video_013307,2025-06-15T16:20:32Z,216,2,1,Rugulopteryx_okamurae,Spain,Plants,alien,invasion,Post-Introduction,Invasion,Invasion,2015,2015-06-01T00:00:00Z,title_description,,,,,
video_013307,2025-06-15T16:20:32Z,216,2,1,Rugulopteryx_okamurae,Spain,Plants,alien,invasora,Post-Introduction,Invasion,Invasion,2015,2015-06-01T00:00:00Z,title_description,,,,,
video_016324,2019-11-26T08:27:11Z,6098,82,,Rugulopteryx_okamurae,Spain,Plants,alien,invasoras,Post-Introduction,Invasion,Invasion,2015,2015-06-01T00:00:00Z,title_description,,,,,
video_005180,2023-07-19T21:36:02Z,5773,50,6,Rugulopteryx_okamurae,Spain,Plants,alien,invasion,Post-Introduction,Invasion,Invasion,2015,2015-06-01T00:00:00Z,title_description,,,,,
video_011359,2024-06-11T12:32:52Z,199,1,0,Rugulopteryx_okamurae,Spain,Plants,alien,expansion,Post-Introduction,Invasion,Invasion,2015,2015-06-01T00:00:00Z,title_description,,,,,
video_011359,2024-06-11T12:32:52Z,199,1,0,Rugulopteryx_okamurae,Spain,Plants,alien,afectando,Post-Introduction,Invasion,Invasion,2015,2015-06-01T00:00:00Z,title_description,,,,,
video_001139,2024-05-13T11:14:28Z,35,0,0,Rugulopteryx_okamurae,Spain,Plants,alien,invasoras,Post-Introduction,Invasion,Invasion,2015,2015-06-01T00:00:00Z,title_description,,,,,
video_004717,2025-02-07T18:36:22Z,356,22,,Rugulopteryx_okamurae,Spain,Plants,alien,invasora,Post-Introduction,Invasion,Invasion,2015,2015-06-01T00:00:00Z,title_description,,,,,
video_009031,2024-11-17T09:07:39Z,78,1,0,Rugulopteryx_okamurae,Spain,Plants,alien,invasoras,Post-Introduction,Invasion,Invasion,2015,2015-06-01T00:00:00Z,title_description,,,,,
video_013357,2025-08-16T19:26:23Z,2,0,0,Rugulopteryx_okamurae,Spain,Plants,alien,invasoras,Post-Introduction,Invasion,Invasion,2015,2015-06-01T00:00:00Z,title_description,,,,,
video_000176,2025-07-18T11:30:21Z,55,1,0,Rugulopteryx_okamurae,Spain,Plants,alien,proliferacion,Post-Introduction,Invasion,Invasion,2015,2015-06-01T00:00:00Z,title_description,,,,,
video_002541,2025-08-08T17:15:32Z,658,6,0,Rugulopteryx_okamurae,Spain,Plants,alien,invasora,Post-Introduction,Invasion,Invasion,2015,2015-06-01T00:00:00Z,title_description,,,,,
video_002541,2025-08-08T17:15:32Z,658,6,0,Rugulopteryx_okamurae,Spain,Plants,alien,invasora,Post-Introduction,Invasion,Invasion,2015,2015-06-01T00:00:00Z,title_description,,,,,
video_003990,2023-09-29T06:27:46Z,3521,33,6,Rugulopteryx_okamurae,Spain,Plants,alien,invasora,Post-Introduction,Invasion,Invasion,2015,2015-06-01T00:00:00Z,title_description,,,,,
video_003990,2023-09-29T06:27:46Z,3521,33,6,Rugulopteryx_okamurae,Spain,Plants,alien,exotica,Post-Introduction,Invasion,Invasion,2015,2015-06-01T00:00:00Z,title_description,,,,,
video_003990,2023-09-29T06:27:46Z,3521,33,6,Rugulopteryx_okamurae,Spain,Plants,alien,invasora,Post-Introduction,Invasion,Invasion,2015,2015-06-01T00:00:00Z,title_description,,,,,
video_003687,2024-02-06T10:25:44Z,194,0,0,Rugulopteryx_okamurae,Spain,Plants,alien,invasora,Post-Introduction,Invasion,Invasion,2015,2015-06-01T00:00:00Z,title_description,,,,,
video_010394,2025-02-16T08:11:42Z,81,0,0,Rugulopteryx_okamurae,Spain,Plants,alien,invasoras,Post-Introduction,Invasion,Invasion,2015,2015-06-01T00:00:00Z,title_description,,,,,
video_010394,2025-02-16T08:11:42Z,81,0,0,Rugulopteryx_okamurae,Spain,Plants,alien,invasoras,Post-Introduction,Invasion,Invasion,2015,2015-06-01T00:00:00Z,title_description,,,,,
video_005414,2025-04-02T17:11:21Z,36,0,0,Rugulopteryx_okamurae,Spain,Plants,alien,control,Post-Introduction,Detection,Detection,2015,2015-06-01T00:00:00Z,title_description,,,,,
video_005414,2025-04-02T17:11:21Z,36,0,0,Rugulopteryx_okamurae,Spain,Plants,alien,control,Post-Introduction,Detection,Detection,2015,2015-06-01T00:00:00Z,title_description,,,,,
video_010540,2021-11-05T10:30:17Z,111,2,,Rugulopteryx_okamurae,Spain,Plants,alien,invasora,Post-Introduction,Invasion,Invasion,2015,2015-06-01T00:00:00Z,title_description,,,,,
video_010540,2021-11-05T10:30:17Z,111,2,,Rugulopteryx_okamurae,Spain,Plants,alien,invasora,Post-Introduction,Invasion,Invasion,2015,2015-06-01T00:00:00Z,title_description,,,,,
video_010925,2025-03-22T12:50:25Z,89,6,0,Rugulopteryx_okamurae,Spain,Plants,alien,invasora,Post-Introduction,Invasion,Invasion,2015,2015-06-01T00:00:00Z,title_description,,,,,
video_015727,2025-04-02T18:23:27Z,99,0,0,Rugulopteryx_okamurae,Spain,Plants,alien,control,Post-Introduction,Detection,Detection,2015,2015-06-01T00:00:00Z,title_description,,,,,
video_015727,2025-04-02T18:23:27Z,99,0,0,Rugulopteryx_okamurae,Spain,Plants,alien,control,Post-Introduction,Detection,Detection,2015,2015-06-01T00:00:00Z,title_description,,,,,
video_015727,2025-04-02T18:23:27Z,99,0,0,Rugulopteryx_okamurae,Spain,Plants,alien,control,Post-Introduction,Detection,Detection,2015,2015-06-01T00:00:00Z,title_description,,,,,
video_000733,2020-06-25T12:13:38Z,97,2,,Rugulopteryx_okamurae,Spain,Plants,alien,invasora,Post-Introduction,Invasion,Invasion,2015,2015-06-01T00:00:00Z,title_description,,,,,
video_000659,2020-12-01T13:47:29Z,116,0,,Rugulopteryx_okamurae,Spain,Plants,alien,invasora,Post-Introduction,Invasion,Invasion,2015,2015-06-01T00:00:00Z,title_description,,,,,
video_005870,2021-04-12T14:02:28Z,849,1,,Rugulopteryx_okamurae,Spain,Plants,alien,invasora,Post-Introduction,Invasion,Invasion,2015,2015-06-01T00:00:00Z,title_description,,,,,
video_005870,2021-04-12T14:02:28Z,849,1,,Rugulopteryx_okamurae,Spain,Plants,alien,detectada,Post-Introduction,Detection,Detection,2015,2015-06-01T00:00:00Z,title_description,,,,,
video_005870,2021-04-12T14:02:28Z,849,1,,Rugulopteryx_okamurae,Spain,Plants,alien,amenaza,Post-Introduction,Threat,Threat,2015,2015-06-01T00:00:00Z,title_description,,,,,
video_000731,2022-02-28T21:07:11Z,215,5,0,Rugulopteryx_okamurae,Spain,Plants,alien,invasora,Post-Introduction,Invasion,Invasion,2015,2015-06-01T00:00:00Z,title_description,,,,,
video_012038,2023-01-25T09:26:20Z,74,0,0,Rugulopteryx_okamurae,Spain,Plants,alien,monitoreo,Post-Introduction,Detection,Detection,2015,2015-06-01T00:00:00Z,title_description,,,,,
video_012038,2023-01-25T09:26:20Z,74,0,0,Rugulopteryx_okamurae,Spain,Plants,alien,oferta,Post-Introduction,eCommerce,eCommerce,2015,2015-06-01T00:00:00Z,title_description,,,,,
video_012050,2025-04-02T18:24:02Z,179,2,0,Rugulopteryx_okamurae,Spain,Plants,alien,control,Post-Introduction,Detection,Detection,2015,2015-06-01T00:00:00Z,title_description,,,,,
video_012050,2025-04-02T18:24:02Z,179,2,0,Rugulopteryx_okamurae,Spain,Plants,alien,control,Post-Introduction,Detection,Detection,2015,2015-06-01T00:00:00Z,title_description,,,,,
video_000232,2024-07-30T21:37:57Z,55,1,0,Rugulopteryx_okamurae,Spain,Plants,alien,ataca,Post-Introduction,Threat,Threat,2015,2015-06-01T00:00:00Z,title_description,,,,,
video_000232,2024-07-30T21:37:57Z,55,1,0,Rugulopteryx_okamurae,Spain,Plants,alien,ataca,Post-Introduction,Threat,Threat,2015,2015-06-01T00:00:00Z,title_description,,,,,
video_000539,2025-04-02T18:31:52Z,63,0,0,Rugulopteryx_okamurae,Spain,Plants,alien,control,Post-Introduction,Detection,Detection,2015,2015-06-01T00:00:00Z,title_description,,,,,
video_000539,2025-04-02T18:31:52Z,63,0,0,Rugulopteryx_okamurae,Spain,Plants,alien,control,Post-Introduction,Detection,Detection,2015,2015-06-01T00:00:00Z,title_description,,,,,
video_005240,2023-08-23T13:09:12Z,181,8,0,Rugulopteryx_okamurae,Spain,Plants,alien,invasora,Post-Introduction,Invasion,Invasion,2015,2015-06-01T00:00:00Z,title_description,,,,,
video_005240,2023-08-23T13:09:12Z,181,8,0,Rugulopteryx_okamurae,Spain,Plants,alien,presente,Post-Introduction,Invasion,Invasion,2015,2015-06-01T00:00:00Z,title_description,,,,,
video_005240,2023-08-23T13:09:12Z,181,8,0,Rugulopteryx_okamurae,Spain,Plants,alien,invasora,Post-Introduction,Invasion,Invasion,2015,2015-06-01T00:00:00Z,title_description,,,,,
video_012360,2023-05-16T17:17:59Z,47,3,0,Rugulopteryx_okamurae,Spain,Plants,alien,invasora,Post-Introduction,Invasion,Invasion,2015,2015-06-01T00:00:00Z,title_description,,,,,
video_016673,2019-06-10T10:02:15Z,82,2,0,Rugulopteryx_okamurae,Spain,Plants,alien,invasion,Post-Introduction,Invasion,Invasion,2015,2015-06-01T00:00:00Z,title_description,,,,,
video_016673,2019-06-10T10:02:15Z,82,2,0,Rugulopteryx_okamurae,Spain,Plants,alien,invasion,Post-Introduction,Invasion,Invasion,2015,2015-06-01T00:00:00Z,title_description,,,,,
video_010659,2024-03-20T16:19:51Z,38,4,1,Rugulopteryx_okamurae,Spain,Plants,alien,invasion,Post-Introduction,Invasion,Invasion,2015,2015-06-01T00:00:00Z,title_description,,,,,
video_009564,2025-06-15T17:30:49Z,204,7,0,Rugulopteryx_okamurae,Spain,Plants,alien,invasora,Post-Introduction,Invasion,Invasion,2015,2015-06-01T00:00:00Z,title_description,,,,,
video_006870,2022-06-08T08:13:57Z,116,19,0,Rugulopteryx_okamurae,Spain,Plants,alien,exotica,Post-Introduction,Invasion,Invasion,2015,2015-06-01T00:00:00Z,title_description,,,,,
video_006870,2022-06-08T08:13:57Z,116,19,0,Rugulopteryx_okamurae,Spain,Plants,alien,invasora,Post-Introduction,Invasion,Invasion,2015,2015-06-01T00:00:00Z,title_description,,,,,
video_001287,2025-04-02T11:07:26Z,51,1,0,Rugulopteryx_okamurae,Spain,Plants,alien,invasion,Post-Introduction,Invasion,Invasion,2015,2015-06-01T00:00:00Z,title_description,,,,,
video_008652,2019-10-06T22:47:05Z,187,3,1,Rugulopteryx_okamurae,Spain,Plants,alien,invasoras,Post-Introduction,Invasion,Invasion,2015,2015-06-01T00:00:00Z,title_description,,,,,
video_004175,2022-07-24T15:19:08Z,11188,548,79,Rugulopteryx_okamurae,Spain,Plants,alien,invasora,Post-Introduction,Invasion,Invasion,2015,2015-06-01T00:00:00Z,title_description,,,,,
video_004175,2022-07-24T15:19:08Z,11188,548,79,Rugulopteryx_okamurae,Spain,Plants,alien,ataca,Post-Introduction,Threat,Threat,2015,2015-06-01T00:00:00Z,title_description,,,,,
video_004175,2022-07-24T15:19:08Z,11188,548,79,Rugulopteryx_okamurae,Spain,Plants,alien,propagar,Post-Introduction,Invasion,Invasion,2015,2015-06-01T00:00:00Z,title_description,,,,,
video_008726,2021-01-22T08:08:53Z,1210,4,0,Rugulopteryx_okamurae,Spain,Plants,alien,controlar,Post-Introduction,Detection,Detection,2015,2015-06-01T00:00:00Z,title_description,,,,,
video_008726,2021-01-22T08:08:53Z,1210,4,0,Rugulopteryx_okamurae,Spain,Plants,alien,expansion,Post-Introduction,Invasion,Invasion,2015,2015-06-01T00:00:00Z,title_description,,,,,
video_008726,2021-01-22T08:08:53Z,1210,4,0,Rugulopteryx_okamurae,Spain,Plants,alien,deteccion,Post-Introduction,Detection,Detection,2015,2015-06-01T00:00:00Z,title_description,,,,,
video_006091,2022-12-01T14:01:02Z,95,0,0,Rugulopteryx_okamurae,Spain,Plants,alien,expansion,Post-Introduction,Invasion,Invasion,2015,2015-06-01T00:00:00Z,title_description,,,,,
video_006091,2022-12-01T14:01:02Z,95,0,0,Rugulopteryx_okamurae,Spain,Plants,alien,deteccion,Post-Introduction,Detection,Detection,2015,2015-06-01T00:00:00Z,title_description,,,,,
video_004761,2021-04-30T10:10:22Z,115,2,0,Rugulopteryx_okamurae,Spain,Plants,alien,invasora,Post-Introduction,Invasion,Invasion,2015,2015-06-01T00:00:00Z,title_description,,,,,
video_004761,2021-04-30T10:10:22Z,115,2,0,Rugulopteryx_okamurae,Spain,Plants,alien,invasion,Post-Introduction,Invasion,Invasion,2015,2015-06-01T00:00:00Z,title_description,,,,,
video_005764,2019-07-26T19:39:30Z,96,1,0,Rugulopteryx_okamurae,Spain,Plants,alien,invasora,Post-Introduction,Invasion,Invasion,2015,2015-06-01T00:00:00Z,title_description,,,,,
video_002923,2023-11-03T07:29:13Z,559,8,0,Rugulopteryx_okamurae,Spain,Plants,alien,invasora,Post-Introduction,Invasion,Invasion,2015,2015-06-01T00:00:00Z,title_description,,,,,
video_002923,2023-11-03T07:29:13Z,559,8,0,Rugulopteryx_okamurae,Spain,Plants,alien,invasora,Post-Introduction,Invasion,Invasion,2015,2015-06-01T00:00:00Z,title_description,,,,,
video_015633,2024-08-13T21:13:01Z,26,0,0,Rugulopteryx_okamurae,Spain,Plants,alien,invasora,Post-Introduction,Invasion,Invasion,2015,2015-06-01T00:00:00Z,title_description,,,,,
video_015633,2024-08-13T21:13:01Z,26,0,0,Rugulopteryx_okamurae,Spain,Plants,alien,plaga,Post-Introduction,Invasion,Invasion,2015,2015-06-01T00:00:00Z,title_description,,,,,
video_012673,2025-06-05T10:05:08Z,26,3,0,Rugulopteryx_okamurae,Spain,Plants,alien,invasion,Post-Introduction,Invasion,Invasion,2015,2015-06-01T00:00:00Z,title_description,,,,,
video_012108,2022-07-04T11:41:41Z,25,0,0,Rugulopteryx_okamurae,Spain,Plants,alien,invasion,Post-Introduction,Invasion,Invasion,2015,2015-06-01T00:00:00Z,title_description,,,,,
video_001036,2025-07-28T10:06:17Z,186,0,0,Rugulopteryx_okamurae,Spain,Plants,alien,proliferacion,Post-Introduction,Invasion,Invasion,2015,2015-06-01T00:00:00Z,title_description,,,,,
video_001036,2025-07-28T10:06:17Z,186,0,0,Rugulopteryx_okamurae,Spain,Plants,alien,invasora,Post-Introduction,Invasion,Invasion,2015,2015-06-01T00:00:00Z,title_description,,,,,
video_005724,2019-06-29T17:53:14Z,148,2,0,Rugulopteryx_okamurae,Spain,Plants,alien,invasora,Post-Introduction,Invasion,Invasion,2015,2015-06-01T00:00:00Z,title_description,,,,,
video_008947,2021-05-07T07:14:55Z,40,0,0,Rugulopteryx_okamurae,Spain,Plants,alien,invasora,Post-Introduction,Invasion,Invasion,2015,2015-06-01T00:00:00Z,title_description,,,,,
video_008947,2021-05-07T07:14:55Z,40,0,0,Rugulopteryx_okamurae,Spain,Plants,alien,invasion,Post-Introduction,Invasion,Invasion,2015,2015-06-01T00:00:00Z,title_description,,,,,
video_008947,2021-05-07T07:14:55Z,40,0,0,Rugulopteryx_okamurae,Spain,Plants,alien,invasora,Post-Introduction,Invasion,Invasion,2015,2015-06-01T00:00:00Z,title_description,,,,,
video_011722,2021-11-09T08:17:36Z,44,0,0,Rugulopteryx_okamurae,Spain,Plants,alien,invasion,Post-Introduction,Invasion,Invasion,2015,2015-06-01T00:00:00Z,title_description,,,,,
video_011722,2021-11-09T08:17:36Z,44,0,0,Rugulopteryx_okamurae,Spain,Plants,alien,invasora,Post-Introduction,Invasion,Invasion,2015,2015-06-01T00:00:00Z,title_description,,,,,
video_011722,2021-11-09T08:17:36Z,44,0,0,Rugulopteryx_okamurae,Spain,Plants,alien,colonizacion,Post-Introduction,Invasion,Invasion,2015,2015-06-01T00:00:00Z,title_description,,,,,
video_012725,2025-05-10T07:57:44Z,104,7,0,Rugulopteryx_okamurae,Spain,Plants,alien,invasora,Post-Introduction,Invasion,Invasion,2015,2015-06-01T00:00:00Z,title_description,,,,,
video_012725,2025-05-10T07:57:44Z,104,7,0,Rugulopteryx_okamurae,Spain,Plants,alien,amenaza,Post-Introduction,Threat,Threat,2015,2015-06-01T00:00:00Z,title_description,,,,,
video_012434,2022-02-18T03:15:26Z,1148,29,0,Rugulopteryx_okamurae,Spain,Plants,alien,invasora,Post-Introduction,Invasion,Invasion,2015,2015-06-01T00:00:00Z,title_description,,,,,
video_011176,2025-07-26T11:10:10Z,22,0,0,Rugulopteryx_okamurae,Spain,Plants,alien,invasao,Post-Introduction,Invasion,Invasion,2015,2015-06-01T00:00:00Z,title_description,,,,,
video_011176,2025-07-26T11:10:10Z,22,0,0,Rugulopteryx_okamurae,Spain,Plants,alien,ameaca,Post-Introduction,Threat,Threat,2015,2015-06-01T00:00:00Z,title_description,,,,,
video_011176,2025-07-26T11:10:10Z,22,0,0,Rugulopteryx_okamurae,Spain,Plants,alien,invasao,Post-Introduction,Invasion,Invasion,2015,2015-06-01T00:00:00Z,title_description,,,,,
video_011176,2025-07-26T11:10:10Z,22,0,0,Rugulopteryx_okamurae,Spain,Plants,alien,ameaca,Post-Introduction,Threat,Threat,2015,2015-06-01T00:00:00Z,title_description,,,,,
video_011176,2025-07-26T11:10:10Z,22,0,0,Rugulopteryx_okamurae,Spain,Plants,alien,invasora,Post-Introduction,Invasion,Invasion,2015,2015-06-01T00:00:00Z,title_description,,,,,
video_009577,2022-07-06T07:31:29Z,20,0,0,Rugulopteryx_okamurae,Spain,Plants,alien,invasion,Post-Introduction,Invasion,Invasion,2015,2015-06-01T00:00:00Z,title_description,,,,,
video_010182,2022-08-21T15:48:02Z,2215,,,Rugulopteryx_okamurae,Spain,Plants,alien,invasoras,Post-Introduction,Invasion,Invasion,2015,2015-06-01T00:00:00Z,title_description,,,,,
video_008118,2025-07-26T11:06:01Z,16,0,2,Rugulopteryx_okamurae,Spain,Plants,alien,invasao,Post-Introduction,Invasion,Invasion,2015,2015-06-01T00:00:00Z,title_description,,,,,
video_008118,2025-07-26T11:06:01Z,16,0,2,Rugulopteryx_okamurae,Spain,Plants,alien,ameaca,Post-Introduction,Threat,Threat,2015,2015-06-01T00:00:00Z,title_description,,,,,
video_008118,2025-07-26T11:06:01Z,16,0,2,Rugulopteryx_okamurae,Spain,Plants,alien,invasao,Post-Introduction,Invasion,Invasion,2015,2015-06-01T00:00:00Z,title_description,,,,,
video_008118,2025-07-26T11:06:01Z,16,0,2,Rugulopteryx_okamurae,Spain,Plants,alien,ameaca,Post-Introduction,Threat,Threat,2015,2015-06-01T00:00:00Z,title_description,,,,,
video_012650,2024-08-08T23:35:12Z,122,2,0,Rugulopteryx_okamurae,Spain,Plants,alien,invasion,Post-Introduction,Invasion,Invasion,2015,2015-06-01T00:00:00Z,title_description,,,,,
video_015719,2025-06-04T13:12:41Z,101,0,0,Rugulopteryx_okamurae,Spain,Plants,alien,invasora,Post-Introduction,Invasion,Invasion,2015,2015-06-01T00:00:00Z,title_description,,,,,
video_008775,2025-02-20T12:35:22Z,140,5,0,Rugulopteryx_okamurae,Spain,Plants,alien,invasoras,Post-Introduction,Invasion,Invasion,2015,2015-06-01T00:00:00Z,title_description,,,,,
video_008775,2025-02-20T12:35:22Z,140,5,0,Rugulopteryx_okamurae,Spain,Plants,alien,amenaza,Post-Introduction,Threat,Threat,2015,2015-06-01T00:00:00Z,title_description,,,,,
video_008775,2025-02-20T12:35:22Z,140,5,0,Rugulopteryx_okamurae,Spain,Plants,alien,invasion,Post-Introduction,Invasion,Invasion,2015,2015-06-01T00:00:00Z,title_description,,,,,
video_012897,2021-05-27T14:13:17Z,122,1,0,Rugulopteryx_okamurae,Spain,Plants,alien,invasora,Post-Introduction,Invasion,Invasion,2015,2015-06-01T00:00:00Z,title_description,,,,,
video_014689,2021-05-25T12:30:34Z,2139,552,57,Rugulopteryx_okamurae,Spain,Plants,alien,control,Post-Introduction,Detection,Detection,2015,2015-06-01T00:00:00Z,title_description,,,,,
video_013345,2025-08-16T19:29:02Z,0,0,0,Rugulopteryx_okamurae,Spain,Plants,alien,invasora,Post-Introduction,Invasion,Invasion,2015,2015-06-01T00:00:00Z,title_description,,,,,
video_015350,2025-08-16T19:18:03Z,2,0,0,Rugulopteryx_okamurae,Spain,Plants,alien,invasion,Post-Introduction,Invasion,Invasion,2015,2015-06-01T00:00:00Z,title_description,,,,,
video_015350,2025-08-16T19:18:03Z,2,0,0,Rugulopteryx_okamurae,Spain,Plants,alien,invasora,Post-Introduction,Invasion,Invasion,2015,2015-06-01T00:00:00Z,title_description,,,,,
video_015350,2025-08-16T19:18:03Z,2,0,0,Rugulopteryx_okamurae,Spain,Plants,alien,afectando,Post-Introduction,Invasion,Invasion,2015,2015-06-01T00:00:00Z,title_description,,,,,
video_013639,2023-03-28T14:38:03Z,,,,Rugulopteryx_okamurae,Spain,Plants,alien,invasora,Post-Introduction,Invasion,Invasion,2015,2015-06-01T00:00:00Z,title_description,,,,,
video_002070,2025-07-24T10:02:47Z,3982,95,8,Scyphophorus_acupunctatus,Spain,Insects,established,plaga,Post-Introduction,Invasion,Invasion,2007,2007-06-01T00:00:00Z,title_description,,,,,
video_008020,2016-04-09T17:28:47Z,1450,6,0,Scyphophorus_acupunctatus,Spain,Insects,established,captura,Post-Introduction,Detection,Detection,2007,2007-06-01T00:00:00Z,title_description,,,,,
video_014781,2014-04-03T10:00:36Z,1890,5,0,Scyphophorus_acupunctatus,Spain,Insects,established,exotico,Post-Introduction,Invasion,Invasion,2007,2007-06-01T00:00:00Z,title_description,,,,,
video_014781,2014-04-03T10:00:36Z,1890,5,0,Scyphophorus_acupunctatus,Spain,Insects,established,invade,Post-Introduction,Invasion,Invasion,2007,2007-06-01T00:00:00Z,title_description,,,,,
video_005169,2021-03-09T07:02:52Z,102115,2290,81,Spodoptera_frugiperda,Canary Islands,Insects,alien,trampa,Post-Introduction,Detection,Detection,2020,2020-07-01T00:00:00Z,title_description,,,,,
video_005169,2021-03-09T07:02:52Z,102115,2290,81,Spodoptera_frugiperda,Canary Islands,Insects,alien,trampas,Post-Introduction,Detection,Detection,2020,2020-07-01T00:00:00Z,title_description,,,,,
video_005588,2024-03-15T12:33:06Z,45,9,0,Spodoptera_frugiperda,Canary Islands,Insects,alien,pragas,Post-Introduction,Invasion,Invasion,2020,2020-07-01T00:00:00Z,title_description,,,,,
video_005588,2024-03-15T12:33:06Z,45,9,0,Spodoptera_frugiperda,Canary Islands,Insects,alien,praga,Post-Introduction,Invasion,Invasion,2020,2020-07-01T00:00:00Z,title_description,,,,,
video_001239,2023-08-24T09:47:00Z,2151,19,0,Spodoptera_frugiperda,Canary Islands,Insects,alien,pragas,Post-Introduction,Invasion,Invasion,2020,2020-07-01T00:00:00Z,title_description,,,,,
video_001239,2023-08-24T09:47:00Z,2151,19,0,Spodoptera_frugiperda,Canary Islands,Insects,alien,pragas,Post-Introduction,Invasion,Invasion,2020,2020-07-01T00:00:00Z,title_description,,,,,
video_013600,2020-03-20T16:41:53Z,1547,87,29,Synoicus_chinensis,Spain,Birds,alien,encontrado,Post-Introduction,Detection,Detection,2006,2006-06-01T00:00:00Z,title_description,,,,,
video_012504,2020-12-05T17:32:28Z,1009,30,3,Testudo_marginata,Spain,Herptiles,established,terrario,Post-Introduction,eCommerce,eCommerce,2017,2017-06-01T00:00:00Z,title_description,,,,,
video_003446,2015-01-29T09:09:36Z,339,1,0,Testudo_marginata,Spain,Herptiles,established,tienda,Pre-Introduction,eCommerce,eCommerce,2017,2017-06-01T00:00:00Z,title_description,,,,,
video_003446,2015-01-29T09:09:36Z,339,1,0,Testudo_marginata,Spain,Herptiles,established,tienda,Pre-Introduction,eCommerce,eCommerce,2017,2017-06-01T00:00:00Z,title_description,,,,,
video_003446,2015-01-29T09:09:36Z,339,1,0,Testudo_marginata,Spain,Herptiles,established,venta,Pre-Introduction,eCommerce,eCommerce,2017,2017-06-01T00:00:00Z,title_description,,,,,
video_001275,2012-10-16T15:09:53Z,195,3,0,Testudo_marginata,Spain,Herptiles,established,terrario,Pre-Introduction,eCommerce,eCommerce,2017,2017-06-01T00:00:00Z,title_description,,,,,
video_005835,2024-09-25T11:34:01Z,246,3,0,Tobamovirus_fructirugosum,Spain,"Bacteria, Viruses, Fungi",alien,control,Post-Introduction,Detection,Detection,2019,2019-10-01T00:00:00Z,title_description,,,,,
video_005835,2024-09-25T11:34:01Z,246,3,0,Tobamovirus_fructirugosum,Spain,"Bacteria, Viruses, Fungi",alien,manejo,Post-Introduction,Detection,Detection,2019,2019-10-01T00:00:00Z,title_description,,,,,
video_005835,2024-09-25T11:34:01Z,246,3,0,Tobamovirus_fructirugosum,Spain,"Bacteria, Viruses, Fungi",alien,manejo,Post-Introduction,Detection,Detection,2019,2019-10-01T00:00:00Z,title_description,,,,,
video_012030,2024-09-25T11:33:51Z,203,0,0,Tobamovirus_fructirugosum,Spain,"Bacteria, Viruses, Fungi",alien,control,Post-Introduction,Detection,Detection,2019,2019-10-01T00:00:00Z,title_description,,,,,
video_011711,2019-12-18T17:41:51Z,1853,15,,Tobamovirus_fructirugosum,Spain,"Bacteria, Viruses, Fungi",alien,amenaza,Post-Introduction,Threat,Threat,2019,2019-10-01T00:00:00Z,title_description,,,,,
video_001848,2024-09-25T11:34:11Z,147,0,0,Tobamovirus_fructirugosum,Spain,"Bacteria, Viruses, Fungi",alien,control,Post-Introduction,Detection,Detection,2019,2019-10-01T00:00:00Z,title_description,,,,,
video_001848,2024-09-25T11:34:11Z,147,0,0,Tobamovirus_fructirugosum,Spain,"Bacteria, Viruses, Fungi",alien,manejo,Post-Introduction,Detection,Detection,2019,2019-10-01T00:00:00Z,title_description,,,,,
video_012930,2020-10-11T09:02:42Z,1572,41,4,Tobamovirus_fructirugosum,Spain,"Bacteria, Viruses, Fungi",alien,amenaza,Post-Introduction,Threat,Threat,2019,2019-10-01T00:00:00Z,title_description,,,,,
video_011936,2024-09-25T11:34:43Z,163,1,0,Tobamovirus_fructirugosum,Spain,"Bacteria, Viruses, Fungi",alien,control,Post-Introduction,Detection,Detection,2019,2019-10-01T00:00:00Z,title_description,,,,,
video_001694,2021-10-01T10:01:27Z,128,0,0,Tobamovirus_fructirugosum,Spain,"Bacteria, Viruses, Fungi",alien,deteccion,Post-Introduction,Detection,Detection,2019,2019-10-01T00:00:00Z,title_description,,,,,
video_010552,2024-09-25T11:34:35Z,356,5,0,Tobamovirus_fructirugosum,Spain,"Bacteria, Viruses, Fungi",alien,control,Post-Introduction,Detection,Detection,2019,2019-10-01T00:00:00Z,title_description,,,,,
video_003193,2024-09-25T11:34:25Z,115,1,0,Tobamovirus_fructirugosum,Spain,"Bacteria, Viruses, Fungi",alien,control,Post-Introduction,Detection,Detection,2019,2019-10-01T00:00:00Z,title_description,,,,,
video_003193,2024-09-25T11:34:25Z,115,1,0,Tobamovirus_fructirugosum,Spain,"Bacteria, Viruses, Fungi",alien,vista,Post-Introduction,Detection,Detection,2019,2019-10-01T00:00:00Z,title_description,,,,,
video_008457,2024-09-25T11:33:40Z,204,1,0,Tobamovirus_fructirugosum,Spain,"Bacteria, Viruses, Fungi",alien,control,Post-Introduction,Detection,Detection,2019,2019-10-01T00:00:00Z,title_description,,,,,
video_006670,2024-11-29T12:27:21Z,461,6,1,Tomato_leaf_curl_New_Delhi_virus,Spain,"Bacteria, Viruses, Fungi",alien,cara,Post-Introduction,eCommerce,eCommerce,2012,2012-06-01T00:00:00Z,title_description,,,,,
video_001899,2020-11-25T18:46:26Z,960,22,21,Varanus_exanthematicus,Spain,Herptiles,uncertain,mascota,Post-Introduction,eCommerce,eCommerce,2011,2011-06-01T00:00:00Z,title_description,,,,,
video_001899,2020-11-25T18:46:26Z,960,22,21,Varanus_exanthematicus,Spain,Herptiles,uncertain,exotica,Post-Introduction,Invasion,Invasion,2011,2011-06-01T00:00:00Z,title_description,,,,,
video_007796,2011-06-28T19:34:27Z,698,1,0,Varanus_exanthematicus,Spain,Herptiles,uncertain,terrario,Post-Introduction,eCommerce,eCommerce,2011,2011-06-01T00:00:00Z,title_description,,,,,
video_004713,2025-03-07T11:00:19Z,67,1,,Vespa_orientalis,Spain,Insects,alien,exotica,Post-Introduction,Invasion,Invasion,2012,2012-06-01T00:00:00Z,title_description,,,,,
video_004713,2025-03-07T11:00:19Z,67,1,,Vespa_orientalis,Spain,Insects,alien,invasora,Post-Introduction,Invasion,Invasion,2012,2012-06-01T00:00:00Z,title_description,,,,,
video_014749,2025-07-30T11:37:26Z,666,25,8,Vespa_orientalis,Spain,Insects,alien,encontrado,Post-Introduction,Detection,Detection,2012,2012-06-01T00:00:00Z,title_description,,,,,
video_004795,2024-09-11T06:14:48Z,1533,20,8,Vespa_orientalis,Spain,Insects,alien,invasora,Post-Introduction,Invasion,Invasion,2012,2012-06-01T00:00:00Z,title_description,,,,,
video_004795,2024-09-11T06:14:48Z,1533,20,8,Vespa_orientalis,Spain,Insects,alien,amenaza,Post-Introduction,Threat,Threat,2012,2012-06-01T00:00:00Z,title_description,,,,,
video_004551,2024-10-15T12:17:37Z,5325,12,0,Vespa_orientalis,Spain,Insects,alien,plaga,Post-Introduction,Invasion,Invasion,2012,2012-06-01T00:00:00Z,title_description,,,,,
video_001547,2025-02-25T17:00:10Z,2133,88,1,Vespa_orientalis,Spain,Insects,alien,peligroso,Post-Introduction,Threat,Threat,2012,2012-06-01T00:00:00Z,title_description,,,,,
video_003162,2022-05-26T12:02:59Z,637,12,0,Vespa_orientalis,Spain,Insects,alien,invasor,Post-Introduction,Invasion,Invasion,2012,2012-06-01T00:00:00Z,title_description,,,,,
video_013603,2025-07-09T14:10:40Z,49,1,1,Vespa_orientalis,Spain,Insects,alien,invasion,Post-Introduction,Invasion,Invasion,2012,2012-06-01T00:00:00Z,title_description,,,,,
video_008712,2024-11-28T07:02:22Z,26,0,0,Vespa_orientalis,Spain,Insects,alien,control,Post-Introduction,Detection,Detection,2012,2012-06-01T00:00:00Z,title_description,,,,,
video_008712,2024-11-28T07:02:22Z,26,0,0,Vespa_orientalis,Spain,Insects,alien,control,Post-Introduction,Detection,Detection,2012,2012-06-01T00:00:00Z,title_description,,,,,
video_008712,2024-11-28T07:02:22Z,26,0,0,Vespa_orientalis,Spain,Insects,alien,expansion,Post-Introduction,Invasion,Invasion,2012,2012-06-01T00:00:00Z,title_description,,,,,
video_011832,2023-08-30T21:28:55Z,1100,5,0,Vespa_orientalis,Spain,Insects,alien,invade,Post-Introduction,Invasion,Invasion,2012,2012-06-01T00:00:00Z,title_description,,,,,
video_011832,2023-08-30T21:28:55Z,1100,5,0,Vespa_orientalis,Spain,Insects,alien,invade,Post-Introduction,Invasion,Invasion,2012,2012-06-01T00:00:00Z,title_description,,,,,
video_016470,2022-12-16T11:07:50Z,189,3,1,Vespa_orientalis,Spain,Insects,alien,invasora,Post-Introduction,Invasion,Invasion,2012,2012-06-01T00:00:00Z,title_description,,,,,
video_016470,2022-12-16T11:07:50Z,189,3,1,Vespa_orientalis,Spain,Insects,alien,alerta,Post-Introduction,Detection,Detection,2012,2012-06-01T00:00:00Z,title_description,,,,,
video_016470,2022-12-16T11:07:50Z,189,3,1,Vespa_orientalis,Spain,Insects,alien,detectado,Post-Introduction,Detection,Detection,2012,2012-06-01T00:00:00Z,title_description,,,,,
video_012107,2024-05-27T15:36:47Z,1881,15,1,Vespa_orientalis,Spain,Insects,alien,invasora,Post-Introduction,Invasion,Invasion,2012,2012-06-01T00:00:00Z,title_description,,,,,
video_000016,2025-04-16T18:00:00Z,1391,53,8,Vespa_orientalis,Spain,Insects,alien,trampa,Post-Introduction,Detection,Detection,2012,2012-06-01T00:00:00Z,title_description,,,,,
video_000016,2025-04-16T18:00:00Z,1391,53,8,Vespa_orientalis,Spain,Insects,alien,encontramos,Post-Introduction,Detection,Detection,2012,2012-06-01T00:00:00Z,title_description,,,,,
video_005804,2022-05-29T06:45:02Z,834,3,0,Vespa_orientalis,Spain,Insects,alien,trampa,Post-Introduction,Detection,Detection,2012,2012-06-01T00:00:00Z,title_description,,,,,
video_004900,2024-10-24T06:27:02Z,158,2,0,Vespa_orientalis,Spain,Insects,alien,invasion,Post-Introduction,Invasion,Invasion,2012,2012-06-01T00:00:00Z,title_description,,,,,
video_000215,2024-12-03T17:00:00Z,479,18,0,Vespa_soror,Spain,Insects,alien,alerta,Post-Introduction,Detection,Detection,2022,2022-06-01T00:00:00Z,title_description,,,,,
video_006213,2024-12-01T23:51:49Z,235,0,0,Vespa_soror,Spain,Insects,alien,alerta,Post-Introduction,Detection,Detection,2022,2022-06-01T00:00:00Z,title_description,,,,,
video_014394,2014-10-24T14:59:09Z,135978,586,51,Vespa_velutina,Portugal,Insects,established,ameaza,Post-Introduction,Threat,Threat,2011,2010-08-21T00:00:00Z,title_description,,,,,
video_014394,2014-10-24T14:59:09Z,135978,586,51,Vespa_velutina,Portugal,Insects,established,invasora,Post-Introduction,Invasion,Invasion,2011,2010-08-21T00:00:00Z,title_description,,,,,
video_000699,2017-05-24T08:23:25Z,593,1,0,Vespa_velutina,Portugal,Insects,established,control,Post-Introduction,Detection,Detection,2011,2010-08-21T00:00:00Z,title_description,,,,,
video_007663,2018-04-03T05:43:12Z,395,2,1,Vespa_velutina,Portugal,Insects,established,trampas,Post-Introduction,Detection,Detection,2011,2010-08-21T00:00:00Z,title_description,,,,,
video_011051,2017-06-05T14:56:43Z,1321,3,0,Vespa_velutina,Portugal,Insects,established,expansion,Post-Introduction,Invasion,Invasion,2011,2010-08-21T00:00:00Z,title_description,,,,,
video_011051,2017-06-05T14:56:43Z,1321,3,0,Vespa_velutina,Portugal,Insects,established,invasora,Post-Introduction,Invasion,Invasion,2011,2010-08-21T00:00:00Z,title_description,,,,,
video_017036,2016-05-30T12:10:43Z,15980,65,13,Vespa_velutina,Portugal,Insects,established,peligrosa,Post-Introduction,Threat,Threat,2011,2010-08-21T00:00:00Z,title_description,,,,,
video_004734,2022-12-22T13:48:53Z,394,9,0,Vespa_velutina,Portugal,Insects,established,invasora,Post-Introduction,Invasion,Invasion,2011,2010-08-21T00:00:00Z,title_description,,,,,
video_001649,2011-09-14T14:37:28Z,9306,27,2,Vespa_velutina,Portugal,Insects,established,peligro,Post-Introduction,Threat,Threat,2011,2010-08-21T00:00:00Z,title_description,,,,,
video_001649,2011-09-14T14:37:28Z,9306,27,2,Vespa_velutina,Portugal,Insects,established,peligrosa,Post-Introduction,Threat,Threat,2011,2010-08-21T00:00:00Z,title_description,,,,,
video_001688,2017-06-11T08:55:23Z,85,4,3,Vespa_velutina,Portugal,Insects,established,capturada,Post-Introduction,Detection,Detection,2011,2010-08-21T00:00:00Z,title_description,,,,,
video_004055,2023-12-07T10:00:19Z,4546,113,1,Vespa_velutina,Portugal,Insects,established,veneno,Post-Introduction,Threat,Threat,2011,2010-08-21T00:00:00Z,title_description,,,,,
video_004055,2023-12-07T10:00:19Z,4546,113,1,Vespa_velutina,Portugal,Insects,established,veneno,Post-Introduction,Threat,Threat,2011,2010-08-21T00:00:00Z,title_description,,,,,
video_003662,2024-05-23T07:45:00Z,7,4,0,Vespa_velutina,Portugal,Insects,established,peligro,Post-Introduction,Threat,Threat,2011,2010-08-21T00:00:00Z,title_description,,,,,
video_004237,2019-06-23T17:07:34Z,341321,3482,1270,Vespa_velutina,Portugal,Insects,established,invadir,Post-Introduction,Invasion,Invasion,2011,2010-08-21T00:00:00Z,title_description,,,,,
video_004686,2023-11-21T19:59:40Z,48077,932,117,Vespa_velutina,Portugal,Insects,established,plaga,Post-Introduction,Invasion,Invasion,2011,2010-08-21T00:00:00Z,title_description,,,,,
video_014690,2025-05-29T09:01:14Z,49197,2484,250,Vespa_velutina,Portugal,Insects,established,trampa,Post-Introduction,Detection,Detection,2011,2010-08-21T00:00:00Z,title_description,,,,,
video_003829,2023-09-23T14:14:46Z,70679,1758,71,Vespa_velutina,Portugal,Insects,established,trampa,Post-Introduction,Detection,Detection,2011,2010-08-21T00:00:00Z,title_description,,,,,
video_003829,2023-09-23T14:14:46Z,70679,1758,71,Vespa_velutina,Portugal,Insects,established,trampa,Post-Introduction,Detection,Detection,2011,2010-08-21T00:00:00Z,title_description,,,,,
video_003829,2023-09-23T14:14:46Z,70679,1758,71,Vespa_velutina,Portugal,Insects,established,trampa,Post-Introduction,Detection,Detection,2011,2010-08-21T00:00:00Z,title_description,,,,,
video_009075,2024-12-19T18:37:40Z,18621,1095,4,Vespa_velutina,Portugal,Insects,established,letal,Post-Introduction,Threat,Threat,2011,2010-08-21T00:00:00Z,title_description,,,,,
video_009075,2024-12-19T18:37:40Z,18621,1095,4,Vespa_velutina,Portugal,Insects,established,veneno,Post-Introduction,Threat,Threat,2011,2010-08-21T00:00:00Z,title_description,,,,,
video_009075,2024-12-19T18:37:40Z,18621,1095,4,Vespa_velutina,Portugal,Insects,established,veneno,Post-Introduction,Threat,Threat,2011,2010-08-21T00:00:00Z,title_description,,,,,
video_009075,2024-12-19T18:37:40Z,18621,1095,4,Vespa_velutina,Portugal,Insects,established,peligroso,Post-Introduction,Threat,Threat,2011,2010-08-21T00:00:00Z,title_description,,,,,
video_012034,2021-12-13T15:53:31Z,1705,58,4,Vespa_velutina,Portugal,Insects,established,invasora,Post-Introduction,Invasion,Invasion,2011,2010-08-21T00:00:00Z,title_description,,,,,
video_010432,2021-08-04T17:35:47Z,12696,310,3,Vespa_velutina,Portugal,Insects,established,trampa,Post-Introduction,Detection,Detection,2011,2010-08-21T00:00:00Z,title_description,,,,,
video_001440,2021-08-19T18:45:23Z,3811,39,0,Vespa_velutina,Portugal,Insects,established,trampas,Post-Introduction,Detection,Detection,2011,2010-08-21T00:00:00Z,title_description,,,,,
video_014217,2024-09-14T21:39:54Z,963,3,0,Vespa_velutina,Portugal,Insects,established,atacando,Post-Introduction,Threat,Threat,2011,2010-08-21T00:00:00Z,title_description,,,,,
video_014217,2024-09-14T21:39:54Z,963,3,0,Vespa_velutina,Portugal,Insects,established,atacando,Post-Introduction,Threat,Threat,2011,2010-08-21T00:00:00Z,title_description,,,,,
video_014935,2025-01-09T18:04:17Z,455,4,0,Vespa_velutina,Portugal,Insects,established,identificado,Post-Introduction,Detection,Detection,2011,2010-08-21T00:00:00Z,title_description,,,,,
video_014935,2025-01-09T18:04:17Z,455,4,0,Vespa_velutina,Portugal,Insects,established,detectada,Post-Introduction,Detection,Detection,2011,2010-08-21T00:00:00Z,title_description,,,,,
video_015126,2025-04-01T10:22:18Z,550,10,1,Vespa_velutina,Portugal,Insects,established,control,Post-Introduction,Detection,Detection,2011,2010-08-21T00:00:00Z,title_description,,,,,
video_015126,2025-04-01T10:22:18Z,550,10,1,Vespa_velutina,Portugal,Insects,established,invasor,Post-Introduction,Invasion,Invasion,2011,2010-08-21T00:00:00Z,title_description,,,,,
video_013098,2019-10-14T11:22:40Z,4858,43,4,Vespa_velutina,Portugal,Insects,established,tienda,Post-Introduction,eCommerce,eCommerce,2011,2010-08-21T00:00:00Z,title_description,,,,,
video_002094,2012-09-13T09:52:09Z,330,1,0,Vespa_velutina,Portugal,Insects,established,invade,Post-Introduction,Invasion,Invasion,2011,2010-08-21T00:00:00Z,title_description,,,,,
video_000217,2016-09-07T13:11:40Z,42854,443,43,Vespa_velutina,Portugal,Insects,established,trampas,Post-Introduction,Detection,Detection,2011,2010-08-21T00:00:00Z,title_description,,,,,
video_008296,2022-10-10T20:57:26Z,797,15,0,Vespa_velutina,Portugal,Insects,established,atacando,Post-Introduction,Threat,Threat,2011,2010-08-21T00:00:00Z,title_description,,,,,
video_004361,2021-01-06T11:05:38Z,3081,48,3,Vespa_velutina,Portugal,Insects,established,invasora,Post-Introduction,Invasion,Invasion,2011,2010-08-21T00:00:00Z,title_description,,,,,
video_001740,2022-11-04T11:17:52Z,4878,162,2,Vespa_velutina,Portugal,Insects,established,peligro,Post-Introduction,Threat,Threat,2011,2010-08-21T00:00:00Z,title_description,,,,,
video_001740,2022-11-04T11:17:52Z,4878,162,2,Vespa_velutina,Portugal,Insects,established,hallazgo,Post-Introduction,Detection,Detection,2011,2010-08-21T00:00:00Z,title_description,,,,,
video_001740,2022-11-04T11:17:52Z,4878,162,2,Vespa_velutina,Portugal,Insects,established,peligroso,Post-Introduction,Threat,Threat,2011,2010-08-21T00:00:00Z,title_description,,,,,
video_009873,2019-09-20T19:38:46Z,398,4,3,Vespa_velutina,Portugal,Insects,established,expansion,Post-Introduction,Invasion,Invasion,2011,2010-08-21T00:00:00Z,title_description,,,,,
video_012564,2022-08-12T20:06:42Z,1730,39,1,Vespa_velutina,Portugal,Insects,established,trampa,Post-Introduction,Detection,Detection,2011,2010-08-21T00:00:00Z,title_description,,,,,
video_012564,2022-08-12T20:06:42Z,1730,39,1,Vespa_velutina,Portugal,Insects,established,trampa,Post-Introduction,Detection,Detection,2011,2010-08-21T00:00:00Z,title_description,,,,,
video_011156,2013-02-27T21:28:55Z,15317,80,4,Vespa_velutina,Portugal,Insects,established,captura,Post-Introduction,Detection,Detection,2011,2010-08-21T00:00:00Z,title_description,,,,,
video_011156,2013-02-27T21:28:55Z,15317,80,4,Vespa_velutina,Portugal,Insects,established,captura,Post-Introduction,Detection,Detection,2011,2010-08-21T00:00:00Z,title_description,,,,,
video_012398,2018-07-19T17:30:54Z,1691,18,3,Vespa_velutina,Portugal,Insects,established,amenaza,Post-Introduction,Threat,Threat,2011,2010-08-21T00:00:00Z,title_description,,,,,
video_012398,2018-07-19T17:30:54Z,1691,18,3,Vespa_velutina,Portugal,Insects,established,amenaza,Post-Introduction,Threat,Threat,2011,2010-08-21T00:00:00Z,title_description,,,,,
video_006004,2016-09-08T10:27:31Z,36774,393,23,Vespa_velutina,Portugal,Insects,established,trampas,Post-Introduction,Detection,Detection,2011,2010-08-21T00:00:00Z,title_description,,,,,
video_006004,2016-09-08T10:27:31Z,36774,393,23,Vespa_velutina,Portugal,Insects,established,capturar,Post-Introduction,Detection,Detection,2011,2010-08-21T00:00:00Z,title_description,,,,,
video_000205,2020-09-17T22:51:17Z,5543,9,1,Vespa_velutina,Portugal,Insects,established,trampa,Post-Introduction,Detection,Detection,2011,2010-08-21T00:00:00Z,title_description,,,,,
video_000205,2020-09-17T22:51:17Z,5543,9,1,Vespa_velutina,Portugal,Insects,established,exotica,Post-Introduction,Invasion,Invasion,2011,2010-08-21T00:00:00Z,title_description,,,,,
video_000205,2020-09-17T22:51:17Z,5543,9,1,Vespa_velutina,Portugal,Insects,established,invasora,Post-Introduction,Invasion,Invasion,2011,2010-08-21T00:00:00Z,title_description,,,,,
video_000738,2021-08-07T13:04:36Z,1717,77,8,Vespa_velutina,Portugal,Insects,established,peligro,Post-Introduction,Threat,Threat,2011,2010-08-21T00:00:00Z,title_description,,,,,
video_000738,2021-08-07T13:04:36Z,1717,77,8,Vespa_velutina,Portugal,Insects,established,peligro,Post-Introduction,Threat,Threat,2011,2010-08-21T00:00:00Z,title_description,,,,,
video_000738,2021-08-07T13:04:36Z,1717,77,8,Vespa_velutina,Portugal,Insects,established,nocivo,Post-Introduction,Threat,Threat,2011,2010-08-21T00:00:00Z,title_description,,,,,
video_011164,2022-11-16T14:16:36Z,37410,297,52,Vespa_velutina,Portugal,Insects,established,trampa,Post-Introduction,Detection,Detection,2011,2010-08-21T00:00:00Z,title_description,,,,,
video_011164,2022-11-16T14:16:36Z,37410,297,52,Vespa_velutina,Portugal,Insects,established,trampas,Post-Introduction,Detection,Detection,2011,2010-08-21T00:00:00Z,title_description,,,,,
video_016506,2020-08-05T18:10:16Z,1901,31,5,Vespa_velutina,Portugal,Insects,established,comprar,Post-Introduction,eCommerce,eCommerce,2011,2010-08-21T00:00:00Z,title_description,,,,,
video_003020,2018-07-25T14:40:04Z,458,1,0,Vespa_velutina,Portugal,Insects,established,aparicion,Post-Introduction,Detection,Detection,2011,2010-08-21T00:00:00Z,title_description,,,,,
video_010345,2018-01-23T17:12:45Z,36781,269,42,Vespa_velutina,Portugal,Insects,established,trampa,Post-Introduction,Detection,Detection,2011,2010-08-21T00:00:00Z,title_description,,,,,
video_001453,2018-03-03T20:00:30Z,2053,10,0,Vespa_velutina,Portugal,Insects,established,trampa,Post-Introduction,Detection,Detection,2011,2010-08-21T00:00:00Z,title_description,,,,,
video_001453,2018-03-03T20:00:30Z,2053,10,0,Vespa_velutina,Portugal,Insects,established,trampa,Post-Introduction,Detection,Detection,2011,2010-08-21T00:00:00Z,title_description,,,,,
video_006448,2014-11-07T10:19:36Z,11347,28,0,Vespa_velutina,Portugal,Insects,established,trampa,Post-Introduction,Detection,Detection,2011,2010-08-21T00:00:00Z,title_description,,,,,
video_006448,2014-11-07T10:19:36Z,11347,28,0,Vespa_velutina,Portugal,Insects,established,trampa,Post-Introduction,Detection,Detection,2011,2010-08-21T00:00:00Z,title_description,,,,,
video_000103,2018-02-21T19:33:33Z,24994,77,4,Vespa_velutina,Portugal,Insects,established,trampa,Post-Introduction,Detection,Detection,2011,2010-08-21T00:00:00Z,title_description,,,,,
video_000103,2018-02-21T19:33:33Z,24994,77,4,Vespa_velutina,Portugal,Insects,established,introduccion,Post-Introduction,Invasion,Invasion,2011,2010-08-21T00:00:00Z,title_description,,,,,
video_000103,2018-02-21T19:33:33Z,24994,77,4,Vespa_velutina,Portugal,Insects,established,trampa,Post-Introduction,Detection,Detection,2011,2010-08-21T00:00:00Z,title_description,,,,,
video_006811,2020-07-14T16:33:20Z,78,0,0,Vespa_velutina,Portugal,Insects,established,aparece,Post-Introduction,Detection,Detection,2011,2010-08-21T00:00:00Z,title_description,,,,,
video_000117,2017-12-23T21:58:32Z,218,3,0,Vespa_velutina,Portugal,Insects,established,invasion,Post-Introduction,Invasion,Invasion,2011,2010-08-21T00:00:00Z,title_description,,,,,
video_000117,2017-12-23T21:58:32Z,218,3,0,Vespa_velutina,Portugal,Insects,established,invasion,Post-Introduction,Invasion,Invasion,2011,2010-08-21T00:00:00Z,title_description,,,,,
video_005830,2023-08-03T21:30:09Z,11418,152,29,Vespa_velutina,Portugal,Insects,established,trampa,Post-Introduction,Detection,Detection,2011,2010-08-21T00:00:00Z,title_description,,,,,
video_005830,2023-08-03T21:30:09Z,11418,152,29,Vespa_velutina,Portugal,Insects,established,trampa,Post-Introduction,Detection,Detection,2011,2010-08-21T00:00:00Z,title_description,,,,,
video_016952,2017-09-12T08:32:13Z,43,0,0,Vespa_velutina,Portugal,Insects,established,plaga,Post-Introduction,Invasion,Invasion,2011,2010-08-21T00:00:00Z,title_description,,,,,
video_005550,2020-07-23T21:24:44Z,357,25,3,Vespa_velutina,Portugal,Insects,established,plaga,Post-Introduction,Invasion,Invasion,2011,2010-08-21T00:00:00Z,title_description,,,,,
video_011260,2018-09-05T13:36:22Z,148,0,0,Vespa_velutina,Portugal,Insects,established,trampa,Post-Introduction,Detection,Detection,2011,2010-08-21T00:00:00Z,title_description,,,,,
video_004028,2021-02-26T22:29:23Z,841,11,2,Vespa_velutina,Portugal,Insects,established,trampa,Post-Introduction,Detection,Detection,2011,2010-08-21T00:00:00Z,title_description,,,,,
video_004028,2021-02-26T22:29:23Z,841,11,2,Vespa_velutina,Portugal,Insects,established,trampa,Post-Introduction,Detection,Detection,2011,2010-08-21T00:00:00Z,title_description,,,,,
video_003838,2021-01-03T09:10:40Z,199,3,0,Vespa_velutina,Portugal,Insects,established,deteccion,Post-Introduction,Detection,Detection,2011,2010-08-21T00:00:00Z,title_description,,,,,
video_003838,2021-01-03T09:10:40Z,199,3,0,Vespa_velutina,Portugal,Insects,established,deteccion,Post-Introduction,Detection,Detection,2011,2010-08-21T00:00:00Z,title_description,,,,,
video_013995,2019-01-02T18:21:23Z,193,3,0,Vespa_velutina,Portugal,Insects,established,trampas,Post-Introduction,Detection,Detection,2011,2010-08-21T00:00:00Z,title_description,,,,,
video_013995,2019-01-02T18:21:23Z,193,3,0,Vespa_velutina,Portugal,Insects,established,capturado,Post-Introduction,Detection,Detection,2011,2010-08-21T00:00:00Z,title_description,,,,,
video_005784,2020-10-28T18:49:43Z,5583,62,8,Vespa_velutina,Portugal,Insects,established,trampa,Post-Introduction,Detection,Detection,2011,2010-08-21T00:00:00Z,title_description,,,,,
video_005784,2020-10-28T18:49:43Z,5583,62,8,Vespa_velutina,Portugal,Insects,established,trampa,Post-Introduction,Detection,Detection,2011,2010-08-21T00:00:00Z,title_description,,,,,
video_013515,2023-10-13T09:32:54Z,329,20,2,Vespa_velutina,Portugal,Insects,established,aparecer,Post-Introduction,Detection,Detection,2011,2010-08-21T00:00:00Z,title_description,,,,,
video_004286,2017-09-06T15:57:12Z,336143,2323,207,Vespa_velutina,Portugal,Insects,established,trampa,Post-Introduction,Detection,Detection,2011,2010-08-21T00:00:00Z,title_description,,,,,
video_004286,2017-09-06T15:57:12Z,336143,2323,207,Vespa_velutina,Portugal,Insects,established,plaga,Post-Introduction,Invasion,Invasion,2011,2010-08-21T00:00:00Z,title_description,,,,,
video_011465,2019-09-04T20:19:31Z,27909,117,18,Vespa_velutina,Portugal,Insects,established,ataca,Post-Introduction,Threat,Threat,2011,2010-08-21T00:00:00Z,title_description,,,,,
video_011465,2019-09-04T20:19:31Z,27909,117,18,Vespa_velutina,Portugal,Insects,established,invasora,Post-Introduction,Invasion,Invasion,2011,2010-08-21T00:00:00Z,title_description,,,,,
video_005205,2023-12-01T14:37:44Z,451,28,5,Vespa_velutina,Portugal,Insects,established,trampa,Post-Introduction,Detection,Detection,2011,2010-08-21T00:00:00Z,title_description,,,,,
video_005205,2023-12-01T14:37:44Z,451,28,5,Vespa_velutina,Portugal,Insects,established,trampas,Post-Introduction,Detection,Detection,2011,2010-08-21T00:00:00Z,title_description,,,,,
video_005335,2024-11-14T19:30:02Z,670,35,1,Vespa_velutina,Portugal,Insects,established,peligrosa,Post-Introduction,Threat,Threat,2011,2010-08-21T00:00:00Z,title_description,,,,,
video_005335,2024-11-14T19:30:02Z,670,35,1,Vespa_velutina,Portugal,Insects,established,peligrosa,Post-Introduction,Threat,Threat,2011,2010-08-21T00:00:00Z,title_description,,,,,
video_002433,2017-09-03T18:09:58Z,1358,7,3,Vespa_velutina,Portugal,Insects,established,trampas,Post-Introduction,Detection,Detection,2011,2010-08-21T00:00:00Z,title_description,,,,,
video_009678,2017-10-13T23:02:08Z,4454,41,1,Vespa_velutina,Portugal,Insects,established,trampa,Post-Introduction,Detection,Detection,2011,2010-08-21T00:00:00Z,title_description,,,,,
video_014838,2024-10-12T17:08:36Z,143,11,0,Vespa_velutina,Portugal,Insects,established,encontrado,Post-Introduction,Detection,Detection,2011,2010-08-21T00:00:00Z,title_description,,,,,
video_000449,2019-10-01T20:18:02Z,40032,124,14,Vespa_velutina,Portugal,Insects,established,armadilha,Post-Introduction,Detection,Detection,2011,2010-08-21T00:00:00Z,title_description,,,,,
video_014274,2023-09-02T14:00:35Z,2392,50,0,Vespa_velutina,Portugal,Insects,established,perigo,Post-Introduction,Threat,Threat,2011,2010-08-21T00:00:00Z,title_description,,,,,
video_014274,2023-09-02T14:00:35Z,2392,50,0,Vespa_velutina,Portugal,Insects,established,perigo,Post-Introduction,Threat,Threat,2011,2010-08-21T00:00:00Z,title_description,,,,,
video_014795,2014-10-28T16:04:42Z,49,1,0,Vespa_velutina,Portugal,Insects,established,ameaca,Post-Introduction,Threat,Threat,2011,2010-08-21T00:00:00Z,title_description,,,,,
video_001496,2015-07-07T17:19:14Z,718,4,0,Vespa_velutina,Portugal,Insects,established,perigo,Post-Introduction,Threat,Threat,2011,2010-08-21T00:00:00Z,title_description,,,,,
video_002277,2022-09-18T19:41:41Z,342,12,0,Vespa_velutina,Portugal,Insects,established,armadilha,Post-Introduction,Detection,Detection,2011,2010-08-21T00:00:00Z,title_description,,,,,
video_001005,2021-10-17T18:33:02Z,1489,39,0,Vespa_velutina,Portugal,Insects,established,capturada,Post-Introduction,Detection,Detection,2011,2010-08-21T00:00:00Z,title_description,,,,,
video_001005,2021-10-17T18:33:02Z,1489,39,0,Vespa_velutina,Portugal,Insects,established,armadilhas,Post-Introduction,Detection,Detection,2011,2010-08-21T00:00:00Z,title_description,,,,,
video_000188,2022-10-15T18:12:09Z,714,12,4,Vespa_velutina,Portugal,Insects,established,armadilha,Post-Introduction,Detection,Detection,2011,2010-08-21T00:00:00Z,title_description,,,,,
video_010016,2023-07-03T14:06:39Z,1470,1,0,Vespa_velutina,Portugal,Insects,established,trampas,Post-Introduction,Detection,Detection,2011,2010-08-21T00:00:00Z,title_description,,,,,
video_010016,2023-07-03T14:06:39Z,1470,1,0,Vespa_velutina,Portugal,Insects,established,trampas,Post-Introduction,Detection,Detection,2011,2010-08-21T00:00:00Z,title_description,,,,,
video_010016,2023-07-03T14:06:39Z,1470,1,0,Vespa_velutina,Portugal,Insects,established,tienda,Post-Introduction,eCommerce,eCommerce,2011,2010-08-21T00:00:00Z,title_description,,,,,
video_010013,2023-09-01T17:58:52Z,3773,83,41,Vespa_velutina,Portugal,Insects,established,control,Post-Introduction,Detection,Detection,2011,2010-08-21T00:00:00Z,title_description,,,,,
video_002904,2020-02-08T08:10:53Z,384,3,0,Vespa_velutina,Portugal,Insects,established,invasora,Post-Introduction,Invasion,Invasion,2011,2010-08-21T00:00:00Z,title_description,,,,,
video_016949,2021-05-06T11:12:00Z,23096,221,21,Vespa_velutina,Portugal,Insects,established,invasor,Post-Introduction,Invasion,Invasion,2011,2010-08-21T00:00:00Z,title_description,,,,,
video_016949,2021-05-06T11:12:00Z,23096,221,21,Vespa_velutina,Portugal,Insects,established,invasor,Post-Introduction,Invasion,Invasion,2011,2010-08-21T00:00:00Z,title_description,,,,,
video_016499,2015-09-11T10:36:47Z,2373,22,5,Vespa_velutina,Portugal,Insects,established,deteccion,Post-Introduction,Detection,Detection,2011,2010-08-21T00:00:00Z,title_description,,,,,
video_016499,2015-09-11T10:36:47Z,2373,22,5,Vespa_velutina,Portugal,Insects,established,deteccion,Post-Introduction,Detection,Detection,2011,2010-08-21T00:00:00Z,title_description,,,,,
video_010642,2024-01-07T10:23:31Z,28,1,0,Vespa_velutina,Portugal,Insects,established,seguimiento,Post-Introduction,Detection,Detection,2011,2010-08-21T00:00:00Z,title_description,,,,,
video_006268,2020-05-20T16:46:53Z,1296,17,7,Vespa_velutina,Portugal,Insects,established,trampa,Post-Introduction,Detection,Detection,2011,2010-08-21T00:00:00Z,title_description,,,,,
video_013003,2015-10-06T11:08:41Z,1841,2,1,Vespa_velutina,Portugal,Insects,established,detectado,Post-Introduction,Detection,Detection,2011,2010-08-21T00:00:00Z,title_description,,,,,
video_014172,2016-11-14T08:02:10Z,1957,11,1,Vespa_velutina,Portugal,Insects,established,control,Post-Introduction,Detection,Detection,2011,2010-08-21T00:00:00Z,title_description,,,,,
video_000256,2020-04-28T23:04:55Z,6154,38,0,Vespa_velutina,Portugal,Insects,established,captura,Post-Introduction,Detection,Detection,2011,2010-08-21T00:00:00Z,title_description,,,,,
video_010898,2023-10-14T09:24:09Z,7016,78,3,Vespa_velutina,Portugal,Insects,established,exotica,Post-Introduction,Invasion,Invasion,2011,2010-08-21T00:00:00Z,title_description,,,,,
video_010898,2023-10-14T09:24:09Z,7016,78,3,Vespa_velutina,Portugal,Insects,established,reciente,Post-Introduction,Detection,Detection,2011,2010-08-21T00:00:00Z,title_description,,,,,
video_010898,2023-10-14T09:24:09Z,7016,78,3,Vespa_velutina,Portugal,Insects,established,aparicion,Post-Introduction,Detection,Detection,2011,2010-08-21T00:00:00Z,title_description,,,,,
video_006577,2020-05-07T09:11:50Z,38,0,0,Vespa_velutina,Portugal,Insects,established,trampas,Post-Introduction,Detection,Detection,2011,2010-08-21T00:00:00Z,title_description,,,,,
video_016755,2016-12-08T21:03:40Z,31814,83,9,Vespa_velutina,Portugal,Insects,established,trampa,Post-Introduction,Detection,Detection,2011,2010-08-21T00:00:00Z,title_description,,,,,
video_002444,2025-07-30T00:19:29Z,950,5,0,Vespa_velutina,Portugal,Insects,established,trampa,Post-Introduction,Detection,Detection,2011,2010-08-21T00:00:00Z,title_description,,,,,
video_004232,2015-09-10T14:28:51Z,1377,3,0,Vespa_velutina,Portugal,Insects,established,atacando,Post-Introduction,Threat,Threat,2011,2010-08-21T00:00:00Z,title_description,,,,,
video_010256,2021-10-04T14:55:45Z,350,3,0,Vespa_velutina,Portugal,Insects,established,plaga,Post-Introduction,Invasion,Invasion,2011,2010-08-21T00:00:00Z,title_description,,,,,
video_003424,2014-09-26T00:27:14Z,30058,77,6,Vespa_velutina,Portugal,Insects,established,trampa,Post-Introduction,Detection,Detection,2011,2010-08-21T00:00:00Z,title_description,,,,,
video_003424,2014-09-26T00:27:14Z,30058,77,6,Vespa_velutina,Portugal,Insects,established,barato,Post-Introduction,eCommerce,eCommerce,2011,2010-08-21T00:00:00Z,title_description,,,,,
video_011166,2023-07-30T18:20:51Z,507,8,3,Vespa_velutina,Portugal,Insects,established,trampas,Post-Introduction,Detection,Detection,2011,2010-08-21T00:00:00Z,title_description,,,,,
video_011166,2023-07-30T18:20:51Z,507,8,3,Vespa_velutina,Portugal,Insects,established,establecido,Post-Introduction,Invasion,Invasion,2011,2010-08-21T00:00:00Z,title_description,,,,,
video_010286,2019-10-27T11:10:43Z,37065,116,13,Vespa_velutina,Portugal,Insects,established,atacando,Post-Introduction,Threat,Threat,2011,2010-08-21T00:00:00Z,title_description,,,,,
video_010286,2019-10-27T11:10:43Z,37065,116,13,Vespa_velutina,Portugal,Insects,established,atacando,Post-Introduction,Threat,Threat,2011,2010-08-21T00:00:00Z,title_description,,,,,
video_004669,2015-11-08T20:40:54Z,165,0,0,Vespa_velutina,Portugal,Insects,established,atacando,Post-Introduction,Threat,Threat,2011,2010-08-21T00:00:00Z,title_description,,,,,
video_013646,2020-08-09T13:15:06Z,53,0,0,Vespa_velutina,Portugal,Insects,established,trampa,Post-Introduction,Detection,Detection,2011,2010-08-21T00:00:00Z,title_description,,,,,
video_010237,2021-05-09T22:25:59Z,231,6,6,Vespa_velutina,Portugal,Insects,established,avistamiento,Post-Introduction,Detection,Detection,2011,2010-08-21T00:00:00Z,title_description,,,,,
video_010000,2020-08-11T15:43:19Z,108,2,1,Vespa_velutina,Portugal,Insects,established,plaga,Post-Introduction,Invasion,Invasion,2011,2010-08-21T00:00:00Z,title_description,,,,,
video_010000,2020-08-11T15:43:19Z,108,2,1,Vespa_velutina,Portugal,Insects,established,plaga,Post-Introduction,Invasion,Invasion,2011,2010-08-21T00:00:00Z,title_description,,,,,
video_002926,2021-09-11T21:05:29Z,258,7,0,Vespa_velutina,Portugal,Insects,established,trampas,Post-Introduction,Detection,Detection,2011,2010-08-21T00:00:00Z,title_description,,,,,
video_011128,2023-09-12T11:26:50Z,68,1,0,Vespa_velutina,Portugal,Insects,established,invasora,Post-Introduction,Invasion,Invasion,2011,2010-08-21T00:00:00Z,title_description,,,,,
video_010889,2023-12-28T16:01:08Z,205,2,0,Vespa_velutina,Portugal,Insects,established,controlar,Post-Introduction,Detection,Detection,2011,2010-08-21T00:00:00Z,title_description,,,,,
video_001705,2023-04-06T13:15:01Z,172,6,2,Vespa_velutina,Portugal,Insects,established,armadilhas,Post-Introduction,Detection,Detection,2011,2010-08-21T00:00:00Z,title_description,,,,,
video_002958,2022-02-24T12:13:53Z,201,2,0,Vespa_velutina,Portugal,Insects,established,nativa,Post-Introduction,Invasion,Invasion,2011,2010-08-21T00:00:00Z,title_description,,,,,
video_002958,2022-02-24T12:13:53Z,201,2,0,Vespa_velutina,Portugal,Insects,established,captura,Post-Introduction,Detection,Detection,2011,2010-08-21T00:00:00Z,title_description,,,,,
video_016728,2021-07-26T18:44:57Z,1015,34,13,Vespa_velutina,Portugal,Insects,established,invasora,Post-Introduction,Invasion,Invasion,2011,2010-08-21T00:00:00Z,title_description,,,,,
video_004680,2015-11-10T08:51:19Z,19857,72,8,Vespa_velutina,Portugal,Insects,established,contaminacion,Post-Introduction,Threat,Threat,2011,2010-08-21T00:00:00Z,title_description,,,,,
video_011043,2023-05-10T20:00:17Z,495,12,0,Vespa_velutina,Portugal,Insects,established,armadilhas,Post-Introduction,Detection,Detection,2011,2010-08-21T00:00:00Z,title_description,,,,,
video_011043,2023-05-10T20:00:17Z,495,12,0,Vespa_velutina,Portugal,Insects,established,armadilhas,Post-Introduction,Detection,Detection,2011,2010-08-21T00:00:00Z,title_description,,,,,
video_008923,2017-03-22T21:56:22Z,1377,15,1,Vespa_velutina,Portugal,Insects,established,invasion,Post-Introduction,Invasion,Invasion,2011,2010-08-21T00:00:00Z,title_description,,,,,
video_008923,2017-03-22T21:56:22Z,1377,15,1,Vespa_velutina,Portugal,Insects,established,control,Post-Introduction,Detection,Detection,2011,2010-08-21T00:00:00Z,title_description,,,,,
video_014763,2024-08-06T19:30:05Z,12879,667,29,Wasmannia_auropunctata,Spain,Insects,established,invasora,Post-Introduction,Invasion,Invasion,2018,2018-05-12T00:00:00Z,title_description,,,,,
video_009735,2025-01-20T18:00:32Z,1552,104,7,Wasmannia_auropunctata,Spain,Insects,established,alerta,Post-Introduction,Detection,Detection,2018,2018-05-12T00:00:00Z,title_description,,,,,
video_009735,2025-01-20T18:00:32Z,1552,104,7,Wasmannia_auropunctata,Spain,Insects,established,exotica,Post-Introduction,Invasion,Invasion,2018,2018-05-12T00:00:00Z,title_description,,,,,
video_009735,2025-01-20T18:00:32Z,1552,104,7,Wasmannia_auropunctata,Spain,Insects,established,invasora,Post-Introduction,Invasion,Invasion,2018,2018-05-12T00:00:00Z,title_description,,,,,
video_009735,2025-01-20T18:00:32Z,1552,104,7,Wasmannia_auropunctata,Spain,Insects,established,alerta,Post-Introduction,Detection,Detection,2018,2018-05-12T00:00:00Z,title_description,,,,,
video_009735,2025-01-20T18:00:32Z,1552,104,7,Wasmannia_auropunctata,Spain,Insects,established,exotica,Post-Introduction,Invasion,Invasion,2018,2018-05-12T00:00:00Z,title_description,,,,,
video_009735,2025-01-20T18:00:32Z,1552,104,7,Wasmannia_auropunctata,Spain,Insects,established,peligrosa,Post-Introduction,Threat,Threat,2018,2018-05-12T00:00:00Z,title_description,,,,,
video_009735,2025-01-20T18:00:32Z,1552,104,7,Wasmannia_auropunctata,Spain,Insects,established,invasora,Post-Introduction,Invasion,Invasion,2018,2018-05-12T00:00:00Z,title_description,,,,,
video_007938,2023-02-02T11:26:37Z,204,1,0,Xylella_fastidiosa,Spain,"Bacteria, Viruses, Fungi",alien,amenaza,Post-Introduction,Threat,Threat,2016,2016-11-01T00:00:00Z,title_description,,,,,
video_011849,2018-02-26T09:19:15Z,2593,8,2,Xylella_fastidiosa,Spain,"Bacteria, Viruses, Fungi",alien,plaga,Post-Introduction,Invasion,Invasion,2016,2016-11-01T00:00:00Z,title_description,,,,,
video_016735,2021-06-17T08:10:24Z,246,6,0,Xylella_fastidiosa,Spain,"Bacteria, Viruses, Fungi",alien,introduccion,Post-Introduction,Invasion,Invasion,2016,2016-11-01T00:00:00Z,title_description,,,,,
video_013174,2018-10-16T15:12:45Z,2279,,,Xylella_fastidiosa,Spain,"Bacteria, Viruses, Fungi",alien,detectado,Post-Introduction,Detection,Detection,2016,2016-11-01T00:00:00Z,title_description,,,,,
video_007714,2018-04-17T21:58:28Z,115,0,0,Xylella_fastidiosa,Spain,"Bacteria, Viruses, Fungi",alien,detectada,Post-Introduction,Detection,Detection,2016,2016-11-01T00:00:00Z,title_description,,,,,
video_002131,2019-03-12T16:15:10Z,1622,11,1,Xylella_fastidiosa,Spain,"Bacteria, Viruses, Fungi",alien,amenaza,Post-Introduction,Threat,Threat,2016,2016-11-01T00:00:00Z,title_description,,,,,
video_002131,2019-03-12T16:15:10Z,1622,11,1,Xylella_fastidiosa,Spain,"Bacteria, Viruses, Fungi",alien,deteccion,Post-Introduction,Detection,Detection,2016,2016-11-01T00:00:00Z,title_description,,,,,
video_014624,2018-04-13T17:03:16Z,86,0,0,Xylella_fastidiosa,Spain,"Bacteria, Viruses, Fungi",alien,control,Post-Introduction,Detection,Detection,2016,2016-11-01T00:00:00Z,title_description,,,,,
video_001579,2017-09-23T14:36:19Z,1657,27,3,Xylella_fastidiosa,Spain,"Bacteria, Viruses, Fungi",alien,amenaza,Post-Introduction,Threat,Threat,2016,2016-11-01T00:00:00Z,title_description,,,,,
video_005080,2019-09-19T15:49:45Z,227,1,0,Xylella_fastidiosa,Spain,"Bacteria, Viruses, Fungi",alien,deteccion,Post-Introduction,Detection,Detection,2016,2016-11-01T00:00:00Z,title_description,,,,,
video_008212,2017-09-28T09:53:58Z,187,0,,Xylella_fastidiosa,Spain,"Bacteria, Viruses, Fungi",alien,deteccion,Post-Introduction,Detection,Detection,2016,2016-11-01T00:00:00Z,title_description,,,,,
video_013423,2023-12-01T09:26:20Z,52,2,0,Xylella_fastidiosa,Spain,"Bacteria, Viruses, Fungi",alien,control,Post-Introduction,Detection,Detection,2016,2016-11-01T00:00:00Z,title_description,,,,,
video_000284,2018-06-21T07:54:08Z,2682,21,,Xylella_fastidiosa,Spain,"Bacteria, Viruses, Fungi",alien,plaga,Post-Introduction,Invasion,Invasion,2016,2016-11-01T00:00:00Z,title_description,,,,,
video_015991,2017-07-07T10:44:51Z,5617,15,,Xylella_fastidiosa,Spain,"Bacteria, Viruses, Fungi",alien,peligrosa,Post-Introduction,Threat,Threat,2016,2016-11-01T00:00:00Z,title_description,,,,,
video_015991,2017-07-07T10:44:51Z,5617,15,,Xylella_fastidiosa,Spain,"Bacteria, Viruses, Fungi",alien,peligrosa,Post-Introduction,Threat,Threat,2016,2016-11-01T00:00:00Z,title_description,,,,,
video_011991,2015-09-10T18:03:51Z,530,2,0,Xylella_fastidiosa,Spain,"Bacteria, Viruses, Fungi",alien,contaminacion,Pre-Introduction,Threat,Threat,2016,2016-11-01T00:00:00Z,title_description,,,,,
video_014246,2017-07-18T07:46:18Z,524,3,,Xylella_fastidiosa,Spain,"Bacteria, Viruses, Fungi",alien,deteccion,Post-Introduction,Detection,Detection,2016,2016-11-01T00:00:00Z,title_description,,,,,
video_010091,2018-04-18T08:54:33Z,132,1,0,Xylella_fastidiosa,Spain,"Bacteria, Viruses, Fungi",alien,detectado,Post-Introduction,Detection,Detection,2016,2016-11-01T00:00:00Z,title_description,,,,,
video_016410,2021-04-07T12:30:50Z,1540,20,3,Xylella_fastidiosa,Spain,"Bacteria, Viruses, Fungi",alien,vector,Post-Introduction,Threat,Threat,2016,2016-11-01T00:00:00Z,title_description,,,,,
video_011933,2017-06-30T17:13:07Z,1089,,,Xylella_fastidiosa,Spain,"Bacteria, Viruses, Fungi",alien,deteccion,Post-Introduction,Detection,Detection,2016,2016-11-01T00:00:00Z,title_description,,,,,
video_008549,2018-01-08T07:46:03Z,544,2,0,Xylella_fastidiosa,Spain,"Bacteria, Viruses, Fungi",alien,control,Post-Introduction,Detection,Detection,2016,2016-11-01T00:00:00Z,title_description,,,,,
video_007325,2021-07-15T06:57:56Z,180,3,0,Xylella_fastidiosa,Spain,"Bacteria, Viruses, Fungi",alien,plaga,Post-Introduction,Invasion,Invasion,2016,2016-11-01T00:00:00Z,title_description,,,,,
video_007325,2021-07-15T06:57:56Z,180,3,0,Xylella_fastidiosa,Spain,"Bacteria, Viruses, Fungi",alien,plaga,Post-Introduction,Invasion,Invasion,2016,2016-11-01T00:00:00Z,title_description,,,,,
video_015586,2015-01-26T10:13:34Z,149,0,0,Xylella_fastidiosa,Spain,"Bacteria, Viruses, Fungi",alien,amenaza,Pre-Introduction,Threat,Threat,2016,2016-11-01T00:00:00Z,title_description,,,,,
video_011907,2024-08-12T17:50:27Z,907,30,0,Xylella_fastidiosa,Spain,"Bacteria, Viruses, Fungi",alien,peligro,Post-Introduction,Threat,Threat,2016,2016-11-01T00:00:00Z,title_description,,,,,
video_010188,2015-02-17T09:39:56Z,89,0,0,Xylella_fastidiosa,Spain,"Bacteria, Viruses, Fungi",alien,amenaza,Pre-Introduction,Threat,Threat,2016,2016-11-01T00:00:00Z,title_description,,,,,
video_015985,2017-07-20T15:42:43Z,279,1,0,Xylella_fastidiosa,Spain,"Bacteria, Viruses, Fungi",alien,plaga,Post-Introduction,Invasion,Invasion,2016,2016-11-01T00:00:00Z,title_description,,,,,
video_015985,2017-07-20T15:42:43Z,279,1,0,Xylella_fastidiosa,Spain,"Bacteria, Viruses, Fungi",alien,controlada,Post-Introduction,Detection,Detection,2016,2016-11-01T00:00:00Z,title_description,,,,,
video_015237,2024-04-24T09:03:49Z,58,0,0,Xylella_fastidiosa,Spain,"Bacteria, Viruses, Fungi",alien,plaga,Post-Introduction,Invasion,Invasion,2016,2016-11-01T00:00:00Z,title_description,,,,,
video_005656,2019-09-19T15:49:45Z,224,5,0,Xylella_fastidiosa,Spain,"Bacteria, Viruses, Fungi",alien,deteccion,Post-Introduction,Detection,Detection,2016,2016-11-01T00:00:00Z,title_description,,,,,
video_008970,2023-05-18T11:27:48Z,89,,,Xylella_fastidiosa,Spain,"Bacteria, Viruses, Fungi",alien,manejo,Post-Introduction,Detection,Detection,2016,2016-11-01T00:00:00Z,title_description,,,,,
video_008970,2023-05-18T11:27:48Z,89,,,Xylella_fastidiosa,Spain,"Bacteria, Viruses, Fungi",alien,plagas,Post-Introduction,Invasion,Invasion,2016,2016-11-01T00:00:00Z,title_description,,,,,
video_004849,2019-09-25T12:57:25Z,38,1,1,Xylella_fastidiosa,Spain,"Bacteria, Viruses, Fungi",alien,control,Post-Introduction,Detection,Detection,2016,2016-11-01T00:00:00Z,title_description,,,,,
video_002696,2017-03-02T12:23:25Z,7,0,0,Xylella_fastidiosa,Spain,"Bacteria, Viruses, Fungi",alien,adoptadas,Post-Introduction,eCommerce,eCommerce,2016,2016-11-01T00:00:00Z,title_description,,,,,
video_009456,2019-09-19T15:49:45Z,569,5,0,Xylella_fastidiosa,Spain,"Bacteria, Viruses, Fungi",alien,deteccion,Post-Introduction,Detection,Detection,2016,2016-11-01T00:00:00Z,title_description,,,,,
video_003211,2023-01-16T10:29:05Z,306,4,0,Xylella_fastidiosa,Spain,"Bacteria, Viruses, Fungi",alien,perigosa,Post-Introduction,Threat,Threat,2016,2016-11-01T00:00:00Z,title_description,,,,,
video_003211,2023-01-16T10:29:05Z,306,4,0,Xylella_fastidiosa,Spain,"Bacteria, Viruses, Fungi",alien,ataca,Post-Introduction,Threat,Threat,2016,2016-11-01T00:00:00Z,title_description,,,,,
video_003211,2023-01-16T10:29:05Z,306,4,0,Xylella_fastidiosa,Spain,"Bacteria, Viruses, Fungi",alien,risco,Post-Introduction,Threat,Threat,2016,2016-11-01T00:00:00Z,title_description,,,,,
video_015659,2023-02-27T14:32:48Z,505,6,0,Xylella_fastidiosa,Spain,"Bacteria, Viruses, Fungi",alien,controlo,Post-Introduction,Detection,Detection,2016,2016-11-01T00:00:00Z,title_description,,,,,
video_015659,2023-02-27T14:32:48Z,505,6,0,Xylella_fastidiosa,Spain,"Bacteria, Viruses, Fungi",alien,identificada,Post-Introduction,Detection,Detection,2016,2016-11-01T00:00:00Z,title_description,,,,,
video_015659,2023-02-27T14:32:48Z,505,6,0,Xylella_fastidiosa,Spain,"Bacteria, Viruses, Fungi",alien,recentemente,Post-Introduction,Detection,Detection,2016,2016-11-01T00:00:00Z,title_description,,,,,
video_012184,2021-03-17T08:44:12Z,32,3,0,Xylella_fastidiosa,Spain,"Bacteria, Viruses, Fungi",alien,dispersion,Post-Introduction,Invasion,Invasion,2016,2016-11-01T00:00:00Z,title_description,,,,,
video_012184,2021-03-17T08:44:12Z,32,3,0,Xylella_fastidiosa,Spain,"Bacteria, Viruses, Fungi",alien,vector,Post-Introduction,Threat,Threat,2016,2016-11-01T00:00:00Z,title_description,,,,,
video_011636,2019-09-19T15:49:45Z,96,1,0,Xylella_fastidiosa,Spain,"Bacteria, Viruses, Fungi",alien,deteccion,Post-Introduction,Detection,Detection,2016,2016-11-01T00:00:00Z,title_description,,,,,
video_009839,2023-11-29T12:35:31Z,29,0,0,Xylella_fastidiosa,Spain,"Bacteria, Viruses, Fungi",alien,deteccion,Post-Introduction,Detection,Detection,2016,2016-11-01T00:00:00Z,title_description,,,,,
video_005064,2019-09-25T12:25:38Z,44,0,0,Xylella_fastidiosa,Spain,"Bacteria, Viruses, Fungi",alien,expansion,Post-Introduction,Invasion,Invasion,2016,2016-11-01T00:00:00Z,title_description,,,,,
video_005281,2023-12-01T09:28:00Z,90,0,0,Xylella_fastidiosa,Spain,"Bacteria, Viruses, Fungi",alien,control,Post-Introduction,Detection,Detection,2016,2016-11-01T00:00:00Z,title_description,,,,,
video_016457,2023-05-21T15:46:43Z,1625,38,5,Zebrasoma_flavescens,Spain,Fishes,uncertain,acuario,Post-Introduction,eCommerce,eCommerce,2008,2008-06-01T00:00:00Z,title_description,,,,,
video_015983,2017-05-19T16:35:15Z,43,2,2,Zebrasoma_flavescens,Spain,Fishes,uncertain,acuario,Post-Introduction,eCommerce,eCommerce,2008,2008-06-01T00:00:00Z,title_description,,,,,
video_002449,2010-02-27T05:40:35Z,864,3,0,Zebrasoma_flavescens,Spain,Fishes,uncertain,acuario,Post-Introduction,eCommerce,eCommerce,2008,2008-06-01T00:00:00Z,title_description,,,,,
video_015372,2017-10-30T08:35:08Z,6060,176,34,Zebrasoma_flavescens,Spain,Fishes,uncertain,acuario,Post-Introduction,eCommerce,eCommerce,2008,2008-06-01T00:00:00Z,title_description,,,,,
video_015372,2017-10-30T08:35:08Z,6060,176,34,Zebrasoma_flavescens,Spain,Fishes,uncertain,acuario,Post-Introduction,eCommerce,eCommerce,2008,2008-06-01T00:00:00Z,title_description,,,,,
video_015372,2017-10-30T08:35:08Z,6060,176,34,Zebrasoma_flavescens,Spain,Fishes,uncertain,acuario,Post-Introduction,eCommerce,eCommerce,2008,2008-06-01T00:00:00Z,title_description,,,,,
video_015372,2017-10-30T08:35:08Z,6060,176,34,Zebrasoma_flavescens,Spain,Fishes,uncertain,acuario,Post-Introduction,eCommerce,eCommerce,2008,2008-06-01T00:00:00Z,title_description,,,,,
video_002802,2021-09-25T08:19:08Z,264,6,0,Zebrasoma_flavescens,Spain,Fishes,uncertain,tienda,Post-Introduction,eCommerce,eCommerce,2008,2008-06-01T00:00:00Z,title_description,,,,,
video_002802,2021-09-25T08:19:08Z,264,6,0,Zebrasoma_flavescens,Spain,Fishes,uncertain,precio,Post-Introduction,eCommerce,eCommerce,2008,2008-06-01T00:00:00Z,title_description,,,,,
video_006056,2015-09-26T06:48:47Z,896,0,0,Zebrasoma_flavescens,Spain,Fishes,uncertain,acuario,Post-Introduction,eCommerce,eCommerce,2008,2008-06-01T00:00:00Z,title_description,,,,,
video_006973,2014-10-29T09:51:01Z,88,0,0,Zebrasoma_flavescens,Spain,Fishes,uncertain,acuarios,Post-Introduction,eCommerce,eCommerce,2008,2008-06-01T00:00:00Z,title_description,,,,,
video_012743,2016-07-01T15:14:23Z,244,9,2,Zebrasoma_flavescens,Spain,Fishes,uncertain,acuario,Post-Introduction,eCommerce,eCommerce,2008,2008-06-01T00:00:00Z,title_description,,,,,
video_000941,2012-01-08T16:36:30Z,2475,7,1,Zebrasoma_flavescens,Spain,Fishes,uncertain,acuario,Post-Introduction,eCommerce,eCommerce,2008,2008-06-01T00:00:00Z,title_description,,,,,
video_004673,2017-10-07T18:33:51Z,1233,4,0,Zebrasoma_flavescens,Spain,Fishes,uncertain,aquario,Post-Introduction,eCommerce,eCommerce,2008,2008-06-01T00:00:00Z,title_description,,,,,
video_001995,2024-01-12T21:35:06Z,229,,1,Acridotheres_cristatellus,Portugal,Birds,established,visto,Post-Introduction,Detection,Detection,2007,2007-06-01T12:00:00Z,comment,4,0,comment_005211,,FALSE
video_010941,2020-10-10T09:21:26Z,19,,1,Aedes_aegypti,Madeira,Insects,established,transmisor,Post-Introduction,Threat,Threat,2006,2006-06-01T12:00:00Z,comment,2,1,comment_008919,,FALSE
video_010941,2020-10-10T09:21:26Z,19,,1,Aedes_aegypti,Madeira,Insects,established,alerta,Post-Introduction,Detection,Detection,2006,2006-06-01T12:00:00Z,comment,2,1,comment_008919,,FALSE
video_010941,2020-10-10T09:21:26Z,19,,1,Aedes_aegypti,Madeira,Insects,established,controlar,Post-Introduction,Detection,Detection,2006,2006-06-01T12:00:00Z,comment,2,1,comment_008919,,FALSE
video_010941,2020-10-10T09:21:26Z,19,,1,Aedes_aegypti,Madeira,Insects,established,propagando,Post-Introduction,Invasion,Invasion,2006,2006-06-01T12:00:00Z,comment,2,1,comment_008919,,FALSE
video_010941,2020-10-10T09:21:26Z,19,,1,Aedes_aegypti,Madeira,Insects,established,deteccion,Post-Introduction,Detection,Detection,2006,2006-06-01T12:00:00Z,comment,2,1,comment_008919,,FALSE
video_002027,2018-04-09T19:44:26Z,47975,,14,Aedes_aegypti,Madeira,Insects,established,armadilhas,Post-Introduction,Detection,Detection,2006,2006-06-01T12:00:00Z,comment,517,1,comment_003321,,FALSE
video_002027,2018-04-09T19:44:26Z,47975,,14,Aedes_aegypti,Madeira,Insects,established,pragas,Post-Introduction,Invasion,Invasion,2006,2006-06-01T12:00:00Z,comment,517,1,comment_003321,,FALSE
video_012821,2025-09-25T23:37:11Z,640,,2,Agapornis_fischeri,Portugal,Birds,alien,visto,Post-Introduction,Detection,Detection,2008,2008-06-01T12:00:00Z,comment,25,0,comment_002561,comment_002558,TRUE
video_005528,2022-04-29T20:31:29Z,60183,,147,Agapornis_fischeri,Portugal,Birds,alien,precio,Post-Introduction,eCommerce,eCommerce,2008,2008-06-01T12:00:00Z,comment,1618,0,comment_003143,,FALSE
video_005528,2021-11-07T04:48:25Z,60183,,147,Agapornis_fischeri,Portugal,Birds,alien,compre,Post-Introduction,eCommerce,eCommerce,2008,2008-06-01T12:00:00Z,comment,1618,0,comment_001798,,FALSE
video_005528,2020-12-18T09:10:00Z,60183,,147,Agapornis_fischeri,Portugal,Birds,alien,adoptar,Post-Introduction,eCommerce,eCommerce,2008,2008-06-01T12:00:00Z,comment,1618,2,comment_006738,,FALSE
video_005528,2020-12-18T09:10:00Z,60183,,147,Agapornis_fischeri,Portugal,Birds,alien,visto,Post-Introduction,Detection,Detection,2008,2008-06-01T12:00:00Z,comment,1618,2,comment_006738,,FALSE
video_005528,2020-10-03T17:59:25Z,60183,,147,Agapornis_fischeri,Portugal,Birds,alien,cara,Post-Introduction,eCommerce,eCommerce,2008,2008-06-01T12:00:00Z,comment,1618,3,comment_011602,,FALSE
video_005528,2020-10-03T13:34:26Z,60183,,147,Agapornis_fischeri,Portugal,Birds,alien,precios,Post-Introduction,eCommerce,eCommerce,2008,2008-06-01T12:00:00Z,comment,1618,7,comment_010848,,FALSE
video_005528,2020-10-03T21:44:16Z,60183,,147,Agapornis_fischeri,Portugal,Birds,alien,reciente,Post-Introduction,Detection,Detection,2008,2008-06-01T12:00:00Z,comment,1618,1,comment_007586,comment_007583,TRUE
video_002115,2022-03-07T05:22:48Z,503,,21,Agapornis_fischeri,Portugal,Birds,alien,encontre,Post-Introduction,Detection,Detection,2008,2008-06-01T12:00:00Z,comment,32,2,comment_011928,,FALSE
video_014788,2020-04-11T11:05:09Z,24018,,9,Agapornis_nigrigenis,Spain,Birds,alien,hibridacion,Post-Introduction,Threat,Threat,2006,2006-06-01T12:00:00Z,comment,115,1,comment_009250,comment_009249,TRUE
video_014788,2020-03-04T16:22:32Z,24018,,9,Agapornis_nigrigenis,Spain,Birds,alien,vender,Post-Introduction,eCommerce,eCommerce,2006,2006-06-01T12:00:00Z,comment,115,0,comment_008590,comment_008589,TRUE
video_014788,2020-03-04T16:22:32Z,24018,,9,Agapornis_nigrigenis,Spain,Birds,alien,pajareria,Post-Introduction,eCommerce,eCommerce,2006,2006-06-01T12:00:00Z,comment,115,0,comment_008590,comment_008589,TRUE
video_014788,2020-02-01T23:24:55Z,24018,,9,Agapornis_nigrigenis,Spain,Birds,alien,controlar,Post-Introduction,Detection,Detection,2006,2006-06-01T12:00:00Z,comment,115,0,comment_014030,comment_014029,TRUE
video_008139,2019-10-17T22:42:29Z,429,,2,Agapornis_nigrigenis,Spain,Birds,alien,toxica,Post-Introduction,Threat,Threat,2006,2006-06-01T12:00:00Z,comment,8,0,comment_011263,,FALSE
video_008139,2019-10-17T22:42:29Z,429,,2,Agapornis_nigrigenis,Spain,Birds,alien,peligrosa,Post-Introduction,Threat,Threat,2006,2006-06-01T12:00:00Z,comment,8,0,comment_011263,,FALSE
video_001543,2019-04-08T19:34:01Z,198150,,38,Agapornis_nigrigenis,Spain,Birds,alien,compre,Post-Introduction,eCommerce,eCommerce,2006,2006-06-01T12:00:00Z,comment,790,1,comment_010524,,FALSE
video_001543,2018-03-12T15:21:02Z,198150,,38,Agapornis_nigrigenis,Spain,Birds,alien,jaula,Post-Introduction,eCommerce,eCommerce,2006,2006-06-01T12:00:00Z,comment,790,1,comment_005786,,FALSE
video_001543,2019-04-09T08:39:08Z,198150,,38,Agapornis_nigrigenis,Spain,Birds,alien,tienda,Post-Introduction,eCommerce,eCommerce,2006,2006-06-01T12:00:00Z,comment,790,1,comment_010525,comment_010524,TRUE
video_001543,2019-04-09T08:39:08Z,198150,,38,Agapornis_nigrigenis,Spain,Birds,alien,jaula,Post-Introduction,eCommerce,eCommerce,2006,2006-06-01T12:00:00Z,comment,790,1,comment_010525,comment_010524,TRUE
video_016157,2021-06-10T20:55:57Z,2803,,25,Agapornis_nigrigenis,Spain,Birds,alien,comprar,Post-Introduction,eCommerce,eCommerce,2006,2006-06-01T12:00:00Z,comment,121,1,comment_011588,,FALSE
video_016157,2021-06-10T17:47:57Z,2803,,25,Agapornis_nigrigenis,Spain,Birds,alien,cara,Post-Introduction,eCommerce,eCommerce,2006,2006-06-01T12:00:00Z,comment,121,2,comment_007614,,FALSE
video_012396,2024-04-23T07:08:08Z,11780,,8,Amazona_albifrons,Spain,Birds,alien,enjaulado,Post-Introduction,eCommerce,eCommerce,2007,2007-06-01T12:00:00Z,comment,231,2,comment_013855,,FALSE
video_014731,2021-10-06T18:32:13Z,140303,,91,Amazona_amazonica,Portugal,Birds,alien,encontre,Post-Introduction,Detection,Detection,2012,2012-06-01T12:00:00Z,comment,995,0,comment_006451,,FALSE
video_014731,2017-05-01T02:42:07Z,140303,,91,Amazona_amazonica,Portugal,Birds,alien,vender,Post-Introduction,eCommerce,eCommerce,2012,2012-06-01T12:00:00Z,comment,995,1,comment_000866,,FALSE
video_014731,2019-11-30T11:04:30Z,140303,,91,Amazona_amazonica,Portugal,Birds,alien,jaula,Post-Introduction,eCommerce,eCommerce,2012,2012-06-01T12:00:00Z,comment,995,0,comment_012808,comment_012807,TRUE
video_003043,2025-09-24T19:02:44Z,2959,,2,Amazona_ochrocephala,Portugal,Birds,alien,precio,Post-Introduction,eCommerce,eCommerce,2007,2007-06-01T12:00:00Z,comment,88,0,comment_013133,,FALSE
video_015013,2020-12-18T22:51:35Z,5054,,7,Anser_cygnoides,Portugal,Birds,alien,vender,Post-Introduction,eCommerce,eCommerce,2008,2008-06-01T12:00:00Z,comment,65,0,comment_011216,,FALSE
video_015013,2020-12-15T04:00:39Z,5054,,7,Anser_cygnoides,Portugal,Birds,alien,comprar,Post-Introduction,eCommerce,eCommerce,2008,2008-06-01T12:00:00Z,comment,65,0,comment_004155,,FALSE
video_015013,2020-12-15T04:00:39Z,5054,,7,Anser_cygnoides,Portugal,Birds,alien,vender,Post-Introduction,eCommerce,eCommerce,2008,2008-06-01T12:00:00Z,comment,65,0,comment_004155,,FALSE
video_000295,2025-10-05T00:37:30Z,1457,,2,Anser_cygnoides,Portugal,Birds,alien,vender,Post-Introduction,eCommerce,eCommerce,2008,2008-06-01T12:00:00Z,comment,24,0,comment_002640,,FALSE
video_013009,2020-09-26T05:40:28Z,6863,,26,Apalone_ferox,Spain,Herptiles,alien,acuarios,Post-Introduction,eCommerce,eCommerce,2018,2018-06-01T12:00:00Z,comment,42,0,comment_014008,,FALSE
video_013009,2017-06-27T12:01:34Z,6863,,26,Apalone_ferox,Spain,Herptiles,alien,prohibido,Pre-Introduction,eCommerce,eCommerce,2018,2018-06-01T12:00:00Z,comment,42,1,comment_000670,,FALSE
video_013009,2015-03-16T11:58:04Z,6863,,26,Apalone_ferox,Spain,Herptiles,alien,atacando,Pre-Introduction,Threat,Threat,2018,2018-06-01T12:00:00Z,comment,42,4,comment_001383,,FALSE
video_013009,2013-04-17T14:21:24Z,6863,,26,Apalone_ferox,Spain,Herptiles,alien,compre,Pre-Introduction,eCommerce,eCommerce,2018,2018-06-01T12:00:00Z,comment,42,0,comment_009047,,FALSE
video_013009,2017-07-06T04:49:41Z,6863,,26,Apalone_ferox,Spain,Herptiles,alien,compre,Pre-Introduction,eCommerce,eCommerce,2018,2018-06-01T12:00:00Z,comment,42,0,comment_000270,comment_000269,TRUE
video_013009,2017-06-27T14:04:31Z,6863,,26,Apalone_ferox,Spain,Herptiles,alien,acuarios,Pre-Introduction,eCommerce,eCommerce,2018,2018-06-01T12:00:00Z,comment,42,0,comment_000671,comment_000670,TRUE
video_001550,2021-03-24T22:00:30Z,5080,,24,Apalone_ferox,Spain,Herptiles,alien,acuario,Post-Introduction,eCommerce,eCommerce,2018,2018-06-01T12:00:00Z,comment,48,0,comment_006649,,FALSE
video_001550,2013-08-21T01:53:23Z,5080,,24,Apalone_ferox,Spain,Herptiles,alien,compre,Pre-Introduction,eCommerce,eCommerce,2018,2018-06-01T12:00:00Z,comment,48,0,comment_014353,,FALSE
video_001550,2013-08-21T01:53:23Z,5080,,24,Apalone_ferox,Spain,Herptiles,alien,caro,Pre-Introduction,eCommerce,eCommerce,2018,2018-06-01T12:00:00Z,comment,48,0,comment_014353,,FALSE
video_001550,2013-08-18T04:52:16Z,5080,,24,Apalone_ferox,Spain,Herptiles,alien,pecera,Pre-Introduction,eCommerce,eCommerce,2018,2018-06-01T12:00:00Z,comment,48,0,comment_013730,,FALSE
video_001550,2013-07-04T02:29:38Z,5080,,24,Apalone_ferox,Spain,Herptiles,alien,compre,Pre-Introduction,eCommerce,eCommerce,2018,2018-06-01T12:00:00Z,comment,48,0,comment_009349,,FALSE
video_001550,2013-07-04T02:29:38Z,5080,,24,Apalone_ferox,Spain,Herptiles,alien,acuario,Pre-Introduction,eCommerce,eCommerce,2018,2018-06-01T12:00:00Z,comment,48,0,comment_009349,,FALSE
video_001550,2013-07-04T02:29:38Z,5080,,24,Apalone_ferox,Spain,Herptiles,alien,acuarios,Pre-Introduction,eCommerce,eCommerce,2018,2018-06-01T12:00:00Z,comment,48,0,comment_009349,,FALSE
video_006193,2013-09-28T04:55:16Z,4655,,39,Apalone_ferox,Spain,Herptiles,alien,peceras,Pre-Introduction,eCommerce,eCommerce,2018,2018-06-01T12:00:00Z,comment,70,0,comment_006112,,FALSE
video_006193,2013-09-08T01:29:03Z,4655,,39,Apalone_ferox,Spain,Herptiles,alien,pecera,Pre-Introduction,eCommerce,eCommerce,2018,2018-06-01T12:00:00Z,comment,70,0,comment_010321,,FALSE
video_006193,2013-08-31T05:55:19Z,4655,,39,Apalone_ferox,Spain,Herptiles,alien,compre,Pre-Introduction,eCommerce,eCommerce,2018,2018-06-01T12:00:00Z,comment,70,0,comment_002874,,FALSE
video_006193,2013-08-31T05:55:19Z,4655,,39,Apalone_ferox,Spain,Herptiles,alien,acuario,Pre-Introduction,eCommerce,eCommerce,2018,2018-06-01T12:00:00Z,comment,70,0,comment_002874,,FALSE
video_006193,2013-08-31T05:55:19Z,4655,,39,Apalone_ferox,Spain,Herptiles,alien,acuario,Pre-Introduction,eCommerce,eCommerce,2018,2018-06-01T12:00:00Z,comment,70,0,comment_002874,,FALSE
video_006193,2013-04-26T03:31:49Z,4655,,39,Apalone_ferox,Spain,Herptiles,alien,comprar,Pre-Introduction,eCommerce,eCommerce,2018,2018-06-01T12:00:00Z,comment,70,0,comment_005110,,FALSE
video_006839,2018-10-31T01:24:40Z,7925,,18,Apalone_ferox,Spain,Herptiles,alien,acuario,Post-Introduction,eCommerce,eCommerce,2018,2018-06-01T12:00:00Z,comment,108,3,comment_002729,,FALSE
video_006839,2019-06-02T21:22:56Z,7925,,18,Apalone_ferox,Spain,Herptiles,alien,manejo,Post-Introduction,Detection,Detection,2018,2018-06-01T12:00:00Z,comment,108,0,comment_002730,comment_002729,TRUE
video_001352,2020-12-29T06:25:44Z,8243,,28,Apalone_ferox,Spain,Herptiles,alien,pecera,Post-Introduction,eCommerce,eCommerce,2018,2018-06-01T12:00:00Z,comment,114,0,comment_007560,,FALSE
video_001352,2016-08-19T02:42:34Z,8243,,28,Apalone_ferox,Spain,Herptiles,alien,pecera,Pre-Introduction,eCommerce,eCommerce,2018,2018-06-01T12:00:00Z,comment,114,0,comment_000663,,FALSE
video_001352,2015-11-20T17:22:15Z,8243,,28,Apalone_ferox,Spain,Herptiles,alien,acuario,Pre-Introduction,eCommerce,eCommerce,2018,2018-06-01T12:00:00Z,comment,114,0,comment_001023,,FALSE
video_001352,2015-04-09T20:50:58Z,8243,,28,Apalone_ferox,Spain,Herptiles,alien,acuario,Pre-Introduction,eCommerce,eCommerce,2018,2018-06-01T12:00:00Z,comment,114,0,comment_000168,,FALSE
video_001352,2015-04-09T17:33:05Z,8243,,28,Apalone_ferox,Spain,Herptiles,alien,acuario,Pre-Introduction,eCommerce,eCommerce,2018,2018-06-01T12:00:00Z,comment,114,0,comment_000449,,FALSE
video_001352,2015-04-09T12:50:30Z,8243,,28,Apalone_ferox,Spain,Herptiles,alien,acuario,Pre-Introduction,eCommerce,eCommerce,2018,2018-06-01T12:00:00Z,comment,114,0,comment_000851,,FALSE
video_001352,2015-04-09T17:38:17Z,8243,,28,Apalone_ferox,Spain,Herptiles,alien,peligrosa,Pre-Introduction,Threat,Threat,2018,2018-06-01T12:00:00Z,comment,114,1,comment_000450,comment_000449,TRUE
video_001328,2015-05-17T23:08:18Z,3810,,13,Apalone_ferox,Spain,Herptiles,alien,acuarios,Pre-Introduction,eCommerce,eCommerce,2018,2018-06-01T12:00:00Z,comment,49,0,comment_000626,comment_000625,TRUE
video_000665,2022-02-07T00:03:07Z,23569,,107,Aratinga_jandaya,Spain,Birds,alien,gaiola,Post-Introduction,eCommerce,eCommerce,2008,2008-06-01T12:00:00Z,comment,1506,0,comment_014094,,FALSE
video_000665,2022-01-27T02:06:49Z,23569,,107,Aratinga_jandaya,Spain,Birds,alien,vender,Post-Introduction,eCommerce,eCommerce,2008,2008-06-01T12:00:00Z,comment,1506,0,comment_012065,,FALSE
video_000665,2020-07-22T16:09:57Z,23569,,107,Aratinga_jandaya,Spain,Birds,alien,comprar,Post-Introduction,eCommerce,eCommerce,2008,2008-06-01T12:00:00Z,comment,1506,0,comment_006478,,FALSE
video_000665,2019-04-15T17:26:19Z,23569,,107,Aratinga_jandaya,Spain,Birds,alien,gaiola,Post-Introduction,eCommerce,eCommerce,2008,2008-06-01T12:00:00Z,comment,1506,0,comment_008923,,FALSE
video_000665,2019-04-15T17:26:19Z,23569,,107,Aratinga_jandaya,Spain,Birds,alien,gaiola,Post-Introduction,eCommerce,eCommerce,2008,2008-06-01T12:00:00Z,comment,1506,0,comment_008923,,FALSE
video_000665,2018-12-03T21:19:05Z,23569,,107,Aratinga_jandaya,Spain,Birds,alien,loja,Post-Introduction,eCommerce,eCommerce,2008,2008-06-01T12:00:00Z,comment,1506,0,comment_005363,,FALSE
video_000665,2018-12-03T09:19:27Z,23569,,107,Aratinga_jandaya,Spain,Birds,alien,loja,Post-Introduction,eCommerce,eCommerce,2008,2008-06-01T12:00:00Z,comment,1506,0,comment_004683,,FALSE
video_000665,2018-12-03T09:19:27Z,23569,,107,Aratinga_jandaya,Spain,Birds,alien,preco,Post-Introduction,eCommerce,eCommerce,2008,2008-06-01T12:00:00Z,comment,1506,0,comment_004683,,FALSE
video_000665,2018-12-02T19:28:39Z,23569,,107,Aratinga_jandaya,Spain,Birds,alien,comprar,Post-Introduction,eCommerce,eCommerce,2008,2008-06-01T12:00:00Z,comment,1506,0,comment_013851,,FALSE
video_000665,2018-12-02T00:45:00Z,23569,,107,Aratinga_jandaya,Spain,Birds,alien,aquarios,Post-Introduction,eCommerce,eCommerce,2008,2008-06-01T12:00:00Z,comment,1506,3,comment_001961,,FALSE
video_000665,2018-12-01T21:14:52Z,23569,,107,Aratinga_jandaya,Spain,Birds,alien,loja,Post-Introduction,eCommerce,eCommerce,2008,2008-06-01T12:00:00Z,comment,1506,0,comment_007663,,FALSE
video_013475,2025-03-08T23:31:10Z,454,,3,Aratinga_jandaya,Spain,Birds,alien,precio,Post-Introduction,eCommerce,eCommerce,2008,2008-06-01T12:00:00Z,comment,10,0,comment_003250,,FALSE
video_013475,2025-03-04T14:11:32Z,454,,3,Aratinga_jandaya,Spain,Birds,alien,visto,Post-Introduction,Detection,Detection,2008,2008-06-01T12:00:00Z,comment,10,0,comment_006342,,FALSE
video_002260,2017-11-28T08:52:33Z,1381,,2,Balistoides_conspicillum,Spain,Fishes,uncertain,comprei,Post-Introduction,eCommerce,eCommerce,2012,2012-06-01T12:00:00Z,comment,14,0,comment_014331,comment_014330,TRUE
video_002260,2017-11-28T08:52:33Z,1381,,2,Balistoides_conspicillum,Spain,Fishes,uncertain,aquario,Post-Introduction,eCommerce,eCommerce,2012,2012-06-01T12:00:00Z,comment,14,0,comment_014331,comment_014330,TRUE
video_006641,2023-10-22T23:29:46Z,17163,,6,Belonochilus_numenius,Spain,Insects,established,plaga,Post-Introduction,Invasion,Invasion,2008,2008-06-01T12:00:00Z,comment,30,0,comment_010008,,FALSE
video_006641,2023-10-22T23:29:46Z,17163,,6,Belonochilus_numenius,Spain,Insects,established,visto,Post-Introduction,Detection,Detection,2008,2008-06-01T12:00:00Z,comment,30,0,comment_010008,,FALSE
video_006641,2023-10-22T23:29:46Z,17163,,6,Belonochilus_numenius,Spain,Insects,established,plaga,Post-Introduction,Invasion,Invasion,2008,2008-06-01T12:00:00Z,comment,30,0,comment_010008,,FALSE
video_006641,2019-10-23T18:52:27Z,17163,,6,Belonochilus_numenius,Spain,Insects,established,aparecieron,Post-Introduction,Detection,Detection,2008,2008-06-01T12:00:00Z,comment,30,1,comment_009447,,FALSE
video_007897,2022-04-06T04:35:03Z,238,,12,Bemisia_tabaci,Spain,Insects,alien,plaga,Post-Introduction,Invasion,Invasion,2006,2006-06-01T12:00:00Z,comment,27,1,comment_009978,,FALSE
video_007897,2022-04-06T20:31:39Z,238,,12,Bemisia_tabaci,Spain,Insects,alien,plaga,Post-Introduction,Invasion,Invasion,2006,2006-06-01T12:00:00Z,comment,27,0,comment_014218,comment_014217,TRUE
video_007897,2022-04-06T04:48:19Z,238,,12,Bemisia_tabaci,Spain,Insects,alien,plaga,Post-Introduction,Invasion,Invasion,2006,2006-06-01T12:00:00Z,comment,27,1,comment_009979,comment_009978,TRUE
video_007897,2022-04-06T04:48:19Z,238,,12,Bemisia_tabaci,Spain,Insects,alien,plagas,Post-Introduction,Invasion,Invasion,2006,2006-06-01T12:00:00Z,comment,27,1,comment_009979,comment_009978,TRUE
video_007897,2022-04-06T04:48:19Z,238,,12,Bemisia_tabaci,Spain,Insects,alien,aparece,Post-Introduction,Detection,Detection,2006,2006-06-01T12:00:00Z,comment,27,1,comment_009979,comment_009978,TRUE
video_007897,2022-04-06T04:48:19Z,238,,12,Bemisia_tabaci,Spain,Insects,alien,plaga,Post-Introduction,Invasion,Invasion,2006,2006-06-01T12:00:00Z,comment,27,1,comment_009979,comment_009978,TRUE
video_007897,2022-04-06T04:48:19Z,238,,12,Bemisia_tabaci,Spain,Insects,alien,plaga,Post-Introduction,Invasion,Invasion,2006,2006-06-01T12:00:00Z,comment,27,1,comment_009979,comment_009978,TRUE
video_007897,2022-04-06T04:48:19Z,238,,12,Bemisia_tabaci,Spain,Insects,alien,plaga,Post-Introduction,Invasion,Invasion,2006,2006-06-01T12:00:00Z,comment,27,1,comment_009979,comment_009978,TRUE
video_007897,2022-04-06T04:48:19Z,238,,12,Bemisia_tabaci,Spain,Insects,alien,manejo,Post-Introduction,Detection,Detection,2006,2006-06-01T12:00:00Z,comment,27,1,comment_009979,comment_009978,TRUE
video_007897,2022-04-06T04:48:19Z,238,,12,Bemisia_tabaci,Spain,Insects,alien,manejo,Post-Introduction,Detection,Detection,2006,2006-06-01T12:00:00Z,comment,27,1,comment_009979,comment_009978,TRUE
video_007897,2022-04-06T05:11:05Z,238,,12,Bemisia_tabaci,Spain,Insects,alien,control,Post-Introduction,Detection,Detection,2006,2006-06-01T12:00:00Z,comment,27,1,comment_009981,comment_009978,TRUE
video_007897,2022-04-06T05:11:05Z,238,,12,Bemisia_tabaci,Spain,Insects,alien,seguimiento,Post-Introduction,Detection,Detection,2006,2006-06-01T12:00:00Z,comment,27,1,comment_009981,comment_009978,TRUE
video_007897,2022-04-06T12:51:42Z,238,,12,Bemisia_tabaci,Spain,Insects,alien,seguimiento,Post-Introduction,Detection,Detection,2006,2006-06-01T12:00:00Z,comment,27,1,comment_009982,comment_009978,TRUE
video_007897,2022-04-06T12:51:42Z,238,,12,Bemisia_tabaci,Spain,Insects,alien,aparece,Post-Introduction,Detection,Detection,2006,2006-06-01T12:00:00Z,comment,27,1,comment_009982,comment_009978,TRUE
video_000661,2025-08-09T15:12:59Z,734486,,362,Bemisia_tabaci,Spain,Insects,alien,trampas,Post-Introduction,Detection,Detection,2006,2006-06-01T12:00:00Z,comment,21296,0,comment_003791,,FALSE
video_000661,2025-06-16T11:56:35Z,734486,,362,Bemisia_tabaci,Spain,Insects,alien,danino,Post-Introduction,Threat,Threat,2006,2006-06-01T12:00:00Z,comment,21296,0,comment_010964,,FALSE
video_000661,2025-06-10T03:09:21Z,734486,,362,Bemisia_tabaci,Spain,Insects,alien,plagas,Post-Introduction,Invasion,Invasion,2006,2006-06-01T12:00:00Z,comment,21296,0,comment_014253,,FALSE
video_000661,2025-06-10T03:09:21Z,734486,,362,Bemisia_tabaci,Spain,Insects,alien,control,Post-Introduction,Detection,Detection,2006,2006-06-01T12:00:00Z,comment,21296,0,comment_014253,,FALSE
video_000661,2024-02-22T02:22:56Z,734486,,362,Bemisia_tabaci,Spain,Insects,alien,trampas,Post-Introduction,Detection,Detection,2006,2006-06-01T12:00:00Z,comment,21296,0,comment_013344,,FALSE
video_000661,2023-08-29T20:07:21Z,734486,,362,Bemisia_tabaci,Spain,Insects,alien,peligro,Post-Introduction,Threat,Threat,2006,2006-06-01T12:00:00Z,comment,21296,0,comment_008767,,FALSE
video_000661,2023-08-29T20:07:21Z,734486,,362,Bemisia_tabaci,Spain,Insects,alien,plaga,Post-Introduction,Invasion,Invasion,2006,2006-06-01T12:00:00Z,comment,21296,0,comment_008767,,FALSE
video_000661,2023-07-07T11:49:11Z,734486,,362,Bemisia_tabaci,Spain,Insects,alien,plaga,Post-Introduction,Invasion,Invasion,2006,2006-06-01T12:00:00Z,comment,21296,0,comment_007989,,FALSE
video_000661,2023-02-23T13:50:38Z,734486,,362,Bemisia_tabaci,Spain,Insects,alien,plaga,Post-Introduction,Invasion,Invasion,2006,2006-06-01T12:00:00Z,comment,21296,0,comment_005908,,FALSE
video_000661,2022-07-07T21:15:35Z,734486,,362,Bemisia_tabaci,Spain,Insects,alien,visto,Post-Introduction,Detection,Detection,2006,2006-06-01T12:00:00Z,comment,21296,1,comment_002134,,FALSE
video_000661,2022-04-14T17:20:57Z,734486,,362,Bemisia_tabaci,Spain,Insects,alien,trampa,Post-Introduction,Detection,Detection,2006,2006-06-01T12:00:00Z,comment,21296,0,comment_004908,,FALSE
video_000661,2022-03-27T08:48:14Z,734486,,362,Bemisia_tabaci,Spain,Insects,alien,trampas,Post-Introduction,Detection,Detection,2006,2006-06-01T12:00:00Z,comment,21296,4,comment_009549,,FALSE
video_000661,2021-10-02T20:03:21Z,734486,,362,Bemisia_tabaci,Spain,Insects,alien,mercado,Post-Introduction,eCommerce,eCommerce,2006,2006-06-01T12:00:00Z,comment,21296,0,comment_014625,,FALSE
video_000661,2021-08-29T16:37:11Z,734486,,362,Bemisia_tabaci,Spain,Insects,alien,plaga,Post-Introduction,Invasion,Invasion,2006,2006-06-01T12:00:00Z,comment,21296,0,comment_007954,,FALSE
video_000661,2021-05-26T17:12:28Z,734486,,362,Bemisia_tabaci,Spain,Insects,alien,plaga,Post-Introduction,Invasion,Invasion,2006,2006-06-01T12:00:00Z,comment,21296,1,comment_001473,,FALSE
video_000661,2021-04-29T00:42:12Z,734486,,362,Bemisia_tabaci,Spain,Insects,alien,plaga,Post-Introduction,Invasion,Invasion,2006,2006-06-01T12:00:00Z,comment,21296,4,comment_001790,,FALSE
video_000661,2021-04-29T00:42:12Z,734486,,362,Bemisia_tabaci,Spain,Insects,alien,plaga,Post-Introduction,Invasion,Invasion,2006,2006-06-01T12:00:00Z,comment,21296,4,comment_001790,,FALSE
video_000661,2021-04-29T00:42:12Z,734486,,362,Bemisia_tabaci,Spain,Insects,alien,visto,Post-Introduction,Detection,Detection,2006,2006-06-01T12:00:00Z,comment,21296,4,comment_001790,,FALSE
video_000661,2021-04-29T00:42:12Z,734486,,362,Bemisia_tabaci,Spain,Insects,alien,visto,Post-Introduction,Detection,Detection,2006,2006-06-01T12:00:00Z,comment,21296,4,comment_001790,,FALSE
video_000661,2021-04-22T20:26:03Z,734486,,362,Bemisia_tabaci,Spain,Insects,alien,caro,Post-Introduction,eCommerce,eCommerce,2006,2006-06-01T12:00:00Z,comment,21296,0,comment_011581,,FALSE
video_000661,2021-04-11T14:37:47Z,734486,,362,Bemisia_tabaci,Spain,Insects,alien,control,Post-Introduction,Detection,Detection,2006,2006-06-01T12:00:00Z,comment,21296,0,comment_007805,,FALSE
video_000661,2021-04-10T15:19:35Z,734486,,362,Bemisia_tabaci,Spain,Insects,alien,trampas,Post-Introduction,Detection,Detection,2006,2006-06-01T12:00:00Z,comment,21296,0,comment_005571,,FALSE
video_000661,2021-03-23T04:03:20Z,734486,,362,Bemisia_tabaci,Spain,Insects,alien,trampas,Post-Introduction,Detection,Detection,2006,2006-06-01T12:00:00Z,comment,21296,0,comment_011308,,FALSE
video_000661,2021-01-29T02:41:41Z,734486,,362,Bemisia_tabaci,Spain,Insects,alien,trampas,Post-Introduction,Detection,Detection,2006,2006-06-01T12:00:00Z,comment,21296,0,comment_006420,,FALSE
video_000661,2021-01-24T14:31:29Z,734486,,362,Bemisia_tabaci,Spain,Insects,alien,trampas,Post-Introduction,Detection,Detection,2006,2006-06-01T12:00:00Z,comment,21296,0,comment_002431,,FALSE
video_000661,2021-01-24T14:31:29Z,734486,,362,Bemisia_tabaci,Spain,Insects,alien,trampas,Post-Introduction,Detection,Detection,2006,2006-06-01T12:00:00Z,comment,21296,0,comment_002431,,FALSE
video_000661,2021-01-20T16:36:11Z,734486,,362,Bemisia_tabaci,Spain,Insects,alien,compre,Post-Introduction,eCommerce,eCommerce,2006,2006-06-01T12:00:00Z,comment,21296,0,comment_010118,,FALSE
video_000661,2023-04-08T22:41:01Z,734486,,362,Bemisia_tabaci,Spain,Insects,alien,plaga,Post-Introduction,Invasion,Invasion,2006,2006-06-01T12:00:00Z,comment,21296,1,comment_007425,comment_007424,TRUE
video_000661,2022-11-06T18:11:04Z,734486,,362,Bemisia_tabaci,Spain,Insects,alien,peligroso,Post-Introduction,Threat,Threat,2006,2006-06-01T12:00:00Z,comment,21296,0,comment_004710,comment_004709,TRUE
video_000661,2022-11-06T18:11:04Z,734486,,362,Bemisia_tabaci,Spain,Insects,alien,riesgo,Post-Introduction,Threat,Threat,2006,2006-06-01T12:00:00Z,comment,21296,0,comment_004710,comment_004709,TRUE
video_000661,2021-05-30T22:16:38Z,734486,,362,Bemisia_tabaci,Spain,Insects,alien,plaga,Post-Introduction,Invasion,Invasion,2006,2006-06-01T12:00:00Z,comment,21296,0,comment_001474,comment_001473,TRUE
video_000661,2021-05-30T22:16:38Z,734486,,362,Bemisia_tabaci,Spain,Insects,alien,controlar,Post-Introduction,Detection,Detection,2006,2006-06-01T12:00:00Z,comment,21296,0,comment_001474,comment_001473,TRUE
video_000661,2021-03-25T22:33:43Z,734486,,362,Bemisia_tabaci,Spain,Insects,alien,plaga,Post-Introduction,Invasion,Invasion,2006,2006-06-01T12:00:00Z,comment,21296,0,comment_002708,comment_002707,TRUE
video_000661,2021-03-25T22:33:43Z,734486,,362,Bemisia_tabaci,Spain,Insects,alien,plagas,Post-Introduction,Invasion,Invasion,2006,2006-06-01T12:00:00Z,comment,21296,0,comment_002708,comment_002707,TRUE
video_000661,2021-02-09T08:55:14Z,734486,,362,Bemisia_tabaci,Spain,Insects,alien,trampas,Post-Introduction,Detection,Detection,2006,2006-06-01T12:00:00Z,comment,21296,0,comment_009189,comment_009188,TRUE
video_000661,2020-09-22T03:13:29Z,734486,,362,Bemisia_tabaci,Spain,Insects,alien,precio,Post-Introduction,eCommerce,eCommerce,2006,2006-06-01T12:00:00Z,comment,21296,1,comment_008657,,FALSE
video_000661,2020-09-02T18:15:54Z,734486,,362,Bemisia_tabaci,Spain,Insects,alien,trampa,Post-Introduction,Detection,Detection,2006,2006-06-01T12:00:00Z,comment,21296,0,comment_011341,,FALSE
video_000661,2020-07-05T17:53:01Z,734486,,362,Bemisia_tabaci,Spain,Insects,alien,compre,Post-Introduction,eCommerce,eCommerce,2006,2006-06-01T12:00:00Z,comment,21296,0,comment_014534,,FALSE
video_000661,2020-06-26T21:25:07Z,734486,,362,Bemisia_tabaci,Spain,Insects,alien,plaga,Post-Introduction,Invasion,Invasion,2006,2006-06-01T12:00:00Z,comment,21296,0,comment_013126,,FALSE
video_000661,2020-04-26T03:36:07Z,734486,,362,Bemisia_tabaci,Spain,Insects,alien,controlar,Post-Introduction,Detection,Detection,2006,2006-06-01T12:00:00Z,comment,21296,0,comment_012393,,FALSE
video_000661,2020-01-22T20:24:08Z,734486,,362,Bemisia_tabaci,Spain,Insects,alien,atacando,Post-Introduction,Threat,Threat,2006,2006-06-01T12:00:00Z,comment,21296,0,comment_002580,,FALSE
video_000661,2019-10-06T17:41:11Z,734486,,362,Bemisia_tabaci,Spain,Insects,alien,trampas,Post-Introduction,Detection,Detection,2006,2006-06-01T12:00:00Z,comment,21296,0,comment_012742,,FALSE
video_000661,2019-10-03T19:02:35Z,734486,,362,Bemisia_tabaci,Spain,Insects,alien,trampas,Post-Introduction,Detection,Detection,2006,2006-06-01T12:00:00Z,comment,21296,0,comment_003555,,FALSE
video_000661,2019-08-30T13:36:53Z,734486,,362,Bemisia_tabaci,Spain,Insects,alien,trampas,Post-Introduction,Detection,Detection,2006,2006-06-01T12:00:00Z,comment,21296,0,comment_003920,,FALSE
video_000661,2019-08-11T15:48:53Z,734486,,362,Bemisia_tabaci,Spain,Insects,alien,plagas,Post-Introduction,Invasion,Invasion,2006,2006-06-01T12:00:00Z,comment,21296,38,comment_001635,,FALSE
video_000661,2019-07-02T20:37:24Z,734486,,362,Bemisia_tabaci,Spain,Insects,alien,control,Post-Introduction,Detection,Detection,2006,2006-06-01T12:00:00Z,comment,21296,0,comment_013576,,FALSE
video_000661,2019-07-02T20:37:24Z,734486,,362,Bemisia_tabaci,Spain,Insects,alien,control,Post-Introduction,Detection,Detection,2006,2006-06-01T12:00:00Z,comment,21296,0,comment_013576,,FALSE
video_000661,2019-05-13T03:38:34Z,734486,,362,Bemisia_tabaci,Spain,Insects,alien,control,Post-Introduction,Detection,Detection,2006,2006-06-01T12:00:00Z,comment,21296,0,comment_001725,,FALSE
video_000661,2019-05-13T03:38:34Z,734486,,362,Bemisia_tabaci,Spain,Insects,alien,plaga,Post-Introduction,Invasion,Invasion,2006,2006-06-01T12:00:00Z,comment,21296,0,comment_001725,,FALSE
video_000661,2019-05-13T03:35:42Z,734486,,362,Bemisia_tabaci,Spain,Insects,alien,plaga,Post-Introduction,Invasion,Invasion,2006,2006-06-01T12:00:00Z,comment,21296,0,comment_015070,,FALSE
video_000661,2019-05-13T03:35:42Z,734486,,362,Bemisia_tabaci,Spain,Insects,alien,plaga,Post-Introduction,Invasion,Invasion,2006,2006-06-01T12:00:00Z,comment,21296,0,comment_015070,,FALSE
video_000661,2019-05-13T03:35:42Z,734486,,362,Bemisia_tabaci,Spain,Insects,alien,plaga,Post-Introduction,Invasion,Invasion,2006,2006-06-01T12:00:00Z,comment,21296,0,comment_015070,,FALSE
video_000661,2019-05-13T03:35:42Z,734486,,362,Bemisia_tabaci,Spain,Insects,alien,comprar,Post-Introduction,eCommerce,eCommerce,2006,2006-06-01T12:00:00Z,comment,21296,0,comment_015070,,FALSE
video_000661,2020-02-18T18:24:28Z,734486,,362,Bemisia_tabaci,Spain,Insects,alien,visto,Post-Introduction,Detection,Detection,2006,2006-06-01T12:00:00Z,comment,21296,0,comment_002581,comment_002580,TRUE
video_000661,2020-02-28T15:05:00Z,734486,,362,Bemisia_tabaci,Spain,Insects,alien,descubierto,Post-Introduction,Detection,Detection,2006,2006-06-01T12:00:00Z,comment,21296,0,comment_002582,comment_002580,TRUE
video_000661,2020-02-28T15:05:00Z,734486,,362,Bemisia_tabaci,Spain,Insects,alien,compre,Post-Introduction,eCommerce,eCommerce,2006,2006-06-01T12:00:00Z,comment,21296,0,comment_002582,comment_002580,TRUE
video_000661,2020-02-28T15:05:00Z,734486,,362,Bemisia_tabaci,Spain,Insects,alien,plagas,Post-Introduction,Invasion,Invasion,2006,2006-06-01T12:00:00Z,comment,21296,0,comment_002582,comment_002580,TRUE
video_000661,2020-04-23T08:20:01Z,734486,,362,Bemisia_tabaci,Spain,Insects,alien,plaga,Post-Introduction,Invasion,Invasion,2006,2006-06-01T12:00:00Z,comment,21296,1,comment_002033,comment_002031,TRUE
video_000661,2020-08-30T03:25:20Z,734486,,362,Bemisia_tabaci,Spain,Insects,alien,aparece,Post-Introduction,Detection,Detection,2006,2006-06-01T12:00:00Z,comment,21296,0,comment_002034,comment_002031,TRUE
video_014013,2025-12-12T17:31:26Z,23586,,14,Bemisia_tabaci,Spain,Insects,alien,plaga,Post-Introduction,Invasion,Invasion,2006,2006-06-01T12:00:00Z,comment,754,0,comment_010295,,FALSE
video_004716,2021-05-14T20:12:56Z,56137,,159,Bemisia_tabaci,Spain,Insects,alien,comprar,Post-Introduction,eCommerce,eCommerce,2006,2006-06-01T12:00:00Z,comment,2577,0,comment_013061,,FALSE
video_004716,2021-02-01T17:50:30Z,56137,,159,Bemisia_tabaci,Spain,Insects,alien,ataca,Post-Introduction,Threat,Threat,2006,2006-06-01T12:00:00Z,comment,2577,0,comment_006694,,FALSE
video_004716,2021-01-27T14:11:25Z,56137,,159,Bemisia_tabaci,Spain,Insects,alien,plaga,Post-Introduction,Invasion,Invasion,2006,2006-06-01T12:00:00Z,comment,2577,0,comment_002353,,FALSE
video_004716,2021-01-20T02:38:07Z,56137,,159,Bemisia_tabaci,Spain,Insects,alien,plagas,Post-Introduction,Invasion,Invasion,2006,2006-06-01T12:00:00Z,comment,2577,2,comment_012907,,FALSE
video_004716,2021-01-17T01:51:52Z,56137,,159,Bemisia_tabaci,Spain,Insects,alien,encontre,Post-Introduction,Detection,Detection,2006,2006-06-01T12:00:00Z,comment,2577,0,comment_013366,,FALSE
video_004716,2021-01-17T01:51:52Z,56137,,159,Bemisia_tabaci,Spain,Insects,alien,mercado,Post-Introduction,eCommerce,eCommerce,2006,2006-06-01T12:00:00Z,comment,2577,0,comment_013366,,FALSE
video_004716,2021-01-15T08:36:13Z,56137,,159,Bemisia_tabaci,Spain,Insects,alien,visto,Post-Introduction,Detection,Detection,2006,2006-06-01T12:00:00Z,comment,2577,0,comment_014656,,FALSE
video_004716,2021-01-14T23:44:04Z,56137,,159,Bemisia_tabaci,Spain,Insects,alien,invasora,Post-Introduction,Invasion,Invasion,2006,2006-06-01T12:00:00Z,comment,2577,1,comment_014337,,FALSE
video_004716,2021-01-14T23:44:04Z,56137,,159,Bemisia_tabaci,Spain,Insects,alien,plaga,Post-Introduction,Invasion,Invasion,2006,2006-06-01T12:00:00Z,comment,2577,1,comment_014337,,FALSE
video_004716,2021-01-14T22:44:07Z,56137,,159,Bemisia_tabaci,Spain,Insects,alien,vista,Post-Introduction,Detection,Detection,2006,2006-06-01T12:00:00Z,comment,2577,0,comment_007026,,FALSE
video_004716,2021-01-14T22:44:07Z,56137,,159,Bemisia_tabaci,Spain,Insects,alien,comprar,Post-Introduction,eCommerce,eCommerce,2006,2006-06-01T12:00:00Z,comment,2577,0,comment_007026,,FALSE
video_004716,2021-01-14T22:44:07Z,56137,,159,Bemisia_tabaci,Spain,Insects,alien,vista,Post-Introduction,Detection,Detection,2006,2006-06-01T12:00:00Z,comment,2577,0,comment_007026,,FALSE
video_004716,2021-01-14T22:44:07Z,56137,,159,Bemisia_tabaci,Spain,Insects,alien,vistas,Post-Introduction,Detection,Detection,2006,2006-06-01T12:00:00Z,comment,2577,0,comment_007026,,FALSE
video_004716,2021-01-14T17:28:00Z,56137,,159,Bemisia_tabaci,Spain,Insects,alien,reciente,Post-Introduction,Detection,Detection,2006,2006-06-01T12:00:00Z,comment,2577,3,comment_009649,,FALSE
video_004716,2021-01-15T09:44:33Z,56137,,159,Bemisia_tabaci,Spain,Insects,alien,invasora,Post-Introduction,Invasion,Invasion,2006,2006-06-01T12:00:00Z,comment,2577,0,comment_014338,comment_014337,TRUE
video_004716,2021-01-18T16:15:02Z,56137,,159,Bemisia_tabaci,Spain,Insects,alien,riesgo,Post-Introduction,Threat,Threat,2006,2006-06-01T12:00:00Z,comment,2577,0,comment_007028,comment_007026,TRUE
video_004716,2021-01-18T16:15:02Z,56137,,159,Bemisia_tabaci,Spain,Insects,alien,danino,Post-Introduction,Threat,Threat,2006,2006-06-01T12:00:00Z,comment,2577,0,comment_007028,comment_007026,TRUE
video_004716,2021-01-15T15:51:16Z,56137,,159,Bemisia_tabaci,Spain,Insects,alien,mercado,Post-Introduction,eCommerce,eCommerce,2006,2006-06-01T12:00:00Z,comment,2577,0,comment_009651,comment_009649,TRUE
video_004716,2021-01-16T13:49:57Z,56137,,159,Bemisia_tabaci,Spain,Insects,alien,venta,Post-Introduction,eCommerce,eCommerce,2006,2006-06-01T12:00:00Z,comment,2577,0,comment_007074,comment_007069,TRUE
video_004716,2021-01-16T13:49:57Z,56137,,159,Bemisia_tabaci,Spain,Insects,alien,encontre,Post-Introduction,Detection,Detection,2006,2006-06-01T12:00:00Z,comment,2577,0,comment_007074,comment_007069,TRUE
video_005392,2017-08-21T10:08:15Z,868594,,929,Bemisia_tabaci,Spain,Insects,alien,trampas,Post-Introduction,Detection,Detection,2006,2006-06-01T12:00:00Z,comment,19050,21,comment_009435,,FALSE
video_005392,2025-03-10T08:42:55Z,868594,,929,Bemisia_tabaci,Spain,Insects,alien,trampa,Post-Introduction,Detection,Detection,2006,2006-06-01T12:00:00Z,comment,19050,0,comment_013377,,FALSE
video_005392,2024-11-23T00:52:02Z,868594,,929,Bemisia_tabaci,Spain,Insects,alien,tranpa,Post-Introduction,Detection,Detection,2006,2006-06-01T12:00:00Z,comment,19050,0,comment_009658,,FALSE
video_005392,2024-11-23T00:52:02Z,868594,,929,Bemisia_tabaci,Spain,Insects,alien,plagas,Post-Introduction,Invasion,Invasion,2006,2006-06-01T12:00:00Z,comment,19050,0,comment_009658,,FALSE
video_005392,2024-04-12T21:56:28Z,868594,,929,Bemisia_tabaci,Spain,Insects,alien,trampas,Post-Introduction,Detection,Detection,2006,2006-06-01T12:00:00Z,comment,19050,0,comment_006806,,FALSE
video_005392,2023-06-18T12:50:43Z,868594,,929,Bemisia_tabaci,Spain,Insects,alien,trampa,Post-Introduction,Detection,Detection,2006,2006-06-01T12:00:00Z,comment,19050,0,comment_004006,,FALSE
video_005392,2023-04-13T09:55:51Z,868594,,929,Bemisia_tabaci,Spain,Insects,alien,visto,Post-Introduction,Detection,Detection,2006,2006-06-01T12:00:00Z,comment,19050,0,comment_012546,,FALSE
video_005392,2022-11-10T14:07:00Z,868594,,929,Bemisia_tabaci,Spain,Insects,alien,trampas,Post-Introduction,Detection,Detection,2006,2006-06-01T12:00:00Z,comment,19050,2,comment_011151,,FALSE
video_005392,2022-09-23T09:38:04Z,868594,,929,Bemisia_tabaci,Spain,Insects,alien,plaga,Post-Introduction,Invasion,Invasion,2006,2006-06-01T12:00:00Z,comment,19050,0,comment_005720,,FALSE
video_005392,2022-08-30T03:57:14Z,868594,,929,Bemisia_tabaci,Spain,Insects,alien,trampa,Post-Introduction,Detection,Detection,2006,2006-06-01T12:00:00Z,comment,19050,0,comment_002092,,FALSE
video_005392,2022-02-20T22:39:48Z,868594,,929,Bemisia_tabaci,Spain,Insects,alien,trampas,Post-Introduction,Detection,Detection,2006,2006-06-01T12:00:00Z,comment,19050,0,comment_012358,,FALSE
video_005392,2022-02-14T05:28:12Z,868594,,929,Bemisia_tabaci,Spain,Insects,alien,plaga,Post-Introduction,Invasion,Invasion,2006,2006-06-01T12:00:00Z,comment,19050,0,comment_007173,,FALSE
video_005392,2022-02-14T05:28:12Z,868594,,929,Bemisia_tabaci,Spain,Insects,alien,controlar,Post-Introduction,Detection,Detection,2006,2006-06-01T12:00:00Z,comment,19050,0,comment_007173,,FALSE
video_005392,2021-12-17T14:09:35Z,868594,,929,Bemisia_tabaci,Spain,Insects,alien,trampas,Post-Introduction,Detection,Detection,2006,2006-06-01T12:00:00Z,comment,19050,4,comment_014223,,FALSE
video_005392,2021-12-09T23:02:23Z,868594,,929,Bemisia_tabaci,Spain,Insects,alien,trampas,Post-Introduction,Detection,Detection,2006,2006-06-01T12:00:00Z,comment,19050,0,comment_012352,,FALSE
video_005392,2021-06-01T16:53:51Z,868594,,929,Bemisia_tabaci,Spain,Insects,alien,trampas,Post-Introduction,Detection,Detection,2006,2006-06-01T12:00:00Z,comment,19050,0,comment_008282,,FALSE
video_005392,2021-04-06T14:44:40Z,868594,,929,Bemisia_tabaci,Spain,Insects,alien,trampa,Post-Introduction,Detection,Detection,2006,2006-06-01T12:00:00Z,comment,19050,0,comment_012043,,FALSE
video_005392,2021-03-24T01:17:11Z,868594,,929,Bemisia_tabaci,Spain,Insects,alien,trampa,Post-Introduction,Detection,Detection,2006,2006-06-01T12:00:00Z,comment,19050,0,comment_008873,,FALSE
video_005392,2021-03-10T20:20:34Z,868594,,929,Bemisia_tabaci,Spain,Insects,alien,trampas,Post-Introduction,Detection,Detection,2006,2006-06-01T12:00:00Z,comment,19050,0,comment_010114,,FALSE
video_005392,2021-03-07T20:57:13Z,868594,,929,Bemisia_tabaci,Spain,Insects,alien,cara,Post-Introduction,eCommerce,eCommerce,2006,2006-06-01T12:00:00Z,comment,19050,0,comment_013458,,FALSE
video_005392,2021-03-04T22:34:31Z,868594,,929,Bemisia_tabaci,Spain,Insects,alien,descubrimiento,Post-Introduction,Detection,Detection,2006,2006-06-01T12:00:00Z,comment,19050,0,comment_008422,,FALSE
video_005392,2021-02-26T17:34:35Z,868594,,929,Bemisia_tabaci,Spain,Insects,alien,trampa,Post-Introduction,Detection,Detection,2006,2006-06-01T12:00:00Z,comment,19050,0,comment_003450,,FALSE
video_005392,2021-02-26T17:34:35Z,868594,,929,Bemisia_tabaci,Spain,Insects,alien,epidemia,Post-Introduction,Threat,Threat,2006,2006-06-01T12:00:00Z,comment,19050,0,comment_003450,,FALSE
video_005392,2021-02-23T23:31:54Z,868594,,929,Bemisia_tabaci,Spain,Insects,alien,trampa,Post-Introduction,Detection,Detection,2006,2006-06-01T12:00:00Z,comment,19050,0,comment_014898,,FALSE
video_005392,2020-12-12T22:30:44Z,868594,,929,Bemisia_tabaci,Spain,Insects,alien,trampas,Post-Introduction,Detection,Detection,2006,2006-06-01T12:00:00Z,comment,19050,0,comment_009437,comment_009435,TRUE
video_005392,2020-11-24T00:21:55Z,868594,,929,Bemisia_tabaci,Spain,Insects,alien,trampas,Post-Introduction,Detection,Detection,2006,2006-06-01T12:00:00Z,comment,19050,0,comment_007121,,FALSE
video_005392,2020-10-14T18:26:17Z,868594,,929,Bemisia_tabaci,Spain,Insects,alien,trampa,Post-Introduction,Detection,Detection,2006,2006-06-01T12:00:00Z,comment,19050,0,comment_011080,,FALSE
video_005392,2020-10-12T00:59:01Z,868594,,929,Bemisia_tabaci,Spain,Insects,alien,compre,Post-Introduction,eCommerce,eCommerce,2006,2006-06-01T12:00:00Z,comment,19050,1,comment_003545,,FALSE
video_005392,2020-08-27T00:35:35Z,868594,,929,Bemisia_tabaci,Spain,Insects,alien,trampa,Post-Introduction,Detection,Detection,2006,2006-06-01T12:00:00Z,comment,19050,0,comment_006646,,FALSE
video_005392,2020-08-26T23:31:54Z,868594,,929,Bemisia_tabaci,Spain,Insects,alien,trampa,Post-Introduction,Detection,Detection,2006,2006-06-01T12:00:00Z,comment,19050,0,comment_001781,,FALSE
video_005392,2020-07-06T23:45:28Z,868594,,929,Bemisia_tabaci,Spain,Insects,alien,trampas,Post-Introduction,Detection,Detection,2006,2006-06-01T12:00:00Z,comment,19050,0,comment_004664,,FALSE
video_005392,2020-06-07T09:11:38Z,868594,,929,Bemisia_tabaci,Spain,Insects,alien,trampa,Post-Introduction,Detection,Detection,2006,2006-06-01T12:00:00Z,comment,19050,0,comment_006689,,FALSE
video_005392,2020-05-14T19:08:49Z,868594,,929,Bemisia_tabaci,Spain,Insects,alien,riesgo,Post-Introduction,Threat,Threat,2006,2006-06-01T12:00:00Z,comment,19050,0,comment_008567,,FALSE
video_005392,2020-05-12T00:08:37Z,868594,,929,Bemisia_tabaci,Spain,Insects,alien,trampa,Post-Introduction,Detection,Detection,2006,2006-06-01T12:00:00Z,comment,19050,0,comment_014085,,FALSE
video_005392,2020-05-08T16:28:13Z,868594,,929,Bemisia_tabaci,Spain,Insects,alien,plaga,Post-Introduction,Invasion,Invasion,2006,2006-06-01T12:00:00Z,comment,19050,0,comment_014992,,FALSE
video_005392,2020-04-27T02:34:14Z,868594,,929,Bemisia_tabaci,Spain,Insects,alien,ataca,Post-Introduction,Threat,Threat,2006,2006-06-01T12:00:00Z,comment,19050,0,comment_003305,,FALSE
video_005392,2020-04-27T02:34:14Z,868594,,929,Bemisia_tabaci,Spain,Insects,alien,ataca,Post-Introduction,Threat,Threat,2006,2006-06-01T12:00:00Z,comment,19050,0,comment_003305,,FALSE
video_005392,2020-04-20T14:17:22Z,868594,,929,Bemisia_tabaci,Spain,Insects,alien,trampas,Post-Introduction,Detection,Detection,2006,2006-06-01T12:00:00Z,comment,19050,0,comment_003266,,FALSE
video_005392,2020-04-16T01:15:32Z,868594,,929,Bemisia_tabaci,Spain,Insects,alien,atacado,Post-Introduction,Threat,Threat,2006,2006-06-01T12:00:00Z,comment,19050,10,comment_012628,,FALSE
video_005392,2020-04-12T19:48:36Z,868594,,929,Bemisia_tabaci,Spain,Insects,alien,plaga,Post-Introduction,Invasion,Invasion,2006,2006-06-01T12:00:00Z,comment,19050,0,comment_010579,,FALSE
video_005392,2020-04-12T19:48:36Z,868594,,929,Bemisia_tabaci,Spain,Insects,alien,plaga,Post-Introduction,Invasion,Invasion,2006,2006-06-01T12:00:00Z,comment,19050,0,comment_010579,,FALSE
video_005392,2020-04-01T02:46:09Z,868594,,929,Bemisia_tabaci,Spain,Insects,alien,trampas,Post-Introduction,Detection,Detection,2006,2006-06-01T12:00:00Z,comment,19050,0,comment_013756,,FALSE
video_005392,2020-03-19T05:09:53Z,868594,,929,Bemisia_tabaci,Spain,Insects,alien,trampas,Post-Introduction,Detection,Detection,2006,2006-06-01T12:00:00Z,comment,19050,0,comment_004256,,FALSE
video_005392,2019-10-16T01:30:04Z,868594,,929,Bemisia_tabaci,Spain,Insects,alien,trampa,Post-Introduction,Detection,Detection,2006,2006-06-01T12:00:00Z,comment,19050,0,comment_004930,,FALSE
video_005392,2019-08-08T18:20:55Z,868594,,929,Bemisia_tabaci,Spain,Insects,alien,nocivo,Post-Introduction,Threat,Threat,2006,2006-06-01T12:00:00Z,comment,19050,0,comment_011796,,FALSE
video_005392,2019-07-28T15:32:20Z,868594,,929,Bemisia_tabaci,Spain,Insects,alien,compre,Post-Introduction,eCommerce,eCommerce,2006,2006-06-01T12:00:00Z,comment,19050,0,comment_007223,,FALSE
video_005392,2019-06-16T00:17:22Z,868594,,929,Bemisia_tabaci,Spain,Insects,alien,plaga,Post-Introduction,Invasion,Invasion,2006,2006-06-01T12:00:00Z,comment,19050,0,comment_004826,,FALSE
video_005392,2019-05-01T13:11:06Z,868594,,929,Bemisia_tabaci,Spain,Insects,alien,trampas,Post-Introduction,Detection,Detection,2006,2006-06-01T12:00:00Z,comment,19050,0,comment_003242,,FALSE
video_005392,2019-03-24T14:49:40Z,868594,,929,Bemisia_tabaci,Spain,Insects,alien,trampa,Post-Introduction,Detection,Detection,2006,2006-06-01T12:00:00Z,comment,19050,0,comment_003282,,FALSE
video_005392,2019-03-04T12:52:31Z,868594,,929,Bemisia_tabaci,Spain,Insects,alien,plaga,Post-Introduction,Invasion,Invasion,2006,2006-06-01T12:00:00Z,comment,19050,0,comment_008641,,FALSE
video_005392,2019-03-03T18:27:54Z,868594,,929,Bemisia_tabaci,Spain,Insects,alien,trampas,Post-Introduction,Detection,Detection,2006,2006-06-01T12:00:00Z,comment,19050,0,comment_007150,,FALSE
video_005392,2019-02-06T19:26:13Z,868594,,929,Bemisia_tabaci,Spain,Insects,alien,trampas,Post-Introduction,Detection,Detection,2006,2006-06-01T12:00:00Z,comment,19050,0,comment_007394,,FALSE
video_005392,2025-01-10T00:26:21Z,868594,,929,Bemisia_tabaci,Spain,Insects,alien,plaga,Post-Introduction,Invasion,Invasion,2006,2006-06-01T12:00:00Z,comment,19050,0,comment_003546,comment_003545,TRUE
video_005392,2025-01-10T00:26:21Z,868594,,929,Bemisia_tabaci,Spain,Insects,alien,plagas,Post-Introduction,Invasion,Invasion,2006,2006-06-01T12:00:00Z,comment,19050,0,comment_003546,comment_003545,TRUE
video_005392,2025-01-10T00:26:21Z,868594,,929,Bemisia_tabaci,Spain,Insects,alien,trampas,Post-Introduction,Detection,Detection,2006,2006-06-01T12:00:00Z,comment,19050,0,comment_003546,comment_003545,TRUE
video_005392,2019-08-12T11:37:38Z,868594,,929,Bemisia_tabaci,Spain,Insects,alien,toxicidad,Post-Introduction,Threat,Threat,2006,2006-06-01T12:00:00Z,comment,19050,0,comment_011798,comment_011796,TRUE
video_011811,2021-05-28T16:04:55Z,149548,,404,Bemisia_tabaci,Spain,Insects,alien,comprar,Post-Introduction,eCommerce,eCommerce,2006,2006-06-01T12:00:00Z,comment,4464,21,comment_005612,,FALSE
video_011811,2021-05-28T16:04:55Z,149548,,404,Bemisia_tabaci,Spain,Insects,alien,precios,Post-Introduction,eCommerce,eCommerce,2006,2006-06-01T12:00:00Z,comment,4464,21,comment_005612,,FALSE
video_011811,2025-02-20T12:35:46Z,149548,,404,Bemisia_tabaci,Spain,Insects,alien,visto,Post-Introduction,Detection,Detection,2006,2006-06-01T12:00:00Z,comment,4464,0,comment_007978,,FALSE
video_011811,2023-04-13T02:18:52Z,149548,,404,Bemisia_tabaci,Spain,Insects,alien,plaga,Post-Introduction,Invasion,Invasion,2006,2006-06-01T12:00:00Z,comment,4464,0,comment_010356,,FALSE
video_011811,2023-04-13T02:18:52Z,149548,,404,Bemisia_tabaci,Spain,Insects,alien,plaga,Post-Introduction,Invasion,Invasion,2006,2006-06-01T12:00:00Z,comment,4464,0,comment_010356,,FALSE
video_011811,2023-04-13T02:18:52Z,149548,,404,Bemisia_tabaci,Spain,Insects,alien,caro,Post-Introduction,eCommerce,eCommerce,2006,2006-06-01T12:00:00Z,comment,4464,0,comment_010356,,FALSE
video_011811,2023-04-13T02:18:52Z,149548,,404,Bemisia_tabaci,Spain,Insects,alien,plaga,Post-Introduction,Invasion,Invasion,2006,2006-06-01T12:00:00Z,comment,4464,0,comment_010356,,FALSE
video_011811,2023-04-13T02:18:52Z,149548,,404,Bemisia_tabaci,Spain,Insects,alien,plagas,Post-Introduction,Invasion,Invasion,2006,2006-06-01T12:00:00Z,comment,4464,0,comment_010356,,FALSE
video_011811,2023-04-13T02:18:52Z,149548,,404,Bemisia_tabaci,Spain,Insects,alien,tienda,Post-Introduction,eCommerce,eCommerce,2006,2006-06-01T12:00:00Z,comment,4464,0,comment_010356,,FALSE
video_011811,2023-04-13T02:18:52Z,149548,,404,Bemisia_tabaci,Spain,Insects,alien,visto,Post-Introduction,Detection,Detection,2006,2006-06-01T12:00:00Z,comment,4464,0,comment_010356,,FALSE
video_011811,2023-02-21T00:08:30Z,149548,,404,Bemisia_tabaci,Spain,Insects,alien,trampa,Post-Introduction,Detection,Detection,2006,2006-06-01T12:00:00Z,comment,4464,0,comment_005946,,FALSE
video_011811,2022-10-09T19:09:12Z,149548,,404,Bemisia_tabaci,Spain,Insects,alien,aparezca,Post-Introduction,Detection,Detection,2006,2006-06-01T12:00:00Z,comment,4464,0,comment_009194,,FALSE
video_011811,2022-10-09T19:09:12Z,149548,,404,Bemisia_tabaci,Spain,Insects,alien,aparecer,Post-Introduction,Detection,Detection,2006,2006-06-01T12:00:00Z,comment,4464,0,comment_009194,,FALSE
video_011811,2022-09-27T16:12:38Z,149548,,404,Bemisia_tabaci,Spain,Insects,alien,plaga,Post-Introduction,Invasion,Invasion,2006,2006-06-01T12:00:00Z,comment,4464,0,comment_004195,,FALSE
video_011811,2022-04-29T03:56:16Z,149548,,404,Bemisia_tabaci,Spain,Insects,alien,plaga,Post-Introduction,Invasion,Invasion,2006,2006-06-01T12:00:00Z,comment,4464,0,comment_013131,,FALSE
video_011811,2022-04-07T16:46:58Z,149548,,404,Bemisia_tabaci,Spain,Insects,alien,control,Post-Introduction,Detection,Detection,2006,2006-06-01T12:00:00Z,comment,4464,0,comment_004904,,FALSE
video_011811,2021-08-02T19:33:23Z,149548,,404,Bemisia_tabaci,Spain,Insects,alien,ataca,Post-Introduction,Threat,Threat,2006,2006-06-01T12:00:00Z,comment,4464,0,comment_007994,,FALSE
video_011811,2024-03-18T10:38:27Z,149548,,404,Bemisia_tabaci,Spain,Insects,alien,veneno,Post-Introduction,Threat,Threat,2006,2006-06-01T12:00:00Z,comment,4464,1,comment_011825,comment_011824,TRUE
video_011811,2023-08-13T13:01:09Z,149548,,404,Bemisia_tabaci,Spain,Insects,alien,plagas,Post-Introduction,Invasion,Invasion,2006,2006-06-01T12:00:00Z,comment,4464,0,comment_013167,comment_013165,TRUE
video_011811,2023-08-14T12:28:30Z,149548,,404,Bemisia_tabaci,Spain,Insects,alien,dinero,Post-Introduction,eCommerce,eCommerce,2006,2006-06-01T12:00:00Z,comment,4464,2,comment_013168,comment_013165,TRUE
video_011811,2023-04-13T09:49:43Z,149548,,404,Bemisia_tabaci,Spain,Insects,alien,plaga,Post-Introduction,Invasion,Invasion,2006,2006-06-01T12:00:00Z,comment,4464,1,comment_010357,comment_010356,TRUE
video_011811,2023-03-31T16:56:16Z,149548,,404,Bemisia_tabaci,Spain,Insects,alien,plagas,Post-Introduction,Invasion,Invasion,2006,2006-06-01T12:00:00Z,comment,4464,1,comment_004158,comment_004157,TRUE
video_011811,2023-03-31T21:21:52Z,149548,,404,Bemisia_tabaci,Spain,Insects,alien,prohibida,Post-Introduction,eCommerce,eCommerce,2006,2006-06-01T12:00:00Z,comment,4464,0,comment_004159,comment_004157,TRUE
video_011811,2023-01-21T14:25:24Z,149548,,404,Bemisia_tabaci,Spain,Insects,alien,plagas,Post-Introduction,Invasion,Invasion,2006,2006-06-01T12:00:00Z,comment,4464,1,comment_005004,comment_005003,TRUE
video_011811,2023-01-21T14:25:24Z,149548,,404,Bemisia_tabaci,Spain,Insects,alien,trampas,Post-Introduction,Detection,Detection,2006,2006-06-01T12:00:00Z,comment,4464,1,comment_005004,comment_005003,TRUE
video_011811,2022-09-27T16:23:34Z,149548,,404,Bemisia_tabaci,Spain,Insects,alien,plaga,Post-Introduction,Invasion,Invasion,2006,2006-06-01T12:00:00Z,comment,4464,1,comment_004196,comment_004195,TRUE
video_011811,2022-09-27T16:23:34Z,149548,,404,Bemisia_tabaci,Spain,Insects,alien,plaga,Post-Introduction,Invasion,Invasion,2006,2006-06-01T12:00:00Z,comment,4464,1,comment_004196,comment_004195,TRUE
video_011811,2022-07-07T12:52:08Z,149548,,404,Bemisia_tabaci,Spain,Insects,alien,danina,Post-Introduction,Threat,Threat,2006,2006-06-01T12:00:00Z,comment,4464,1,comment_007405,comment_007404,TRUE
video_011811,2022-06-08T21:27:13Z,149548,,404,Bemisia_tabaci,Spain,Insects,alien,visto,Post-Introduction,Detection,Detection,2006,2006-06-01T12:00:00Z,comment,4464,1,comment_004600,comment_004599,TRUE
video_011811,2022-05-15T19:24:55Z,149548,,404,Bemisia_tabaci,Spain,Insects,alien,comprar,Post-Introduction,eCommerce,eCommerce,2006,2006-06-01T12:00:00Z,comment,4464,0,comment_002103,comment_002101,TRUE
video_011811,2022-04-29T07:02:54Z,149548,,404,Bemisia_tabaci,Spain,Insects,alien,plaga,Post-Introduction,Invasion,Invasion,2006,2006-06-01T12:00:00Z,comment,4464,0,comment_013132,comment_013131,TRUE
video_011811,2022-04-28T07:36:41Z,149548,,404,Bemisia_tabaci,Spain,Insects,alien,encontre,Post-Introduction,Detection,Detection,2006,2006-06-01T12:00:00Z,comment,4464,0,comment_010637,comment_010636,TRUE
video_011811,2022-04-15T08:58:31Z,149548,,404,Bemisia_tabaci,Spain,Insects,alien,plaga,Post-Introduction,Invasion,Invasion,2006,2006-06-01T12:00:00Z,comment,4464,0,comment_008092,comment_008091,TRUE
video_011811,2022-04-13T07:02:34Z,149548,,404,Bemisia_tabaci,Spain,Insects,alien,trampa,Post-Introduction,Detection,Detection,2006,2006-06-01T12:00:00Z,comment,4464,0,comment_009656,comment_009655,TRUE
video_011811,2022-01-16T10:37:27Z,149548,,404,Bemisia_tabaci,Spain,Insects,alien,plagas,Post-Introduction,Invasion,Invasion,2006,2006-06-01T12:00:00Z,comment,4464,0,comment_009909,comment_009908,TRUE
video_011811,2021-09-18T21:54:16Z,149548,,404,Bemisia_tabaci,Spain,Insects,alien,plaga,Post-Introduction,Invasion,Invasion,2006,2006-06-01T12:00:00Z,comment,4464,0,comment_012950,comment_012949,TRUE
video_011811,2021-08-10T16:31:53Z,149548,,404,Bemisia_tabaci,Spain,Insects,alien,trampas,Post-Introduction,Detection,Detection,2006,2006-06-01T12:00:00Z,comment,4464,1,comment_012354,comment_012353,TRUE
video_011811,2021-07-16T06:37:40Z,149548,,404,Bemisia_tabaci,Spain,Insects,alien,plaga,Post-Introduction,Invasion,Invasion,2006,2006-06-01T12:00:00Z,comment,4464,0,comment_006106,comment_006104,TRUE
video_011811,2021-06-30T19:04:07Z,149548,,404,Bemisia_tabaci,Spain,Insects,alien,atacando,Post-Introduction,Threat,Threat,2006,2006-06-01T12:00:00Z,comment,4464,1,comment_013797,,FALSE
video_011811,2021-05-28T16:04:55Z,149548,,404,Bemisia_tabaci,Spain,Insects,alien,comprar,Post-Introduction,eCommerce,eCommerce,2006,2006-06-01T12:00:00Z,comment,4464,21,comment_005612,,FALSE
video_011811,2021-05-28T16:04:55Z,149548,,404,Bemisia_tabaci,Spain,Insects,alien,precios,Post-Introduction,eCommerce,eCommerce,2006,2006-06-01T12:00:00Z,comment,4464,21,comment_005612,,FALSE
video_011811,2021-03-11T05:25:21Z,149548,,404,Bemisia_tabaci,Spain,Insects,alien,trampas,Post-Introduction,Detection,Detection,2006,2006-06-01T12:00:00Z,comment,4464,0,comment_005337,,FALSE
video_011811,2020-10-02T14:23:26Z,149548,,404,Bemisia_tabaci,Spain,Insects,alien,plagas,Post-Introduction,Invasion,Invasion,2006,2006-06-01T12:00:00Z,comment,4464,6,comment_005354,,FALSE
video_011811,2020-10-02T14:23:26Z,149548,,404,Bemisia_tabaci,Spain,Insects,alien,plagas,Post-Introduction,Invasion,Invasion,2006,2006-06-01T12:00:00Z,comment,4464,6,comment_005354,,FALSE
video_011811,2020-10-02T04:50:44Z,149548,,404,Bemisia_tabaci,Spain,Insects,alien,plaga,Post-Introduction,Invasion,Invasion,2006,2006-06-01T12:00:00Z,comment,4464,3,comment_010278,,FALSE
video_011811,2020-10-02T04:50:44Z,149548,,404,Bemisia_tabaci,Spain,Insects,alien,atacado,Post-Introduction,Threat,Threat,2006,2006-06-01T12:00:00Z,comment,4464,3,comment_010278,,FALSE
video_011811,2020-10-02T02:47:25Z,149548,,404,Bemisia_tabaci,Spain,Insects,alien,plagas,Post-Introduction,Invasion,Invasion,2006,2006-06-01T12:00:00Z,comment,4464,1,comment_006291,,FALSE
video_011811,2020-09-30T20:05:04Z,149548,,404,Bemisia_tabaci,Spain,Insects,alien,compre,Post-Introduction,eCommerce,eCommerce,2006,2006-06-01T12:00:00Z,comment,4464,2,comment_009306,,FALSE
video_011811,2020-09-30T20:05:04Z,149548,,404,Bemisia_tabaci,Spain,Insects,alien,tienda,Post-Introduction,eCommerce,eCommerce,2006,2006-06-01T12:00:00Z,comment,4464,2,comment_009306,,FALSE
video_011811,2020-09-30T20:05:04Z,149548,,404,Bemisia_tabaci,Spain,Insects,alien,cara,Post-Introduction,eCommerce,eCommerce,2006,2006-06-01T12:00:00Z,comment,4464,2,comment_009306,,FALSE
video_011811,2020-09-30T18:20:56Z,149548,,404,Bemisia_tabaci,Spain,Insects,alien,plaga,Post-Introduction,Invasion,Invasion,2006,2006-06-01T12:00:00Z,comment,4464,4,comment_003074,,FALSE
video_011811,2020-09-30T17:02:31Z,149548,,404,Bemisia_tabaci,Spain,Insects,alien,plaga,Post-Introduction,Invasion,Invasion,2006,2006-06-01T12:00:00Z,comment,4464,8,comment_012169,,FALSE
video_011811,2020-09-30T17:02:31Z,149548,,404,Bemisia_tabaci,Spain,Insects,alien,comprado,Post-Introduction,eCommerce,eCommerce,2006,2006-06-01T12:00:00Z,comment,4464,8,comment_012169,,FALSE
video_011811,2020-09-30T17:02:31Z,149548,,404,Bemisia_tabaci,Spain,Insects,alien,comprado,Post-Introduction,eCommerce,eCommerce,2006,2006-06-01T12:00:00Z,comment,4464,8,comment_012169,,FALSE
video_011811,2021-07-02T07:47:57Z,149548,,404,Bemisia_tabaci,Spain,Insects,alien,plaga,Post-Introduction,Invasion,Invasion,2006,2006-06-01T12:00:00Z,comment,4464,1,comment_013798,comment_013797,TRUE
video_011811,2022-09-27T16:21:17Z,149548,,404,Bemisia_tabaci,Spain,Insects,alien,plaga,Post-Introduction,Invasion,Invasion,2006,2006-06-01T12:00:00Z,comment,4464,0,comment_013799,comment_013797,TRUE
video_011811,2021-03-11T10:09:16Z,149548,,404,Bemisia_tabaci,Spain,Insects,alien,trampas,Post-Introduction,Detection,Detection,2006,2006-06-01T12:00:00Z,comment,4464,1,comment_005338,comment_005337,TRUE
video_011811,2020-10-02T22:02:50Z,149548,,404,Bemisia_tabaci,Spain,Insects,alien,descubrimiento,Post-Introduction,Detection,Detection,2006,2006-06-01T12:00:00Z,comment,4464,0,comment_014841,comment_014840,TRUE
video_011811,2020-10-02T13:35:45Z,149548,,404,Bemisia_tabaci,Spain,Insects,alien,precio,Post-Introduction,eCommerce,eCommerce,2006,2006-06-01T12:00:00Z,comment,4464,1,comment_002283,comment_002282,TRUE
video_011811,2020-10-02T13:49:59Z,149548,,404,Bemisia_tabaci,Spain,Insects,alien,plagas,Post-Introduction,Invasion,Invasion,2006,2006-06-01T12:00:00Z,comment,4464,1,comment_006292,comment_006291,TRUE
video_011811,2020-10-01T06:45:58Z,149548,,404,Bemisia_tabaci,Spain,Insects,alien,plaga,Post-Introduction,Invasion,Invasion,2006,2006-06-01T12:00:00Z,comment,4464,0,comment_008630,comment_008628,TRUE
video_011811,2020-10-01T06:45:58Z,149548,,404,Bemisia_tabaci,Spain,Insects,alien,control,Post-Introduction,Detection,Detection,2006,2006-06-01T12:00:00Z,comment,4464,0,comment_008630,comment_008628,TRUE
video_011811,2020-10-01T06:45:58Z,149548,,404,Bemisia_tabaci,Spain,Insects,alien,introduccion,Post-Introduction,Invasion,Invasion,2006,2006-06-01T12:00:00Z,comment,4464,0,comment_008630,comment_008628,TRUE
video_011811,2020-10-01T06:45:58Z,149548,,404,Bemisia_tabaci,Spain,Insects,alien,control,Post-Introduction,Detection,Detection,2006,2006-06-01T12:00:00Z,comment,4464,0,comment_008630,comment_008628,TRUE
video_011811,2020-10-01T07:27:39Z,149548,,404,Bemisia_tabaci,Spain,Insects,alien,control,Post-Introduction,Detection,Detection,2006,2006-06-01T12:00:00Z,comment,4464,0,comment_008631,comment_008628,TRUE
video_011811,2020-10-01T06:35:21Z,149548,,404,Bemisia_tabaci,Spain,Insects,alien,plagas,Post-Introduction,Invasion,Invasion,2006,2006-06-01T12:00:00Z,comment,4464,1,comment_007603,comment_007602,TRUE
video_011811,2020-10-04T01:26:54Z,149548,,404,Bemisia_tabaci,Spain,Insects,alien,visto,Post-Introduction,Detection,Detection,2006,2006-06-01T12:00:00Z,comment,4464,0,comment_006794,comment_006792,TRUE
video_011811,2020-10-01T07:59:26Z,149548,,404,Bemisia_tabaci,Spain,Insects,alien,plaga,Post-Introduction,Invasion,Invasion,2006,2006-06-01T12:00:00Z,comment,4464,1,comment_005710,comment_005709,TRUE
video_011811,2020-09-30T20:28:09Z,149548,,404,Bemisia_tabaci,Spain,Insects,alien,tienda,Post-Introduction,eCommerce,eCommerce,2006,2006-06-01T12:00:00Z,comment,4464,0,comment_009307,comment_009306,TRUE
video_011811,2020-09-30T20:28:09Z,149548,,404,Bemisia_tabaci,Spain,Insects,alien,tienda,Post-Introduction,eCommerce,eCommerce,2006,2006-06-01T12:00:00Z,comment,4464,0,comment_009307,comment_009306,TRUE
video_011811,2020-09-30T20:28:09Z,149548,,404,Bemisia_tabaci,Spain,Insects,alien,comprado,Post-Introduction,eCommerce,eCommerce,2006,2006-06-01T12:00:00Z,comment,4464,0,comment_009307,comment_009306,TRUE
video_011811,2022-11-14T02:49:38Z,149548,,404,Bemisia_tabaci,Spain,Insects,alien,compre,Post-Introduction,eCommerce,eCommerce,2006,2006-06-01T12:00:00Z,comment,4464,2,comment_012172,comment_012169,TRUE
video_011811,2021-02-16T10:11:04Z,149548,,404,Bemisia_tabaci,Spain,Insects,alien,barato,Post-Introduction,eCommerce,eCommerce,2006,2006-06-01T12:00:00Z,comment,4464,1,comment_004345,comment_004343,TRUE
video_015872,2023-10-08T10:49:26Z,2221,,31,Bemisia_tabaci,Spain,Insects,alien,dinero,Post-Introduction,eCommerce,eCommerce,2006,2006-06-01T12:00:00Z,comment,127,0,comment_010438,,FALSE
video_015872,2023-08-07T17:38:02Z,2221,,31,Bemisia_tabaci,Spain,Insects,alien,visto,Post-Introduction,Detection,Detection,2006,2006-06-01T12:00:00Z,comment,127,0,comment_004215,,FALSE
video_015872,2022-06-30T14:19:23Z,2221,,31,Bemisia_tabaci,Spain,Insects,alien,compre,Post-Introduction,eCommerce,eCommerce,2006,2006-06-01T12:00:00Z,comment,127,0,comment_006107,,FALSE
video_015872,2022-05-28T17:58:16Z,2221,,31,Bemisia_tabaci,Spain,Insects,alien,plaga,Post-Introduction,Invasion,Invasion,2006,2006-06-01T12:00:00Z,comment,127,0,comment_011778,,FALSE
video_015872,2022-04-07T23:23:55Z,2221,,31,Bemisia_tabaci,Spain,Insects,alien,aparecido,Post-Introduction,Detection,Detection,2006,2006-06-01T12:00:00Z,comment,127,0,comment_006770,,FALSE
video_015872,2022-04-07T13:34:18Z,2221,,31,Bemisia_tabaci,Spain,Insects,alien,visto,Post-Introduction,Detection,Detection,2006,2006-06-01T12:00:00Z,comment,127,0,comment_011672,comment_011671,TRUE
video_011745,2023-07-30T22:51:01Z,2773,,195,Bemisia_tabaci,Spain,Insects,alien,visto,Post-Introduction,Detection,Detection,2006,2006-06-01T12:00:00Z,comment,111,1,comment_014301,,FALSE
video_011745,2023-07-30T06:59:07Z,2773,,195,Bemisia_tabaci,Spain,Insects,alien,plagas,Post-Introduction,Invasion,Invasion,2006,2006-06-01T12:00:00Z,comment,111,2,comment_004792,,FALSE
video_011745,2023-07-29T15:50:06Z,2773,,195,Bemisia_tabaci,Spain,Insects,alien,plagas,Post-Introduction,Invasion,Invasion,2006,2006-06-01T12:00:00Z,comment,111,2,comment_007820,,FALSE
video_011745,2023-07-29T11:07:39Z,2773,,195,Bemisia_tabaci,Spain,Insects,alien,plaga,Post-Introduction,Invasion,Invasion,2006,2006-06-01T12:00:00Z,comment,111,3,comment_006359,,FALSE
video_011745,2023-07-29T11:07:39Z,2773,,195,Bemisia_tabaci,Spain,Insects,alien,alerta,Post-Introduction,Detection,Detection,2006,2006-06-01T12:00:00Z,comment,111,3,comment_006359,,FALSE
video_011745,2023-07-29T06:09:38Z,2773,,195,Bemisia_tabaci,Spain,Insects,alien,visto,Post-Introduction,Detection,Detection,2006,2006-06-01T12:00:00Z,comment,111,1,comment_001584,,FALSE
video_011745,2023-07-28T23:02:01Z,2773,,195,Bemisia_tabaci,Spain,Insects,alien,ataca,Post-Introduction,Threat,Threat,2006,2006-06-01T12:00:00Z,comment,111,1,comment_010308,,FALSE
video_011745,2023-09-11T16:49:56Z,2773,,195,Bemisia_tabaci,Spain,Insects,alien,plagas,Post-Introduction,Invasion,Invasion,2006,2006-06-01T12:00:00Z,comment,111,0,comment_013582,comment_013581,TRUE
video_011745,2023-07-31T16:57:23Z,2773,,195,Bemisia_tabaci,Spain,Insects,alien,plagas,Post-Introduction,Invasion,Invasion,2006,2006-06-01T12:00:00Z,comment,111,0,comment_005401,comment_005400,TRUE
video_011745,2023-07-29T16:11:20Z,2773,,195,Bemisia_tabaci,Spain,Insects,alien,plagas,Post-Introduction,Invasion,Invasion,2006,2006-06-01T12:00:00Z,comment,111,0,comment_007821,comment_007820,TRUE
video_011745,2023-07-29T11:36:38Z,2773,,195,Bemisia_tabaci,Spain,Insects,alien,plagas,Post-Introduction,Invasion,Invasion,2006,2006-06-01T12:00:00Z,comment,111,1,comment_006360,comment_006359,TRUE
video_011745,2023-07-29T11:36:38Z,2773,,195,Bemisia_tabaci,Spain,Insects,alien,presente,Post-Introduction,Invasion,Invasion,2006,2006-06-01T12:00:00Z,comment,111,1,comment_006360,comment_006359,TRUE
video_011745,2023-07-29T16:01:58Z,2773,,195,Bemisia_tabaci,Spain,Insects,alien,ataca,Post-Introduction,Threat,Threat,2006,2006-06-01T12:00:00Z,comment,111,0,comment_010309,comment_010308,TRUE
video_011745,2023-07-29T16:07:14Z,2773,,195,Bemisia_tabaci,Spain,Insects,alien,comprar,Post-Introduction,eCommerce,eCommerce,2006,2006-06-01T12:00:00Z,comment,111,1,comment_010310,comment_010308,TRUE
video_011745,2023-07-29T16:09:05Z,2773,,195,Bemisia_tabaci,Spain,Insects,alien,plagas,Post-Introduction,Invasion,Invasion,2006,2006-06-01T12:00:00Z,comment,111,1,comment_006255,comment_006254,TRUE
video_013562,2025-05-12T11:07:06Z,1793,,1,Bemisia_tabaci,Spain,Insects,alien,precio,Post-Introduction,eCommerce,eCommerce,2006,2006-06-01T12:00:00Z,comment,55,0,comment_005106,,FALSE
video_013574,2020-06-01T09:22:48Z,817590,,700,Bemisia_tabaci,Spain,Insects,alien,plagas,Post-Introduction,Invasion,Invasion,2006,2006-06-01T12:00:00Z,comment,19070,41,comment_013554,,FALSE
video_013574,2024-08-16T01:04:35Z,817590,,700,Bemisia_tabaci,Spain,Insects,alien,controlado,Post-Introduction,Detection,Detection,2006,2006-06-01T12:00:00Z,comment,19070,2,comment_008555,,FALSE
video_013574,2024-07-21T08:26:13Z,817590,,700,Bemisia_tabaci,Spain,Insects,alien,plaga,Post-Introduction,Invasion,Invasion,2006,2006-06-01T12:00:00Z,comment,19070,0,comment_011593,,FALSE
video_013574,2024-06-17T00:28:04Z,817590,,700,Bemisia_tabaci,Spain,Insects,alien,tienda,Post-Introduction,eCommerce,eCommerce,2006,2006-06-01T12:00:00Z,comment,19070,0,comment_006691,,FALSE
video_013574,2024-06-07T18:51:30Z,817590,,700,Bemisia_tabaci,Spain,Insects,alien,danino,Post-Introduction,Threat,Threat,2006,2006-06-01T12:00:00Z,comment,19070,0,comment_006692,,FALSE
video_013574,2024-04-04T15:46:23Z,817590,,700,Bemisia_tabaci,Spain,Insects,alien,plagas,Post-Introduction,Invasion,Invasion,2006,2006-06-01T12:00:00Z,comment,19070,0,comment_012743,,FALSE
video_013574,2024-02-01T09:16:37Z,817590,,700,Bemisia_tabaci,Spain,Insects,alien,plaga,Post-Introduction,Invasion,Invasion,2006,2006-06-01T12:00:00Z,comment,19070,0,comment_015048,,FALSE
video_013574,2023-09-12T12:29:15Z,817590,,700,Bemisia_tabaci,Spain,Insects,alien,plagas,Post-Introduction,Invasion,Invasion,2006,2006-06-01T12:00:00Z,comment,19070,0,comment_011221,,FALSE
video_013574,2023-07-08T14:53:06Z,817590,,700,Bemisia_tabaci,Spain,Insects,alien,plaga,Post-Introduction,Invasion,Invasion,2006,2006-06-01T12:00:00Z,comment,19070,0,comment_002670,,FALSE
video_013574,2022-10-31T15:09:18Z,817590,,700,Bemisia_tabaci,Spain,Insects,alien,euros,Post-Introduction,eCommerce,eCommerce,2006,2006-06-01T12:00:00Z,comment,19070,0,comment_014791,,FALSE
video_013574,2022-10-24T19:59:28Z,817590,,700,Bemisia_tabaci,Spain,Insects,alien,visto,Post-Introduction,Detection,Detection,2006,2006-06-01T12:00:00Z,comment,19070,21,comment_010573,,FALSE
video_013574,2022-09-07T20:09:56Z,817590,,700,Bemisia_tabaci,Spain,Insects,alien,visto,Post-Introduction,Detection,Detection,2006,2006-06-01T12:00:00Z,comment,19070,0,comment_010523,,FALSE
video_013574,2022-08-29T23:25:33Z,817590,,700,Bemisia_tabaci,Spain,Insects,alien,compre,Post-Introduction,eCommerce,eCommerce,2006,2006-06-01T12:00:00Z,comment,19070,0,comment_013053,,FALSE
video_013574,2022-05-18T07:38:55Z,817590,,700,Bemisia_tabaci,Spain,Insects,alien,plaga,Post-Introduction,Invasion,Invasion,2006,2006-06-01T12:00:00Z,comment,19070,0,comment_008691,,FALSE
video_013574,2022-04-30T07:42:53Z,817590,,700,Bemisia_tabaci,Spain,Insects,alien,plagas,Post-Introduction,Invasion,Invasion,2006,2006-06-01T12:00:00Z,comment,19070,0,comment_004056,,FALSE
video_013574,2021-05-05T07:39:37Z,817590,,700,Bemisia_tabaci,Spain,Insects,alien,plaga,Post-Introduction,Invasion,Invasion,2006,2006-06-01T12:00:00Z,comment,19070,2,comment_013556,comment_013554,TRUE
video_013574,2025-05-26T17:08:09Z,817590,,700,Bemisia_tabaci,Spain,Insects,alien,controlado,Post-Introduction,Detection,Detection,2006,2006-06-01T12:00:00Z,comment,19070,0,comment_013864,comment_013863,TRUE
video_013574,2021-10-20T11:23:55Z,817590,,700,Bemisia_tabaci,Spain,Insects,alien,observado,Post-Introduction,Detection,Detection,2006,2006-06-01T12:00:00Z,comment,19070,16,comment_003418,,FALSE
video_013574,2021-08-27T12:33:01Z,817590,,700,Bemisia_tabaci,Spain,Insects,alien,descubrimiento,Post-Introduction,Detection,Detection,2006,2006-06-01T12:00:00Z,comment,19070,1,comment_004690,,FALSE
video_013574,2021-07-25T07:34:17Z,817590,,700,Bemisia_tabaci,Spain,Insects,alien,visto,Post-Introduction,Detection,Detection,2006,2006-06-01T12:00:00Z,comment,19070,0,comment_011740,,FALSE
video_013574,2021-07-25T07:34:17Z,817590,,700,Bemisia_tabaci,Spain,Insects,alien,visto,Post-Introduction,Detection,Detection,2006,2006-06-01T12:00:00Z,comment,19070,0,comment_011740,,FALSE
video_013574,2021-07-25T07:34:17Z,817590,,700,Bemisia_tabaci,Spain,Insects,alien,visto,Post-Introduction,Detection,Detection,2006,2006-06-01T12:00:00Z,comment,19070,0,comment_011740,,FALSE
video_013574,2021-06-19T15:15:56Z,817590,,700,Bemisia_tabaci,Spain,Insects,alien,plaga,Post-Introduction,Invasion,Invasion,2006,2006-06-01T12:00:00Z,comment,19070,0,comment_006515,,FALSE
video_013574,2021-04-28T20:20:40Z,817590,,700,Bemisia_tabaci,Spain,Insects,alien,visto,Post-Introduction,Detection,Detection,2006,2006-06-01T12:00:00Z,comment,19070,0,comment_008146,,FALSE
video_013574,2021-04-28T20:20:40Z,817590,,700,Bemisia_tabaci,Spain,Insects,alien,visto,Post-Introduction,Detection,Detection,2006,2006-06-01T12:00:00Z,comment,19070,0,comment_008146,,FALSE
video_013574,2021-04-09T11:09:19Z,817590,,700,Bemisia_tabaci,Spain,Insects,alien,compre,Post-Introduction,eCommerce,eCommerce,2006,2006-06-01T12:00:00Z,comment,19070,0,comment_001735,,FALSE
video_013574,2021-04-01T20:33:17Z,817590,,700,Bemisia_tabaci,Spain,Insects,alien,comprado,Post-Introduction,eCommerce,eCommerce,2006,2006-06-01T12:00:00Z,comment,19070,0,comment_006797,,FALSE
video_013574,2021-03-25T16:08:25Z,817590,,700,Bemisia_tabaci,Spain,Insects,alien,aparecer,Post-Introduction,Detection,Detection,2006,2006-06-01T12:00:00Z,comment,19070,0,comment_010746,,FALSE
video_013574,2021-03-05T17:31:27Z,817590,,700,Bemisia_tabaci,Spain,Insects,alien,reproduciendose,Post-Introduction,Invasion,Invasion,2006,2006-06-01T12:00:00Z,comment,19070,3,comment_009459,,FALSE
video_013574,2021-03-05T17:31:27Z,817590,,700,Bemisia_tabaci,Spain,Insects,alien,invasion,Post-Introduction,Invasion,Invasion,2006,2006-06-01T12:00:00Z,comment,19070,3,comment_009459,,FALSE
video_013574,2021-01-28T09:48:47Z,817590,,700,Bemisia_tabaci,Spain,Insects,alien,plaga,Post-Introduction,Invasion,Invasion,2006,2006-06-01T12:00:00Z,comment,19070,0,comment_004899,,FALSE
video_013574,2021-01-28T09:48:47Z,817590,,700,Bemisia_tabaci,Spain,Insects,alien,plaga,Post-Introduction,Invasion,Invasion,2006,2006-06-01T12:00:00Z,comment,19070,0,comment_004899,,FALSE
video_012614,2023-02-12T16:39:54Z,1516,,2,Bemisia_tabaci,Spain,Insects,alien,visto,Post-Introduction,Detection,Detection,2006,2006-06-01T12:00:00Z,comment,25,0,comment_008800,,FALSE
video_001869,2018-02-02T16:10:52Z,18166,,8,Bemisia_tabaci,Spain,Insects,alien,trampas,Post-Introduction,Detection,Detection,2006,2006-06-01T12:00:00Z,comment,72,2,comment_001686,,FALSE
video_001869,2018-03-05T15:22:01Z,18166,,8,Bemisia_tabaci,Spain,Insects,alien,trampas,Post-Introduction,Detection,Detection,2006,2006-06-01T12:00:00Z,comment,72,2,comment_000839,comment_000838,TRUE
video_012696,2023-09-22T21:10:40Z,5579,,39,Bemisia_tabaci,Spain,Insects,alien,compre,Post-Introduction,eCommerce,eCommerce,2006,2006-06-01T12:00:00Z,comment,306,1,comment_009080,,FALSE
video_012696,2023-09-22T21:10:40Z,5579,,39,Bemisia_tabaci,Spain,Insects,alien,visto,Post-Introduction,Detection,Detection,2006,2006-06-01T12:00:00Z,comment,306,1,comment_009080,,FALSE
video_012696,2022-05-26T19:28:50Z,5579,,39,Bemisia_tabaci,Spain,Insects,alien,vender,Post-Introduction,eCommerce,eCommerce,2006,2006-06-01T12:00:00Z,comment,306,2,comment_007848,,FALSE
video_012696,2022-05-26T12:41:19Z,5579,,39,Bemisia_tabaci,Spain,Insects,alien,plaga,Post-Introduction,Invasion,Invasion,2006,2006-06-01T12:00:00Z,comment,306,1,comment_012447,,FALSE
video_012696,2022-05-26T05:29:20Z,5579,,39,Bemisia_tabaci,Spain,Insects,alien,manejo,Post-Introduction,Detection,Detection,2006,2006-06-01T12:00:00Z,comment,306,2,comment_011960,,FALSE
video_012696,2022-05-25T23:35:10Z,5579,,39,Bemisia_tabaci,Spain,Insects,alien,vista,Post-Introduction,Detection,Detection,2006,2006-06-01T12:00:00Z,comment,306,2,comment_007815,,FALSE
video_012696,2024-01-14T22:24:14Z,5579,,39,Bemisia_tabaci,Spain,Insects,alien,plaga,Post-Introduction,Invasion,Invasion,2006,2006-06-01T12:00:00Z,comment,306,0,comment_013572,comment_013571,TRUE
video_012696,2024-01-14T22:24:14Z,5579,,39,Bemisia_tabaci,Spain,Insects,alien,controlada,Post-Introduction,Detection,Detection,2006,2006-06-01T12:00:00Z,comment,306,0,comment_013572,comment_013571,TRUE
video_012696,2024-01-14T22:24:14Z,5579,,39,Bemisia_tabaci,Spain,Insects,alien,plaga,Post-Introduction,Invasion,Invasion,2006,2006-06-01T12:00:00Z,comment,306,0,comment_013572,comment_013571,TRUE
video_012696,2023-10-07T21:41:29Z,5579,,39,Bemisia_tabaci,Spain,Insects,alien,visto,Post-Introduction,Detection,Detection,2006,2006-06-01T12:00:00Z,comment,306,0,comment_009085,comment_009080,TRUE
video_012696,2023-03-24T19:41:30Z,5579,,39,Bemisia_tabaci,Spain,Insects,alien,plaga,Post-Introduction,Invasion,Invasion,2006,2006-06-01T12:00:00Z,comment,306,0,comment_006901,comment_006900,TRUE
video_012696,2023-03-24T20:04:34Z,5579,,39,Bemisia_tabaci,Spain,Insects,alien,aparece,Post-Introduction,Detection,Detection,2006,2006-06-01T12:00:00Z,comment,306,0,comment_006903,comment_006900,TRUE
video_012696,2022-05-26T21:31:09Z,5579,,39,Bemisia_tabaci,Spain,Insects,alien,plagas,Post-Introduction,Invasion,Invasion,2006,2006-06-01T12:00:00Z,comment,306,1,comment_002762,comment_002761,TRUE
video_012696,2022-05-26T21:23:14Z,5579,,39,Bemisia_tabaci,Spain,Insects,alien,rebajas,Post-Introduction,eCommerce,eCommerce,2006,2006-06-01T12:00:00Z,comment,306,0,comment_012448,comment_012447,TRUE
video_015497,2020-08-22T18:52:01Z,28280,,6,Bemisia_tabaci,Spain,Insects,alien,veneno,Post-Introduction,Threat,Threat,2006,2006-06-01T12:00:00Z,comment,189,0,comment_002656,,FALSE
video_015497,2019-08-22T14:34:38Z,28280,,6,Bemisia_tabaci,Spain,Insects,alien,plaga,Post-Introduction,Invasion,Invasion,2006,2006-06-01T12:00:00Z,comment,189,2,comment_010684,,FALSE
video_015497,2019-08-22T14:34:38Z,28280,,6,Bemisia_tabaci,Spain,Insects,alien,plaga,Post-Introduction,Invasion,Invasion,2006,2006-06-01T12:00:00Z,comment,189,2,comment_010684,,FALSE
video_016593,2021-01-29T11:05:44Z,2286,,20,Bemisia_tabaci,Spain,Insects,alien,plagas,Post-Introduction,Invasion,Invasion,2006,2006-06-01T12:00:00Z,comment,51,1,comment_014011,,FALSE
video_012096,2025-07-08T15:05:40Z,1840050,,1791,Bemisia_tabaci,Spain,Insects,alien,plagas,Post-Introduction,Invasion,Invasion,2006,2006-06-01T12:00:00Z,comment,39799,0,comment_013512,,FALSE
video_012096,2025-04-09T07:00:09Z,1840050,,1791,Bemisia_tabaci,Spain,Insects,alien,visto,Post-Introduction,Detection,Detection,2006,2006-06-01T12:00:00Z,comment,39799,0,comment_009063,,FALSE
video_012096,2024-05-23T00:58:35Z,1840050,,1791,Bemisia_tabaci,Spain,Insects,alien,cara,Post-Introduction,eCommerce,eCommerce,2006,2006-06-01T12:00:00Z,comment,39799,0,comment_007076,,FALSE
video_012096,2022-07-01T15:50:52Z,1840050,,1791,Bemisia_tabaci,Spain,Insects,alien,comprar,Post-Introduction,eCommerce,eCommerce,2006,2006-06-01T12:00:00Z,comment,39799,0,comment_013267,,FALSE
video_012096,2022-05-27T10:33:02Z,1840050,,1791,Bemisia_tabaci,Spain,Insects,alien,plaga,Post-Introduction,Invasion,Invasion,2006,2006-06-01T12:00:00Z,comment,39799,0,comment_011459,,FALSE
video_012096,2022-05-08T09:51:33Z,1840050,,1791,Bemisia_tabaci,Spain,Insects,alien,aparecer,Post-Introduction,Detection,Detection,2006,2006-06-01T12:00:00Z,comment,39799,0,comment_002732,,FALSE
video_012096,2022-04-27T05:48:17Z,1840050,,1791,Bemisia_tabaci,Spain,Insects,alien,control,Post-Introduction,Detection,Detection,2006,2006-06-01T12:00:00Z,comment,39799,0,comment_003516,,FALSE
video_012096,2022-04-27T05:48:17Z,1840050,,1791,Bemisia_tabaci,Spain,Insects,alien,plagas,Post-Introduction,Invasion,Invasion,2006,2006-06-01T12:00:00Z,comment,39799,0,comment_003516,,FALSE
video_012096,2022-04-13T02:29:53Z,1840050,,1791,Bemisia_tabaci,Spain,Insects,alien,plaga,Post-Introduction,Invasion,Invasion,2006,2006-06-01T12:00:00Z,comment,39799,0,comment_008500,,FALSE
video_012096,2022-03-28T02:18:09Z,1840050,,1791,Bemisia_tabaci,Spain,Insects,alien,plagas,Post-Introduction,Invasion,Invasion,2006,2006-06-01T12:00:00Z,comment,39799,0,comment_010538,,FALSE
video_012096,2022-03-07T13:20:12Z,1840050,,1791,Bemisia_tabaci,Spain,Insects,alien,encontrado,Post-Introduction,Detection,Detection,2006,2006-06-01T12:00:00Z,comment,39799,0,comment_009358,,FALSE
video_012096,2022-03-07T13:20:12Z,1840050,,1791,Bemisia_tabaci,Spain,Insects,alien,atacado,Post-Introduction,Threat,Threat,2006,2006-06-01T12:00:00Z,comment,39799,0,comment_009358,,FALSE
video_012096,2022-01-28T17:02:26Z,1840050,,1791,Bemisia_tabaci,Spain,Insects,alien,plaga,Post-Introduction,Invasion,Invasion,2006,2006-06-01T12:00:00Z,comment,39799,0,comment_004900,,FALSE
video_012096,2022-01-28T17:02:26Z,1840050,,1791,Bemisia_tabaci,Spain,Insects,alien,plaga,Post-Introduction,Invasion,Invasion,2006,2006-06-01T12:00:00Z,comment,39799,0,comment_004900,,FALSE
video_012096,2024-05-28T09:44:23Z,1840050,,1791,Bemisia_tabaci,Spain,Insects,alien,plaga,Post-Introduction,Invasion,Invasion,2006,2006-06-01T12:00:00Z,comment,39799,1,comment_007077,comment_007076,TRUE
video_012096,2024-01-28T10:15:36Z,1840050,,1791,Bemisia_tabaci,Spain,Insects,alien,compra,Post-Introduction,eCommerce,eCommerce,2006,2006-06-01T12:00:00Z,comment,39799,0,comment_008457,comment_008456,TRUE
video_012096,2022-02-03T04:50:11Z,1840050,,1791,Bemisia_tabaci,Spain,Insects,alien,plaga,Post-Introduction,Invasion,Invasion,2006,2006-06-01T12:00:00Z,comment,39799,0,comment_004901,comment_004900,TRUE
video_012096,2021-09-13T23:31:34Z,1840050,,1791,Bemisia_tabaci,Spain,Insects,alien,plagas,Post-Introduction,Invasion,Invasion,2006,2006-06-01T12:00:00Z,comment,39799,0,comment_009591,,FALSE
video_012096,2021-08-28T04:39:43Z,1840050,,1791,Bemisia_tabaci,Spain,Insects,alien,plaga,Post-Introduction,Invasion,Invasion,2006,2006-06-01T12:00:00Z,comment,39799,7,comment_010024,,FALSE
video_012096,2021-05-01T16:00:32Z,1840050,,1791,Bemisia_tabaci,Spain,Insects,alien,plaga,Post-Introduction,Invasion,Invasion,2006,2006-06-01T12:00:00Z,comment,39799,0,comment_011275,,FALSE
video_012096,2021-04-18T18:26:39Z,1840050,,1791,Bemisia_tabaci,Spain,Insects,alien,plagas,Post-Introduction,Invasion,Invasion,2006,2006-06-01T12:00:00Z,comment,39799,0,comment_008065,,FALSE
video_012096,2021-03-27T17:59:35Z,1840050,,1791,Bemisia_tabaci,Spain,Insects,alien,plaga,Post-Introduction,Invasion,Invasion,2006,2006-06-01T12:00:00Z,comment,39799,4,comment_003768,,FALSE
video_012096,2021-03-20T17:30:39Z,1840050,,1791,Bemisia_tabaci,Spain,Insects,alien,plaga,Post-Introduction,Invasion,Invasion,2006,2006-06-01T12:00:00Z,comment,39799,8,comment_003183,,FALSE
video_012096,2021-03-01T18:40:21Z,1840050,,1791,Bemisia_tabaci,Spain,Insects,alien,plagas,Post-Introduction,Invasion,Invasion,2006,2006-06-01T12:00:00Z,comment,39799,0,comment_013750,,FALSE
video_012096,2021-02-03T05:36:54Z,1840050,,1791,Bemisia_tabaci,Spain,Insects,alien,plagas,Post-Introduction,Invasion,Invasion,2006,2006-06-01T12:00:00Z,comment,39799,2,comment_013541,,FALSE
video_012096,2021-01-14T22:20:45Z,1840050,,1791,Bemisia_tabaci,Spain,Insects,alien,comprar,Post-Introduction,eCommerce,eCommerce,2006,2006-06-01T12:00:00Z,comment,39799,0,comment_006010,,FALSE
video_012096,2022-09-08T20:15:04Z,1840050,,1791,Bemisia_tabaci,Spain,Insects,alien,ataca,Post-Introduction,Threat,Threat,2006,2006-06-01T12:00:00Z,comment,39799,0,comment_003769,comment_003768,TRUE
video_009392,2018-06-12T15:15:24Z,119172,,42,Bemisia_tabaci,Spain,Insects,alien,plagas,Post-Introduction,Invasion,Invasion,2006,2006-06-01T12:00:00Z,comment,793,6,comment_009055,,FALSE
video_009392,2018-06-12T15:15:24Z,119172,,42,Bemisia_tabaci,Spain,Insects,alien,control,Post-Introduction,Detection,Detection,2006,2006-06-01T12:00:00Z,comment,793,6,comment_009055,,FALSE
video_009392,2018-06-12T15:15:24Z,119172,,42,Bemisia_tabaci,Spain,Insects,alien,plaga,Post-Introduction,Invasion,Invasion,2006,2006-06-01T12:00:00Z,comment,793,6,comment_009055,,FALSE
video_009392,2018-04-11T21:01:26Z,119172,,42,Bemisia_tabaci,Spain,Insects,alien,comprar,Post-Introduction,eCommerce,eCommerce,2006,2006-06-01T12:00:00Z,comment,793,0,comment_006627,,FALSE
video_009392,2024-01-26T22:16:18Z,119172,,42,Bemisia_tabaci,Spain,Insects,alien,controlar,Post-Introduction,Detection,Detection,2006,2006-06-01T12:00:00Z,comment,793,0,comment_005996,comment_005995,TRUE
video_009392,2021-03-24T06:49:58Z,119172,,42,Bemisia_tabaci,Spain,Insects,alien,registro,Post-Introduction,Detection,Detection,2006,2006-06-01T12:00:00Z,comment,793,0,comment_009059,comment_009055,TRUE
video_009392,2024-01-26T22:28:06Z,119172,,42,Bemisia_tabaci,Spain,Insects,alien,plagas,Post-Introduction,Invasion,Invasion,2006,2006-06-01T12:00:00Z,comment,793,0,comment_003966,comment_003965,TRUE
video_009392,2024-01-26T22:28:06Z,119172,,42,Bemisia_tabaci,Spain,Insects,alien,control,Post-Introduction,Detection,Detection,2006,2006-06-01T12:00:00Z,comment,793,0,comment_003966,comment_003965,TRUE
video_009392,2024-01-26T22:28:06Z,119172,,42,Bemisia_tabaci,Spain,Insects,alien,plagas,Post-Introduction,Invasion,Invasion,2006,2006-06-01T12:00:00Z,comment,793,0,comment_003966,comment_003965,TRUE
video_009392,2024-01-26T22:28:06Z,119172,,42,Bemisia_tabaci,Spain,Insects,alien,plagas,Post-Introduction,Invasion,Invasion,2006,2006-06-01T12:00:00Z,comment,793,0,comment_003966,comment_003965,TRUE
video_009392,2024-01-26T22:28:06Z,119172,,42,Bemisia_tabaci,Spain,Insects,alien,control,Post-Introduction,Detection,Detection,2006,2006-06-01T12:00:00Z,comment,793,0,comment_003966,comment_003965,TRUE
video_009392,2024-01-26T22:28:06Z,119172,,42,Bemisia_tabaci,Spain,Insects,alien,precio,Post-Introduction,eCommerce,eCommerce,2006,2006-06-01T12:00:00Z,comment,793,0,comment_003966,comment_003965,TRUE
video_009392,2018-06-12T15:24:22Z,119172,,42,Bemisia_tabaci,Spain,Insects,alien,plagas,Post-Introduction,Invasion,Invasion,2006,2006-06-01T12:00:00Z,comment,793,1,comment_006628,comment_006627,TRUE
video_016865,2022-05-08T11:36:08Z,3942,,19,Branta_canadensis,Portugal,Birds,established,peligroso,Post-Introduction,Threat,Threat,2008,2008-06-01T12:00:00Z,comment,57,2,comment_008013,,FALSE
video_016865,2022-05-08T11:49:36Z,3942,,19,Branta_canadensis,Portugal,Birds,established,peligro,Post-Introduction,Threat,Threat,2008,2008-06-01T12:00:00Z,comment,57,0,comment_008014,comment_008013,TRUE
video_012249,2019-06-25T12:14:33Z,1290,,2,Caloenas_nicobarica,Spain,Birds,casual,comercio,Post-Introduction,eCommerce,eCommerce,2008,2008-06-01T12:00:00Z,comment,12,1,comment_012079,comment_012078,TRUE
video_012249,2019-06-25T12:14:33Z,1290,,2,Caloenas_nicobarica,Spain,Birds,casual,prohibido,Post-Introduction,eCommerce,eCommerce,2008,2008-06-01T12:00:00Z,comment,12,1,comment_012079,comment_012078,TRUE
video_016438,2018-01-15T05:57:25Z,617,,3,Caprella_scaura,Spain,Crustaceans,alien,pecera,Post-Introduction,eCommerce,eCommerce,2009,2009-06-01T12:00:00Z,comment,12,0,comment_005508,comment_005507,TRUE
video_013041,2024-03-11T11:04:47Z,13348,,40,Ceratitis_capitata,Spain,Insects,established,registro,Post-Introduction,Detection,Detection,2006,2006-06-01T12:00:00Z,comment,322,0,comment_005874,,FALSE
video_013041,2023-09-03T21:22:06Z,13348,,40,Ceratitis_capitata,Spain,Insects,established,trampas,Post-Introduction,Detection,Detection,2006,2006-06-01T12:00:00Z,comment,322,1,comment_010670,,FALSE
video_013041,2024-04-07T17:28:27Z,13348,,40,Ceratitis_capitata,Spain,Insects,established,dispersion,Post-Introduction,Invasion,Invasion,2006,2006-06-01T12:00:00Z,comment,322,0,comment_014698,comment_014697,TRUE
video_013041,2023-09-03T21:25:54Z,13348,,40,Ceratitis_capitata,Spain,Insects,established,trampas,Post-Introduction,Detection,Detection,2006,2006-06-01T12:00:00Z,comment,322,0,comment_010672,comment_010670,TRUE
video_008818,2024-07-10T21:41:51Z,58279,,23,Ceratitis_capitata,Spain,Insects,established,plaga,Post-Introduction,Invasion,Invasion,2006,2006-06-01T12:00:00Z,comment,385,1,comment_005932,,FALSE
video_008818,2022-07-09T02:45:22Z,58279,,23,Ceratitis_capitata,Spain,Insects,established,trampas,Post-Introduction,Detection,Detection,2006,2006-06-01T12:00:00Z,comment,385,0,comment_014509,,FALSE
video_008818,2019-10-08T20:12:21Z,58279,,23,Ceratitis_capitata,Spain,Insects,established,trampa,Post-Introduction,Detection,Detection,2006,2006-06-01T12:00:00Z,comment,385,0,comment_004771,,FALSE
video_008818,2019-10-08T20:12:21Z,58279,,23,Ceratitis_capitata,Spain,Insects,established,mercado,Post-Introduction,eCommerce,eCommerce,2006,2006-06-01T12:00:00Z,comment,385,0,comment_004771,,FALSE
video_008818,2015-04-10T22:16:54Z,58279,,23,Ceratitis_capitata,Spain,Insects,established,plaga,Post-Introduction,Invasion,Invasion,2006,2006-06-01T12:00:00Z,comment,385,3,comment_000560,,FALSE
video_008818,2015-04-10T22:16:54Z,58279,,23,Ceratitis_capitata,Spain,Insects,established,mercado,Post-Introduction,eCommerce,eCommerce,2006,2006-06-01T12:00:00Z,comment,385,3,comment_000560,,FALSE
video_008818,2022-05-06T12:06:04Z,58279,,23,Ceratitis_capitata,Spain,Insects,established,visto,Post-Introduction,Detection,Detection,2006,2006-06-01T12:00:00Z,comment,385,0,comment_009626,comment_009625,TRUE
video_016920,2025-02-17T07:20:37Z,34047,,90,Ceratitis_capitata,Spain,Insects,established,trampa,Post-Introduction,Detection,Detection,2006,2006-06-01T12:00:00Z,comment,532,1,comment_009962,,FALSE
video_016920,2024-05-06T20:57:29Z,34047,,90,Ceratitis_capitata,Spain,Insects,established,trampa,Post-Introduction,Detection,Detection,2006,2006-06-01T12:00:00Z,comment,532,1,comment_014981,,FALSE
video_016920,2024-04-27T14:59:15Z,34047,,90,Ceratitis_capitata,Spain,Insects,established,trampas,Post-Introduction,Detection,Detection,2006,2006-06-01T12:00:00Z,comment,532,1,comment_006911,,FALSE
video_016920,2024-04-27T14:55:24Z,34047,,90,Ceratitis_capitata,Spain,Insects,established,trampas,Post-Introduction,Detection,Detection,2006,2006-06-01T12:00:00Z,comment,532,0,comment_012637,,FALSE
video_016920,2024-04-27T14:55:24Z,34047,,90,Ceratitis_capitata,Spain,Insects,established,trampas,Post-Introduction,Detection,Detection,2006,2006-06-01T12:00:00Z,comment,532,0,comment_012637,,FALSE
video_016920,2024-04-23T20:29:07Z,34047,,90,Ceratitis_capitata,Spain,Insects,established,trampa,Post-Introduction,Detection,Detection,2006,2006-06-01T12:00:00Z,comment,532,1,comment_010999,,FALSE
video_016920,2024-04-21T16:28:45Z,34047,,90,Ceratitis_capitata,Spain,Insects,established,ataca,Post-Introduction,Threat,Threat,2006,2006-06-01T12:00:00Z,comment,532,1,comment_005447,,FALSE
video_016920,2023-05-11T23:29:23Z,34047,,90,Ceratitis_capitata,Spain,Insects,established,ataca,Post-Introduction,Threat,Threat,2006,2006-06-01T12:00:00Z,comment,532,1,comment_010017,,FALSE
video_016920,2023-03-11T16:53:23Z,34047,,90,Ceratitis_capitata,Spain,Insects,established,compre,Post-Introduction,eCommerce,eCommerce,2006,2006-06-01T12:00:00Z,comment,532,1,comment_005918,,FALSE
video_016920,2022-05-01T05:23:26Z,34047,,90,Ceratitis_capitata,Spain,Insects,established,trampas,Post-Introduction,Detection,Detection,2006,2006-06-01T12:00:00Z,comment,532,1,comment_014539,,FALSE
video_016920,2021-11-19T19:37:30Z,34047,,90,Ceratitis_capitata,Spain,Insects,established,visto,Post-Introduction,Detection,Detection,2006,2006-06-01T12:00:00Z,comment,532,1,comment_010020,,FALSE
video_016920,2021-11-19T19:37:30Z,34047,,90,Ceratitis_capitata,Spain,Insects,established,trampa,Post-Introduction,Detection,Detection,2006,2006-06-01T12:00:00Z,comment,532,1,comment_010020,,FALSE
video_016920,2021-11-15T19:47:20Z,34047,,90,Ceratitis_capitata,Spain,Insects,established,trampas,Post-Introduction,Detection,Detection,2006,2006-06-01T12:00:00Z,comment,532,1,comment_007923,,FALSE
video_016920,2021-11-13T13:40:06Z,34047,,90,Ceratitis_capitata,Spain,Insects,established,plagas,Post-Introduction,Invasion,Invasion,2006,2006-06-01T12:00:00Z,comment,532,1,comment_006397,,FALSE
video_016920,2021-11-13T13:11:56Z,34047,,90,Ceratitis_capitata,Spain,Insects,established,trampa,Post-Introduction,Detection,Detection,2006,2006-06-01T12:00:00Z,comment,532,1,comment_014947,,FALSE
video_016920,2021-11-13T12:49:38Z,34047,,90,Ceratitis_capitata,Spain,Insects,established,trampa,Post-Introduction,Detection,Detection,2006,2006-06-01T12:00:00Z,comment,532,1,comment_002968,,FALSE
video_016920,2021-11-13T11:36:02Z,34047,,90,Ceratitis_capitata,Spain,Insects,established,trampa,Post-Introduction,Detection,Detection,2006,2006-06-01T12:00:00Z,comment,532,3,comment_002796,,FALSE
video_016920,2024-04-24T08:50:06Z,34047,,90,Ceratitis_capitata,Spain,Insects,established,plaga,Post-Introduction,Invasion,Invasion,2006,2006-06-01T12:00:00Z,comment,532,0,comment_011000,comment_010999,TRUE
video_016920,2024-04-27T15:00:38Z,34047,,90,Ceratitis_capitata,Spain,Insects,established,trampas,Post-Introduction,Detection,Detection,2006,2006-06-01T12:00:00Z,comment,532,0,comment_005921,comment_005918,TRUE
video_016920,2021-11-20T12:11:22Z,34047,,90,Ceratitis_capitata,Spain,Insects,established,trampa,Post-Introduction,Detection,Detection,2006,2006-06-01T12:00:00Z,comment,532,0,comment_010021,comment_010020,TRUE
video_016920,2021-11-20T12:11:22Z,34047,,90,Ceratitis_capitata,Spain,Insects,established,barata,Post-Introduction,eCommerce,eCommerce,2006,2006-06-01T12:00:00Z,comment,532,0,comment_010021,comment_010020,TRUE
video_016920,2021-11-17T11:14:34Z,34047,,90,Ceratitis_capitata,Spain,Insects,established,trampas,Post-Introduction,Detection,Detection,2006,2006-06-01T12:00:00Z,comment,532,0,comment_013039,comment_013038,TRUE
video_016920,2021-11-16T11:42:44Z,34047,,90,Ceratitis_capitata,Spain,Insects,established,barato,Post-Introduction,eCommerce,eCommerce,2006,2006-06-01T12:00:00Z,comment,532,0,comment_013786,comment_013785,TRUE
video_016920,2021-11-15T19:55:29Z,34047,,90,Ceratitis_capitata,Spain,Insects,established,dinero,Post-Introduction,eCommerce,eCommerce,2006,2006-06-01T12:00:00Z,comment,532,1,comment_007924,comment_007923,TRUE
video_016920,2021-11-15T11:54:36Z,34047,,90,Ceratitis_capitata,Spain,Insects,established,ataca,Post-Introduction,Threat,Threat,2006,2006-06-01T12:00:00Z,comment,532,0,comment_009422,comment_009421,TRUE
video_016920,2021-11-13T17:33:53Z,34047,,90,Ceratitis_capitata,Spain,Insects,established,comprar,Post-Introduction,eCommerce,eCommerce,2006,2006-06-01T12:00:00Z,comment,532,1,comment_006398,comment_006397,TRUE
video_016920,2021-11-13T17:37:16Z,34047,,90,Ceratitis_capitata,Spain,Insects,established,trampa,Post-Introduction,Detection,Detection,2006,2006-06-01T12:00:00Z,comment,532,1,comment_014948,comment_014947,TRUE
video_016920,2021-11-13T17:37:16Z,34047,,90,Ceratitis_capitata,Spain,Insects,established,trampas,Post-Introduction,Detection,Detection,2006,2006-06-01T12:00:00Z,comment,532,1,comment_014948,comment_014947,TRUE
video_016920,2021-11-13T12:39:35Z,34047,,90,Ceratitis_capitata,Spain,Insects,established,trampa,Post-Introduction,Detection,Detection,2006,2006-06-01T12:00:00Z,comment,532,1,comment_011461,comment_011460,TRUE
video_016920,2021-11-13T11:42:23Z,34047,,90,Ceratitis_capitata,Spain,Insects,established,dinero,Post-Introduction,eCommerce,eCommerce,2006,2006-06-01T12:00:00Z,comment,532,1,comment_002797,comment_002796,TRUE
video_000841,2022-05-22T19:09:05Z,1315,,2,Ceratitis_capitata,Spain,Insects,established,peligrosa,Post-Introduction,Threat,Threat,2006,2006-06-01T12:00:00Z,comment,,1,comment_004642,,FALSE
video_000841,2022-05-22T19:09:05Z,1315,,2,Ceratitis_capitata,Spain,Insects,established,plaga,Post-Introduction,Invasion,Invasion,2006,2006-06-01T12:00:00Z,comment,,1,comment_004642,,FALSE
video_000841,2022-05-22T19:09:05Z,1315,,2,Ceratitis_capitata,Spain,Insects,established,captura,Post-Introduction,Detection,Detection,2006,2006-06-01T12:00:00Z,comment,,1,comment_004642,,FALSE
video_000841,2022-05-22T19:09:05Z,1315,,2,Ceratitis_capitata,Spain,Insects,established,control,Post-Introduction,Detection,Detection,2006,2006-06-01T12:00:00Z,comment,,1,comment_004642,,FALSE
video_000841,2022-05-24T10:22:39Z,1315,,2,Ceratitis_capitata,Spain,Insects,established,danina,Post-Introduction,Threat,Threat,2006,2006-06-01T12:00:00Z,comment,,0,comment_004643,comment_004642,TRUE
video_002323,2025-08-27T18:28:53Z,102199,,258,Ceratitis_capitata,Spain,Insects,established,trampa,Post-Introduction,Detection,Detection,2006,2006-06-01T12:00:00Z,comment,3504,0,comment_006279,,FALSE
video_002323,2025-08-21T10:26:47Z,102199,,258,Ceratitis_capitata,Spain,Insects,established,controlado,Post-Introduction,Detection,Detection,2006,2006-06-01T12:00:00Z,comment,3504,1,comment_007570,,FALSE
video_002323,2025-08-17T17:17:39Z,102199,,258,Ceratitis_capitata,Spain,Insects,established,trampas,Post-Introduction,Detection,Detection,2006,2006-06-01T12:00:00Z,comment,3504,1,comment_004774,,FALSE
video_002323,2025-07-03T19:26:11Z,102199,,258,Ceratitis_capitata,Spain,Insects,established,trampas,Post-Introduction,Detection,Detection,2006,2006-06-01T12:00:00Z,comment,3504,4,comment_001919,,FALSE
video_002323,2025-06-03T20:38:36Z,102199,,258,Ceratitis_capitata,Spain,Insects,established,visto,Post-Introduction,Detection,Detection,2006,2006-06-01T12:00:00Z,comment,3504,2,comment_006975,,FALSE
video_002323,2025-06-03T20:38:36Z,102199,,258,Ceratitis_capitata,Spain,Insects,established,visto,Post-Introduction,Detection,Detection,2006,2006-06-01T12:00:00Z,comment,3504,2,comment_006975,,FALSE
video_002323,2025-03-04T23:59:46Z,102199,,258,Ceratitis_capitata,Spain,Insects,established,trampas,Post-Introduction,Detection,Detection,2006,2006-06-01T12:00:00Z,comment,3504,0,comment_004856,,FALSE
video_002323,2025-02-09T11:18:08Z,102199,,258,Ceratitis_capitata,Spain,Insects,established,control,Post-Introduction,Detection,Detection,2006,2006-06-01T12:00:00Z,comment,3504,3,comment_012320,,FALSE
video_002323,2025-01-10T19:57:21Z,102199,,258,Ceratitis_capitata,Spain,Insects,established,vender,Post-Introduction,eCommerce,eCommerce,2006,2006-06-01T12:00:00Z,comment,3504,0,comment_010338,,FALSE
video_002323,2024-11-29T04:30:58Z,102199,,258,Ceratitis_capitata,Spain,Insects,established,trampas,Post-Introduction,Detection,Detection,2006,2006-06-01T12:00:00Z,comment,3504,0,comment_011943,comment_011942,TRUE
video_002323,2024-09-30T21:42:06Z,102199,,258,Ceratitis_capitata,Spain,Insects,established,trampas,Post-Introduction,Detection,Detection,2006,2006-06-01T12:00:00Z,comment,3504,0,comment_013255,,FALSE
video_002323,2024-09-02T06:38:34Z,102199,,258,Ceratitis_capitata,Spain,Insects,established,visto,Post-Introduction,Detection,Detection,2006,2006-06-01T12:00:00Z,comment,3504,1,comment_013602,,FALSE
video_002323,2024-08-21T08:10:23Z,102199,,258,Ceratitis_capitata,Spain,Insects,established,vender,Post-Introduction,eCommerce,eCommerce,2006,2006-06-01T12:00:00Z,comment,3504,3,comment_009652,,FALSE
video_002323,2024-08-03T16:25:03Z,102199,,258,Ceratitis_capitata,Spain,Insects,established,controlar,Post-Introduction,Detection,Detection,2006,2006-06-01T12:00:00Z,comment,3504,0,comment_001986,,FALSE
video_002323,2024-08-03T09:07:08Z,102199,,258,Ceratitis_capitata,Spain,Insects,established,barato,Post-Introduction,eCommerce,eCommerce,2006,2006-06-01T12:00:00Z,comment,3504,2,comment_012063,,FALSE
video_002323,2024-07-26T01:55:03Z,102199,,258,Ceratitis_capitata,Spain,Insects,established,capturas,Post-Introduction,Detection,Detection,2006,2006-06-01T12:00:00Z,comment,3504,1,comment_005735,,FALSE
video_002323,2024-07-25T17:11:47Z,102199,,258,Ceratitis_capitata,Spain,Insects,established,ataca,Post-Introduction,Threat,Threat,2006,2006-06-01T12:00:00Z,comment,3504,4,comment_003638,,FALSE
video_002323,2024-07-25T17:11:47Z,102199,,258,Ceratitis_capitata,Spain,Insects,established,trampa,Post-Introduction,Detection,Detection,2006,2006-06-01T12:00:00Z,comment,3504,4,comment_003638,,FALSE
video_002323,2024-07-23T22:03:37Z,102199,,258,Ceratitis_capitata,Spain,Insects,established,trampes,Post-Introduction,Detection,Detection,2006,2006-06-01T12:00:00Z,comment,3504,0,comment_005248,,FALSE
video_002323,2024-07-17T15:34:35Z,102199,,258,Ceratitis_capitata,Spain,Insects,established,trampa,Post-Introduction,Detection,Detection,2006,2006-06-01T12:00:00Z,comment,3504,35,comment_014929,,FALSE
video_002323,2024-09-30T19:39:00Z,102199,,258,Ceratitis_capitata,Spain,Insects,established,plaga,Post-Introduction,Invasion,Invasion,2006,2006-06-01T12:00:00Z,comment,3504,0,comment_001542,comment_001541,TRUE
video_002323,2024-08-21T08:33:01Z,102199,,258,Ceratitis_capitata,Spain,Insects,established,venta,Post-Introduction,eCommerce,eCommerce,2006,2006-06-01T12:00:00Z,comment,3504,1,comment_009653,comment_009652,TRUE
video_002323,2024-07-23T14:17:31Z,102199,,258,Ceratitis_capitata,Spain,Insects,established,barato,Post-Introduction,eCommerce,eCommerce,2006,2006-06-01T12:00:00Z,comment,3504,1,comment_014609,comment_014608,TRUE
video_002323,2024-07-23T17:21:57Z,102199,,258,Ceratitis_capitata,Spain,Insects,established,trampas,Post-Introduction,Detection,Detection,2006,2006-06-01T12:00:00Z,comment,3504,5,comment_014610,comment_014608,TRUE
video_004490,2023-01-23T18:09:08Z,548,,1,Ceratitis_capitata,Spain,Insects,established,trampas,Post-Introduction,Detection,Detection,2006,2006-06-01T12:00:00Z,comment,4,0,comment_005028,,FALSE
video_005641,2012-10-07T13:03:31Z,3501,,3,Cherax_quadricarinatus,Spain,Crustaceans,alien,pecera,Pre-Introduction,eCommerce,eCommerce,2013,2013-06-01T12:00:00Z,comment,2,0,comment_004274,,FALSE
video_005641,2012-06-30T18:21:57Z,3501,,3,Cherax_quadricarinatus,Spain,Crustaceans,alien,acuario,Pre-Introduction,eCommerce,eCommerce,2013,2013-06-01T12:00:00Z,comment,2,0,comment_006078,,FALSE
video_015845,2018-02-21T05:30:22Z,936,,3,Cherax_quadricarinatus,Spain,Crustaceans,alien,acuario,Post-Introduction,eCommerce,eCommerce,2013,2013-06-01T12:00:00Z,comment,6,0,comment_003942,,FALSE
video_010302,2018-01-21T15:01:03Z,91772,,64,Cherax_quadricarinatus,Spain,Crustaceans,alien,comprei,Post-Introduction,eCommerce,eCommerce,2013,2013-06-01T12:00:00Z,comment,423,2,comment_009500,,FALSE
video_010302,2017-12-29T12:13:49Z,91772,,64,Cherax_quadricarinatus,Spain,Crustaceans,alien,aquario,Post-Introduction,eCommerce,eCommerce,2013,2013-06-01T12:00:00Z,comment,423,1,comment_010680,,FALSE
video_010302,2017-06-25T13:46:43Z,91772,,64,Cherax_quadricarinatus,Spain,Crustaceans,alien,aquario,Post-Introduction,eCommerce,eCommerce,2013,2013-06-01T12:00:00Z,comment,423,8,comment_001262,,FALSE
video_010302,2016-11-13T21:12:04Z,91772,,64,Cherax_quadricarinatus,Spain,Crustaceans,alien,comprar,Post-Introduction,eCommerce,eCommerce,2013,2013-06-01T12:00:00Z,comment,423,0,comment_000447,,FALSE
video_010302,2015-12-09T22:15:56Z,91772,,64,Cherax_quadricarinatus,Spain,Crustaceans,alien,aquario,Post-Introduction,eCommerce,eCommerce,2013,2013-06-01T12:00:00Z,comment,423,2,comment_000049,,FALSE
video_010302,2015-09-20T22:56:41Z,91772,,64,Cherax_quadricarinatus,Spain,Crustaceans,alien,atacando,Post-Introduction,Threat,Threat,2013,2013-06-01T12:00:00Z,comment,423,1,comment_001146,,FALSE
video_010302,2015-09-20T22:56:41Z,91772,,64,Cherax_quadricarinatus,Spain,Crustaceans,alien,apareceram,Post-Introduction,Detection,Detection,2013,2013-06-01T12:00:00Z,comment,423,1,comment_001146,,FALSE
video_010302,2015-04-19T16:55:12Z,91772,,64,Cherax_quadricarinatus,Spain,Crustaceans,alien,cara,Post-Introduction,eCommerce,eCommerce,2013,2013-06-01T12:00:00Z,comment,423,1,comment_001302,,FALSE
video_010302,2015-04-19T16:55:12Z,91772,,64,Cherax_quadricarinatus,Spain,Crustaceans,alien,aquario,Post-Introduction,eCommerce,eCommerce,2013,2013-06-01T12:00:00Z,comment,423,1,comment_001302,,FALSE
video_010302,2014-12-08T12:47:23Z,91772,,64,Cherax_quadricarinatus,Spain,Crustaceans,alien,ataca,Post-Introduction,Threat,Threat,2013,2013-06-01T12:00:00Z,comment,423,1,comment_001361,,FALSE
video_010302,2014-12-08T12:47:23Z,91772,,64,Cherax_quadricarinatus,Spain,Crustaceans,alien,comprei,Post-Introduction,eCommerce,eCommerce,2013,2013-06-01T12:00:00Z,comment,423,1,comment_001361,,FALSE
video_010302,2014-12-08T12:47:23Z,91772,,64,Cherax_quadricarinatus,Spain,Crustaceans,alien,aquario,Post-Introduction,eCommerce,eCommerce,2013,2013-06-01T12:00:00Z,comment,423,1,comment_001361,,FALSE
video_010302,2014-11-09T20:27:08Z,91772,,64,Cherax_quadricarinatus,Spain,Crustaceans,alien,aquario,Post-Introduction,eCommerce,eCommerce,2013,2013-06-01T12:00:00Z,comment,423,1,comment_000405,,FALSE
video_010302,2017-03-25T16:51:13Z,91772,,64,Cherax_quadricarinatus,Spain,Crustaceans,alien,aquario,Post-Introduction,eCommerce,eCommerce,2013,2013-06-01T12:00:00Z,comment,423,3,comment_000192,comment_000190,TRUE
video_010302,2017-03-25T16:51:13Z,91772,,64,Cherax_quadricarinatus,Spain,Crustaceans,alien,aquario,Post-Introduction,eCommerce,eCommerce,2013,2013-06-01T12:00:00Z,comment,423,3,comment_000192,comment_000190,TRUE
video_010302,2017-03-25T16:51:13Z,91772,,64,Cherax_quadricarinatus,Spain,Crustaceans,alien,aquario,Post-Introduction,eCommerce,eCommerce,2013,2013-06-01T12:00:00Z,comment,423,3,comment_000192,comment_000190,TRUE
video_010302,2015-09-21T01:17:19Z,91772,,64,Cherax_quadricarinatus,Spain,Crustaceans,alien,aquario,Post-Introduction,eCommerce,eCommerce,2013,2013-06-01T12:00:00Z,comment,423,0,comment_001147,comment_001146,TRUE
video_010302,2016-09-22T23:01:00Z,91772,,64,Cherax_quadricarinatus,Spain,Crustaceans,alien,comprar,Post-Introduction,eCommerce,eCommerce,2013,2013-06-01T12:00:00Z,comment,423,2,comment_001148,comment_001146,TRUE
video_010302,2015-04-21T23:40:04Z,91772,,64,Cherax_quadricarinatus,Spain,Crustaceans,alien,cara,Post-Introduction,eCommerce,eCommerce,2013,2013-06-01T12:00:00Z,comment,423,1,comment_001303,comment_001302,TRUE
video_010302,2014-11-01T13:30:15Z,91772,,64,Cherax_quadricarinatus,Spain,Crustaceans,alien,cara,Post-Introduction,eCommerce,eCommerce,2013,2013-06-01T12:00:00Z,comment,423,0,comment_000084,comment_000083,TRUE
video_010302,2014-11-01T13:30:15Z,91772,,64,Cherax_quadricarinatus,Spain,Crustaceans,alien,mercado,Post-Introduction,eCommerce,eCommerce,2013,2013-06-01T12:00:00Z,comment,423,0,comment_000084,comment_000083,TRUE
video_010302,2014-11-01T13:30:15Z,91772,,64,Cherax_quadricarinatus,Spain,Crustaceans,alien,comprei,Post-Introduction,eCommerce,eCommerce,2013,2013-06-01T12:00:00Z,comment,423,0,comment_000084,comment_000083,TRUE
video_010302,2014-07-16T14:50:06Z,91772,,64,Cherax_quadricarinatus,Spain,Crustaceans,alien,aquario,Post-Introduction,eCommerce,eCommerce,2013,2013-06-01T12:00:00Z,comment,423,0,comment_000090,comment_000089,TRUE
video_013743,2025-06-13T13:07:34Z,30449,,92,Cherax_quadricarinatus,Spain,Crustaceans,alien,plaga,Post-Introduction,Invasion,Invasion,2013,2013-06-01T12:00:00Z,comment,1438,0,comment_003960,,FALSE
video_013743,2025-05-25T16:22:33Z,30449,,92,Cherax_quadricarinatus,Spain,Crustaceans,alien,mercado,Post-Introduction,eCommerce,eCommerce,2013,2013-06-01T12:00:00Z,comment,1438,0,comment_006721,,FALSE
video_013743,2025-05-25T16:22:33Z,30449,,92,Cherax_quadricarinatus,Spain,Crustaceans,alien,acuario,Post-Introduction,eCommerce,eCommerce,2013,2013-06-01T12:00:00Z,comment,1438,0,comment_006721,,FALSE
video_013743,2023-10-07T22:00:18Z,30449,,92,Cherax_quadricarinatus,Spain,Crustaceans,alien,compre,Post-Introduction,eCommerce,eCommerce,2013,2013-06-01T12:00:00Z,comment,1438,0,comment_001881,,FALSE
video_013743,2023-10-07T22:00:18Z,30449,,92,Cherax_quadricarinatus,Spain,Crustaceans,alien,tienda,Post-Introduction,eCommerce,eCommerce,2013,2013-06-01T12:00:00Z,comment,1438,0,comment_001881,,FALSE
video_013743,2023-09-09T21:30:12Z,30449,,92,Cherax_quadricarinatus,Spain,Crustaceans,alien,acuario,Post-Introduction,eCommerce,eCommerce,2013,2013-06-01T12:00:00Z,comment,1438,1,comment_013003,,FALSE
video_013743,2022-11-18T13:43:38Z,30449,,92,Cherax_quadricarinatus,Spain,Crustaceans,alien,encontre,Post-Introduction,Detection,Detection,2013,2013-06-01T12:00:00Z,comment,1438,0,comment_003071,,FALSE
video_013743,2022-11-18T13:43:38Z,30449,,92,Cherax_quadricarinatus,Spain,Crustaceans,alien,cara,Post-Introduction,eCommerce,eCommerce,2013,2013-06-01T12:00:00Z,comment,1438,0,comment_003071,,FALSE
video_013743,2022-11-17T16:10:56Z,30449,,92,Cherax_quadricarinatus,Spain,Crustaceans,alien,pecera,Post-Introduction,eCommerce,eCommerce,2013,2013-06-01T12:00:00Z,comment,1438,3,comment_015099,,FALSE
video_013743,2022-11-17T04:22:11Z,30449,,92,Cherax_quadricarinatus,Spain,Crustaceans,alien,acuarios,Post-Introduction,eCommerce,eCommerce,2013,2013-06-01T12:00:00Z,comment,1438,0,comment_005353,,FALSE
video_013743,2022-10-29T09:33:38Z,30449,,92,Cherax_quadricarinatus,Spain,Crustaceans,alien,acuario,Post-Introduction,eCommerce,eCommerce,2013,2013-06-01T12:00:00Z,comment,1438,0,comment_002245,,FALSE
video_013743,2022-10-21T19:44:35Z,30449,,92,Cherax_quadricarinatus,Spain,Crustaceans,alien,acuarios,Post-Introduction,eCommerce,eCommerce,2013,2013-06-01T12:00:00Z,comment,1438,2,comment_008489,,FALSE
video_013743,2022-10-21T14:28:37Z,30449,,92,Cherax_quadricarinatus,Spain,Crustaceans,alien,visto,Post-Introduction,Detection,Detection,2013,2013-06-01T12:00:00Z,comment,1438,2,comment_001807,,FALSE
video_013743,2022-10-21T14:28:37Z,30449,,92,Cherax_quadricarinatus,Spain,Crustaceans,alien,costo,Post-Introduction,eCommerce,eCommerce,2013,2013-06-01T12:00:00Z,comment,1438,2,comment_001807,,FALSE
video_013743,2022-10-21T14:28:37Z,30449,,92,Cherax_quadricarinatus,Spain,Crustaceans,alien,cara,Post-Introduction,eCommerce,eCommerce,2013,2013-06-01T12:00:00Z,comment,1438,2,comment_001807,,FALSE
video_013743,2022-10-20T17:09:36Z,30449,,92,Cherax_quadricarinatus,Spain,Crustaceans,alien,acuarios,Post-Introduction,eCommerce,eCommerce,2013,2013-06-01T12:00:00Z,comment,1438,8,comment_005566,,FALSE
video_013743,2022-10-19T20:19:21Z,30449,,92,Cherax_quadricarinatus,Spain,Crustaceans,alien,tienda,Post-Introduction,eCommerce,eCommerce,2013,2013-06-01T12:00:00Z,comment,1438,0,comment_003008,,FALSE
video_013743,2022-10-19T15:09:45Z,30449,,92,Cherax_quadricarinatus,Spain,Crustaceans,alien,acuarios,Post-Introduction,eCommerce,eCommerce,2013,2013-06-01T12:00:00Z,comment,1438,0,comment_002193,,FALSE
video_013743,2022-10-19T15:09:45Z,30449,,92,Cherax_quadricarinatus,Spain,Crustaceans,alien,acuarios,Post-Introduction,eCommerce,eCommerce,2013,2013-06-01T12:00:00Z,comment,1438,0,comment_002193,,FALSE
video_013743,2022-10-19T15:01:25Z,30449,,92,Cherax_quadricarinatus,Spain,Crustaceans,alien,acuario,Post-Introduction,eCommerce,eCommerce,2013,2013-06-01T12:00:00Z,comment,1438,0,comment_003300,,FALSE
video_013743,2022-10-19T13:23:57Z,30449,,92,Cherax_quadricarinatus,Spain,Crustaceans,alien,comprar,Post-Introduction,eCommerce,eCommerce,2013,2013-06-01T12:00:00Z,comment,1438,0,comment_002783,,FALSE
video_013743,2022-10-19T13:23:57Z,30449,,92,Cherax_quadricarinatus,Spain,Crustaceans,alien,pecera,Post-Introduction,eCommerce,eCommerce,2013,2013-06-01T12:00:00Z,comment,1438,0,comment_002783,,FALSE
video_013743,2022-10-19T12:51:29Z,30449,,92,Cherax_quadricarinatus,Spain,Crustaceans,alien,comprado,Post-Introduction,eCommerce,eCommerce,2013,2013-06-01T12:00:00Z,comment,1438,2,comment_001470,,FALSE
video_013743,2022-10-19T12:51:29Z,30449,,92,Cherax_quadricarinatus,Spain,Crustaceans,alien,mercado,Post-Introduction,eCommerce,eCommerce,2013,2013-06-01T12:00:00Z,comment,1438,2,comment_001470,,FALSE
video_013743,2022-11-14T13:05:46Z,30449,,92,Cherax_quadricarinatus,Spain,Crustaceans,alien,acuarios,Post-Introduction,eCommerce,eCommerce,2013,2013-06-01T12:00:00Z,comment,1438,0,comment_005327,comment_005326,TRUE
video_013743,2022-11-14T14:16:23Z,30449,,92,Cherax_quadricarinatus,Spain,Crustaceans,alien,acuario,Post-Introduction,eCommerce,eCommerce,2013,2013-06-01T12:00:00Z,comment,1438,0,comment_002246,comment_002245,TRUE
video_013743,2022-10-19T13:24:33Z,30449,,92,Cherax_quadricarinatus,Spain,Crustaceans,alien,pecera,Post-Introduction,eCommerce,eCommerce,2013,2013-06-01T12:00:00Z,comment,1438,0,comment_002784,comment_002783,TRUE
video_013743,2022-10-27T22:12:47Z,30449,,92,Cherax_quadricarinatus,Spain,Crustaceans,alien,tienda,Post-Introduction,eCommerce,eCommerce,2013,2013-06-01T12:00:00Z,comment,1438,2,comment_014116,comment_014112,TRUE
video_011764,2022-08-08T16:28:04Z,20452,,61,Cherax_quadricarinatus,Spain,Crustaceans,alien,acuario,Post-Introduction,eCommerce,eCommerce,2013,2013-06-01T12:00:00Z,comment,319,1,comment_010224,,FALSE
video_011764,2021-04-04T14:26:42Z,20452,,61,Cherax_quadricarinatus,Spain,Crustaceans,alien,comprar,Post-Introduction,eCommerce,eCommerce,2013,2013-06-01T12:00:00Z,comment,319,1,comment_009169,,FALSE
video_011764,2019-12-06T11:33:57Z,20452,,61,Cherax_quadricarinatus,Spain,Crustaceans,alien,visto,Post-Introduction,Detection,Detection,2013,2013-06-01T12:00:00Z,comment,319,0,comment_014631,,FALSE
video_011764,2019-12-06T11:29:33Z,20452,,61,Cherax_quadricarinatus,Spain,Crustaceans,alien,visto,Post-Introduction,Detection,Detection,2013,2013-06-01T12:00:00Z,comment,319,1,comment_009701,,FALSE
video_011764,2022-10-17T19:19:50Z,20452,,61,Cherax_quadricarinatus,Spain,Crustaceans,alien,acuarios,Post-Introduction,eCommerce,eCommerce,2013,2013-06-01T12:00:00Z,comment,319,1,comment_004891,comment_004890,TRUE
video_011764,2022-08-17T05:59:02Z,20452,,61,Cherax_quadricarinatus,Spain,Crustaceans,alien,acuario,Post-Introduction,eCommerce,eCommerce,2013,2013-06-01T12:00:00Z,comment,319,0,comment_014144,comment_014143,TRUE
video_011764,2022-08-08T18:33:25Z,20452,,61,Cherax_quadricarinatus,Spain,Crustaceans,alien,acuario,Post-Introduction,eCommerce,eCommerce,2013,2013-06-01T12:00:00Z,comment,319,0,comment_010225,comment_010224,TRUE
video_011764,2021-11-12T22:11:52Z,20452,,61,Cherax_quadricarinatus,Spain,Crustaceans,alien,mascota,Post-Introduction,eCommerce,eCommerce,2013,2013-06-01T12:00:00Z,comment,319,0,comment_006300,comment_006299,TRUE
video_011764,2021-04-04T21:22:16Z,20452,,61,Cherax_quadricarinatus,Spain,Crustaceans,alien,tienda,Post-Introduction,eCommerce,eCommerce,2013,2013-06-01T12:00:00Z,comment,319,0,comment_009171,comment_009169,TRUE
video_011764,2020-10-25T14:07:30Z,20452,,61,Cherax_quadricarinatus,Spain,Crustaceans,alien,compre,Post-Introduction,eCommerce,eCommerce,2013,2013-06-01T12:00:00Z,comment,319,1,comment_006096,comment_006094,TRUE
video_011764,2019-12-06T16:01:04Z,20452,,61,Cherax_quadricarinatus,Spain,Crustaceans,alien,acuario,Post-Introduction,eCommerce,eCommerce,2013,2013-06-01T12:00:00Z,comment,319,2,comment_009702,comment_009701,TRUE
video_011764,2019-12-06T16:01:04Z,20452,,61,Cherax_quadricarinatus,Spain,Crustaceans,alien,acuario,Post-Introduction,eCommerce,eCommerce,2013,2013-06-01T12:00:00Z,comment,319,2,comment_009702,comment_009701,TRUE
video_011764,2019-12-06T16:01:04Z,20452,,61,Cherax_quadricarinatus,Spain,Crustaceans,alien,invasora,Post-Introduction,Invasion,Invasion,2013,2013-06-01T12:00:00Z,comment,319,2,comment_009702,comment_009701,TRUE
video_011764,2019-12-06T16:01:04Z,20452,,61,Cherax_quadricarinatus,Spain,Crustaceans,alien,prohibida,Post-Introduction,eCommerce,eCommerce,2013,2013-06-01T12:00:00Z,comment,319,2,comment_009702,comment_009701,TRUE
video_011764,2019-12-06T19:51:49Z,20452,,61,Cherax_quadricarinatus,Spain,Crustaceans,alien,comprar,Post-Introduction,eCommerce,eCommerce,2013,2013-06-01T12:00:00Z,comment,319,1,comment_009703,comment_009701,TRUE
video_011764,2019-12-06T19:51:49Z,20452,,61,Cherax_quadricarinatus,Spain,Crustaceans,alien,tienda,Post-Introduction,eCommerce,eCommerce,2013,2013-06-01T12:00:00Z,comment,319,1,comment_009703,comment_009701,TRUE
video_008657,2025-03-08T20:03:22Z,5035,,3,Cherax_quadricarinatus,Spain,Crustaceans,alien,mascota,Post-Introduction,eCommerce,eCommerce,2013,2013-06-01T12:00:00Z,comment,129,2,comment_010155,,FALSE
video_008657,2025-03-08T18:07:04Z,5035,,3,Cherax_quadricarinatus,Spain,Crustaceans,alien,dinero,Post-Introduction,eCommerce,eCommerce,2013,2013-06-01T12:00:00Z,comment,129,2,comment_006715,,FALSE
video_012258,2024-12-27T15:00:44Z,2513,,62,Cherax_quadricarinatus,Spain,Crustaceans,alien,pecera,Post-Introduction,eCommerce,eCommerce,2013,2013-06-01T12:00:00Z,comment,72,1,comment_003650,,FALSE
video_012258,2020-11-04T20:26:49Z,2513,,62,Cherax_quadricarinatus,Spain,Crustaceans,alien,visto,Post-Introduction,Detection,Detection,2013,2013-06-01T12:00:00Z,comment,72,4,comment_005924,,FALSE
video_012258,2024-12-27T18:47:03Z,2513,,62,Cherax_quadricarinatus,Spain,Crustaceans,alien,acuarios,Post-Introduction,eCommerce,eCommerce,2013,2013-06-01T12:00:00Z,comment,72,0,comment_003651,comment_003650,TRUE
video_012258,2021-12-10T17:53:33Z,2513,,62,Cherax_quadricarinatus,Spain,Crustaceans,alien,acuarios,Post-Introduction,eCommerce,eCommerce,2013,2013-06-01T12:00:00Z,comment,72,1,comment_010229,comment_010228,TRUE
video_012258,2020-11-04T20:41:14Z,2513,,62,Cherax_quadricarinatus,Spain,Crustaceans,alien,visto,Post-Introduction,Detection,Detection,2013,2013-06-01T12:00:00Z,comment,72,0,comment_001914,comment_001913,TRUE
video_012258,2020-11-04T20:44:29Z,2513,,62,Cherax_quadricarinatus,Spain,Crustaceans,alien,acuarios,Post-Introduction,eCommerce,eCommerce,2013,2013-06-01T12:00:00Z,comment,72,1,comment_012227,comment_012225,TRUE
video_012258,2020-11-04T20:44:29Z,2513,,62,Cherax_quadricarinatus,Spain,Crustaceans,alien,acuarios,Post-Introduction,eCommerce,eCommerce,2013,2013-06-01T12:00:00Z,comment,72,1,comment_012227,comment_012225,TRUE
video_012258,2020-11-04T20:44:29Z,2513,,62,Cherax_quadricarinatus,Spain,Crustaceans,alien,acuario,Post-Introduction,eCommerce,eCommerce,2013,2013-06-01T12:00:00Z,comment,72,1,comment_012227,comment_012225,TRUE
video_012258,2020-11-10T12:10:04Z,2513,,62,Cherax_quadricarinatus,Spain,Crustaceans,alien,vista,Post-Introduction,Detection,Detection,2013,2013-06-01T12:00:00Z,comment,72,2,comment_012230,comment_012225,TRUE
video_013097,2024-02-10T22:50:14Z,17991,,49,Cherax_quadricarinatus,Spain,Crustaceans,alien,acuario,Post-Introduction,eCommerce,eCommerce,2013,2013-06-01T12:00:00Z,comment,818,2,comment_013209,,FALSE
video_013097,2023-08-03T01:35:30Z,17991,,49,Cherax_quadricarinatus,Spain,Crustaceans,alien,pecera,Post-Introduction,eCommerce,eCommerce,2013,2013-06-01T12:00:00Z,comment,818,1,comment_005403,,FALSE
video_013097,2023-04-19T07:03:53Z,17991,,49,Cherax_quadricarinatus,Spain,Crustaceans,alien,tienda,Post-Introduction,eCommerce,eCommerce,2013,2013-06-01T12:00:00Z,comment,818,0,comment_003425,comment_003424,TRUE
video_013097,2023-04-20T02:29:32Z,17991,,49,Cherax_quadricarinatus,Spain,Crustaceans,alien,encontre,Post-Introduction,Detection,Detection,2013,2013-06-01T12:00:00Z,comment,818,1,comment_003426,comment_003424,TRUE
video_013097,2023-04-20T02:30:36Z,17991,,49,Cherax_quadricarinatus,Spain,Crustaceans,alien,encontre,Post-Introduction,Detection,Detection,2013,2013-06-01T12:00:00Z,comment,818,1,comment_003427,comment_003424,TRUE
video_013097,2022-07-28T05:14:27Z,17991,,49,Cherax_quadricarinatus,Spain,Crustaceans,alien,mascota,Post-Introduction,eCommerce,eCommerce,2013,2013-06-01T12:00:00Z,comment,818,1,comment_008294,comment_008293,TRUE
video_017053,2010-07-25T03:51:06Z,13355,,3,Cherax_quadricarinatus,Spain,Crustaceans,alien,pecera,Pre-Introduction,eCommerce,eCommerce,2013,2013-06-01T12:00:00Z,comment,5,0,comment_010218,,FALSE
video_017053,2010-07-25T03:51:06Z,13355,,3,Cherax_quadricarinatus,Spain,Crustaceans,alien,pecera,Pre-Introduction,eCommerce,eCommerce,2013,2013-06-01T12:00:00Z,comment,5,0,comment_010218,,FALSE
video_017053,2009-06-26T18:28:48Z,13355,,3,Cherax_quadricarinatus,Spain,Crustaceans,alien,acuario,Pre-Introduction,eCommerce,eCommerce,2013,2013-06-01T12:00:00Z,comment,5,0,comment_011574,,FALSE
video_008435,2015-12-22T12:30:55Z,4080,,51,Cherax_quadricarinatus,Spain,Crustaceans,alien,acuario,Post-Introduction,eCommerce,eCommerce,2013,2013-06-01T12:00:00Z,comment,66,0,comment_000582,,FALSE
video_008435,2015-12-22T12:30:55Z,4080,,51,Cherax_quadricarinatus,Spain,Crustaceans,alien,acuario,Post-Introduction,eCommerce,eCommerce,2013,2013-06-01T12:00:00Z,comment,66,0,comment_000582,,FALSE
video_008435,2015-12-22T12:30:55Z,4080,,51,Cherax_quadricarinatus,Spain,Crustaceans,alien,sobrepoblacion,Post-Introduction,Threat,Threat,2013,2013-06-01T12:00:00Z,comment,66,0,comment_000582,,FALSE
video_008435,2015-12-22T21:50:56Z,4080,,51,Cherax_quadricarinatus,Spain,Crustaceans,alien,acuarios,Post-Introduction,eCommerce,eCommerce,2013,2013-06-01T12:00:00Z,comment,66,0,comment_001395,comment_001394,TRUE
video_008435,2015-12-22T15:37:16Z,4080,,51,Cherax_quadricarinatus,Spain,Crustaceans,alien,acuarios,Post-Introduction,eCommerce,eCommerce,2013,2013-06-01T12:00:00Z,comment,66,0,comment_001128,comment_001127,TRUE
video_008435,2015-12-22T14:25:08Z,4080,,51,Cherax_quadricarinatus,Spain,Crustaceans,alien,acuario,Post-Introduction,eCommerce,eCommerce,2013,2013-06-01T12:00:00Z,comment,66,0,comment_000305,comment_000304,TRUE
video_008435,2015-12-22T15:39:13Z,4080,,51,Cherax_quadricarinatus,Spain,Crustaceans,alien,acuario,Post-Introduction,eCommerce,eCommerce,2013,2013-06-01T12:00:00Z,comment,66,0,comment_000307,comment_000304,TRUE
video_008435,2015-12-22T14:26:23Z,4080,,51,Cherax_quadricarinatus,Spain,Crustaceans,alien,acuario,Post-Introduction,eCommerce,eCommerce,2013,2013-06-01T12:00:00Z,comment,66,0,comment_001083,comment_001082,TRUE
video_008435,2015-12-22T14:26:00Z,4080,,51,Cherax_quadricarinatus,Spain,Crustaceans,alien,acuarios,Post-Introduction,eCommerce,eCommerce,2013,2013-06-01T12:00:00Z,comment,66,0,comment_000778,comment_000777,TRUE
video_008435,2015-12-22T12:35:08Z,4080,,51,Cherax_quadricarinatus,Spain,Crustaceans,alien,acuario,Post-Introduction,eCommerce,eCommerce,2013,2013-06-01T12:00:00Z,comment,66,0,comment_000583,comment_000582,TRUE
video_005003,2025-01-08T12:17:21Z,11346,,10,Cydalima_perspectalis,Spain,Insects,established,riesgo,Post-Introduction,Threat,Threat,2014,2014-06-01T12:00:00Z,comment,72,1,comment_014812,,FALSE
video_005003,2025-01-08T12:17:21Z,11346,,10,Cydalima_perspectalis,Spain,Insects,established,observado,Post-Introduction,Detection,Detection,2014,2014-06-01T12:00:00Z,comment,72,1,comment_014812,,FALSE
video_005003,2025-01-08T12:17:21Z,11346,,10,Cydalima_perspectalis,Spain,Insects,established,visto,Post-Introduction,Detection,Detection,2014,2014-06-01T12:00:00Z,comment,72,1,comment_014812,,FALSE
video_005003,2017-05-20T22:49:37Z,11346,,10,Cydalima_perspectalis,Spain,Insects,established,plaga,Post-Introduction,Invasion,Invasion,2014,2014-06-01T12:00:00Z,comment,72,1,comment_000943,,FALSE
video_005003,2015-04-29T21:22:08Z,11346,,10,Cydalima_perspectalis,Spain,Insects,established,plaga,Post-Introduction,Invasion,Invasion,2014,2014-06-01T12:00:00Z,comment,72,0,comment_000007,,FALSE
video_005003,2015-04-29T21:22:08Z,11346,,10,Cydalima_perspectalis,Spain,Insects,established,observado,Post-Introduction,Detection,Detection,2014,2014-06-01T12:00:00Z,comment,72,0,comment_000007,,FALSE
video_005003,2015-04-29T21:22:08Z,11346,,10,Cydalima_perspectalis,Spain,Insects,established,alerta,Post-Introduction,Detection,Detection,2014,2014-06-01T12:00:00Z,comment,72,0,comment_000007,,FALSE
video_005003,2015-04-30T17:34:15Z,11346,,10,Cydalima_perspectalis,Spain,Insects,established,plaga,Post-Introduction,Invasion,Invasion,2014,2014-06-01T12:00:00Z,comment,72,0,comment_000008,comment_000007,TRUE
video_002796,2024-06-05T17:00:31Z,430,,1,Diadema_antillarum,Canary Islands,Non-arthropod invertebrates,alien,controlar,Post-Introduction,Detection,Detection,2006,2006-06-01T12:00:00Z,comment,3,0,comment_008172,,FALSE
video_002796,2024-06-05T17:00:31Z,430,,1,Diadema_antillarum,Canary Islands,Non-arthropod invertebrates,alien,propagacion,Post-Introduction,Invasion,Invasion,2006,2006-06-01T12:00:00Z,comment,3,0,comment_008172,,FALSE
video_004548,2010-08-02T04:41:10Z,996,,1,Diadema_antillarum,Canary Islands,Non-arthropod invertebrates,alien,invasion,Post-Introduction,Invasion,Invasion,2006,2006-06-01T12:00:00Z,comment,1,0,comment_012142,,FALSE
video_002302,2019-05-28T06:20:01Z,506,,9,Geranoaetus_melanoleucus,Spain,Birds,alien,cetreria,Post-Introduction,eCommerce,eCommerce,2009,2009-06-01T12:00:00Z,comment,14,1,comment_002053,comment_002052,TRUE
video_014659,2020-03-31T17:10:09Z,13307,,10,Glycaspis_brimblecombei,Spain,Insects,established,plaga,Post-Introduction,Invasion,Invasion,2007,2007-06-01T12:00:00Z,comment,46,2,comment_008808,,FALSE
video_014659,2017-03-12T12:17:55Z,13307,,10,Glycaspis_brimblecombei,Spain,Insects,established,plaga,Post-Introduction,Invasion,Invasion,2007,2007-06-01T12:00:00Z,comment,46,0,comment_001211,,FALSE
video_014659,2012-04-18T16:44:17Z,13307,,10,Glycaspis_brimblecombei,Spain,Insects,established,plaga,Post-Introduction,Invasion,Invasion,2007,2007-06-01T12:00:00Z,comment,46,0,comment_002488,,FALSE
video_014659,2012-04-17T20:16:24Z,13307,,10,Glycaspis_brimblecombei,Spain,Insects,established,plaga,Post-Introduction,Invasion,Invasion,2007,2007-06-01T12:00:00Z,comment,46,0,comment_011735,,FALSE
video_014659,2012-04-17T20:16:24Z,13307,,10,Glycaspis_brimblecombei,Spain,Insects,established,controlar,Post-Introduction,Detection,Detection,2007,2007-06-01T12:00:00Z,comment,46,0,comment_011735,,FALSE
video_014659,2012-04-17T20:16:24Z,13307,,10,Glycaspis_brimblecombei,Spain,Insects,established,plaga,Post-Introduction,Invasion,Invasion,2007,2007-06-01T12:00:00Z,comment,46,0,comment_011735,,FALSE
video_014659,2018-05-09T19:58:08Z,13307,,10,Glycaspis_brimblecombei,Spain,Insects,established,manejo,Post-Introduction,Detection,Detection,2007,2007-06-01T12:00:00Z,comment,46,2,comment_001212,comment_001211,TRUE
video_014659,2020-04-16T18:34:55Z,13307,,10,Glycaspis_brimblecombei,Spain,Insects,established,plaga,Post-Introduction,Invasion,Invasion,2007,2007-06-01T12:00:00Z,comment,46,0,comment_001213,comment_001211,TRUE
video_006654,2024-10-23T19:33:38Z,1414,,9,Glycaspis_brimblecombei,Spain,Insects,established,vist,Post-Introduction,Detection,Detection,2007,2007-06-01T12:00:00Z,comment,42,0,comment_013732,,FALSE
video_006654,2024-11-23T08:30:03Z,1414,,9,Glycaspis_brimblecombei,Spain,Insects,established,plagas,Post-Introduction,Invasion,Invasion,2007,2007-06-01T12:00:00Z,comment,42,0,comment_003043,comment_003042,TRUE
video_008441,2024-09-09T19:12:40Z,849,,3,Glycaspis_brimblecombei,Spain,Insects,established,plaga,Post-Introduction,Invasion,Invasion,2007,2007-06-01T12:00:00Z,comment,3,0,comment_014525,,FALSE
video_003872,2021-08-22T18:57:33Z,4284,,10,Graptemys_pseudogeographica,Portugal,Herptiles,established,terrario,Post-Introduction,eCommerce,eCommerce,2013,2013-06-01T12:00:00Z,comment,111,0,comment_001516,,FALSE
video_003872,2021-05-29T20:14:09Z,4284,,10,Graptemys_pseudogeographica,Portugal,Herptiles,established,terrario,Post-Introduction,eCommerce,eCommerce,2013,2013-06-01T12:00:00Z,comment,111,0,comment_011600,,FALSE
video_003872,2021-05-29T20:14:09Z,4284,,10,Graptemys_pseudogeographica,Portugal,Herptiles,established,terrario,Post-Introduction,eCommerce,eCommerce,2013,2013-06-01T12:00:00Z,comment,111,0,comment_011600,,FALSE
video_003872,2021-05-21T16:31:12Z,4284,,10,Graptemys_pseudogeographica,Portugal,Herptiles,established,precio,Post-Introduction,eCommerce,eCommerce,2013,2013-06-01T12:00:00Z,comment,111,1,comment_008654,,FALSE
video_003872,2021-09-04T21:02:19Z,4284,,10,Graptemys_pseudogeographica,Portugal,Herptiles,established,compre,Post-Introduction,eCommerce,eCommerce,2013,2013-06-01T12:00:00Z,comment,111,0,comment_008655,comment_008654,TRUE
video_003872,2021-09-04T21:02:19Z,4284,,10,Graptemys_pseudogeographica,Portugal,Herptiles,established,tienda,Post-Introduction,eCommerce,eCommerce,2013,2013-06-01T12:00:00Z,comment,111,0,comment_008655,comment_008654,TRUE
video_011744,2018-06-27T00:54:00Z,11204,,26,Graptemys_pseudogeographica,Portugal,Herptiles,established,costo,Post-Introduction,eCommerce,eCommerce,2013,2013-06-01T12:00:00Z,comment,107,0,comment_008160,,FALSE
video_011744,2018-04-01T02:04:28Z,11204,,26,Graptemys_pseudogeographica,Portugal,Herptiles,established,comprar,Post-Introduction,eCommerce,eCommerce,2013,2013-06-01T12:00:00Z,comment,107,0,comment_002060,,FALSE
video_011744,2018-02-04T01:21:56Z,11204,,26,Graptemys_pseudogeographica,Portugal,Herptiles,established,comprar,Post-Introduction,eCommerce,eCommerce,2013,2013-06-01T12:00:00Z,comment,107,0,comment_005131,,FALSE
video_011744,2017-03-17T14:43:46Z,11204,,26,Graptemys_pseudogeographica,Portugal,Herptiles,established,comprado,Post-Introduction,eCommerce,eCommerce,2013,2013-06-01T12:00:00Z,comment,107,0,comment_000553,,FALSE
video_011744,2018-06-27T07:49:26Z,11204,,26,Graptemys_pseudogeographica,Portugal,Herptiles,established,euros,Post-Introduction,eCommerce,eCommerce,2013,2013-06-01T12:00:00Z,comment,107,0,comment_008161,comment_008160,TRUE
video_011744,2018-04-02T04:05:08Z,11204,,26,Graptemys_pseudogeographica,Portugal,Herptiles,established,pecera,Post-Introduction,eCommerce,eCommerce,2013,2013-06-01T12:00:00Z,comment,107,0,comment_002062,comment_002060,TRUE
video_011744,2018-04-09T03:01:43Z,11204,,26,Graptemys_pseudogeographica,Portugal,Herptiles,established,pecera,Post-Introduction,eCommerce,eCommerce,2013,2013-06-01T12:00:00Z,comment,107,0,comment_002064,comment_002060,TRUE
video_011744,2018-04-08T05:06:58Z,11204,,26,Graptemys_pseudogeographica,Portugal,Herptiles,established,compre,Post-Introduction,eCommerce,eCommerce,2013,2013-06-01T12:00:00Z,comment,107,0,comment_000556,comment_000553,TRUE
video_011744,2016-02-22T07:26:56Z,11204,,26,Graptemys_pseudogeographica,Portugal,Herptiles,established,visto,Post-Introduction,Detection,Detection,2013,2013-06-01T12:00:00Z,comment,107,0,comment_000941,comment_000940,TRUE
video_011744,2016-02-22T07:26:56Z,11204,,26,Graptemys_pseudogeographica,Portugal,Herptiles,established,visto,Post-Introduction,Detection,Detection,2013,2013-06-01T12:00:00Z,comment,107,0,comment_000941,comment_000940,TRUE
video_013365,2019-07-10T20:47:20Z,3228,,49,Graptemys_pseudogeographica,Portugal,Herptiles,established,acuario,Post-Introduction,eCommerce,eCommerce,2013,2013-06-01T12:00:00Z,comment,112,2,comment_014768,,FALSE
video_013365,2019-07-10T16:26:17Z,3228,,49,Graptemys_pseudogeographica,Portugal,Herptiles,established,encontre,Post-Introduction,Detection,Detection,2013,2013-06-01T12:00:00Z,comment,112,0,comment_014175,,FALSE
video_009022,2022-06-27T23:14:15Z,11024,,86,Graptemys_pseudogeographica,Portugal,Herptiles,established,aquario,Post-Introduction,eCommerce,eCommerce,2013,2013-06-01T12:00:00Z,comment,280,0,comment_012250,,FALSE
video_009022,2022-06-18T09:49:38Z,11024,,86,Graptemys_pseudogeographica,Portugal,Herptiles,established,acuario,Post-Introduction,eCommerce,eCommerce,2013,2013-06-01T12:00:00Z,comment,280,0,comment_009162,,FALSE
video_009022,2020-08-13T21:14:23Z,11024,,86,Graptemys_pseudogeographica,Portugal,Herptiles,established,acuario,Post-Introduction,eCommerce,eCommerce,2013,2013-06-01T12:00:00Z,comment,280,1,comment_011152,,FALSE
video_009022,2020-08-13T21:14:23Z,11024,,86,Graptemys_pseudogeographica,Portugal,Herptiles,established,pecera,Post-Introduction,eCommerce,eCommerce,2013,2013-06-01T12:00:00Z,comment,280,1,comment_011152,,FALSE
video_009022,2020-07-27T14:25:48Z,11024,,86,Graptemys_pseudogeographica,Portugal,Herptiles,established,acuario,Post-Introduction,eCommerce,eCommerce,2013,2013-06-01T12:00:00Z,comment,280,1,comment_009077,,FALSE
video_009022,2020-04-30T05:07:50Z,11024,,86,Graptemys_pseudogeographica,Portugal,Herptiles,established,acuario,Post-Introduction,eCommerce,eCommerce,2013,2013-06-01T12:00:00Z,comment,280,0,comment_012175,,FALSE
video_009022,2018-03-23T20:47:12Z,11024,,86,Graptemys_pseudogeographica,Portugal,Herptiles,established,acuario,Post-Introduction,eCommerce,eCommerce,2013,2013-06-01T12:00:00Z,comment,280,3,comment_009528,,FALSE
video_009022,2022-04-09T18:43:36Z,11024,,86,Graptemys_pseudogeographica,Portugal,Herptiles,established,acuario,Post-Introduction,eCommerce,eCommerce,2013,2013-06-01T12:00:00Z,comment,280,1,comment_011207,comment_011206,TRUE
video_009022,2022-04-09T22:22:07Z,11024,,86,Graptemys_pseudogeographica,Portugal,Herptiles,established,visto,Post-Introduction,Detection,Detection,2013,2013-06-01T12:00:00Z,comment,280,0,comment_011208,comment_011206,TRUE
video_009022,2020-12-07T08:41:34Z,11024,,86,Graptemys_pseudogeographica,Portugal,Herptiles,established,peligroso,Post-Introduction,Threat,Threat,2013,2013-06-01T12:00:00Z,comment,280,3,comment_012060,comment_012059,TRUE
video_009022,2020-08-14T16:09:46Z,11024,,86,Graptemys_pseudogeographica,Portugal,Herptiles,established,acuario,Post-Introduction,eCommerce,eCommerce,2013,2013-06-01T12:00:00Z,comment,280,2,comment_011153,comment_011152,TRUE
video_009022,2018-08-01T16:34:44Z,11024,,86,Graptemys_pseudogeographica,Portugal,Herptiles,established,euros,Post-Introduction,eCommerce,eCommerce,2013,2013-06-01T12:00:00Z,comment,280,1,comment_011771,comment_011770,TRUE
video_015859,2019-09-29T05:50:47Z,9307,,11,Graptemys_pseudogeographica,Portugal,Herptiles,established,costo,Post-Introduction,eCommerce,eCommerce,2013,2013-06-01T12:00:00Z,comment,179,2,comment_014460,,FALSE
video_015202,2023-07-12T21:18:28Z,12471,,60,Graptemys_pseudogeographica,Portugal,Herptiles,established,comprei,Post-Introduction,eCommerce,eCommerce,2013,2013-06-01T12:00:00Z,comment,117,1,comment_013257,,FALSE
video_015202,2023-07-12T21:18:28Z,12471,,60,Graptemys_pseudogeographica,Portugal,Herptiles,established,vender,Post-Introduction,eCommerce,eCommerce,2013,2013-06-01T12:00:00Z,comment,117,1,comment_013257,,FALSE
video_015202,2023-07-12T21:18:28Z,12471,,60,Graptemys_pseudogeographica,Portugal,Herptiles,established,aquario,Post-Introduction,eCommerce,eCommerce,2013,2013-06-01T12:00:00Z,comment,117,1,comment_013257,,FALSE
video_015202,2023-07-12T21:18:28Z,12471,,60,Graptemys_pseudogeographica,Portugal,Herptiles,established,compra,Post-Introduction,eCommerce,eCommerce,2013,2013-06-01T12:00:00Z,comment,117,1,comment_013257,,FALSE
video_015202,2023-07-12T21:18:28Z,12471,,60,Graptemys_pseudogeographica,Portugal,Herptiles,established,aquario,Post-Introduction,eCommerce,eCommerce,2013,2013-06-01T12:00:00Z,comment,117,1,comment_013257,,FALSE
video_015202,2022-01-20T21:25:02Z,12471,,60,Graptemys_pseudogeographica,Portugal,Herptiles,established,comprar,Post-Introduction,eCommerce,eCommerce,2013,2013-06-01T12:00:00Z,comment,117,1,comment_004754,,FALSE
video_015202,2021-06-20T16:47:35Z,12471,,60,Graptemys_pseudogeographica,Portugal,Herptiles,established,comprada,Post-Introduction,eCommerce,eCommerce,2013,2013-06-01T12:00:00Z,comment,117,0,comment_002954,,FALSE
video_015202,2017-09-11T21:38:25Z,12471,,60,Graptemys_pseudogeographica,Portugal,Herptiles,established,loja,Post-Introduction,eCommerce,eCommerce,2013,2013-06-01T12:00:00Z,comment,117,2,comment_013141,,FALSE
video_015202,2017-09-11T21:38:25Z,12471,,60,Graptemys_pseudogeographica,Portugal,Herptiles,established,comprei,Post-Introduction,eCommerce,eCommerce,2013,2013-06-01T12:00:00Z,comment,117,2,comment_013141,,FALSE
video_015202,2017-09-11T21:38:25Z,12471,,60,Graptemys_pseudogeographica,Portugal,Herptiles,established,comprei,Post-Introduction,eCommerce,eCommerce,2013,2013-06-01T12:00:00Z,comment,117,2,comment_013141,,FALSE
video_015202,2017-09-11T21:38:25Z,12471,,60,Graptemys_pseudogeographica,Portugal,Herptiles,established,recentemente,Post-Introduction,Detection,Detection,2013,2013-06-01T12:00:00Z,comment,117,2,comment_013141,,FALSE
video_015202,2017-09-11T21:38:25Z,12471,,60,Graptemys_pseudogeographica,Portugal,Herptiles,established,comprei,Post-Introduction,eCommerce,eCommerce,2013,2013-06-01T12:00:00Z,comment,117,2,comment_013141,,FALSE
video_015202,2017-09-11T21:38:25Z,12471,,60,Graptemys_pseudogeographica,Portugal,Herptiles,established,aquario,Post-Introduction,eCommerce,eCommerce,2013,2013-06-01T12:00:00Z,comment,117,2,comment_013141,,FALSE
video_015202,2017-09-11T21:38:25Z,12471,,60,Graptemys_pseudogeographica,Portugal,Herptiles,established,loja,Post-Introduction,eCommerce,eCommerce,2013,2013-06-01T12:00:00Z,comment,117,2,comment_013141,,FALSE
video_015202,2017-09-11T21:38:25Z,12471,,60,Graptemys_pseudogeographica,Portugal,Herptiles,established,visto,Post-Introduction,Detection,Detection,2013,2013-06-01T12:00:00Z,comment,117,2,comment_013141,,FALSE
video_015202,2017-09-11T21:38:25Z,12471,,60,Graptemys_pseudogeographica,Portugal,Herptiles,established,cara,Post-Introduction,eCommerce,eCommerce,2013,2013-06-01T12:00:00Z,comment,117,2,comment_013141,,FALSE
video_015202,2017-09-11T21:38:25Z,12471,,60,Graptemys_pseudogeographica,Portugal,Herptiles,established,comprar,Post-Introduction,eCommerce,eCommerce,2013,2013-06-01T12:00:00Z,comment,117,2,comment_013141,,FALSE
video_015202,2017-09-11T21:38:25Z,12471,,60,Graptemys_pseudogeographica,Portugal,Herptiles,established,aquario,Post-Introduction,eCommerce,eCommerce,2013,2013-06-01T12:00:00Z,comment,117,2,comment_013141,,FALSE
video_015202,2017-09-11T21:38:25Z,12471,,60,Graptemys_pseudogeographica,Portugal,Herptiles,established,comprei,Post-Introduction,eCommerce,eCommerce,2013,2013-06-01T12:00:00Z,comment,117,2,comment_013141,,FALSE
video_015202,2017-09-11T21:38:25Z,12471,,60,Graptemys_pseudogeographica,Portugal,Herptiles,established,aquario,Post-Introduction,eCommerce,eCommerce,2013,2013-06-01T12:00:00Z,comment,117,2,comment_013141,,FALSE
video_015202,2017-09-11T21:38:25Z,12471,,60,Graptemys_pseudogeographica,Portugal,Herptiles,established,aquario,Post-Introduction,eCommerce,eCommerce,2013,2013-06-01T12:00:00Z,comment,117,2,comment_013141,,FALSE
video_015202,2017-09-11T21:38:25Z,12471,,60,Graptemys_pseudogeographica,Portugal,Herptiles,established,aquario,Post-Introduction,eCommerce,eCommerce,2013,2013-06-01T12:00:00Z,comment,117,2,comment_013141,,FALSE
video_015202,2017-09-11T21:38:25Z,12471,,60,Graptemys_pseudogeographica,Portugal,Herptiles,established,comprei,Post-Introduction,eCommerce,eCommerce,2013,2013-06-01T12:00:00Z,comment,117,2,comment_013141,,FALSE
video_015202,2017-08-10T23:56:01Z,12471,,60,Graptemys_pseudogeographica,Portugal,Herptiles,established,dinheiro,Post-Introduction,eCommerce,eCommerce,2013,2013-06-01T12:00:00Z,comment,117,1,comment_009960,,FALSE
video_015202,2017-08-10T23:56:01Z,12471,,60,Graptemys_pseudogeographica,Portugal,Herptiles,established,aquario,Post-Introduction,eCommerce,eCommerce,2013,2013-06-01T12:00:00Z,comment,117,1,comment_009960,,FALSE
video_015202,2017-08-10T23:56:01Z,12471,,60,Graptemys_pseudogeographica,Portugal,Herptiles,established,aquario,Post-Introduction,eCommerce,eCommerce,2013,2013-06-01T12:00:00Z,comment,117,1,comment_009960,,FALSE
video_015202,2017-06-21T16:16:52Z,12471,,60,Graptemys_pseudogeographica,Portugal,Herptiles,established,comprei,Post-Introduction,eCommerce,eCommerce,2013,2013-06-01T12:00:00Z,comment,117,0,comment_000043,,FALSE
video_015202,2017-06-21T16:16:52Z,12471,,60,Graptemys_pseudogeographica,Portugal,Herptiles,established,aquario,Post-Introduction,eCommerce,eCommerce,2013,2013-06-01T12:00:00Z,comment,117,0,comment_000043,,FALSE
video_015202,2017-06-21T16:16:52Z,12471,,60,Graptemys_pseudogeographica,Portugal,Herptiles,established,aquario,Post-Introduction,eCommerce,eCommerce,2013,2013-06-01T12:00:00Z,comment,117,0,comment_000043,,FALSE
video_015202,2017-06-21T16:16:52Z,12471,,60,Graptemys_pseudogeographica,Portugal,Herptiles,established,aquario,Post-Introduction,eCommerce,eCommerce,2013,2013-06-01T12:00:00Z,comment,117,0,comment_000043,,FALSE
video_015202,2022-08-29T09:52:48Z,12471,,60,Graptemys_pseudogeographica,Portugal,Herptiles,established,vendida,Post-Introduction,eCommerce,eCommerce,2013,2013-06-01T12:00:00Z,comment,117,0,comment_012209,comment_012208,TRUE
video_015202,2022-08-29T09:52:48Z,12471,,60,Graptemys_pseudogeographica,Portugal,Herptiles,established,comprar,Post-Introduction,eCommerce,eCommerce,2013,2013-06-01T12:00:00Z,comment,117,0,comment_012209,comment_012208,TRUE
video_015202,2022-08-29T09:52:48Z,12471,,60,Graptemys_pseudogeographica,Portugal,Herptiles,established,aquario,Post-Introduction,eCommerce,eCommerce,2013,2013-06-01T12:00:00Z,comment,117,0,comment_012209,comment_012208,TRUE
video_015202,2022-08-29T09:52:48Z,12471,,60,Graptemys_pseudogeographica,Portugal,Herptiles,established,compre,Post-Introduction,eCommerce,eCommerce,2013,2013-06-01T12:00:00Z,comment,117,0,comment_012209,comment_012208,TRUE
video_015202,2022-08-29T09:52:48Z,12471,,60,Graptemys_pseudogeographica,Portugal,Herptiles,established,comprar,Post-Introduction,eCommerce,eCommerce,2013,2013-06-01T12:00:00Z,comment,117,0,comment_012209,comment_012208,TRUE
video_015202,2022-01-21T10:32:59Z,12471,,60,Graptemys_pseudogeographica,Portugal,Herptiles,established,loja,Post-Introduction,eCommerce,eCommerce,2013,2013-06-01T12:00:00Z,comment,117,2,comment_004755,comment_004754,TRUE
video_015202,2021-06-20T22:23:07Z,12471,,60,Graptemys_pseudogeographica,Portugal,Herptiles,established,aquario,Post-Introduction,eCommerce,eCommerce,2013,2013-06-01T12:00:00Z,comment,117,0,comment_002955,comment_002954,TRUE
video_015202,2017-11-17T12:01:00Z,12471,,60,Graptemys_pseudogeographica,Portugal,Herptiles,established,vender,Post-Introduction,eCommerce,eCommerce,2013,2013-06-01T12:00:00Z,comment,117,0,comment_011385,comment_011384,TRUE
video_015202,2017-09-11T22:04:44Z,12471,,60,Graptemys_pseudogeographica,Portugal,Herptiles,established,dinheiro,Post-Introduction,eCommerce,eCommerce,2013,2013-06-01T12:00:00Z,comment,117,0,comment_013142,comment_013141,TRUE
video_015202,2017-09-11T22:04:44Z,12471,,60,Graptemys_pseudogeographica,Portugal,Herptiles,established,visto,Post-Introduction,Detection,Detection,2013,2013-06-01T12:00:00Z,comment,117,0,comment_013142,comment_013141,TRUE
video_015202,2017-09-11T22:04:44Z,12471,,60,Graptemys_pseudogeographica,Portugal,Herptiles,established,perigoso,Post-Introduction,Threat,Threat,2013,2013-06-01T12:00:00Z,comment,117,0,comment_013142,comment_013141,TRUE
video_015202,2017-09-11T22:04:44Z,12471,,60,Graptemys_pseudogeographica,Portugal,Herptiles,established,aquario,Post-Introduction,eCommerce,eCommerce,2013,2013-06-01T12:00:00Z,comment,117,0,comment_013142,comment_013141,TRUE
video_015202,2017-09-11T22:04:44Z,12471,,60,Graptemys_pseudogeographica,Portugal,Herptiles,established,aquario,Post-Introduction,eCommerce,eCommerce,2013,2013-06-01T12:00:00Z,comment,117,0,comment_013142,comment_013141,TRUE
video_015202,2017-09-11T22:36:31Z,12471,,60,Graptemys_pseudogeographica,Portugal,Herptiles,established,loja,Post-Introduction,eCommerce,eCommerce,2013,2013-06-01T12:00:00Z,comment,117,0,comment_013143,comment_013141,TRUE
video_015202,2017-09-11T22:36:31Z,12471,,60,Graptemys_pseudogeographica,Portugal,Herptiles,established,preco,Post-Introduction,eCommerce,eCommerce,2013,2013-06-01T12:00:00Z,comment,117,0,comment_013143,comment_013141,TRUE
video_015202,2017-09-11T22:36:31Z,12471,,60,Graptemys_pseudogeographica,Portugal,Herptiles,established,aquarios,Post-Introduction,eCommerce,eCommerce,2013,2013-06-01T12:00:00Z,comment,117,0,comment_013143,comment_013141,TRUE
video_015202,2017-09-11T22:36:31Z,12471,,60,Graptemys_pseudogeographica,Portugal,Herptiles,established,aquario,Post-Introduction,eCommerce,eCommerce,2013,2013-06-01T12:00:00Z,comment,117,0,comment_013143,comment_013141,TRUE
video_015202,2017-09-11T22:36:31Z,12471,,60,Graptemys_pseudogeographica,Portugal,Herptiles,established,visto,Post-Introduction,Detection,Detection,2013,2013-06-01T12:00:00Z,comment,117,0,comment_013143,comment_013141,TRUE
video_015202,2017-09-11T22:36:31Z,12471,,60,Graptemys_pseudogeographica,Portugal,Herptiles,established,comprar,Post-Introduction,eCommerce,eCommerce,2013,2013-06-01T12:00:00Z,comment,117,0,comment_013143,comment_013141,TRUE
video_015202,2017-09-11T22:36:31Z,12471,,60,Graptemys_pseudogeographica,Portugal,Herptiles,established,comprar,Post-Introduction,eCommerce,eCommerce,2013,2013-06-01T12:00:00Z,comment,117,0,comment_013143,comment_013141,TRUE
video_015202,2017-09-11T22:36:31Z,12471,,60,Graptemys_pseudogeographica,Portugal,Herptiles,established,comprei,Post-Introduction,eCommerce,eCommerce,2013,2013-06-01T12:00:00Z,comment,117,0,comment_013143,comment_013141,TRUE
video_015202,2017-09-11T22:36:31Z,12471,,60,Graptemys_pseudogeographica,Portugal,Herptiles,established,aquario,Post-Introduction,eCommerce,eCommerce,2013,2013-06-01T12:00:00Z,comment,117,0,comment_013143,comment_013141,TRUE
video_015202,2017-09-11T22:36:31Z,12471,,60,Graptemys_pseudogeographica,Portugal,Herptiles,established,comprei,Post-Introduction,eCommerce,eCommerce,2013,2013-06-01T12:00:00Z,comment,117,0,comment_013143,comment_013141,TRUE
video_015202,2017-09-11T22:36:31Z,12471,,60,Graptemys_pseudogeographica,Portugal,Herptiles,established,visto,Post-Introduction,Detection,Detection,2013,2013-06-01T12:00:00Z,comment,117,0,comment_013143,comment_013141,TRUE
video_015202,2017-09-11T22:57:22Z,12471,,60,Graptemys_pseudogeographica,Portugal,Herptiles,established,barato,Post-Introduction,eCommerce,eCommerce,2013,2013-06-01T12:00:00Z,comment,117,1,comment_013144,comment_013141,TRUE
video_015202,2017-09-11T22:57:22Z,12471,,60,Graptemys_pseudogeographica,Portugal,Herptiles,established,comprei,Post-Introduction,eCommerce,eCommerce,2013,2013-06-01T12:00:00Z,comment,117,1,comment_013144,comment_013141,TRUE
video_015202,2017-09-11T22:57:22Z,12471,,60,Graptemys_pseudogeographica,Portugal,Herptiles,established,aquario,Post-Introduction,eCommerce,eCommerce,2013,2013-06-01T12:00:00Z,comment,117,1,comment_013144,comment_013141,TRUE
video_015202,2017-09-11T22:57:22Z,12471,,60,Graptemys_pseudogeographica,Portugal,Herptiles,established,aquarios,Post-Introduction,eCommerce,eCommerce,2013,2013-06-01T12:00:00Z,comment,117,1,comment_013144,comment_013141,TRUE
video_015202,2017-09-11T22:57:22Z,12471,,60,Graptemys_pseudogeographica,Portugal,Herptiles,established,aquario,Post-Introduction,eCommerce,eCommerce,2013,2013-06-01T12:00:00Z,comment,117,1,comment_013144,comment_013141,TRUE
video_015202,2017-09-11T22:57:22Z,12471,,60,Graptemys_pseudogeographica,Portugal,Herptiles,established,controlado,Post-Introduction,Detection,Detection,2013,2013-06-01T12:00:00Z,comment,117,1,comment_013144,comment_013141,TRUE
video_015202,2017-08-11T11:51:42Z,12471,,60,Graptemys_pseudogeographica,Portugal,Herptiles,established,comprar,Post-Introduction,eCommerce,eCommerce,2013,2013-06-01T12:00:00Z,comment,117,1,comment_009961,comment_009960,TRUE
video_015202,2017-08-11T11:51:42Z,12471,,60,Graptemys_pseudogeographica,Portugal,Herptiles,established,barato,Post-Introduction,eCommerce,eCommerce,2013,2013-06-01T12:00:00Z,comment,117,1,comment_009961,comment_009960,TRUE
video_015202,2017-08-11T11:51:42Z,12471,,60,Graptemys_pseudogeographica,Portugal,Herptiles,established,aquario,Post-Introduction,eCommerce,eCommerce,2013,2013-06-01T12:00:00Z,comment,117,1,comment_009961,comment_009960,TRUE
video_015202,2017-06-21T16:31:05Z,12471,,60,Graptemys_pseudogeographica,Portugal,Herptiles,established,aquario,Post-Introduction,eCommerce,eCommerce,2013,2013-06-01T12:00:00Z,comment,117,0,comment_000044,comment_000043,TRUE
video_015202,2017-06-21T16:31:05Z,12471,,60,Graptemys_pseudogeographica,Portugal,Herptiles,established,aquarios,Post-Introduction,eCommerce,eCommerce,2013,2013-06-01T12:00:00Z,comment,117,0,comment_000044,comment_000043,TRUE
video_015202,2017-06-21T16:39:48Z,12471,,60,Graptemys_pseudogeographica,Portugal,Herptiles,established,compra,Post-Introduction,eCommerce,eCommerce,2013,2013-06-01T12:00:00Z,comment,117,1,comment_000045,comment_000043,TRUE
video_015202,2017-06-21T16:43:16Z,12471,,60,Graptemys_pseudogeographica,Portugal,Herptiles,established,aquario,Post-Introduction,eCommerce,eCommerce,2013,2013-06-01T12:00:00Z,comment,117,0,comment_000046,comment_000043,TRUE
video_015202,2017-06-21T16:43:16Z,12471,,60,Graptemys_pseudogeographica,Portugal,Herptiles,established,aquario,Post-Introduction,eCommerce,eCommerce,2013,2013-06-01T12:00:00Z,comment,117,0,comment_000046,comment_000043,TRUE
video_015202,2017-06-21T16:43:16Z,12471,,60,Graptemys_pseudogeographica,Portugal,Herptiles,established,aquario,Post-Introduction,eCommerce,eCommerce,2013,2013-06-01T12:00:00Z,comment,117,0,comment_000046,comment_000043,TRUE
video_015202,2017-04-19T12:23:49Z,12471,,60,Graptemys_pseudogeographica,Portugal,Herptiles,established,visto,Post-Introduction,Detection,Detection,2013,2013-06-01T12:00:00Z,comment,117,0,comment_000807,comment_000802,TRUE
video_013723,2021-07-09T22:53:23Z,1135,,2,Graptemys_pseudogeographica,Portugal,Herptiles,established,adotar,Post-Introduction,eCommerce,eCommerce,2013,2013-06-01T12:00:00Z,comment,17,0,comment_002614,,FALSE
video_013723,2021-07-09T22:53:23Z,1135,,2,Graptemys_pseudogeographica,Portugal,Herptiles,established,aquarios,Post-Introduction,eCommerce,eCommerce,2013,2013-06-01T12:00:00Z,comment,17,0,comment_002614,,FALSE
video_013723,2021-07-10T10:32:39Z,1135,,2,Graptemys_pseudogeographica,Portugal,Herptiles,established,aquario,Post-Introduction,eCommerce,eCommerce,2013,2013-06-01T12:00:00Z,comment,17,0,comment_002615,comment_002614,TRUE
video_013723,2021-07-10T10:32:39Z,1135,,2,Graptemys_pseudogeographica,Portugal,Herptiles,established,comprar,Post-Introduction,eCommerce,eCommerce,2013,2013-06-01T12:00:00Z,comment,17,0,comment_002615,comment_002614,TRUE
video_000548,2022-10-26T22:29:47Z,6605,,22,Graptemys_pseudogeographica,Portugal,Herptiles,established,compra,Post-Introduction,eCommerce,eCommerce,2013,2013-06-01T12:00:00Z,comment,67,0,comment_013515,,FALSE
video_000548,2017-11-17T12:01:41Z,6605,,22,Graptemys_pseudogeographica,Portugal,Herptiles,established,comprei,Post-Introduction,eCommerce,eCommerce,2013,2013-06-01T12:00:00Z,comment,67,0,comment_012281,comment_012280,TRUE
video_000548,2017-11-17T12:01:41Z,6605,,22,Graptemys_pseudogeographica,Portugal,Herptiles,established,loja,Post-Introduction,eCommerce,eCommerce,2013,2013-06-01T12:00:00Z,comment,67,0,comment_012281,comment_012280,TRUE
video_000548,2022-01-24T13:42:41Z,6605,,22,Graptemys_pseudogeographica,Portugal,Herptiles,established,loja,Post-Introduction,eCommerce,eCommerce,2013,2013-06-01T12:00:00Z,comment,67,0,comment_012282,comment_012280,TRUE
video_004584,2017-04-17T01:05:49Z,973,,15,Graptemys_pseudogeographica,Portugal,Herptiles,established,mascota,Post-Introduction,eCommerce,eCommerce,2013,2013-06-01T12:00:00Z,comment,7,0,comment_000367,,FALSE
video_004584,2014-11-19T09:43:06Z,973,,15,Graptemys_pseudogeographica,Portugal,Herptiles,established,acuario,Post-Introduction,eCommerce,eCommerce,2013,2013-06-01T12:00:00Z,comment,7,0,comment_000226,comment_000223,TRUE
video_012769,2023-05-26T02:00:18Z,6981,,9,Graptemys_pseudogeographica,Portugal,Herptiles,established,invasoras,Post-Introduction,Invasion,Invasion,2013,2013-06-01T12:00:00Z,comment,401,0,comment_004546,comment_004545,TRUE
video_012769,2023-05-26T02:00:18Z,6981,,9,Graptemys_pseudogeographica,Portugal,Herptiles,established,prohibido,Post-Introduction,eCommerce,eCommerce,2013,2013-06-01T12:00:00Z,comment,401,0,comment_004546,comment_004545,TRUE
video_012769,2023-06-28T12:57:23Z,6981,,9,Graptemys_pseudogeographica,Portugal,Herptiles,established,invasora,Post-Introduction,Invasion,Invasion,2013,2013-06-01T12:00:00Z,comment,401,0,comment_004547,comment_004545,TRUE
video_012769,2025-11-20T22:38:42Z,6981,,9,Graptemys_pseudogeographica,Portugal,Herptiles,established,invasoras,Post-Introduction,Invasion,Invasion,2013,2013-06-01T12:00:00Z,comment,401,0,comment_004548,comment_004545,TRUE
video_012769,2025-11-20T22:38:42Z,6981,,9,Graptemys_pseudogeographica,Portugal,Herptiles,established,hibridacion,Post-Introduction,Threat,Threat,2013,2013-06-01T12:00:00Z,comment,401,0,comment_004548,comment_004545,TRUE
video_012769,2025-11-20T22:38:42Z,6981,,9,Graptemys_pseudogeographica,Portugal,Herptiles,established,comprar,Post-Introduction,eCommerce,eCommerce,2013,2013-06-01T12:00:00Z,comment,401,0,comment_004548,comment_004545,TRUE
video_001788,2016-06-19T06:32:05Z,1762,,38,Graptemys_pseudogeographica,Portugal,Herptiles,established,pecera,Post-Introduction,eCommerce,eCommerce,2013,2013-06-01T12:00:00Z,comment,17,0,comment_000348,,FALSE
video_001788,2015-12-13T00:00:57Z,1762,,38,Graptemys_pseudogeographica,Portugal,Herptiles,established,acuario,Post-Introduction,eCommerce,eCommerce,2013,2013-06-01T12:00:00Z,comment,17,0,comment_000618,comment_000617,TRUE
video_009617,2014-11-12T07:13:20Z,5539,,19,Graptemys_pseudogeographica,Portugal,Herptiles,established,riesgo,Post-Introduction,Threat,Threat,2013,2013-06-01T12:00:00Z,comment,30,0,comment_000495,,FALSE
video_009617,2016-08-22T23:02:35Z,5539,,19,Graptemys_pseudogeographica,Portugal,Herptiles,established,caro,Post-Introduction,eCommerce,eCommerce,2013,2013-06-01T12:00:00Z,comment,30,0,comment_000624,comment_000620,TRUE
video_009670,2023-08-24T07:30:10Z,550,,10,Grus_canadensis,Spain,Birds,casual,encontre,Post-Introduction,Detection,Detection,2011,2011-06-01T12:00:00Z,comment,21,0,comment_010490,,FALSE
video_009670,2023-08-25T07:39:27Z,550,,10,Grus_canadensis,Spain,Birds,casual,observado,Post-Introduction,Detection,Detection,2011,2011-06-01T12:00:00Z,comment,21,0,comment_010491,comment_010490,TRUE
video_009670,2023-08-23T11:49:44Z,550,,10,Grus_canadensis,Spain,Birds,casual,caro,Post-Introduction,eCommerce,eCommerce,2011,2011-06-01T12:00:00Z,comment,21,0,comment_007452,comment_007450,TRUE
video_009670,2023-08-23T11:49:44Z,550,,10,Grus_canadensis,Spain,Birds,casual,caro,Post-Introduction,eCommerce,eCommerce,2011,2011-06-01T12:00:00Z,comment,21,0,comment_007452,comment_007450,TRUE
video_014064,2025-10-22T01:10:28Z,40260,,18,Haemorhous_mexicanus,Spain,Birds,casual,comprado,Post-Introduction,eCommerce,eCommerce,2016,2016-06-01T12:00:00Z,comment,116,0,comment_005635,,FALSE
video_014064,2016-10-19T22:54:17Z,40260,,18,Haemorhous_mexicanus,Spain,Birds,casual,venda,Post-Introduction,eCommerce,eCommerce,2016,2016-06-01T12:00:00Z,comment,116,0,comment_001243,,FALSE
video_005001,2025-11-08T05:45:24Z,4399,,11,Halyomorpha_halys,Spain,Insects,alien,visto,Post-Introduction,Detection,Detection,2016,2016-06-01T12:00:00Z,comment,121,0,comment_004752,,FALSE
video_005001,2024-10-16T08:33:23Z,4399,,11,Halyomorpha_halys,Spain,Insects,alien,veneno,Post-Introduction,Threat,Threat,2016,2016-06-01T12:00:00Z,comment,121,0,comment_003854,,FALSE
video_005001,2024-10-16T14:17:16Z,4399,,11,Halyomorpha_halys,Spain,Insects,alien,veneno,Post-Introduction,Threat,Threat,2016,2016-06-01T12:00:00Z,comment,121,0,comment_003856,comment_003854,TRUE
video_005001,2025-03-23T20:26:28Z,4399,,11,Halyomorpha_halys,Spain,Insects,alien,aparecido,Post-Introduction,Detection,Detection,2016,2016-06-01T12:00:00Z,comment,121,0,comment_011204,comment_011201,TRUE
video_009229,2023-03-25T10:39:55Z,2122,,1,Halyomorpha_halys,Spain,Insects,alien,plaga,Post-Introduction,Invasion,Invasion,2016,2016-06-01T12:00:00Z,comment,13,0,comment_006418,,FALSE
video_009229,2023-03-25T10:39:55Z,2122,,1,Halyomorpha_halys,Spain,Insects,alien,veneno,Post-Introduction,Threat,Threat,2016,2016-06-01T12:00:00Z,comment,13,0,comment_006418,,FALSE
video_009229,2023-03-25T10:39:55Z,2122,,1,Halyomorpha_halys,Spain,Insects,alien,coste,Post-Introduction,eCommerce,eCommerce,2016,2016-06-01T12:00:00Z,comment,13,0,comment_006418,,FALSE
video_009229,2023-03-25T10:39:55Z,2122,,1,Halyomorpha_halys,Spain,Insects,alien,peligroso,Post-Introduction,Threat,Threat,2016,2016-06-01T12:00:00Z,comment,13,0,comment_006418,,FALSE
video_009229,2023-03-25T10:39:55Z,2122,,1,Halyomorpha_halys,Spain,Insects,alien,plaga,Post-Introduction,Invasion,Invasion,2016,2016-06-01T12:00:00Z,comment,13,0,comment_006418,,FALSE
video_009229,2023-03-25T10:39:55Z,2122,,1,Halyomorpha_halys,Spain,Insects,alien,plaga,Post-Introduction,Invasion,Invasion,2016,2016-06-01T12:00:00Z,comment,13,0,comment_006418,,FALSE
video_009229,2023-03-25T10:39:55Z,2122,,1,Halyomorpha_halys,Spain,Insects,alien,dinero,Post-Introduction,eCommerce,eCommerce,2016,2016-06-01T12:00:00Z,comment,13,0,comment_006418,,FALSE
video_016172,2024-06-15T15:33:12Z,4643,,5,Halyomorpha_halys,Spain,Insects,alien,encontre,Post-Introduction,Detection,Detection,2016,2016-06-01T12:00:00Z,comment,39,0,comment_002679,,FALSE
video_012054,2013-07-22T02:04:39Z,16240,,23,Halyomorpha_halys,Spain,Insects,alien,peligroso,Pre-Introduction,Threat,Threat,2016,2016-06-01T12:00:00Z,comment,33,2,comment_005938,,FALSE
video_012054,2012-03-06T15:55:40Z,16240,,23,Halyomorpha_halys,Spain,Insects,alien,perjudicial,Pre-Introduction,Threat,Threat,2016,2016-06-01T12:00:00Z,comment,33,3,comment_009052,,FALSE
video_012054,2018-08-03T03:40:27Z,16240,,23,Halyomorpha_halys,Spain,Insects,alien,peligrosa,Post-Introduction,Threat,Threat,2016,2016-06-01T12:00:00Z,comment,33,0,comment_005940,comment_005938,TRUE
video_004285,2022-10-03T14:16:18Z,24975,,17,Halyomorpha_halys,Spain,Insects,alien,peligro,Post-Introduction,Threat,Threat,2016,2016-06-01T12:00:00Z,comment,98,0,comment_010796,,FALSE
video_004285,2021-12-11T18:01:02Z,24975,,17,Halyomorpha_halys,Spain,Insects,alien,venenosa,Post-Introduction,Threat,Threat,2016,2016-06-01T12:00:00Z,comment,98,0,comment_002983,,FALSE
video_004285,2021-12-11T18:01:02Z,24975,,17,Halyomorpha_halys,Spain,Insects,alien,plaga,Post-Introduction,Invasion,Invasion,2016,2016-06-01T12:00:00Z,comment,98,0,comment_002983,,FALSE
video_004285,2021-11-14T16:51:05Z,24975,,17,Halyomorpha_halys,Spain,Insects,alien,plagas,Post-Introduction,Invasion,Invasion,2016,2016-06-01T12:00:00Z,comment,98,3,comment_003168,,FALSE
video_004285,2021-11-13T16:35:26Z,24975,,17,Halyomorpha_halys,Spain,Insects,alien,invasion,Post-Introduction,Invasion,Invasion,2016,2016-06-01T12:00:00Z,comment,98,1,comment_014191,,FALSE
video_004285,2021-11-12T12:55:49Z,24975,,17,Halyomorpha_halys,Spain,Insects,alien,plaga,Post-Introduction,Invasion,Invasion,2016,2016-06-01T12:00:00Z,comment,98,0,comment_011734,,FALSE
video_012553,2025-04-28T02:13:39Z,8277,,7,Lagocephalus_sceleratus,Spain,Fishes,uncertain,veneno,Post-Introduction,Threat,Threat,2014,2014-06-01T12:00:00Z,comment,171,0,comment_011788,,FALSE
video_000908,2024-04-07T03:37:11Z,593,,4,Leptoglossus_occidentalis,Portugal,Insects,alien,invasora,Post-Introduction,Invasion,Invasion,2010,2010-06-01T12:00:00Z,comment,16,1,comment_002907,comment_002906,TRUE
video_004351,2025-07-18T23:05:32Z,1745,,3,Leptoglossus_occidentalis,Portugal,Insects,alien,plaga,Post-Introduction,Invasion,Invasion,2010,2010-06-01T12:00:00Z,comment,19,0,comment_009865,comment_009864,TRUE
video_001801,2022-04-14T20:56:06Z,7328,,4,Lonchura_oryzivora,Portugal,Birds,alien,encontre,Post-Introduction,Detection,Detection,2010,2010-06-01T12:00:00Z,comment,36,0,comment_013682,,FALSE
video_013058,2016-11-13T23:56:20Z,11087,,16,Lonchura_oryzivora,Portugal,Birds,alien,jaula,Post-Introduction,eCommerce,eCommerce,2010,2010-06-01T12:00:00Z,comment,46,1,comment_001363,,FALSE
video_013058,2021-12-22T14:05:20Z,11087,,16,Lonchura_oryzivora,Portugal,Birds,alien,mascota,Post-Introduction,eCommerce,eCommerce,2010,2010-06-01T12:00:00Z,comment,46,0,comment_000819,comment_000817,TRUE
video_014278,2019-06-05T00:05:54Z,5761,,27,Mauremys_reevesii,Spain,Herptiles,alien,acuario,Post-Introduction,eCommerce,eCommerce,2016,2016-06-01T12:00:00Z,comment,39,0,comment_004786,,FALSE
video_014278,2018-02-27T13:18:38Z,5761,,27,Mauremys_reevesii,Spain,Herptiles,alien,cara,Post-Introduction,eCommerce,eCommerce,2016,2016-06-01T12:00:00Z,comment,39,0,comment_006355,,FALSE
video_014278,2015-09-05T10:28:32Z,5761,,27,Mauremys_reevesii,Spain,Herptiles,alien,acuario,Pre-Introduction,eCommerce,eCommerce,2016,2016-06-01T12:00:00Z,comment,39,0,comment_000935,comment_000932,TRUE
video_007647,2019-09-18T09:54:01Z,3551,,37,Mauremys_reevesii,Spain,Herptiles,alien,compra,Post-Introduction,eCommerce,eCommerce,2016,2016-06-01T12:00:00Z,comment,114,0,comment_004981,,FALSE
video_007647,2019-09-18T11:10:22Z,3551,,37,Mauremys_reevesii,Spain,Herptiles,alien,tienda,Post-Introduction,eCommerce,eCommerce,2016,2016-06-01T12:00:00Z,comment,114,0,comment_004982,comment_004981,TRUE
video_000816,2020-04-30T14:34:34Z,839,,17,Mauremys_reevesii,Spain,Herptiles,alien,peligro,Post-Introduction,Threat,Threat,2016,2016-06-01T12:00:00Z,comment,28,0,comment_008857,,FALSE
video_000816,2020-04-30T14:34:34Z,839,,17,Mauremys_reevesii,Spain,Herptiles,alien,extincion,Post-Introduction,Threat,Threat,2016,2016-06-01T12:00:00Z,comment,28,0,comment_008857,,FALSE
video_000816,2020-04-30T14:43:26Z,839,,17,Mauremys_reevesii,Spain,Herptiles,alien,peligro,Post-Introduction,Threat,Threat,2016,2016-06-01T12:00:00Z,comment,28,0,comment_013934,comment_013933,TRUE
video_000816,2020-04-30T14:43:26Z,839,,17,Mauremys_reevesii,Spain,Herptiles,alien,extincion,Post-Introduction,Threat,Threat,2016,2016-06-01T12:00:00Z,comment,28,0,comment_013934,comment_013933,TRUE
video_000816,2020-04-30T14:43:26Z,839,,17,Mauremys_reevesii,Spain,Herptiles,alien,encontrado,Post-Introduction,Detection,Detection,2016,2016-06-01T12:00:00Z,comment,28,0,comment_013934,comment_013933,TRUE
video_000816,2020-04-30T14:43:26Z,839,,17,Mauremys_reevesii,Spain,Herptiles,alien,prohibida,Post-Introduction,eCommerce,eCommerce,2016,2016-06-01T12:00:00Z,comment,28,0,comment_013934,comment_013933,TRUE
video_000816,2020-04-30T14:43:26Z,839,,17,Mauremys_reevesii,Spain,Herptiles,alien,encontramos,Post-Introduction,Detection,Detection,2016,2016-06-01T12:00:00Z,comment,28,0,comment_013934,comment_013933,TRUE
video_013452,2020-04-26T03:21:44Z,7420,,26,Mauremys_reevesii,Spain,Herptiles,alien,comprado,Post-Introduction,eCommerce,eCommerce,2016,2016-06-01T12:00:00Z,comment,49,0,comment_005804,,FALSE
video_013452,2020-04-26T03:21:44Z,7420,,26,Mauremys_reevesii,Spain,Herptiles,alien,acuario,Post-Introduction,eCommerce,eCommerce,2016,2016-06-01T12:00:00Z,comment,49,0,comment_005804,,FALSE
video_013452,2016-10-21T18:59:46Z,7420,,26,Mauremys_reevesii,Spain,Herptiles,alien,visto,Post-Introduction,Detection,Detection,2016,2016-06-01T12:00:00Z,comment,49,0,comment_000879,,FALSE
video_007512,2015-06-25T17:12:50Z,2993,,5,Mauremys_reevesii,Spain,Herptiles,alien,comprar,Pre-Introduction,eCommerce,eCommerce,2016,2016-06-01T12:00:00Z,comment,37,0,comment_000707,,FALSE
video_016474,2017-09-17T19:00:37Z,3799,,61,Mauremys_reevesii,Spain,Herptiles,alien,aquario,Post-Introduction,eCommerce,eCommerce,2016,2016-06-01T12:00:00Z,comment,119,0,comment_008389,,FALSE
video_016474,2019-07-20T21:54:03Z,3799,,61,Mauremys_reevesii,Spain,Herptiles,alien,acuario,Post-Introduction,eCommerce,eCommerce,2016,2016-06-01T12:00:00Z,comment,119,0,comment_007895,comment_007891,TRUE
video_016474,2017-09-20T22:20:05Z,3799,,61,Mauremys_reevesii,Spain,Herptiles,alien,riesgo,Post-Introduction,Threat,Threat,2016,2016-06-01T12:00:00Z,comment,119,0,comment_014167,comment_014166,TRUE
video_016474,2017-10-19T16:12:09Z,3799,,61,Mauremys_reevesii,Spain,Herptiles,alien,peligroso,Post-Introduction,Threat,Threat,2016,2016-06-01T12:00:00Z,comment,119,0,comment_014168,comment_014166,TRUE
video_016474,2017-09-17T21:01:03Z,3799,,61,Mauremys_reevesii,Spain,Herptiles,alien,pecera,Post-Introduction,eCommerce,eCommerce,2016,2016-06-01T12:00:00Z,comment,119,0,comment_003643,comment_003641,TRUE
video_016474,2017-09-17T19:49:30Z,3799,,61,Mauremys_reevesii,Spain,Herptiles,alien,acuario,Post-Introduction,eCommerce,eCommerce,2016,2016-06-01T12:00:00Z,comment,119,0,comment_004971,comment_004970,TRUE
video_016474,2017-09-17T19:21:47Z,3799,,61,Mauremys_reevesii,Spain,Herptiles,alien,exotica,Post-Introduction,Invasion,Invasion,2016,2016-06-01T12:00:00Z,comment,119,0,comment_008390,comment_008389,TRUE
video_016474,2017-09-17T20:46:47Z,3799,,61,Mauremys_reevesii,Spain,Herptiles,alien,exotica,Post-Introduction,Invasion,Invasion,2016,2016-06-01T12:00:00Z,comment,119,0,comment_008391,comment_008389,TRUE
video_016474,2017-09-17T20:51:53Z,3799,,61,Mauremys_reevesii,Spain,Herptiles,alien,acuarios,Post-Introduction,eCommerce,eCommerce,2016,2016-06-01T12:00:00Z,comment,119,0,comment_008392,comment_008389,TRUE
video_001490,2015-09-03T13:33:54Z,10398,,33,Mauremys_reevesii,Spain,Herptiles,alien,tienda,Pre-Introduction,eCommerce,eCommerce,2016,2016-06-01T12:00:00Z,comment,65,0,comment_001435,,FALSE
video_001490,2015-09-03T22:03:38Z,10398,,33,Mauremys_reevesii,Spain,Herptiles,alien,tienda,Pre-Introduction,eCommerce,eCommerce,2016,2016-06-01T12:00:00Z,comment,65,0,comment_001137,comment_001135,TRUE
video_001490,2015-09-03T22:03:38Z,10398,,33,Mauremys_reevesii,Spain,Herptiles,alien,comprar,Pre-Introduction,eCommerce,eCommerce,2016,2016-06-01T12:00:00Z,comment,65,0,comment_001137,comment_001135,TRUE
video_005252,2024-04-22T16:43:31Z,2456,,12,Mauremys_reevesii,Spain,Herptiles,alien,invasora,Post-Introduction,Invasion,Invasion,2016,2016-06-01T12:00:00Z,comment,45,0,comment_005394,,FALSE
video_005252,2024-04-22T16:43:31Z,2456,,12,Mauremys_reevesii,Spain,Herptiles,alien,visto,Post-Introduction,Detection,Detection,2016,2016-06-01T12:00:00Z,comment,45,0,comment_005394,,FALSE
video_005252,2024-04-22T16:43:31Z,2456,,12,Mauremys_reevesii,Spain,Herptiles,alien,visto,Post-Introduction,Detection,Detection,2016,2016-06-01T12:00:00Z,comment,45,0,comment_005394,,FALSE
video_005252,2022-07-05T16:21:04Z,2456,,12,Mauremys_reevesii,Spain,Herptiles,alien,adoptado,Post-Introduction,eCommerce,eCommerce,2016,2016-06-01T12:00:00Z,comment,45,0,comment_013738,,FALSE
video_005252,2022-05-10T10:24:06Z,2456,,12,Mauremys_reevesii,Spain,Herptiles,alien,visto,Post-Introduction,Detection,Detection,2016,2016-06-01T12:00:00Z,comment,45,0,comment_010068,,FALSE
video_005252,2022-05-10T10:24:06Z,2456,,12,Mauremys_reevesii,Spain,Herptiles,alien,adoptar,Post-Introduction,eCommerce,eCommerce,2016,2016-06-01T12:00:00Z,comment,45,0,comment_010068,,FALSE
video_005252,2022-05-10T10:24:06Z,2456,,12,Mauremys_reevesii,Spain,Herptiles,alien,adoptar,Post-Introduction,eCommerce,eCommerce,2016,2016-06-01T12:00:00Z,comment,45,0,comment_010068,,FALSE
video_005252,2022-03-27T08:20:20Z,2456,,12,Mauremys_reevesii,Spain,Herptiles,alien,encontre,Post-Introduction,Detection,Detection,2016,2016-06-01T12:00:00Z,comment,45,0,comment_009430,,FALSE
video_005252,2022-07-05T16:37:09Z,2456,,12,Mauremys_reevesii,Spain,Herptiles,alien,prohibida,Post-Introduction,eCommerce,eCommerce,2016,2016-06-01T12:00:00Z,comment,45,0,comment_010069,comment_010068,TRUE
video_005252,2022-03-27T13:52:15Z,2456,,12,Mauremys_reevesii,Spain,Herptiles,alien,adopcion,Post-Introduction,eCommerce,eCommerce,2016,2016-06-01T12:00:00Z,comment,45,0,comment_009431,comment_009430,TRUE
video_012039,2021-01-04T01:41:20Z,6452,,54,Mauremys_reevesii,Spain,Herptiles,alien,acuario,Post-Introduction,eCommerce,eCommerce,2016,2016-06-01T12:00:00Z,comment,181,1,comment_013886,,FALSE
video_012039,2020-04-18T22:49:57Z,6452,,54,Mauremys_reevesii,Spain,Herptiles,alien,visto,Post-Introduction,Detection,Detection,2016,2016-06-01T12:00:00Z,comment,181,0,comment_005602,,FALSE
video_012039,2020-04-18T22:49:57Z,6452,,54,Mauremys_reevesii,Spain,Herptiles,alien,compre,Post-Introduction,eCommerce,eCommerce,2016,2016-06-01T12:00:00Z,comment,181,0,comment_005602,,FALSE
video_012039,2020-04-18T22:49:57Z,6452,,54,Mauremys_reevesii,Spain,Herptiles,alien,acuario,Post-Introduction,eCommerce,eCommerce,2016,2016-06-01T12:00:00Z,comment,181,0,comment_005602,,FALSE
video_012039,2020-04-18T22:49:57Z,6452,,54,Mauremys_reevesii,Spain,Herptiles,alien,compre,Post-Introduction,eCommerce,eCommerce,2016,2016-06-01T12:00:00Z,comment,181,0,comment_005602,,FALSE
video_012039,2020-04-18T22:49:57Z,6452,,54,Mauremys_reevesii,Spain,Herptiles,alien,controlar,Post-Introduction,Detection,Detection,2016,2016-06-01T12:00:00Z,comment,181,0,comment_005602,,FALSE
video_012039,2019-12-23T21:07:40Z,6452,,54,Mauremys_reevesii,Spain,Herptiles,alien,comercio,Post-Introduction,eCommerce,eCommerce,2016,2016-06-01T12:00:00Z,comment,181,0,comment_009257,,FALSE
video_012039,2019-06-02T11:00:06Z,6452,,54,Mauremys_reevesii,Spain,Herptiles,alien,acuario,Post-Introduction,eCommerce,eCommerce,2016,2016-06-01T12:00:00Z,comment,181,2,comment_010079,,FALSE
video_012039,2019-06-01T16:53:23Z,6452,,54,Mauremys_reevesii,Spain,Herptiles,alien,visto,Post-Introduction,Detection,Detection,2016,2016-06-01T12:00:00Z,comment,181,1,comment_014781,,FALSE
video_012039,2019-06-01T14:11:02Z,6452,,54,Mauremys_reevesii,Spain,Herptiles,alien,acuario,Post-Introduction,eCommerce,eCommerce,2016,2016-06-01T12:00:00Z,comment,181,1,comment_012116,,FALSE
video_012039,2019-06-03T08:42:10Z,6452,,54,Mauremys_reevesii,Spain,Herptiles,alien,visto,Post-Introduction,Detection,Detection,2016,2016-06-01T12:00:00Z,comment,181,0,comment_012336,comment_012333,TRUE
video_012039,2019-06-02T13:20:12Z,6452,,54,Mauremys_reevesii,Spain,Herptiles,alien,visto,Post-Introduction,Detection,Detection,2016,2016-06-01T12:00:00Z,comment,181,1,comment_005138,comment_005137,TRUE
video_012039,2019-06-02T11:04:06Z,6452,,54,Mauremys_reevesii,Spain,Herptiles,alien,tienda,Post-Introduction,eCommerce,eCommerce,2016,2016-06-01T12:00:00Z,comment,181,1,comment_010080,comment_010079,TRUE
video_003926,2020-01-25T13:08:54Z,658,,14,Mauremys_reevesii,Spain,Herptiles,alien,mascota,Post-Introduction,eCommerce,eCommerce,2016,2016-06-01T12:00:00Z,comment,35,0,comment_010732,comment_010731,TRUE
video_008555,2024-07-22T20:51:17Z,6547,,54,Mauremys_sinensis,Spain,Herptiles,alien,acuario,Post-Introduction,eCommerce,eCommerce,2014,2014-06-01T12:00:00Z,comment,90,0,comment_013347,,FALSE
video_008555,2023-10-05T20:01:38Z,6547,,54,Mauremys_sinensis,Spain,Herptiles,alien,mascota,Post-Introduction,eCommerce,eCommerce,2014,2014-06-01T12:00:00Z,comment,90,0,comment_007888,,FALSE
video_008555,2023-10-05T20:01:38Z,6547,,54,Mauremys_sinensis,Spain,Herptiles,alien,vista,Post-Introduction,Detection,Detection,2014,2014-06-01T12:00:00Z,comment,90,0,comment_007888,,FALSE
video_008555,2021-06-15T20:06:26Z,6547,,54,Mauremys_sinensis,Spain,Herptiles,alien,hibridacion,Post-Introduction,Threat,Threat,2014,2014-06-01T12:00:00Z,comment,90,0,comment_011580,,FALSE
video_008555,2021-02-18T13:39:33Z,6547,,54,Mauremys_sinensis,Spain,Herptiles,alien,acuario,Post-Introduction,eCommerce,eCommerce,2014,2014-06-01T12:00:00Z,comment,90,2,comment_001806,,FALSE
video_008555,2020-09-21T22:50:34Z,6547,,54,Mauremys_sinensis,Spain,Herptiles,alien,terrario,Post-Introduction,eCommerce,eCommerce,2014,2014-06-01T12:00:00Z,comment,90,3,comment_001800,,FALSE
video_008555,2020-07-02T11:53:37Z,6547,,54,Mauremys_sinensis,Spain,Herptiles,alien,costo,Post-Introduction,eCommerce,eCommerce,2014,2014-06-01T12:00:00Z,comment,90,3,comment_003034,,FALSE
video_008555,2020-07-02T11:53:37Z,6547,,54,Mauremys_sinensis,Spain,Herptiles,alien,costo,Post-Introduction,eCommerce,eCommerce,2014,2014-06-01T12:00:00Z,comment,90,3,comment_003034,,FALSE
video_008555,2020-05-15T20:13:46Z,6547,,54,Mauremys_sinensis,Spain,Herptiles,alien,compre,Post-Introduction,eCommerce,eCommerce,2014,2014-06-01T12:00:00Z,comment,90,11,comment_001915,,FALSE
video_008555,2021-06-12T20:28:26Z,6547,,54,Mauremys_sinensis,Spain,Herptiles,alien,terrario,Post-Introduction,eCommerce,eCommerce,2014,2014-06-01T12:00:00Z,comment,90,1,comment_004051,comment_004050,TRUE
video_008555,2021-06-12T20:28:26Z,6547,,54,Mauremys_sinensis,Spain,Herptiles,alien,acuario,Post-Introduction,eCommerce,eCommerce,2014,2014-06-01T12:00:00Z,comment,90,1,comment_004051,comment_004050,TRUE
video_008555,2021-09-15T12:56:37Z,6547,,54,Mauremys_sinensis,Spain,Herptiles,alien,adoptar,Post-Introduction,eCommerce,eCommerce,2014,2014-06-01T12:00:00Z,comment,90,0,comment_007687,comment_007686,TRUE
video_008555,2021-09-15T12:56:37Z,6547,,54,Mauremys_sinensis,Spain,Herptiles,alien,acuario,Post-Introduction,eCommerce,eCommerce,2014,2014-06-01T12:00:00Z,comment,90,0,comment_007687,comment_007686,TRUE
video_008555,2020-06-07T20:59:36Z,6547,,54,Mauremys_sinensis,Spain,Herptiles,alien,tienda,Post-Introduction,eCommerce,eCommerce,2014,2014-06-01T12:00:00Z,comment,90,0,comment_003012,comment_003010,TRUE
video_008555,2020-06-07T21:17:26Z,6547,,54,Mauremys_sinensis,Spain,Herptiles,alien,mascota,Post-Introduction,eCommerce,eCommerce,2014,2014-06-01T12:00:00Z,comment,90,0,comment_003013,comment_003010,TRUE
video_008555,2020-06-07T21:17:26Z,6547,,54,Mauremys_sinensis,Spain,Herptiles,alien,riesgo,Post-Introduction,Threat,Threat,2014,2014-06-01T12:00:00Z,comment,90,0,comment_003013,comment_003010,TRUE
video_008555,2020-06-07T21:17:26Z,6547,,54,Mauremys_sinensis,Spain,Herptiles,alien,contagio,Post-Introduction,Threat,Threat,2014,2014-06-01T12:00:00Z,comment,90,0,comment_003013,comment_003010,TRUE
video_004719,2020-01-10T13:38:18Z,14909,,2,Mnemiopsis_leidyi,Spain,Non-arthropod invertebrates,established,alien,Post-Introduction,Invasion,Invasion,2009,2009-06-01T12:00:00Z,comment,24,0,comment_013105,,FALSE
video_004719,2020-01-10T13:38:18Z,14909,,2,Mnemiopsis_leidyi,Spain,Non-arthropod invertebrates,established,alien,Post-Introduction,Invasion,Invasion,2009,2009-06-01T12:00:00Z,comment,24,0,comment_013105,,FALSE
video_003198,2024-07-26T03:48:42Z,9524,,28,Paratrechina_jaegerskioeldi,Portugal,Insects,established,extendido,Post-Introduction,Invasion,Invasion,2012,2012-06-01T12:00:00Z,comment,751,3,comment_004640,,FALSE
video_003198,2024-07-28T06:44:58Z,9524,,28,Paratrechina_jaegerskioeldi,Portugal,Insects,established,extendido,Post-Introduction,Invasion,Invasion,2012,2012-06-01T12:00:00Z,comment,751,2,comment_004641,comment_004640,TRUE
video_003198,2024-07-28T06:44:58Z,9524,,28,Paratrechina_jaegerskioeldi,Portugal,Insects,established,extension,Post-Introduction,Invasion,Invasion,2012,2012-06-01T12:00:00Z,comment,751,2,comment_004641,comment_004640,TRUE
video_003198,2025-01-07T01:01:15Z,9524,,28,Paratrechina_jaegerskioeldi,Portugal,Insects,established,visto,Post-Introduction,Detection,Detection,2012,2012-06-01T12:00:00Z,comment,751,0,comment_009204,comment_009202,TRUE
video_003198,2025-02-22T18:12:51Z,9524,,28,Paratrechina_jaegerskioeldi,Portugal,Insects,established,extendido,Post-Introduction,Invasion,Invasion,2012,2012-06-01T12:00:00Z,comment,751,0,comment_009205,comment_009202,TRUE
video_003198,2025-02-22T18:12:51Z,9524,,28,Paratrechina_jaegerskioeldi,Portugal,Insects,established,extendido,Post-Introduction,Invasion,Invasion,2012,2012-06-01T12:00:00Z,comment,751,0,comment_009205,comment_009202,TRUE
video_003198,2024-07-28T06:35:11Z,9524,,28,Paratrechina_jaegerskioeldi,Portugal,Insects,established,plaga,Post-Introduction,Invasion,Invasion,2012,2012-06-01T12:00:00Z,comment,751,1,comment_007830,comment_007829,TRUE
video_006500,2025-05-29T14:58:14Z,6154,,4,Paratrechina_jaegerskioeldi,Portugal,Insects,established,letal,Post-Introduction,Threat,Threat,2012,2012-06-01T12:00:00Z,comment,81,0,comment_011332,,FALSE
video_012474,2024-03-24T16:00:04Z,2099,,9,Paratrechina_jaegerskioeldi,Portugal,Insects,established,plagas,Post-Introduction,Invasion,Invasion,2012,2012-06-01T12:00:00Z,comment,22,1,comment_011782,,FALSE
video_013627,2024-05-19T19:13:23Z,81,,1,Paratrechina_jaegerskioeldi,Portugal,Insects,established,amenaza,Post-Introduction,Threat,Threat,2012,2012-06-01T12:00:00Z,comment,12,0,comment_014440,,FALSE
video_010079,2020-07-18T14:36:57Z,709,,14,Paratrechina_jaegerskioeldi,Portugal,Insects,established,terrario,Post-Introduction,eCommerce,eCommerce,2012,2012-06-01T12:00:00Z,comment,48,1,comment_008643,,FALSE
video_010079,2019-09-14T20:15:58Z,709,,14,Paratrechina_jaegerskioeldi,Portugal,Insects,established,visto,Post-Introduction,Detection,Detection,2012,2012-06-01T12:00:00Z,comment,48,0,comment_003290,,FALSE
video_010079,2019-09-14T20:23:38Z,709,,14,Paratrechina_jaegerskioeldi,Portugal,Insects,established,comprar,Post-Introduction,eCommerce,eCommerce,2012,2012-06-01T12:00:00Z,comment,48,1,comment_003291,comment_003290,TRUE
video_012470,2020-11-19T05:35:14Z,2514,,28,Paratrechina_jaegerskioeldi,Portugal,Insects,established,invasoras,Post-Introduction,Invasion,Invasion,2012,2012-06-01T12:00:00Z,comment,72,0,comment_006395,,FALSE
video_012470,2020-05-18T01:26:49Z,2514,,28,Paratrechina_jaegerskioeldi,Portugal,Insects,established,encontre,Post-Introduction,Detection,Detection,2012,2012-06-01T12:00:00Z,comment,72,0,comment_009677,,FALSE
video_012470,2020-11-19T13:33:59Z,2514,,28,Paratrechina_jaegerskioeldi,Portugal,Insects,established,invasora,Post-Introduction,Invasion,Invasion,2012,2012-06-01T12:00:00Z,comment,72,0,comment_006396,comment_006395,TRUE
video_012470,2019-07-01T21:21:40Z,2514,,28,Paratrechina_jaegerskioeldi,Portugal,Insects,established,tienda,Post-Introduction,eCommerce,eCommerce,2012,2012-06-01T12:00:00Z,comment,72,1,comment_001628,comment_001627,TRUE
video_016022,2020-03-19T08:35:18Z,1434,,11,Pelodiscus_sinensis,Portugal,Herptiles,alien,acuario,Post-Introduction,eCommerce,eCommerce,2019,2019-06-01T12:00:00Z,comment,43,0,comment_009733,,FALSE
video_016022,2019-05-24T17:09:10Z,1434,,11,Pelodiscus_sinensis,Portugal,Herptiles,alien,tienda,Pre-Introduction,eCommerce,eCommerce,2019,2019-06-01T12:00:00Z,comment,43,0,comment_011306,,FALSE
video_016022,2019-05-24T18:07:18Z,1434,,11,Pelodiscus_sinensis,Portugal,Herptiles,alien,acuario,Pre-Introduction,eCommerce,eCommerce,2019,2019-06-01T12:00:00Z,comment,43,1,comment_013335,comment_013334,TRUE
video_001635,2012-11-07T21:25:55Z,2562,,3,Pelodiscus_sinensis,Portugal,Herptiles,alien,visto,Pre-Introduction,Detection,Detection,2019,2019-06-01T12:00:00Z,comment,5,0,comment_007214,,FALSE
video_011518,2019-05-20T13:24:12Z,1571,,2,Perca_fluviatilis,Portugal,Fishes,established,comprar,Post-Introduction,eCommerce,eCommerce,2015,2015-06-01T12:00:00Z,comment,19,1,comment_014865,,FALSE
video_008351,2020-04-15T21:03:01Z,2554,,16,Perca_fluviatilis,Portugal,Fishes,established,captura,Post-Introduction,Detection,Detection,2015,2015-06-01T12:00:00Z,comment,48,3,comment_009994,,FALSE
video_008351,2020-04-15T19:05:06Z,2554,,16,Perca_fluviatilis,Portugal,Fishes,established,reciente,Post-Introduction,Detection,Detection,2015,2015-06-01T12:00:00Z,comment,48,1,comment_011136,comment_011135,TRUE
video_001060,2024-04-23T21:37:53Z,828,,26,Perca_fluviatilis,Portugal,Fishes,established,caro,Post-Introduction,eCommerce,eCommerce,2015,2015-06-01T12:00:00Z,comment,27,0,comment_002185,,FALSE
video_001060,2024-12-06T22:46:50Z,828,,26,Perca_fluviatilis,Portugal,Fishes,established,caro,Post-Introduction,eCommerce,eCommerce,2015,2015-06-01T12:00:00Z,comment,27,0,comment_007068,comment_007067,TRUE
video_001060,2024-04-26T22:15:22Z,828,,26,Perca_fluviatilis,Portugal,Fishes,established,capturas,Post-Introduction,Detection,Detection,2015,2015-06-01T12:00:00Z,comment,27,1,comment_003699,comment_003698,TRUE
video_001060,2024-04-26T22:25:39Z,828,,26,Perca_fluviatilis,Portugal,Fishes,established,caro,Post-Introduction,eCommerce,eCommerce,2015,2015-06-01T12:00:00Z,comment,27,0,comment_002822,comment_002821,TRUE
video_005952,2022-11-23T21:28:24Z,645,,16,Perca_fluviatilis,Portugal,Fishes,established,caro,Post-Introduction,eCommerce,eCommerce,2015,2015-06-01T12:00:00Z,comment,22,1,comment_007166,comment_007165,TRUE
video_005952,2022-11-22T23:16:13Z,645,,16,Perca_fluviatilis,Portugal,Fishes,established,caro,Post-Introduction,eCommerce,eCommerce,2015,2015-06-01T12:00:00Z,comment,22,0,comment_001905,comment_001904,TRUE
video_002362,2022-10-22T16:23:54Z,285,,14,Perca_fluviatilis,Portugal,Fishes,established,caro,Post-Introduction,eCommerce,eCommerce,2015,2015-06-01T12:00:00Z,comment,18,0,comment_004816,comment_004815,TRUE
video_005145,2024-12-22T19:45:56Z,396,,21,Perca_fluviatilis,Portugal,Fishes,established,caro,Post-Introduction,eCommerce,eCommerce,2015,2015-06-01T12:00:00Z,comment,27,0,comment_006402,,FALSE
video_005145,2025-03-01T17:21:40Z,396,,21,Perca_fluviatilis,Portugal,Fishes,established,caro,Post-Introduction,eCommerce,eCommerce,2015,2015-06-01T12:00:00Z,comment,27,0,comment_004627,comment_004626,TRUE
video_005145,2024-12-22T22:37:54Z,396,,21,Perca_fluviatilis,Portugal,Fishes,established,encontramos,Post-Introduction,Detection,Detection,2015,2015-06-01T12:00:00Z,comment,27,0,comment_006403,comment_006402,TRUE
video_005145,2024-12-21T18:37:39Z,396,,21,Perca_fluviatilis,Portugal,Fishes,established,caro,Post-Introduction,eCommerce,eCommerce,2015,2015-06-01T12:00:00Z,comment,27,0,comment_013760,comment_013759,TRUE
video_005145,2024-12-18T18:07:48Z,396,,21,Perca_fluviatilis,Portugal,Fishes,established,caro,Post-Introduction,eCommerce,eCommerce,2015,2015-06-01T12:00:00Z,comment,27,0,comment_010112,comment_010111,TRUE
video_005145,2024-12-18T18:11:10Z,396,,21,Perca_fluviatilis,Portugal,Fishes,established,caro,Post-Introduction,eCommerce,eCommerce,2015,2015-06-01T12:00:00Z,comment,27,0,comment_002435,comment_002434,TRUE
video_011860,2022-06-08T05:59:56Z,908,,11,Perca_fluviatilis,Portugal,Fishes,established,capturar,Post-Introduction,Detection,Detection,2015,2015-06-01T12:00:00Z,comment,19,0,comment_009941,,FALSE
video_011860,2022-06-07T20:05:14Z,908,,11,Perca_fluviatilis,Portugal,Fishes,established,invasoras,Post-Introduction,Invasion,Invasion,2015,2015-06-01T12:00:00Z,comment,19,1,comment_014290,,FALSE
video_011860,2022-06-10T21:49:12Z,908,,11,Perca_fluviatilis,Portugal,Fishes,established,caro,Post-Introduction,eCommerce,eCommerce,2015,2015-06-01T12:00:00Z,comment,19,0,comment_006495,comment_006494,TRUE
video_011860,2022-06-07T20:29:04Z,908,,11,Perca_fluviatilis,Portugal,Fishes,established,caro,Post-Introduction,eCommerce,eCommerce,2015,2015-06-01T12:00:00Z,comment,19,0,comment_014291,comment_014290,TRUE
video_007951,2022-06-15T08:28:41Z,884,,12,Perca_fluviatilis,Portugal,Fishes,established,capturas,Post-Introduction,Detection,Detection,2015,2015-06-01T12:00:00Z,comment,20,0,comment_007606,,FALSE
video_007951,2022-06-15T08:28:41Z,884,,12,Perca_fluviatilis,Portugal,Fishes,established,captura,Post-Introduction,Detection,Detection,2015,2015-06-01T12:00:00Z,comment,20,0,comment_007606,,FALSE
video_007951,2022-06-15T08:49:01Z,884,,12,Perca_fluviatilis,Portugal,Fishes,established,caro,Post-Introduction,eCommerce,eCommerce,2015,2015-06-01T12:00:00Z,comment,20,1,comment_007607,comment_007606,TRUE
video_007951,2022-06-14T21:12:19Z,884,,12,Perca_fluviatilis,Portugal,Fishes,established,caro,Post-Introduction,eCommerce,eCommerce,2015,2015-06-01T12:00:00Z,comment,20,1,comment_012634,comment_012633,TRUE
video_007951,2022-06-14T20:43:41Z,884,,12,Perca_fluviatilis,Portugal,Fishes,established,caro,Post-Introduction,eCommerce,eCommerce,2015,2015-06-01T12:00:00Z,comment,20,0,comment_001771,comment_001770,TRUE
video_010954,2024-12-23T11:29:48Z,137,,10,Perca_fluviatilis,Portugal,Fishes,established,caro,Post-Introduction,eCommerce,eCommerce,2015,2015-06-01T12:00:00Z,comment,22,1,comment_006644,comment_006643,TRUE
video_009472,2022-07-19T22:49:48Z,244,,12,Perca_fluviatilis,Portugal,Fishes,established,caro,Post-Introduction,eCommerce,eCommerce,2015,2015-06-01T12:00:00Z,comment,21,0,comment_006521,comment_006520,TRUE
video_001238,2024-12-10T18:36:33Z,221,,20,Perca_fluviatilis,Portugal,Fishes,established,caro,Post-Introduction,eCommerce,eCommerce,2015,2015-06-01T12:00:00Z,comment,23,0,comment_011399,comment_011398,TRUE
video_010293,2019-11-11T22:20:35Z,559,,6,Perca_fluviatilis,Portugal,Fishes,established,capturas,Post-Introduction,Detection,Detection,2015,2015-06-01T12:00:00Z,comment,19,1,comment_013075,,FALSE
video_012940,2020-10-18T06:58:36Z,585,,20,Perca_fluviatilis,Portugal,Fishes,established,visto,Post-Introduction,Detection,Detection,2015,2015-06-01T12:00:00Z,comment,33,1,comment_014350,,FALSE
video_012940,2020-10-17T17:07:17Z,585,,20,Perca_fluviatilis,Portugal,Fishes,established,capturas,Post-Introduction,Detection,Detection,2015,2015-06-01T12:00:00Z,comment,33,1,comment_009035,,FALSE
video_009565,2024-10-27T14:55:35Z,2143,,43,Perca_fluviatilis,Portugal,Fishes,established,captura,Post-Introduction,Detection,Detection,2015,2015-06-01T12:00:00Z,comment,62,1,comment_007345,,FALSE
video_009565,2024-11-27T20:48:23Z,2143,,43,Perca_fluviatilis,Portugal,Fishes,established,capturados,Post-Introduction,Detection,Detection,2015,2015-06-01T12:00:00Z,comment,62,1,comment_007349,comment_007345,TRUE
video_014114,2024-06-10T16:01:26Z,225168,,98,Phthorimaea_absoluta,Spain,Insects,established,trampa,Post-Introduction,Detection,Detection,2006,2006-06-01T12:00:00Z,comment,3886,3,comment_003437,,FALSE
video_014114,2024-06-10T16:01:26Z,225168,,98,Phthorimaea_absoluta,Spain,Insects,established,trampa,Post-Introduction,Detection,Detection,2006,2006-06-01T12:00:00Z,comment,3886,3,comment_003437,,FALSE
video_014114,2024-05-21T20:44:47Z,225168,,98,Phthorimaea_absoluta,Spain,Insects,established,epidemia,Post-Introduction,Threat,Threat,2006,2006-06-01T12:00:00Z,comment,3886,3,comment_003130,,FALSE
video_014114,2024-05-21T20:44:47Z,225168,,98,Phthorimaea_absoluta,Spain,Insects,established,costo,Post-Introduction,eCommerce,eCommerce,2006,2006-06-01T12:00:00Z,comment,3886,3,comment_003130,,FALSE
video_014114,2024-04-26T15:25:37Z,225168,,98,Phthorimaea_absoluta,Spain,Insects,established,trampa,Post-Introduction,Detection,Detection,2006,2006-06-01T12:00:00Z,comment,3886,0,comment_009268,,FALSE
video_014114,2023-06-02T19:32:04Z,225168,,98,Phthorimaea_absoluta,Spain,Insects,established,compre,Post-Introduction,eCommerce,eCommerce,2006,2006-06-01T12:00:00Z,comment,3886,3,comment_012178,,FALSE
video_014114,2023-06-02T19:32:04Z,225168,,98,Phthorimaea_absoluta,Spain,Insects,established,trampa,Post-Introduction,Detection,Detection,2006,2006-06-01T12:00:00Z,comment,3886,3,comment_012178,,FALSE
video_014114,2022-08-03T16:25:01Z,225168,,98,Phthorimaea_absoluta,Spain,Insects,established,comprado,Post-Introduction,eCommerce,eCommerce,2006,2006-06-01T12:00:00Z,comment,3886,1,comment_014334,,FALSE
video_014114,2022-08-03T16:25:01Z,225168,,98,Phthorimaea_absoluta,Spain,Insects,established,trampa,Post-Introduction,Detection,Detection,2006,2006-06-01T12:00:00Z,comment,3886,1,comment_014334,,FALSE
video_014114,2024-06-03T11:46:39Z,225168,,98,Phthorimaea_absoluta,Spain,Insects,established,trampas,Post-Introduction,Detection,Detection,2006,2006-06-01T12:00:00Z,comment,3886,1,comment_009269,comment_009268,TRUE
video_014114,2024-06-03T11:46:39Z,225168,,98,Phthorimaea_absoluta,Spain,Insects,established,oferta,Post-Introduction,eCommerce,eCommerce,2006,2006-06-01T12:00:00Z,comment,3886,1,comment_009269,comment_009268,TRUE
video_014114,2024-03-14T19:10:41Z,225168,,98,Phthorimaea_absoluta,Spain,Insects,established,trampa,Post-Introduction,Detection,Detection,2006,2006-06-01T12:00:00Z,comment,3886,0,comment_008918,comment_008917,TRUE
video_014114,2023-07-09T08:37:19Z,225168,,98,Phthorimaea_absoluta,Spain,Insects,established,aparecer,Post-Introduction,Detection,Detection,2006,2006-06-01T12:00:00Z,comment,3886,0,comment_006368,comment_006367,TRUE
video_014114,2022-07-22T18:52:26Z,225168,,98,Phthorimaea_absoluta,Spain,Insects,established,vista,Post-Introduction,Detection,Detection,2006,2006-06-01T12:00:00Z,comment,3886,4,comment_007177,comment_007176,TRUE
video_014114,2022-07-22T18:52:26Z,225168,,98,Phthorimaea_absoluta,Spain,Insects,established,presente,Post-Introduction,Invasion,Invasion,2006,2006-06-01T12:00:00Z,comment,3886,4,comment_007177,comment_007176,TRUE
video_014114,2022-07-19T20:54:27Z,225168,,98,Phthorimaea_absoluta,Spain,Insects,established,comprar,Post-Introduction,eCommerce,eCommerce,2006,2006-06-01T12:00:00Z,comment,3886,0,comment_013880,comment_013879,TRUE
video_014114,2022-07-19T21:26:51Z,225168,,98,Phthorimaea_absoluta,Spain,Insects,established,controlada,Post-Introduction,Detection,Detection,2006,2006-06-01T12:00:00Z,comment,3886,1,comment_013881,comment_013879,TRUE
video_014114,2022-07-19T11:38:01Z,225168,,98,Phthorimaea_absoluta,Spain,Insects,established,comprar,Post-Introduction,eCommerce,eCommerce,2006,2006-06-01T12:00:00Z,comment,3886,0,comment_005552,comment_005551,TRUE
video_014114,2022-07-19T11:38:01Z,225168,,98,Phthorimaea_absoluta,Spain,Insects,established,trampas,Post-Introduction,Detection,Detection,2006,2006-06-01T12:00:00Z,comment,3886,0,comment_005552,comment_005551,TRUE
video_014114,2022-07-16T16:27:49Z,225168,,98,Phthorimaea_absoluta,Spain,Insects,established,controlar,Post-Introduction,Detection,Detection,2006,2006-06-01T12:00:00Z,comment,3886,0,comment_006014,comment_006013,TRUE
video_004854,2021-05-20T19:23:08Z,77656,,47,Phthorimaea_absoluta,Spain,Insects,established,trampas,Post-Introduction,Detection,Detection,2006,2006-06-01T12:00:00Z,comment,919,1,comment_010122,,FALSE
video_004854,2021-03-08T19:37:58Z,77656,,47,Phthorimaea_absoluta,Spain,Insects,established,comprar,Post-Introduction,eCommerce,eCommerce,2006,2006-06-01T12:00:00Z,comment,919,0,comment_006429,,FALSE
video_004854,2020-11-18T15:07:24Z,77656,,47,Phthorimaea_absoluta,Spain,Insects,established,compra,Post-Introduction,eCommerce,eCommerce,2006,2006-06-01T12:00:00Z,comment,919,0,comment_007774,,FALSE
video_004854,2020-06-01T09:03:18Z,77656,,47,Phthorimaea_absoluta,Spain,Insects,established,trampas,Post-Introduction,Detection,Detection,2006,2006-06-01T12:00:00Z,comment,919,6,comment_014156,,FALSE
video_004854,2020-06-01T09:03:18Z,77656,,47,Phthorimaea_absoluta,Spain,Insects,established,trampas,Post-Introduction,Detection,Detection,2006,2006-06-01T12:00:00Z,comment,919,6,comment_014156,,FALSE
video_004854,2020-05-10T19:52:06Z,77656,,47,Phthorimaea_absoluta,Spain,Insects,established,trampa,Post-Introduction,Detection,Detection,2006,2006-06-01T12:00:00Z,comment,919,1,comment_003687,,FALSE
video_004854,2019-07-03T15:41:00Z,77656,,47,Phthorimaea_absoluta,Spain,Insects,established,trampa,Post-Introduction,Detection,Detection,2006,2006-06-01T12:00:00Z,comment,919,0,comment_004183,,FALSE
video_004854,2019-05-27T15:58:25Z,77656,,47,Phthorimaea_absoluta,Spain,Insects,established,encontre,Post-Introduction,Detection,Detection,2006,2006-06-01T12:00:00Z,comment,919,2,comment_006440,,FALSE
video_004854,2019-05-21T18:51:17Z,77656,,47,Phthorimaea_absoluta,Spain,Insects,established,plaga,Post-Introduction,Invasion,Invasion,2006,2006-06-01T12:00:00Z,comment,919,0,comment_014694,,FALSE
video_004854,2020-06-10T21:35:44Z,77656,,47,Phthorimaea_absoluta,Spain,Insects,established,ataca,Post-Introduction,Threat,Threat,2006,2006-06-01T12:00:00Z,comment,919,1,comment_009020,comment_009019,TRUE
video_004854,2020-06-01T17:44:34Z,77656,,47,Phthorimaea_absoluta,Spain,Insects,established,trampas,Post-Introduction,Detection,Detection,2006,2006-06-01T12:00:00Z,comment,919,0,comment_014157,comment_014156,TRUE
video_004854,2020-06-01T17:44:34Z,77656,,47,Phthorimaea_absoluta,Spain,Insects,established,controlar,Post-Introduction,Detection,Detection,2006,2006-06-01T12:00:00Z,comment,919,0,comment_014157,comment_014156,TRUE
video_004854,2020-06-01T17:44:34Z,77656,,47,Phthorimaea_absoluta,Spain,Insects,established,trampas,Post-Introduction,Detection,Detection,2006,2006-06-01T12:00:00Z,comment,919,0,comment_014157,comment_014156,TRUE
video_004854,2019-07-10T22:04:41Z,77656,,47,Phthorimaea_absoluta,Spain,Insects,established,prohibido,Post-Introduction,eCommerce,eCommerce,2006,2006-06-01T12:00:00Z,comment,919,0,comment_003386,comment_003385,TRUE
video_004854,2019-07-07T22:59:24Z,77656,,47,Phthorimaea_absoluta,Spain,Insects,established,ataca,Post-Introduction,Threat,Threat,2006,2006-06-01T12:00:00Z,comment,919,1,comment_009974,comment_009971,TRUE
video_004854,2019-07-04T15:05:14Z,77656,,47,Phthorimaea_absoluta,Spain,Insects,established,trampa,Post-Introduction,Detection,Detection,2006,2006-06-01T12:00:00Z,comment,919,0,comment_004184,comment_004183,TRUE
video_004854,2019-07-04T15:05:14Z,77656,,47,Phthorimaea_absoluta,Spain,Insects,established,trampa,Post-Introduction,Detection,Detection,2006,2006-06-01T12:00:00Z,comment,919,0,comment_004184,comment_004183,TRUE
video_004854,2019-07-04T15:05:14Z,77656,,47,Phthorimaea_absoluta,Spain,Insects,established,plaga,Post-Introduction,Invasion,Invasion,2006,2006-06-01T12:00:00Z,comment,919,0,comment_004184,comment_004183,TRUE
video_004854,2019-07-04T15:05:14Z,77656,,47,Phthorimaea_absoluta,Spain,Insects,established,establecida,Post-Introduction,Invasion,Invasion,2006,2006-06-01T12:00:00Z,comment,919,0,comment_004184,comment_004183,TRUE
video_004854,2019-05-21T19:15:01Z,77656,,47,Phthorimaea_absoluta,Spain,Insects,established,trampa,Post-Introduction,Detection,Detection,2006,2006-06-01T12:00:00Z,comment,919,2,comment_014695,comment_014694,TRUE
video_004854,2019-05-08T17:55:38Z,77656,,47,Phthorimaea_absoluta,Spain,Insects,established,tienda,Post-Introduction,eCommerce,eCommerce,2006,2006-06-01T12:00:00Z,comment,919,1,comment_012892,comment_012891,TRUE
video_004854,2019-03-02T11:32:30Z,77656,,47,Phthorimaea_absoluta,Spain,Insects,established,trampa,Post-Introduction,Detection,Detection,2006,2006-06-01T12:00:00Z,comment,919,1,comment_014972,comment_014971,TRUE
video_004854,2019-03-11T17:25:39Z,77656,,47,Phthorimaea_absoluta,Spain,Insects,established,compra,Post-Introduction,eCommerce,eCommerce,2006,2006-06-01T12:00:00Z,comment,919,0,comment_014975,comment_014971,TRUE
video_004854,2019-03-11T20:16:29Z,77656,,47,Phthorimaea_absoluta,Spain,Insects,established,comprado,Post-Introduction,eCommerce,eCommerce,2006,2006-06-01T12:00:00Z,comment,919,0,comment_014976,comment_014971,TRUE
video_004854,2019-03-11T20:16:29Z,77656,,47,Phthorimaea_absoluta,Spain,Insects,established,tienda,Post-Introduction,eCommerce,eCommerce,2006,2006-06-01T12:00:00Z,comment,919,0,comment_014976,comment_014971,TRUE
video_004854,2019-03-11T20:16:29Z,77656,,47,Phthorimaea_absoluta,Spain,Insects,established,comprado,Post-Introduction,eCommerce,eCommerce,2006,2006-06-01T12:00:00Z,comment,919,0,comment_014976,comment_014971,TRUE
video_004854,2019-03-11T20:16:29Z,77656,,47,Phthorimaea_absoluta,Spain,Insects,established,tienda,Post-Introduction,eCommerce,eCommerce,2006,2006-06-01T12:00:00Z,comment,919,0,comment_014976,comment_014971,TRUE
video_004854,2019-03-11T20:16:29Z,77656,,47,Phthorimaea_absoluta,Spain,Insects,established,comprar,Post-Introduction,eCommerce,eCommerce,2006,2006-06-01T12:00:00Z,comment,919,0,comment_014976,comment_014971,TRUE
video_004854,2019-03-11T20:16:29Z,77656,,47,Phthorimaea_absoluta,Spain,Insects,established,trampas,Post-Introduction,Detection,Detection,2006,2006-06-01T12:00:00Z,comment,919,0,comment_014976,comment_014971,TRUE
video_005234,2024-07-26T09:43:47Z,63085,,126,Phthorimaea_absoluta,Spain,Insects,established,peligrosa,Post-Introduction,Threat,Threat,2006,2006-06-01T12:00:00Z,comment,2473,8,comment_003971,,FALSE
video_005234,2025-07-20T11:42:21Z,63085,,126,Phthorimaea_absoluta,Spain,Insects,established,toxicidad,Post-Introduction,Threat,Threat,2006,2006-06-01T12:00:00Z,comment,2473,1,comment_002010,,FALSE
video_005234,2025-06-22T14:47:22Z,63085,,126,Phthorimaea_absoluta,Spain,Insects,established,venenoso,Post-Introduction,Threat,Threat,2006,2006-06-01T12:00:00Z,comment,2473,0,comment_012946,,FALSE
video_005234,2024-10-24T04:57:00Z,63085,,126,Phthorimaea_absoluta,Spain,Insects,established,compre,Post-Introduction,eCommerce,eCommerce,2006,2006-06-01T12:00:00Z,comment,2473,1,comment_008359,,FALSE
video_005234,2024-10-20T12:51:06Z,63085,,126,Phthorimaea_absoluta,Spain,Insects,established,plaga,Post-Introduction,Invasion,Invasion,2006,2006-06-01T12:00:00Z,comment,2473,0,comment_008481,,FALSE
video_005234,2024-07-01T00:08:14Z,63085,,126,Phthorimaea_absoluta,Spain,Insects,established,venenosa,Post-Introduction,Threat,Threat,2006,2006-06-01T12:00:00Z,comment,2473,0,comment_006185,,FALSE
video_005234,2024-06-14T16:08:42Z,63085,,126,Phthorimaea_absoluta,Spain,Insects,established,reciente,Post-Introduction,Detection,Detection,2006,2006-06-01T12:00:00Z,comment,2473,1,comment_011065,,FALSE
video_005234,2024-06-09T11:44:47Z,63085,,126,Phthorimaea_absoluta,Spain,Insects,established,toxica,Post-Introduction,Threat,Threat,2006,2006-06-01T12:00:00Z,comment,2473,1,comment_007943,,FALSE
video_005234,2023-09-12T18:39:44Z,63085,,126,Phthorimaea_absoluta,Spain,Insects,established,venenosa,Post-Introduction,Threat,Threat,2006,2006-06-01T12:00:00Z,comment,2473,0,comment_007953,,FALSE
video_005234,2023-08-14T17:59:27Z,63085,,126,Phthorimaea_absoluta,Spain,Insects,established,venenosa,Post-Introduction,Threat,Threat,2006,2006-06-01T12:00:00Z,comment,2473,0,comment_014554,,FALSE
video_005234,2023-07-27T18:07:50Z,63085,,126,Phthorimaea_absoluta,Spain,Insects,established,venenosa,Post-Introduction,Threat,Threat,2006,2006-06-01T12:00:00Z,comment,2473,1,comment_010511,,FALSE
video_005234,2023-07-27T18:07:50Z,63085,,126,Phthorimaea_absoluta,Spain,Insects,established,toxica,Post-Introduction,Threat,Threat,2006,2006-06-01T12:00:00Z,comment,2473,1,comment_010511,,FALSE
video_005234,2023-07-20T17:50:08Z,63085,,126,Phthorimaea_absoluta,Spain,Insects,established,venenosa,Post-Introduction,Threat,Threat,2006,2006-06-01T12:00:00Z,comment,2473,0,comment_013231,,FALSE
video_005234,2023-07-20T17:50:08Z,63085,,126,Phthorimaea_absoluta,Spain,Insects,established,venenosa,Post-Introduction,Threat,Threat,2006,2006-06-01T12:00:00Z,comment,2473,0,comment_013231,,FALSE
video_005234,2023-07-19T22:27:18Z,63085,,126,Phthorimaea_absoluta,Spain,Insects,established,venenosa,Post-Introduction,Threat,Threat,2006,2006-06-01T12:00:00Z,comment,2473,1,comment_008126,,FALSE
video_005234,2023-07-19T19:16:16Z,63085,,126,Phthorimaea_absoluta,Spain,Insects,established,toxica,Post-Introduction,Threat,Threat,2006,2006-06-01T12:00:00Z,comment,2473,2,comment_008375,,FALSE
video_005234,2023-07-18T21:26:01Z,63085,,126,Phthorimaea_absoluta,Spain,Insects,established,venenosa,Post-Introduction,Threat,Threat,2006,2006-06-01T12:00:00Z,comment,2473,2,comment_003728,,FALSE
video_005234,2023-07-18T16:25:32Z,63085,,126,Phthorimaea_absoluta,Spain,Insects,established,visto,Post-Introduction,Detection,Detection,2006,2006-06-01T12:00:00Z,comment,2473,7,comment_014072,,FALSE
video_005234,2023-07-18T16:25:32Z,63085,,126,Phthorimaea_absoluta,Spain,Insects,established,veneno,Post-Introduction,Threat,Threat,2006,2006-06-01T12:00:00Z,comment,2473,7,comment_014072,,FALSE
video_005234,2023-07-18T16:10:50Z,63085,,126,Phthorimaea_absoluta,Spain,Insects,established,venenoso,Post-Introduction,Threat,Threat,2006,2006-06-01T12:00:00Z,comment,2473,0,comment_005858,,FALSE
video_005234,2024-10-24T09:00:16Z,63085,,126,Phthorimaea_absoluta,Spain,Insects,established,plaga,Post-Introduction,Invasion,Invasion,2006,2006-06-01T12:00:00Z,comment,2473,0,comment_008360,comment_008359,TRUE
video_005234,2024-10-24T09:00:16Z,63085,,126,Phthorimaea_absoluta,Spain,Insects,established,controlar,Post-Introduction,Detection,Detection,2006,2006-06-01T12:00:00Z,comment,2473,0,comment_008360,comment_008359,TRUE
video_005234,2024-07-01T20:59:03Z,63085,,126,Phthorimaea_absoluta,Spain,Insects,established,nativa,Post-Introduction,Invasion,Invasion,2006,2006-06-01T12:00:00Z,comment,2473,0,comment_010451,comment_010448,TRUE
video_005234,2023-07-20T15:57:02Z,63085,,126,Phthorimaea_absoluta,Spain,Insects,established,plaga,Post-Introduction,Invasion,Invasion,2006,2006-06-01T12:00:00Z,comment,2473,0,comment_014073,comment_014072,TRUE
video_008202,2017-08-01T19:28:06Z,2942,,25,Phthorimaea_absoluta,Spain,Insects,established,ataca,Post-Introduction,Threat,Threat,2006,2006-06-01T12:00:00Z,comment,52,1,comment_001154,,FALSE
video_008202,2017-08-01T19:28:06Z,2942,,25,Phthorimaea_absoluta,Spain,Insects,established,visto,Post-Introduction,Detection,Detection,2006,2006-06-01T12:00:00Z,comment,52,1,comment_001154,,FALSE
video_008202,2017-08-01T19:28:06Z,2942,,25,Phthorimaea_absoluta,Spain,Insects,established,plaga,Post-Introduction,Invasion,Invasion,2006,2006-06-01T12:00:00Z,comment,52,1,comment_001154,,FALSE
video_008202,2017-08-01T19:28:06Z,2942,,25,Phthorimaea_absoluta,Spain,Insects,established,controlar,Post-Introduction,Detection,Detection,2006,2006-06-01T12:00:00Z,comment,52,1,comment_001154,,FALSE
video_008202,2017-08-01T19:28:06Z,2942,,25,Phthorimaea_absoluta,Spain,Insects,established,plaga,Post-Introduction,Invasion,Invasion,2006,2006-06-01T12:00:00Z,comment,52,1,comment_001154,,FALSE
video_008202,2017-07-31T17:39:54Z,2942,,25,Phthorimaea_absoluta,Spain,Insects,established,plaga,Post-Introduction,Invasion,Invasion,2006,2006-06-01T12:00:00Z,comment,52,1,comment_001129,,FALSE
video_008202,2017-07-28T03:21:06Z,2942,,25,Phthorimaea_absoluta,Spain,Insects,established,plagas,Post-Introduction,Invasion,Invasion,2006,2006-06-01T12:00:00Z,comment,52,0,comment_001290,,FALSE
video_008202,2017-07-27T15:18:14Z,2942,,25,Phthorimaea_absoluta,Spain,Insects,established,plaga,Post-Introduction,Invasion,Invasion,2006,2006-06-01T12:00:00Z,comment,52,2,comment_001453,,FALSE
video_008202,2017-07-27T14:46:40Z,2942,,25,Phthorimaea_absoluta,Spain,Insects,established,plaga,Post-Introduction,Invasion,Invasion,2006,2006-06-01T12:00:00Z,comment,52,1,comment_001198,,FALSE
video_008202,2017-07-27T12:13:13Z,2942,,25,Phthorimaea_absoluta,Spain,Insects,established,plaga,Post-Introduction,Invasion,Invasion,2006,2006-06-01T12:00:00Z,comment,52,2,comment_000719,,FALSE
video_008202,2017-07-27T12:13:13Z,2942,,25,Phthorimaea_absoluta,Spain,Insects,established,trampas,Post-Introduction,Detection,Detection,2006,2006-06-01T12:00:00Z,comment,52,2,comment_000719,,FALSE
video_008202,2017-08-02T02:57:32Z,2942,,25,Phthorimaea_absoluta,Spain,Insects,established,riesgo,Post-Introduction,Threat,Threat,2006,2006-06-01T12:00:00Z,comment,52,1,comment_001156,comment_001154,TRUE
video_008202,2017-07-28T10:29:37Z,2942,,25,Phthorimaea_absoluta,Spain,Insects,established,encontramos,Post-Introduction,Detection,Detection,2006,2006-06-01T12:00:00Z,comment,52,2,comment_001291,comment_001290,TRUE
video_008202,2017-07-28T10:31:06Z,2942,,25,Phthorimaea_absoluta,Spain,Insects,established,visto,Post-Introduction,Detection,Detection,2006,2006-06-01T12:00:00Z,comment,52,0,comment_000720,comment_000719,TRUE
video_009377,2016-05-06T06:04:00Z,43956,,13,Phthorimaea_absoluta,Spain,Insects,established,toxico,Post-Introduction,Threat,Threat,2006,2006-06-01T12:00:00Z,comment,387,0,comment_000468,comment_000467,TRUE
video_010258,2022-07-11T00:24:06Z,98606,,39,Phthorimaea_absoluta,Spain,Insects,established,trampa,Post-Introduction,Detection,Detection,2006,2006-06-01T12:00:00Z,comment,784,0,comment_002430,,FALSE
video_010258,2019-05-31T12:24:04Z,98606,,39,Phthorimaea_absoluta,Spain,Insects,established,trampa,Post-Introduction,Detection,Detection,2006,2006-06-01T12:00:00Z,comment,784,1,comment_005495,,FALSE
video_010258,2018-06-11T19:07:02Z,98606,,39,Phthorimaea_absoluta,Spain,Insects,established,trampa,Post-Introduction,Detection,Detection,2006,2006-06-01T12:00:00Z,comment,784,1,comment_013110,,FALSE
video_010258,2017-07-16T20:44:17Z,98606,,39,Phthorimaea_absoluta,Spain,Insects,established,trampa,Post-Introduction,Detection,Detection,2006,2006-06-01T12:00:00Z,comment,784,1,comment_000604,,FALSE
video_010258,2017-05-27T22:31:05Z,98606,,39,Phthorimaea_absoluta,Spain,Insects,established,plaga,Post-Introduction,Invasion,Invasion,2006,2006-06-01T12:00:00Z,comment,784,0,comment_000797,,FALSE
video_010258,2017-05-18T15:37:12Z,98606,,39,Phthorimaea_absoluta,Spain,Insects,established,trampa,Post-Introduction,Detection,Detection,2006,2006-06-01T12:00:00Z,comment,784,4,comment_001084,,FALSE
video_000107,2025-08-22T15:56:30Z,1721,,25,Phthorimaea_absoluta,Spain,Insects,established,trampa,Post-Introduction,Detection,Detection,2006,2006-06-01T12:00:00Z,comment,56,0,comment_008354,,FALSE
video_000107,2025-06-15T10:35:07Z,1721,,25,Phthorimaea_absoluta,Spain,Insects,established,visto,Post-Introduction,Detection,Detection,2006,2006-06-01T12:00:00Z,comment,56,0,comment_007886,,FALSE
video_000107,2025-06-14T20:12:51Z,1721,,25,Phthorimaea_absoluta,Spain,Insects,established,trampas,Post-Introduction,Detection,Detection,2006,2006-06-01T12:00:00Z,comment,56,1,comment_014021,,FALSE
video_000107,2025-06-14T20:08:07Z,1721,,25,Phthorimaea_absoluta,Spain,Insects,established,trampas,Post-Introduction,Detection,Detection,2006,2006-06-01T12:00:00Z,comment,56,0,comment_004033,,FALSE
video_000107,2025-06-14T20:08:07Z,1721,,25,Phthorimaea_absoluta,Spain,Insects,established,trampas,Post-Introduction,Detection,Detection,2006,2006-06-01T12:00:00Z,comment,56,0,comment_004033,,FALSE
video_000107,2025-06-14T17:37:07Z,1721,,25,Phthorimaea_absoluta,Spain,Insects,established,trampas,Post-Introduction,Detection,Detection,2006,2006-06-01T12:00:00Z,comment,56,0,comment_007599,,FALSE
video_000107,2025-06-16T07:27:39Z,1721,,25,Phthorimaea_absoluta,Spain,Insects,established,trampas,Post-Introduction,Detection,Detection,2006,2006-06-01T12:00:00Z,comment,56,0,comment_013860,comment_013859,TRUE
video_000107,2025-06-15T14:22:14Z,1721,,25,Phthorimaea_absoluta,Spain,Insects,established,trampas,Post-Introduction,Detection,Detection,2006,2006-06-01T12:00:00Z,comment,56,0,comment_013667,comment_013666,TRUE
video_000107,2025-06-14T20:20:56Z,1721,,25,Phthorimaea_absoluta,Spain,Insects,established,trampas,Post-Introduction,Detection,Detection,2006,2006-06-01T12:00:00Z,comment,56,1,comment_004034,comment_004033,TRUE
video_006841,2022-07-18T01:35:54Z,1941,,149,Phthorimaea_absoluta,Spain,Insects,established,plaga,Post-Introduction,Invasion,Invasion,2006,2006-06-01T12:00:00Z,comment,83,1,comment_011808,,FALSE
video_006841,2021-12-26T08:39:14Z,1941,,149,Phthorimaea_absoluta,Spain,Insects,established,plagas,Post-Introduction,Invasion,Invasion,2006,2006-06-01T12:00:00Z,comment,83,2,comment_009645,,FALSE
video_006841,2021-12-04T13:00:09Z,1941,,149,Phthorimaea_absoluta,Spain,Insects,established,control,Post-Introduction,Detection,Detection,2006,2006-06-01T12:00:00Z,comment,83,1,comment_007343,,FALSE
video_006841,2021-12-04T13:00:09Z,1941,,149,Phthorimaea_absoluta,Spain,Insects,established,plagas,Post-Introduction,Invasion,Invasion,2006,2006-06-01T12:00:00Z,comment,83,1,comment_007343,,FALSE
video_006841,2021-11-25T23:40:33Z,1941,,149,Phthorimaea_absoluta,Spain,Insects,established,plagas,Post-Introduction,Invasion,Invasion,2006,2006-06-01T12:00:00Z,comment,83,1,comment_004360,,FALSE
video_006841,2021-11-16T23:46:07Z,1941,,149,Phthorimaea_absoluta,Spain,Insects,established,plagas,Post-Introduction,Invasion,Invasion,2006,2006-06-01T12:00:00Z,comment,83,0,comment_006309,,FALSE
video_006841,2021-11-16T20:17:10Z,1941,,149,Phthorimaea_absoluta,Spain,Insects,established,plagas,Post-Introduction,Invasion,Invasion,2006,2006-06-01T12:00:00Z,comment,83,0,comment_014453,,FALSE
video_006841,2021-11-16T20:17:10Z,1941,,149,Phthorimaea_absoluta,Spain,Insects,established,plaga,Post-Introduction,Invasion,Invasion,2006,2006-06-01T12:00:00Z,comment,83,0,comment_014453,,FALSE
video_006841,2021-11-15T09:12:35Z,1941,,149,Phthorimaea_absoluta,Spain,Insects,established,plaga,Post-Introduction,Invasion,Invasion,2006,2006-06-01T12:00:00Z,comment,83,0,comment_012839,,FALSE
video_006841,2021-11-14T20:50:43Z,1941,,149,Phthorimaea_absoluta,Spain,Insects,established,plaga,Post-Introduction,Invasion,Invasion,2006,2006-06-01T12:00:00Z,comment,83,0,comment_008009,,FALSE
video_006841,2021-11-14T18:48:33Z,1941,,149,Phthorimaea_absoluta,Spain,Insects,established,caro,Post-Introduction,eCommerce,eCommerce,2006,2006-06-01T12:00:00Z,comment,83,1,comment_008479,,FALSE
video_006841,2021-11-14T13:40:36Z,1941,,149,Phthorimaea_absoluta,Spain,Insects,established,plagas,Post-Introduction,Invasion,Invasion,2006,2006-06-01T12:00:00Z,comment,83,1,comment_007706,,FALSE
video_006841,2021-11-14T09:03:58Z,1941,,149,Phthorimaea_absoluta,Spain,Insects,established,plagas,Post-Introduction,Invasion,Invasion,2006,2006-06-01T12:00:00Z,comment,83,0,comment_008236,,FALSE
video_006841,2021-11-13T23:09:05Z,1941,,149,Phthorimaea_absoluta,Spain,Insects,established,plagas,Post-Introduction,Invasion,Invasion,2006,2006-06-01T12:00:00Z,comment,83,1,comment_001776,,FALSE
video_006841,2021-11-13T21:14:30Z,1941,,149,Phthorimaea_absoluta,Spain,Insects,established,ataca,Post-Introduction,Threat,Threat,2006,2006-06-01T12:00:00Z,comment,83,1,comment_014872,,FALSE
video_006841,2021-11-13T09:14:13Z,1941,,149,Phthorimaea_absoluta,Spain,Insects,established,plaga,Post-Introduction,Invasion,Invasion,2006,2006-06-01T12:00:00Z,comment,83,2,comment_013215,,FALSE
video_006841,2021-11-13T06:25:59Z,1941,,149,Phthorimaea_absoluta,Spain,Insects,established,plagas,Post-Introduction,Invasion,Invasion,2006,2006-06-01T12:00:00Z,comment,83,3,comment_007455,,FALSE
video_006841,2021-11-11T12:25:30Z,1941,,149,Phthorimaea_absoluta,Spain,Insects,established,plagas,Post-Introduction,Invasion,Invasion,2006,2006-06-01T12:00:00Z,comment,83,1,comment_005526,,FALSE
video_006841,2021-11-11T01:54:02Z,1941,,149,Phthorimaea_absoluta,Spain,Insects,established,plaga,Post-Introduction,Invasion,Invasion,2006,2006-06-01T12:00:00Z,comment,83,1,comment_009580,,FALSE
video_006841,2021-11-10T19:48:55Z,1941,,149,Phthorimaea_absoluta,Spain,Insects,established,plaga,Post-Introduction,Invasion,Invasion,2006,2006-06-01T12:00:00Z,comment,83,2,comment_002159,,FALSE
video_006841,2021-11-10T19:11:45Z,1941,,149,Phthorimaea_absoluta,Spain,Insects,established,plaga,Post-Introduction,Invasion,Invasion,2006,2006-06-01T12:00:00Z,comment,83,2,comment_010882,,FALSE
video_006841,2021-11-10T18:30:37Z,1941,,149,Phthorimaea_absoluta,Spain,Insects,established,plaga,Post-Introduction,Invasion,Invasion,2006,2006-06-01T12:00:00Z,comment,83,1,comment_005309,,FALSE
video_006841,2021-11-10T17:05:40Z,1941,,149,Phthorimaea_absoluta,Spain,Insects,established,plaga,Post-Introduction,Invasion,Invasion,2006,2006-06-01T12:00:00Z,comment,83,2,comment_010575,,FALSE
video_006841,2021-11-10T16:40:13Z,1941,,149,Phthorimaea_absoluta,Spain,Insects,established,plaga,Post-Introduction,Invasion,Invasion,2006,2006-06-01T12:00:00Z,comment,83,1,comment_008176,,FALSE
video_006841,2021-11-10T16:40:13Z,1941,,149,Phthorimaea_absoluta,Spain,Insects,established,caro,Post-Introduction,eCommerce,eCommerce,2006,2006-06-01T12:00:00Z,comment,83,1,comment_008176,,FALSE
video_006841,2021-11-10T16:39:34Z,1941,,149,Phthorimaea_absoluta,Spain,Insects,established,plaga,Post-Introduction,Invasion,Invasion,2006,2006-06-01T12:00:00Z,comment,83,2,comment_003943,,FALSE
video_006841,2022-07-19T07:41:35Z,1941,,149,Phthorimaea_absoluta,Spain,Insects,established,plaga,Post-Introduction,Invasion,Invasion,2006,2006-06-01T12:00:00Z,comment,83,0,comment_011809,comment_011808,TRUE
video_006841,2021-11-18T18:17:23Z,1941,,149,Phthorimaea_absoluta,Spain,Insects,established,plagas,Post-Introduction,Invasion,Invasion,2006,2006-06-01T12:00:00Z,comment,83,0,comment_013072,comment_013071,TRUE
video_006841,2021-11-15T18:05:28Z,1941,,149,Phthorimaea_absoluta,Spain,Insects,established,plagas,Post-Introduction,Invasion,Invasion,2006,2006-06-01T12:00:00Z,comment,83,0,comment_012840,comment_012839,TRUE
video_006841,2021-11-13T13:31:11Z,1941,,149,Phthorimaea_absoluta,Spain,Insects,established,plagas,Post-Introduction,Invasion,Invasion,2006,2006-06-01T12:00:00Z,comment,83,1,comment_014212,comment_014211,TRUE
video_006841,2021-11-10T22:25:54Z,1941,,149,Phthorimaea_absoluta,Spain,Insects,established,plagas,Post-Introduction,Invasion,Invasion,2006,2006-06-01T12:00:00Z,comment,83,2,comment_002160,comment_002159,TRUE
video_006841,2021-11-10T22:29:17Z,1941,,149,Phthorimaea_absoluta,Spain,Insects,established,plaga,Post-Introduction,Invasion,Invasion,2006,2006-06-01T12:00:00Z,comment,83,1,comment_008491,comment_008490,TRUE
video_006841,2021-11-10T22:31:51Z,1941,,149,Phthorimaea_absoluta,Spain,Insects,established,caro,Post-Introduction,eCommerce,eCommerce,2006,2006-06-01T12:00:00Z,comment,83,1,comment_008177,comment_008176,TRUE
video_000426,2025-06-26T07:02:10Z,237906,,188,Phthorimaea_absoluta,Spain,Insects,established,trampas,Post-Introduction,Detection,Detection,2006,2006-06-01T12:00:00Z,comment,3037,0,comment_013140,,FALSE
video_000426,2024-11-03T04:43:55Z,237906,,188,Phthorimaea_absoluta,Spain,Insects,established,venenoso,Post-Introduction,Threat,Threat,2006,2006-06-01T12:00:00Z,comment,3037,0,comment_003005,,FALSE
video_000426,2024-09-26T20:38:30Z,237906,,188,Phthorimaea_absoluta,Spain,Insects,established,trampas,Post-Introduction,Detection,Detection,2006,2006-06-01T12:00:00Z,comment,3037,6,comment_009029,,FALSE
video_000426,2024-06-05T16:00:54Z,237906,,188,Phthorimaea_absoluta,Spain,Insects,established,visto,Post-Introduction,Detection,Detection,2006,2006-06-01T12:00:00Z,comment,3037,6,comment_013505,,FALSE
video_000426,2024-06-01T15:28:21Z,237906,,188,Phthorimaea_absoluta,Spain,Insects,established,barato,Post-Introduction,eCommerce,eCommerce,2006,2006-06-01T12:00:00Z,comment,3037,2,comment_006269,,FALSE
video_000426,2024-05-19T06:34:29Z,237906,,188,Phthorimaea_absoluta,Spain,Insects,established,trampas,Post-Introduction,Detection,Detection,2006,2006-06-01T12:00:00Z,comment,3037,4,comment_013499,,FALSE
video_000426,2024-06-26T22:15:32Z,237906,,188,Phthorimaea_absoluta,Spain,Insects,established,plagas,Post-Introduction,Invasion,Invasion,2006,2006-06-01T12:00:00Z,comment,3037,2,comment_013175,comment_013173,TRUE
video_000426,2024-06-01T12:42:44Z,237906,,188,Phthorimaea_absoluta,Spain,Insects,established,trampa,Post-Introduction,Detection,Detection,2006,2006-06-01T12:00:00Z,comment,3037,3,comment_005246,comment_005245,TRUE
video_000426,2024-07-22T19:21:30Z,237906,,188,Phthorimaea_absoluta,Spain,Insects,established,trampa,Post-Introduction,Detection,Detection,2006,2006-06-01T12:00:00Z,comment,3037,2,comment_007492,comment_007488,TRUE
video_000426,2024-05-18T15:22:20Z,237906,,188,Phthorimaea_absoluta,Spain,Insects,established,trampas,Post-Introduction,Detection,Detection,2006,2006-06-01T12:00:00Z,comment,3037,5,comment_007936,,FALSE
video_000426,2024-05-18T17:23:54Z,237906,,188,Phthorimaea_absoluta,Spain,Insects,established,barato,Post-Introduction,eCommerce,eCommerce,2006,2006-06-01T12:00:00Z,comment,3037,3,comment_006149,comment_006148,TRUE
video_010528,2025-07-04T11:39:45Z,226350,,166,Phthorimaea_absoluta,Spain,Insects,established,comprar,Post-Introduction,eCommerce,eCommerce,2006,2006-06-01T12:00:00Z,comment,3598,2,comment_002175,,FALSE
video_010528,2025-05-27T00:43:13Z,226350,,166,Phthorimaea_absoluta,Spain,Insects,established,atacado,Post-Introduction,Threat,Threat,2006,2006-06-01T12:00:00Z,comment,3598,0,comment_002501,,FALSE
video_010528,2025-05-27T00:43:13Z,226350,,166,Phthorimaea_absoluta,Spain,Insects,established,costo,Post-Introduction,eCommerce,eCommerce,2006,2006-06-01T12:00:00Z,comment,3598,0,comment_002501,,FALSE
video_010528,2024-07-27T17:00:12Z,226350,,166,Phthorimaea_absoluta,Spain,Insects,established,encontrado,Post-Introduction,Detection,Detection,2006,2006-06-01T12:00:00Z,comment,3598,0,comment_008264,,FALSE
video_010528,2024-07-27T17:00:12Z,226350,,166,Phthorimaea_absoluta,Spain,Insects,established,comprado,Post-Introduction,eCommerce,eCommerce,2006,2006-06-01T12:00:00Z,comment,3598,0,comment_008264,,FALSE
video_010528,2023-09-03T20:09:22Z,226350,,166,Phthorimaea_absoluta,Spain,Insects,established,tienda,Post-Introduction,eCommerce,eCommerce,2006,2006-06-01T12:00:00Z,comment,3598,0,comment_007549,,FALSE
video_010528,2023-09-03T20:09:22Z,226350,,166,Phthorimaea_absoluta,Spain,Insects,established,invasion,Post-Introduction,Invasion,Invasion,2006,2006-06-01T12:00:00Z,comment,3598,0,comment_007549,,FALSE
video_010528,2023-05-12T18:51:47Z,226350,,166,Phthorimaea_absoluta,Spain,Insects,established,trampas,Post-Introduction,Detection,Detection,2006,2006-06-01T12:00:00Z,comment,3598,0,comment_005801,,FALSE
video_010528,2022-09-07T19:20:55Z,226350,,166,Phthorimaea_absoluta,Spain,Insects,established,plaga,Post-Introduction,Invasion,Invasion,2006,2006-06-01T12:00:00Z,comment,3598,0,comment_009498,,FALSE
video_010528,2021-10-18T11:07:44Z,226350,,166,Phthorimaea_absoluta,Spain,Insects,established,trampas,Post-Introduction,Detection,Detection,2006,2006-06-01T12:00:00Z,comment,3598,0,comment_009829,,FALSE
video_010528,2021-05-19T11:55:58Z,226350,,166,Phthorimaea_absoluta,Spain,Insects,established,trampa,Post-Introduction,Detection,Detection,2006,2006-06-01T12:00:00Z,comment,3598,0,comment_009246,,FALSE
video_010528,2021-01-13T16:57:46Z,226350,,166,Phthorimaea_absoluta,Spain,Insects,established,trampas,Post-Introduction,Detection,Detection,2006,2006-06-01T12:00:00Z,comment,3598,0,comment_008271,,FALSE
video_010528,2020-07-20T21:58:31Z,226350,,166,Phthorimaea_absoluta,Spain,Insects,established,trampa,Post-Introduction,Detection,Detection,2006,2006-06-01T12:00:00Z,comment,3598,0,comment_006267,,FALSE
video_010528,2020-06-01T09:17:44Z,226350,,166,Phthorimaea_absoluta,Spain,Insects,established,trampas,Post-Introduction,Detection,Detection,2006,2006-06-01T12:00:00Z,comment,3598,0,comment_004439,,FALSE
video_010528,2020-06-01T09:17:44Z,226350,,166,Phthorimaea_absoluta,Spain,Insects,established,trampa,Post-Introduction,Detection,Detection,2006,2006-06-01T12:00:00Z,comment,3598,0,comment_004439,,FALSE
video_010528,2020-04-19T13:58:33Z,226350,,166,Phthorimaea_absoluta,Spain,Insects,established,visto,Post-Introduction,Detection,Detection,2006,2006-06-01T12:00:00Z,comment,3598,0,comment_013164,,FALSE
video_010528,2020-04-19T13:58:33Z,226350,,166,Phthorimaea_absoluta,Spain,Insects,established,trampas,Post-Introduction,Detection,Detection,2006,2006-06-01T12:00:00Z,comment,3598,0,comment_013164,,FALSE
video_010528,2020-04-19T13:58:33Z,226350,,166,Phthorimaea_absoluta,Spain,Insects,established,trampa,Post-Introduction,Detection,Detection,2006,2006-06-01T12:00:00Z,comment,3598,0,comment_013164,,FALSE
video_010528,2020-04-19T13:58:33Z,226350,,166,Phthorimaea_absoluta,Spain,Insects,established,comprar,Post-Introduction,eCommerce,eCommerce,2006,2006-06-01T12:00:00Z,comment,3598,0,comment_013164,,FALSE
video_010528,2019-06-03T21:55:39Z,226350,,166,Phthorimaea_absoluta,Spain,Insects,established,cara,Post-Introduction,eCommerce,eCommerce,2006,2006-06-01T12:00:00Z,comment,3598,2,comment_005640,,FALSE
video_010528,2019-06-03T21:55:39Z,226350,,166,Phthorimaea_absoluta,Spain,Insects,established,cara,Post-Introduction,eCommerce,eCommerce,2006,2006-06-01T12:00:00Z,comment,3598,2,comment_005640,,FALSE
video_010528,2019-05-26T18:30:00Z,226350,,166,Phthorimaea_absoluta,Spain,Insects,established,trampas,Post-Introduction,Detection,Detection,2006,2006-06-01T12:00:00Z,comment,3598,0,comment_007494,,FALSE
video_010528,2019-05-25T18:08:38Z,226350,,166,Phthorimaea_absoluta,Spain,Insects,established,trampas,Post-Introduction,Detection,Detection,2006,2006-06-01T12:00:00Z,comment,3598,0,comment_013489,,FALSE
video_010528,2019-05-23T17:31:56Z,226350,,166,Phthorimaea_absoluta,Spain,Insects,established,trampa,Post-Introduction,Detection,Detection,2006,2006-06-01T12:00:00Z,comment,3598,1,comment_005041,,FALSE
video_010528,2019-04-20T21:28:03Z,226350,,166,Phthorimaea_absoluta,Spain,Insects,established,tienda,Post-Introduction,eCommerce,eCommerce,2006,2006-06-01T12:00:00Z,comment,3598,1,comment_008357,,FALSE
video_010528,2019-04-08T16:37:03Z,226350,,166,Phthorimaea_absoluta,Spain,Insects,established,trampa,Post-Introduction,Detection,Detection,2006,2006-06-01T12:00:00Z,comment,3598,1,comment_012728,,FALSE
video_010528,2019-01-08T20:00:40Z,226350,,166,Phthorimaea_absoluta,Spain,Insects,established,trampa,Post-Introduction,Detection,Detection,2006,2006-06-01T12:00:00Z,comment,3598,3,comment_007630,,FALSE
video_010528,2018-08-11T11:11:04Z,226350,,166,Phthorimaea_absoluta,Spain,Insects,established,trampa,Post-Introduction,Detection,Detection,2006,2006-06-01T12:00:00Z,comment,3598,2,comment_003584,,FALSE
video_010528,2018-07-25T17:43:15Z,226350,,166,Phthorimaea_absoluta,Spain,Insects,established,trampa,Post-Introduction,Detection,Detection,2006,2006-06-01T12:00:00Z,comment,3598,1,comment_009070,,FALSE
video_010528,2018-07-17T16:47:27Z,226350,,166,Phthorimaea_absoluta,Spain,Insects,established,trampa,Post-Introduction,Detection,Detection,2006,2006-06-01T12:00:00Z,comment,3598,2,comment_001535,,FALSE
video_010528,2018-06-07T21:04:02Z,226350,,166,Phthorimaea_absoluta,Spain,Insects,established,trampas,Post-Introduction,Detection,Detection,2006,2006-06-01T12:00:00Z,comment,3598,0,comment_002785,,FALSE
video_010528,2018-03-07T03:03:02Z,226350,,166,Phthorimaea_absoluta,Spain,Insects,established,atacado,Post-Introduction,Threat,Threat,2006,2006-06-01T12:00:00Z,comment,3598,0,comment_003416,,FALSE
video_010528,2018-03-07T03:03:02Z,226350,,166,Phthorimaea_absoluta,Spain,Insects,established,plaga,Post-Introduction,Invasion,Invasion,2006,2006-06-01T12:00:00Z,comment,3598,0,comment_003416,,FALSE
video_010528,2017-07-22T11:31:42Z,226350,,166,Phthorimaea_absoluta,Spain,Insects,established,compra,Post-Introduction,eCommerce,eCommerce,2006,2006-06-01T12:00:00Z,comment,3598,1,comment_000500,,FALSE
video_010528,2017-05-02T20:24:05Z,226350,,166,Phthorimaea_absoluta,Spain,Insects,established,comprar,Post-Introduction,eCommerce,eCommerce,2006,2006-06-01T12:00:00Z,comment,3598,1,comment_000484,,FALSE
video_010528,2017-05-02T20:24:05Z,226350,,166,Phthorimaea_absoluta,Spain,Insects,established,visto,Post-Introduction,Detection,Detection,2006,2006-06-01T12:00:00Z,comment,3598,1,comment_000484,,FALSE
video_010528,2017-05-02T20:24:05Z,226350,,166,Phthorimaea_absoluta,Spain,Insects,established,precio,Post-Introduction,eCommerce,eCommerce,2006,2006-06-01T12:00:00Z,comment,3598,1,comment_000484,,FALSE
video_010528,2017-04-28T10:52:34Z,226350,,166,Phthorimaea_absoluta,Spain,Insects,established,comprar,Post-Introduction,eCommerce,eCommerce,2006,2006-06-01T12:00:00Z,comment,3598,2,comment_000382,,FALSE
video_010528,2017-04-02T03:34:07Z,226350,,166,Phthorimaea_absoluta,Spain,Insects,established,trampas,Post-Introduction,Detection,Detection,2006,2006-06-01T12:00:00Z,comment,3598,2,comment_001275,,FALSE
video_010528,2016-05-22T21:13:40Z,226350,,166,Phthorimaea_absoluta,Spain,Insects,established,trampas,Post-Introduction,Detection,Detection,2006,2006-06-01T12:00:00Z,comment,3598,2,comment_000746,,FALSE
video_010528,2016-05-22T21:13:40Z,226350,,166,Phthorimaea_absoluta,Spain,Insects,established,trampas,Post-Introduction,Detection,Detection,2006,2006-06-01T12:00:00Z,comment,3598,2,comment_000746,,FALSE
video_010528,2015-12-24T15:11:19Z,226350,,166,Phthorimaea_absoluta,Spain,Insects,established,trampa,Post-Introduction,Detection,Detection,2006,2006-06-01T12:00:00Z,comment,3598,1,comment_000384,,FALSE
video_010528,2015-08-19T11:14:10Z,226350,,166,Phthorimaea_absoluta,Spain,Insects,established,aparecido,Post-Introduction,Detection,Detection,2006,2006-06-01T12:00:00Z,comment,3598,3,comment_000392,,FALSE
video_010528,2015-08-18T10:04:24Z,226350,,166,Phthorimaea_absoluta,Spain,Insects,established,compre,Post-Introduction,eCommerce,eCommerce,2006,2006-06-01T12:00:00Z,comment,3598,2,comment_001285,,FALSE
video_010528,2023-04-23T20:06:17Z,226350,,166,Phthorimaea_absoluta,Spain,Insects,established,trampas,Post-Introduction,Detection,Detection,2006,2006-06-01T12:00:00Z,comment,3598,1,comment_008063,comment_008062,TRUE
video_010528,2023-04-23T20:06:17Z,226350,,166,Phthorimaea_absoluta,Spain,Insects,established,compre,Post-Introduction,eCommerce,eCommerce,2006,2006-06-01T12:00:00Z,comment,3598,1,comment_008063,comment_008062,TRUE
video_010528,2022-08-19T07:58:01Z,226350,,166,Phthorimaea_absoluta,Spain,Insects,established,plaga,Post-Introduction,Invasion,Invasion,2006,2006-06-01T12:00:00Z,comment,3598,0,comment_008978,comment_008977,TRUE
video_010528,2022-07-14T17:39:54Z,226350,,166,Phthorimaea_absoluta,Spain,Insects,established,compre,Post-Introduction,eCommerce,eCommerce,2006,2006-06-01T12:00:00Z,comment,3598,0,comment_007922,comment_007920,TRUE
video_010528,2022-07-14T17:39:54Z,226350,,166,Phthorimaea_absoluta,Spain,Insects,established,trampas,Post-Introduction,Detection,Detection,2006,2006-06-01T12:00:00Z,comment,3598,0,comment_007922,comment_007920,TRUE
video_010528,2019-05-23T17:37:49Z,226350,,166,Phthorimaea_absoluta,Spain,Insects,established,trampas,Post-Introduction,Detection,Detection,2006,2006-06-01T12:00:00Z,comment,3598,1,comment_005043,comment_005041,TRUE
video_010528,2019-05-23T17:37:49Z,226350,,166,Phthorimaea_absoluta,Spain,Insects,established,trampa,Post-Introduction,Detection,Detection,2006,2006-06-01T12:00:00Z,comment,3598,1,comment_005043,comment_005041,TRUE
video_010528,2018-08-05T12:07:31Z,226350,,166,Phthorimaea_absoluta,Spain,Insects,established,plaga,Post-Introduction,Invasion,Invasion,2006,2006-06-01T12:00:00Z,comment,3598,1,comment_014920,comment_014919,TRUE
video_010528,2018-08-05T12:07:31Z,226350,,166,Phthorimaea_absoluta,Spain,Insects,established,controlada,Post-Introduction,Detection,Detection,2006,2006-06-01T12:00:00Z,comment,3598,1,comment_014920,comment_014919,TRUE
video_010528,2018-07-17T16:53:30Z,226350,,166,Phthorimaea_absoluta,Spain,Insects,established,barata,Post-Introduction,eCommerce,eCommerce,2006,2006-06-01T12:00:00Z,comment,3598,1,comment_001536,comment_001535,TRUE
video_010528,2018-07-17T20:31:27Z,226350,,166,Phthorimaea_absoluta,Spain,Insects,established,cara,Post-Introduction,eCommerce,eCommerce,2006,2006-06-01T12:00:00Z,comment,3598,0,comment_001537,comment_001535,TRUE
video_010528,2020-07-06T19:33:36Z,226350,,166,Phthorimaea_absoluta,Spain,Insects,established,veneno,Post-Introduction,Threat,Threat,2006,2006-06-01T12:00:00Z,comment,3598,0,comment_003908,comment_003905,TRUE
video_010528,2020-07-06T19:33:36Z,226350,,166,Phthorimaea_absoluta,Spain,Insects,established,comprar,Post-Introduction,eCommerce,eCommerce,2006,2006-06-01T12:00:00Z,comment,3598,0,comment_003908,comment_003905,TRUE
video_010528,2020-07-06T19:33:36Z,226350,,166,Phthorimaea_absoluta,Spain,Insects,established,tienda,Post-Introduction,eCommerce,eCommerce,2006,2006-06-01T12:00:00Z,comment,3598,0,comment_003908,comment_003905,TRUE
video_010528,2017-07-22T14:29:24Z,226350,,166,Phthorimaea_absoluta,Spain,Insects,established,compra,Post-Introduction,eCommerce,eCommerce,2006,2006-06-01T12:00:00Z,comment,3598,1,comment_000501,comment_000500,TRUE
video_010528,2017-05-02T20:44:39Z,226350,,166,Phthorimaea_absoluta,Spain,Insects,established,comprar,Post-Introduction,eCommerce,eCommerce,2006,2006-06-01T12:00:00Z,comment,3598,1,comment_000486,comment_000484,TRUE
video_010528,2017-05-02T21:38:26Z,226350,,166,Phthorimaea_absoluta,Spain,Insects,established,costo,Post-Introduction,eCommerce,eCommerce,2006,2006-06-01T12:00:00Z,comment,3598,2,comment_000487,comment_000484,TRUE
video_010528,2017-05-02T21:38:26Z,226350,,166,Phthorimaea_absoluta,Spain,Insects,established,precio,Post-Introduction,eCommerce,eCommerce,2006,2006-06-01T12:00:00Z,comment,3598,2,comment_000487,comment_000484,TRUE
video_010528,2017-02-13T18:07:18Z,226350,,166,Phthorimaea_absoluta,Spain,Insects,established,trampas,Post-Introduction,Detection,Detection,2006,2006-06-01T12:00:00Z,comment,3598,1,comment_001258,comment_001257,TRUE
video_010528,2016-05-22T22:00:50Z,226350,,166,Phthorimaea_absoluta,Spain,Insects,established,trampas,Post-Introduction,Detection,Detection,2006,2006-06-01T12:00:00Z,comment,3598,1,comment_000747,comment_000746,TRUE
video_010528,2016-05-24T06:59:59Z,226350,,166,Phthorimaea_absoluta,Spain,Insects,established,comprado,Post-Introduction,eCommerce,eCommerce,2006,2006-06-01T12:00:00Z,comment,3598,0,comment_000748,comment_000746,TRUE
video_010528,2016-05-24T07:56:57Z,226350,,166,Phthorimaea_absoluta,Spain,Insects,established,caro,Post-Introduction,eCommerce,eCommerce,2006,2006-06-01T12:00:00Z,comment,3598,0,comment_000751,comment_000746,TRUE
video_010528,2015-12-24T17:07:32Z,226350,,166,Phthorimaea_absoluta,Spain,Insects,established,trampas,Post-Introduction,Detection,Detection,2006,2006-06-01T12:00:00Z,comment,3598,2,comment_000385,comment_000384,TRUE
video_010528,2015-12-24T17:07:32Z,226350,,166,Phthorimaea_absoluta,Spain,Insects,established,trampas,Post-Introduction,Detection,Detection,2006,2006-06-01T12:00:00Z,comment,3598,2,comment_000385,comment_000384,TRUE
video_010528,2015-12-24T17:07:32Z,226350,,166,Phthorimaea_absoluta,Spain,Insects,established,trampas,Post-Introduction,Detection,Detection,2006,2006-06-01T12:00:00Z,comment,3598,2,comment_000385,comment_000384,TRUE
video_010528,2015-08-20T06:35:08Z,226350,,166,Phthorimaea_absoluta,Spain,Insects,established,veneno,Post-Introduction,Threat,Threat,2006,2006-06-01T12:00:00Z,comment,3598,1,comment_000413,comment_000412,TRUE
video_005889,2022-06-27T21:50:23Z,31912,,12,Phthorimaea_absoluta,Spain,Insects,established,trampa,Post-Introduction,Detection,Detection,2006,2006-06-01T12:00:00Z,comment,186,0,comment_013460,,FALSE
video_005889,2020-09-02T23:03:51Z,31912,,12,Phthorimaea_absoluta,Spain,Insects,established,trampas,Post-Introduction,Detection,Detection,2006,2006-06-01T12:00:00Z,comment,186,0,comment_004622,,FALSE
video_005889,2020-11-06T16:40:40Z,31912,,12,Phthorimaea_absoluta,Spain,Insects,established,control,Post-Introduction,Detection,Detection,2006,2006-06-01T12:00:00Z,comment,186,0,comment_004623,comment_004622,TRUE
video_005889,2020-11-06T16:32:11Z,31912,,12,Phthorimaea_absoluta,Spain,Insects,established,plaga,Post-Introduction,Invasion,Invasion,2006,2006-06-01T12:00:00Z,comment,186,0,comment_006437,comment_006436,TRUE
video_005889,2020-11-06T16:41:01Z,31912,,12,Phthorimaea_absoluta,Spain,Insects,established,plaga,Post-Introduction,Invasion,Invasion,2006,2006-06-01T12:00:00Z,comment,186,0,comment_006438,comment_006436,TRUE
video_012643,2021-07-07T07:47:05Z,5188,,32,Phthorimaea_absoluta,Spain,Insects,established,plaga,Post-Introduction,Invasion,Invasion,2006,2006-06-01T12:00:00Z,comment,156,1,comment_001964,,FALSE
video_012643,2021-06-24T08:51:46Z,5188,,32,Phthorimaea_absoluta,Spain,Insects,established,trampas,Post-Introduction,Detection,Detection,2006,2006-06-01T12:00:00Z,comment,156,1,comment_013905,,FALSE
video_012643,2021-06-14T21:03:41Z,5188,,32,Phthorimaea_absoluta,Spain,Insects,established,trampas,Post-Introduction,Detection,Detection,2006,2006-06-01T12:00:00Z,comment,156,1,comment_003620,,FALSE
video_012643,2021-06-10T20:46:51Z,5188,,32,Phthorimaea_absoluta,Spain,Insects,established,trampa,Post-Introduction,Detection,Detection,2006,2006-06-01T12:00:00Z,comment,156,2,comment_013044,,FALSE
video_012643,2021-06-10T20:10:43Z,5188,,32,Phthorimaea_absoluta,Spain,Insects,established,atacado,Post-Introduction,Threat,Threat,2006,2006-06-01T12:00:00Z,comment,156,2,comment_003957,,FALSE
video_012643,2021-06-12T06:54:36Z,5188,,32,Phthorimaea_absoluta,Spain,Insects,established,plaga,Post-Introduction,Invasion,Invasion,2006,2006-06-01T12:00:00Z,comment,156,0,comment_013045,comment_013044,TRUE
video_012643,2021-06-12T06:54:36Z,5188,,32,Phthorimaea_absoluta,Spain,Insects,established,plagas,Post-Introduction,Invasion,Invasion,2006,2006-06-01T12:00:00Z,comment,156,0,comment_013045,comment_013044,TRUE
video_012600,2021-07-15T13:51:34Z,106937,,13,Phthorimaea_absoluta,Spain,Insects,established,peligro,Post-Introduction,Threat,Threat,2006,2006-06-01T12:00:00Z,comment,648,0,comment_014935,,FALSE
video_012600,2021-07-15T13:51:34Z,106937,,13,Phthorimaea_absoluta,Spain,Insects,established,control,Post-Introduction,Detection,Detection,2006,2006-06-01T12:00:00Z,comment,648,0,comment_014935,,FALSE
video_012600,2021-07-15T13:51:34Z,106937,,13,Phthorimaea_absoluta,Spain,Insects,established,barato,Post-Introduction,eCommerce,eCommerce,2006,2006-06-01T12:00:00Z,comment,648,0,comment_014935,,FALSE
video_012600,2021-07-15T13:51:34Z,106937,,13,Phthorimaea_absoluta,Spain,Insects,established,caro,Post-Introduction,eCommerce,eCommerce,2006,2006-06-01T12:00:00Z,comment,648,0,comment_014935,,FALSE
video_005089,2025-04-09T20:50:48Z,11404,,4,Phthorimaea_absoluta,Spain,Insects,established,trampa,Post-Introduction,Detection,Detection,2006,2006-06-01T12:00:00Z,comment,55,0,comment_006492,,FALSE
video_005089,2022-07-02T08:04:28Z,11404,,4,Phthorimaea_absoluta,Spain,Insects,established,control,Post-Introduction,Detection,Detection,2006,2006-06-01T12:00:00Z,comment,55,0,comment_008421,,FALSE
video_008350,2020-10-19T23:46:55Z,211604,,301,Phthorimaea_absoluta,Spain,Insects,established,plaga,Post-Introduction,Invasion,Invasion,2006,2006-06-01T12:00:00Z,comment,5299,0,comment_005375,,FALSE
video_008350,2020-07-18T21:27:04Z,211604,,301,Phthorimaea_absoluta,Spain,Insects,established,encontre,Post-Introduction,Detection,Detection,2006,2006-06-01T12:00:00Z,comment,5299,0,comment_011816,,FALSE
video_008350,2020-04-17T15:31:57Z,211604,,301,Phthorimaea_absoluta,Spain,Insects,established,comprar,Post-Introduction,eCommerce,eCommerce,2006,2006-06-01T12:00:00Z,comment,5299,1,comment_010813,,FALSE
video_008350,2019-05-01T20:35:29Z,211604,,301,Phthorimaea_absoluta,Spain,Insects,established,ataca,Post-Introduction,Threat,Threat,2006,2006-06-01T12:00:00Z,comment,5299,0,comment_009997,,FALSE
video_008350,2018-02-15T17:08:40Z,211604,,301,Phthorimaea_absoluta,Spain,Insects,established,plaga,Post-Introduction,Invasion,Invasion,2006,2006-06-01T12:00:00Z,comment,5299,0,comment_006002,,FALSE
video_008350,2016-12-06T02:26:51Z,211604,,301,Phthorimaea_absoluta,Spain,Insects,established,control,Post-Introduction,Detection,Detection,2006,2006-06-01T12:00:00Z,comment,5299,0,comment_000892,,FALSE
video_008350,2016-12-02T21:28:46Z,211604,,301,Phthorimaea_absoluta,Spain,Insects,established,trampas,Post-Introduction,Detection,Detection,2006,2006-06-01T12:00:00Z,comment,5299,0,comment_000331,,FALSE
video_008350,2016-11-14T16:18:14Z,211604,,301,Phthorimaea_absoluta,Spain,Insects,established,plagas,Post-Introduction,Invasion,Invasion,2006,2006-06-01T12:00:00Z,comment,5299,1,comment_001208,,FALSE
video_008350,2016-09-16T11:13:56Z,211604,,301,Phthorimaea_absoluta,Spain,Insects,established,plaga,Post-Introduction,Invasion,Invasion,2006,2006-06-01T12:00:00Z,comment,5299,0,comment_000163,,FALSE
video_008350,2016-07-21T17:38:44Z,211604,,301,Phthorimaea_absoluta,Spain,Insects,established,aparece,Post-Introduction,Detection,Detection,2006,2006-06-01T12:00:00Z,comment,5299,0,comment_000833,,FALSE
video_008350,2022-03-28T22:09:18Z,211604,,301,Phthorimaea_absoluta,Spain,Insects,established,aparicion,Post-Introduction,Detection,Detection,2006,2006-06-01T12:00:00Z,comment,5299,1,comment_012653,comment_012651,TRUE
video_008350,2022-03-28T22:09:18Z,211604,,301,Phthorimaea_absoluta,Spain,Insects,established,plagas,Post-Introduction,Invasion,Invasion,2006,2006-06-01T12:00:00Z,comment,5299,1,comment_012653,comment_012651,TRUE
video_008350,2016-09-22T23:08:20Z,211604,,301,Phthorimaea_absoluta,Spain,Insects,established,trampa,Post-Introduction,Detection,Detection,2006,2006-06-01T12:00:00Z,comment,5299,0,comment_000164,comment_000163,TRUE
video_008350,2016-06-20T16:22:34Z,211604,,301,Phthorimaea_absoluta,Spain,Insects,established,vender,Post-Introduction,eCommerce,eCommerce,2006,2006-06-01T12:00:00Z,comment,5299,0,comment_000679,comment_000678,TRUE
video_008350,2016-06-13T10:27:24Z,211604,,301,Phthorimaea_absoluta,Spain,Insects,established,comprar,Post-Introduction,eCommerce,eCommerce,2006,2006-06-01T12:00:00Z,comment,5299,2,comment_000705,comment_000704,TRUE
video_008350,2016-10-07T23:46:33Z,211604,,301,Phthorimaea_absoluta,Spain,Insects,established,plaga,Post-Introduction,Invasion,Invasion,2006,2006-06-01T12:00:00Z,comment,5299,0,comment_000706,comment_000704,TRUE
video_008350,2016-10-07T23:46:33Z,211604,,301,Phthorimaea_absoluta,Spain,Insects,established,plaga,Post-Introduction,Invasion,Invasion,2006,2006-06-01T12:00:00Z,comment,5299,0,comment_000706,comment_000704,TRUE
video_008350,2015-09-01T02:22:59Z,211604,,301,Phthorimaea_absoluta,Spain,Insects,established,plagas,Post-Introduction,Invasion,Invasion,2006,2006-06-01T12:00:00Z,comment,5299,0,comment_001259,,FALSE
video_008350,2015-08-13T20:14:39Z,211604,,301,Phthorimaea_absoluta,Spain,Insects,established,plaga,Post-Introduction,Invasion,Invasion,2006,2006-06-01T12:00:00Z,comment,5299,0,comment_000253,,FALSE
video_008350,2015-07-20T22:18:39Z,211604,,301,Phthorimaea_absoluta,Spain,Insects,established,plaga,Post-Introduction,Invasion,Invasion,2006,2006-06-01T12:00:00Z,comment,5299,0,comment_000497,,FALSE
video_008350,2015-07-17T22:36:32Z,211604,,301,Phthorimaea_absoluta,Spain,Insects,established,visto,Post-Introduction,Detection,Detection,2006,2006-06-01T12:00:00Z,comment,5299,0,comment_000878,,FALSE
video_008350,2015-07-17T22:04:57Z,211604,,301,Phthorimaea_absoluta,Spain,Insects,established,aparezca,Post-Introduction,Detection,Detection,2006,2006-06-01T12:00:00Z,comment,5299,3,comment_001320,,FALSE
video_008350,2015-07-16T23:14:09Z,211604,,301,Phthorimaea_absoluta,Spain,Insects,established,encontre,Post-Introduction,Detection,Detection,2006,2006-06-01T12:00:00Z,comment,5299,0,comment_000845,,FALSE
video_008350,2015-07-16T22:40:34Z,211604,,301,Phthorimaea_absoluta,Spain,Insects,established,plaga,Post-Introduction,Invasion,Invasion,2006,2006-06-01T12:00:00Z,comment,5299,0,comment_001273,,FALSE
video_008350,2015-07-16T19:55:04Z,211604,,301,Phthorimaea_absoluta,Spain,Insects,established,plagas,Post-Introduction,Invasion,Invasion,2006,2006-06-01T12:00:00Z,comment,5299,5,comment_000249,,FALSE
video_008350,2015-07-16T19:55:04Z,211604,,301,Phthorimaea_absoluta,Spain,Insects,established,visto,Post-Introduction,Detection,Detection,2006,2006-06-01T12:00:00Z,comment,5299,5,comment_000249,,FALSE
video_008350,2015-07-16T18:49:51Z,211604,,301,Phthorimaea_absoluta,Spain,Insects,established,visto,Post-Introduction,Detection,Detection,2006,2006-06-01T12:00:00Z,comment,5299,0,comment_001011,,FALSE
video_008350,2015-07-16T18:12:04Z,211604,,301,Phthorimaea_absoluta,Spain,Insects,established,plaga,Post-Introduction,Invasion,Invasion,2006,2006-06-01T12:00:00Z,comment,5299,0,comment_001124,,FALSE
video_008350,2017-08-18T21:00:22Z,211604,,301,Phthorimaea_absoluta,Spain,Insects,established,comprada,Post-Introduction,eCommerce,eCommerce,2006,2006-06-01T12:00:00Z,comment,5299,2,comment_000212,comment_000210,TRUE
video_014255,2024-06-18T16:42:38Z,827,,2,Phthorimaea_absoluta,Spain,Insects,established,comprar,Post-Introduction,eCommerce,eCommerce,2006,2006-06-01T12:00:00Z,comment,7,0,comment_005965,,FALSE
video_012787,2025-11-22T17:00:16Z,373381,,739,Phthorimaea_absoluta,Spain,Insects,established,encontre,Post-Introduction,Detection,Detection,2006,2006-06-01T12:00:00Z,comment,6319,0,comment_014367,,FALSE
video_012787,2025-07-05T06:12:58Z,373381,,739,Phthorimaea_absoluta,Spain,Insects,established,visto,Post-Introduction,Detection,Detection,2006,2006-06-01T12:00:00Z,comment,6319,0,comment_004133,,FALSE
video_012787,2025-05-26T08:33:20Z,373381,,739,Phthorimaea_absoluta,Spain,Insects,established,trampa,Post-Introduction,Detection,Detection,2006,2006-06-01T12:00:00Z,comment,6319,1,comment_014636,,FALSE
video_012787,2025-05-25T18:12:57Z,373381,,739,Phthorimaea_absoluta,Spain,Insects,established,comprar,Post-Introduction,eCommerce,eCommerce,2006,2006-06-01T12:00:00Z,comment,6319,0,comment_010886,,FALSE
video_012787,2025-05-19T22:02:35Z,373381,,739,Phthorimaea_absoluta,Spain,Insects,established,comprar,Post-Introduction,eCommerce,eCommerce,2006,2006-06-01T12:00:00Z,comment,6319,1,comment_006579,,FALSE
video_012787,2025-03-22T18:51:28Z,373381,,739,Phthorimaea_absoluta,Spain,Insects,established,encontre,Post-Introduction,Detection,Detection,2006,2006-06-01T12:00:00Z,comment,6319,1,comment_008173,,FALSE
video_012787,2025-03-22T18:51:28Z,373381,,739,Phthorimaea_absoluta,Spain,Insects,established,visto,Post-Introduction,Detection,Detection,2006,2006-06-01T12:00:00Z,comment,6319,1,comment_008173,,FALSE
video_012787,2024-06-29T20:46:03Z,373381,,739,Phthorimaea_absoluta,Spain,Insects,established,mercado,Post-Introduction,eCommerce,eCommerce,2006,2006-06-01T12:00:00Z,comment,6319,0,comment_001890,,FALSE
video_012787,2024-05-30T19:48:26Z,373381,,739,Phthorimaea_absoluta,Spain,Insects,established,comprar,Post-Introduction,eCommerce,eCommerce,2006,2006-06-01T12:00:00Z,comment,6319,1,comment_013294,,FALSE
video_012787,2024-05-10T13:37:45Z,373381,,739,Phthorimaea_absoluta,Spain,Insects,established,plaga,Post-Introduction,Invasion,Invasion,2006,2006-06-01T12:00:00Z,comment,6319,0,comment_007505,,FALSE
video_012787,2024-05-10T12:48:18Z,373381,,739,Phthorimaea_absoluta,Spain,Insects,established,visto,Post-Introduction,Detection,Detection,2006,2006-06-01T12:00:00Z,comment,6319,1,comment_012828,,FALSE
video_012787,2024-04-19T17:36:03Z,373381,,739,Phthorimaea_absoluta,Spain,Insects,established,comprar,Post-Introduction,eCommerce,eCommerce,2006,2006-06-01T12:00:00Z,comment,6319,1,comment_013475,,FALSE
video_012787,2024-04-15T05:27:49Z,373381,,739,Phthorimaea_absoluta,Spain,Insects,established,peligroso,Post-Introduction,Threat,Threat,2006,2006-06-01T12:00:00Z,comment,6319,0,comment_002210,,FALSE
video_012787,2024-04-15T05:27:49Z,373381,,739,Phthorimaea_absoluta,Spain,Insects,established,control,Post-Introduction,Detection,Detection,2006,2006-06-01T12:00:00Z,comment,6319,0,comment_002210,,FALSE
video_012787,2024-04-15T05:27:49Z,373381,,739,Phthorimaea_absoluta,Spain,Insects,established,plagas,Post-Introduction,Invasion,Invasion,2006,2006-06-01T12:00:00Z,comment,6319,0,comment_002210,,FALSE
video_012787,2023-08-06T17:05:16Z,373381,,739,Phthorimaea_absoluta,Spain,Insects,established,trampa,Post-Introduction,Detection,Detection,2006,2006-06-01T12:00:00Z,comment,6319,3,comment_009282,,FALSE
video_012787,2023-08-04T13:30:39Z,373381,,739,Phthorimaea_absoluta,Spain,Insects,established,registro,Post-Introduction,Detection,Detection,2006,2006-06-01T12:00:00Z,comment,6319,0,comment_006205,,FALSE
video_012787,2023-06-07T22:25:55Z,373381,,739,Phthorimaea_absoluta,Spain,Insects,established,comprar,Post-Introduction,eCommerce,eCommerce,2006,2006-06-01T12:00:00Z,comment,6319,1,comment_003877,,FALSE
video_012787,2023-06-04T21:24:11Z,373381,,739,Phthorimaea_absoluta,Spain,Insects,established,control,Post-Introduction,Detection,Detection,2006,2006-06-01T12:00:00Z,comment,6319,1,comment_010135,,FALSE
video_012787,2023-05-12T09:25:44Z,373381,,739,Phthorimaea_absoluta,Spain,Insects,established,encontre,Post-Introduction,Detection,Detection,2006,2006-06-01T12:00:00Z,comment,6319,1,comment_009192,,FALSE
video_012787,2025-07-11T12:12:40Z,373381,,739,Phthorimaea_absoluta,Spain,Insects,established,control,Post-Introduction,Detection,Detection,2006,2006-06-01T12:00:00Z,comment,6319,0,comment_010894,comment_010893,TRUE
video_012787,2025-06-12T16:36:55Z,373381,,739,Phthorimaea_absoluta,Spain,Insects,established,riesgo,Post-Introduction,Threat,Threat,2006,2006-06-01T12:00:00Z,comment,6319,1,comment_007673,comment_007672,TRUE
video_012787,2025-05-30T16:55:10Z,373381,,739,Phthorimaea_absoluta,Spain,Insects,established,comprar,Post-Introduction,eCommerce,eCommerce,2006,2006-06-01T12:00:00Z,comment,6319,0,comment_010887,comment_010886,TRUE
video_012787,2025-05-30T16:55:10Z,373381,,739,Phthorimaea_absoluta,Spain,Insects,established,comprar,Post-Introduction,eCommerce,eCommerce,2006,2006-06-01T12:00:00Z,comment,6319,0,comment_010887,comment_010886,TRUE
video_012787,2025-05-30T17:45:21Z,373381,,739,Phthorimaea_absoluta,Spain,Insects,established,encontre,Post-Introduction,Detection,Detection,2006,2006-06-01T12:00:00Z,comment,6319,1,comment_010888,comment_010886,TRUE
video_012787,2025-05-30T17:45:21Z,373381,,739,Phthorimaea_absoluta,Spain,Insects,established,venta,Post-Introduction,eCommerce,eCommerce,2006,2006-06-01T12:00:00Z,comment,6319,1,comment_010888,comment_010886,TRUE
video_012787,2025-05-22T12:50:45Z,373381,,739,Phthorimaea_absoluta,Spain,Insects,established,comprar,Post-Introduction,eCommerce,eCommerce,2006,2006-06-01T12:00:00Z,comment,6319,0,comment_006580,comment_006579,TRUE
video_012787,2025-05-18T19:54:42Z,373381,,739,Phthorimaea_absoluta,Spain,Insects,established,plagas,Post-Introduction,Invasion,Invasion,2006,2006-06-01T12:00:00Z,comment,6319,0,comment_014007,comment_014006,TRUE
video_012787,2025-05-10T21:20:57Z,373381,,739,Phthorimaea_absoluta,Spain,Insects,established,aparicion,Post-Introduction,Detection,Detection,2006,2006-06-01T12:00:00Z,comment,6319,0,comment_005531,comment_005530,TRUE
video_012787,2025-02-20T20:00:57Z,373381,,739,Phthorimaea_absoluta,Spain,Insects,established,control,Post-Introduction,Detection,Detection,2006,2006-06-01T12:00:00Z,comment,6319,1,comment_003247,comment_003246,TRUE
video_012787,2025-02-20T20:00:57Z,373381,,739,Phthorimaea_absoluta,Spain,Insects,established,plaga,Post-Introduction,Invasion,Invasion,2006,2006-06-01T12:00:00Z,comment,6319,1,comment_003247,comment_003246,TRUE
video_012787,2025-02-20T20:00:57Z,373381,,739,Phthorimaea_absoluta,Spain,Insects,established,plaga,Post-Introduction,Invasion,Invasion,2006,2006-06-01T12:00:00Z,comment,6319,1,comment_003247,comment_003246,TRUE
video_012787,2024-12-26T20:45:30Z,373381,,739,Phthorimaea_absoluta,Spain,Insects,established,comprar,Post-Introduction,eCommerce,eCommerce,2006,2006-06-01T12:00:00Z,comment,6319,0,comment_010506,comment_010505,TRUE
video_012787,2024-07-05T13:22:11Z,373381,,739,Phthorimaea_absoluta,Spain,Insects,established,comprado,Post-Introduction,eCommerce,eCommerce,2006,2006-06-01T12:00:00Z,comment,6319,1,comment_004000,comment_003999,TRUE
video_012787,2024-06-30T21:48:02Z,373381,,739,Phthorimaea_absoluta,Spain,Insects,established,mercado,Post-Introduction,eCommerce,eCommerce,2006,2006-06-01T12:00:00Z,comment,6319,0,comment_001891,comment_001890,TRUE
video_012787,2024-06-06T16:55:59Z,373381,,739,Phthorimaea_absoluta,Spain,Insects,established,comprar,Post-Introduction,eCommerce,eCommerce,2006,2006-06-01T12:00:00Z,comment,6319,0,comment_010261,comment_010260,TRUE
video_012787,2024-05-31T11:18:40Z,373381,,739,Phthorimaea_absoluta,Spain,Insects,established,comprar,Post-Introduction,eCommerce,eCommerce,2006,2006-06-01T12:00:00Z,comment,6319,0,comment_013295,comment_013294,TRUE
video_012787,2024-05-11T16:13:16Z,373381,,739,Phthorimaea_absoluta,Spain,Insects,established,aparicion,Post-Introduction,Detection,Detection,2006,2006-06-01T12:00:00Z,comment,6319,1,comment_007506,comment_007505,TRUE
video_012787,2024-05-11T16:17:24Z,373381,,739,Phthorimaea_absoluta,Spain,Insects,established,plaga,Post-Introduction,Invasion,Invasion,2006,2006-06-01T12:00:00Z,comment,6319,0,comment_012829,comment_012828,TRUE
video_012787,2024-04-20T17:02:54Z,373381,,739,Phthorimaea_absoluta,Spain,Insects,established,comprar,Post-Introduction,eCommerce,eCommerce,2006,2006-06-01T12:00:00Z,comment,6319,0,comment_013476,comment_013475,TRUE
video_012787,2024-04-17T19:05:30Z,373381,,739,Phthorimaea_absoluta,Spain,Insects,established,comprar,Post-Introduction,eCommerce,eCommerce,2006,2006-06-01T12:00:00Z,comment,6319,0,comment_002211,comment_002210,TRUE
video_012787,2023-07-04T17:50:29Z,373381,,739,Phthorimaea_absoluta,Spain,Insects,established,control,Post-Introduction,Detection,Detection,2006,2006-06-01T12:00:00Z,comment,6319,1,comment_004731,comment_004730,TRUE
video_012787,2023-06-09T20:50:17Z,373381,,739,Phthorimaea_absoluta,Spain,Insects,established,comprar,Post-Introduction,eCommerce,eCommerce,2006,2006-06-01T12:00:00Z,comment,6319,0,comment_003878,comment_003877,TRUE
video_012787,2023-06-06T21:30:31Z,373381,,739,Phthorimaea_absoluta,Spain,Insects,established,controlo,Post-Introduction,Detection,Detection,2006,2006-06-01T12:00:00Z,comment,6319,1,comment_010136,comment_010135,TRUE
video_012787,2023-05-31T13:24:07Z,373381,,739,Phthorimaea_absoluta,Spain,Insects,established,riesgo,Post-Introduction,Threat,Threat,2006,2006-06-01T12:00:00Z,comment,6319,1,comment_009855,comment_009854,TRUE
video_012787,2023-05-21T21:44:28Z,373381,,739,Phthorimaea_absoluta,Spain,Insects,established,controlar,Post-Introduction,Detection,Detection,2006,2006-06-01T12:00:00Z,comment,6319,1,comment_013697,comment_013696,TRUE
video_012787,2023-05-20T20:46:31Z,373381,,739,Phthorimaea_absoluta,Spain,Insects,established,prohibido,Post-Introduction,eCommerce,eCommerce,2006,2006-06-01T12:00:00Z,comment,6319,0,comment_002871,comment_002870,TRUE
video_012787,2023-05-12T21:25:01Z,373381,,739,Phthorimaea_absoluta,Spain,Insects,established,comprado,Post-Introduction,eCommerce,eCommerce,2006,2006-06-01T12:00:00Z,comment,6319,0,comment_009193,comment_009192,TRUE
video_012787,2023-05-03T05:50:47Z,373381,,739,Phthorimaea_absoluta,Spain,Insects,established,tienda,Post-Introduction,eCommerce,eCommerce,2006,2006-06-01T12:00:00Z,comment,6319,1,comment_006425,,FALSE
video_012787,2022-10-30T19:37:36Z,373381,,739,Phthorimaea_absoluta,Spain,Insects,established,visto,Post-Introduction,Detection,Detection,2006,2006-06-01T12:00:00Z,comment,6319,0,comment_011469,,FALSE
video_012787,2022-07-30T10:38:59Z,373381,,739,Phthorimaea_absoluta,Spain,Insects,established,trampas,Post-Introduction,Detection,Detection,2006,2006-06-01T12:00:00Z,comment,6319,0,comment_007769,,FALSE
video_012787,2022-07-24T16:01:40Z,373381,,739,Phthorimaea_absoluta,Spain,Insects,established,control,Post-Introduction,Detection,Detection,2006,2006-06-01T12:00:00Z,comment,6319,0,comment_004298,,FALSE
video_012787,2022-07-02T14:24:58Z,373381,,739,Phthorimaea_absoluta,Spain,Insects,established,compre,Post-Introduction,eCommerce,eCommerce,2006,2006-06-01T12:00:00Z,comment,6319,0,comment_006177,,FALSE
video_012787,2022-06-22T23:01:53Z,373381,,739,Phthorimaea_absoluta,Spain,Insects,established,visto,Post-Introduction,Detection,Detection,2006,2006-06-01T12:00:00Z,comment,6319,0,comment_013321,,FALSE
video_012787,2022-06-22T10:49:34Z,373381,,739,Phthorimaea_absoluta,Spain,Insects,established,visto,Post-Introduction,Detection,Detection,2006,2006-06-01T12:00:00Z,comment,6319,1,comment_007876,,FALSE
video_012787,2022-06-22T10:49:34Z,373381,,739,Phthorimaea_absoluta,Spain,Insects,established,plaga,Post-Introduction,Invasion,Invasion,2006,2006-06-01T12:00:00Z,comment,6319,1,comment_007876,,FALSE
video_012787,2022-02-08T09:41:35Z,373381,,739,Phthorimaea_absoluta,Spain,Insects,established,comprar,Post-Introduction,eCommerce,eCommerce,2006,2006-06-01T12:00:00Z,comment,6319,1,comment_012075,,FALSE
video_012787,2022-02-08T09:41:35Z,373381,,739,Phthorimaea_absoluta,Spain,Insects,established,plaga,Post-Introduction,Invasion,Invasion,2006,2006-06-01T12:00:00Z,comment,6319,1,comment_012075,,FALSE
video_012787,2021-08-09T21:13:54Z,373381,,739,Phthorimaea_absoluta,Spain,Insects,established,vender,Post-Introduction,eCommerce,eCommerce,2006,2006-06-01T12:00:00Z,comment,6319,2,comment_015035,,FALSE
video_012787,2021-08-02T19:46:13Z,373381,,739,Phthorimaea_absoluta,Spain,Insects,established,plagas,Post-Introduction,Invasion,Invasion,2006,2006-06-01T12:00:00Z,comment,6319,0,comment_002848,,FALSE
video_012787,2021-08-02T19:46:13Z,373381,,739,Phthorimaea_absoluta,Spain,Insects,established,visto,Post-Introduction,Detection,Detection,2006,2006-06-01T12:00:00Z,comment,6319,0,comment_002848,,FALSE
video_012787,2021-07-31T22:55:40Z,373381,,739,Phthorimaea_absoluta,Spain,Insects,established,danino,Post-Introduction,Threat,Threat,2006,2006-06-01T12:00:00Z,comment,6319,0,comment_012756,,FALSE
video_012787,2021-07-28T11:26:32Z,373381,,739,Phthorimaea_absoluta,Spain,Insects,established,peligro,Post-Introduction,Threat,Threat,2006,2006-06-01T12:00:00Z,comment,6319,1,comment_004066,,FALSE
video_012787,2021-07-22T07:58:35Z,373381,,739,Phthorimaea_absoluta,Spain,Insects,established,plaga,Post-Introduction,Invasion,Invasion,2006,2006-06-01T12:00:00Z,comment,6319,0,comment_013842,,FALSE
video_012787,2021-07-16T10:49:34Z,373381,,739,Phthorimaea_absoluta,Spain,Insects,established,aparecido,Post-Introduction,Detection,Detection,2006,2006-06-01T12:00:00Z,comment,6319,0,comment_009510,,FALSE
video_012787,2021-07-06T13:12:59Z,373381,,739,Phthorimaea_absoluta,Spain,Insects,established,visto,Post-Introduction,Detection,Detection,2006,2006-06-01T12:00:00Z,comment,6319,2,comment_004585,,FALSE
video_012787,2021-07-06T13:12:59Z,373381,,739,Phthorimaea_absoluta,Spain,Insects,established,visto,Post-Introduction,Detection,Detection,2006,2006-06-01T12:00:00Z,comment,6319,2,comment_004585,,FALSE
video_012787,2021-07-06T13:12:59Z,373381,,739,Phthorimaea_absoluta,Spain,Insects,established,descubrimiento,Post-Introduction,Detection,Detection,2006,2006-06-01T12:00:00Z,comment,6319,2,comment_004585,,FALSE
video_012787,2021-07-05T14:09:37Z,373381,,739,Phthorimaea_absoluta,Spain,Insects,established,descubrimiento,Post-Introduction,Detection,Detection,2006,2006-06-01T12:00:00Z,comment,6319,1,comment_013090,,FALSE
video_012787,2021-06-30T10:24:31Z,373381,,739,Phthorimaea_absoluta,Spain,Insects,established,controlo,Post-Introduction,Detection,Detection,2006,2006-06-01T12:00:00Z,comment,6319,0,comment_012114,,FALSE
video_012787,2021-06-28T11:38:50Z,373381,,739,Phthorimaea_absoluta,Spain,Insects,established,visto,Post-Introduction,Detection,Detection,2006,2006-06-01T12:00:00Z,comment,6319,3,comment_014583,,FALSE
video_012787,2021-06-27T19:20:44Z,373381,,739,Phthorimaea_absoluta,Spain,Insects,established,plaga,Post-Introduction,Invasion,Invasion,2006,2006-06-01T12:00:00Z,comment,6319,0,comment_009331,,FALSE
video_012787,2023-05-04T09:13:57Z,373381,,739,Phthorimaea_absoluta,Spain,Insects,established,tienda,Post-Introduction,eCommerce,eCommerce,2006,2006-06-01T12:00:00Z,comment,6319,0,comment_006427,comment_006425,TRUE
video_012787,2023-04-09T18:51:31Z,373381,,739,Phthorimaea_absoluta,Spain,Insects,established,aparecer,Post-Introduction,Detection,Detection,2006,2006-06-01T12:00:00Z,comment,6319,0,comment_003189,comment_003188,TRUE
video_012787,2023-01-07T08:12:40Z,373381,,739,Phthorimaea_absoluta,Spain,Insects,established,comprar,Post-Introduction,eCommerce,eCommerce,2006,2006-06-01T12:00:00Z,comment,6319,1,comment_012740,comment_012738,TRUE
video_012787,2022-10-31T21:47:57Z,373381,,739,Phthorimaea_absoluta,Spain,Insects,established,plaga,Post-Introduction,Invasion,Invasion,2006,2006-06-01T12:00:00Z,comment,6319,0,comment_011470,comment_011469,TRUE
video_012787,2022-10-31T21:47:57Z,373381,,739,Phthorimaea_absoluta,Spain,Insects,established,encontrado,Post-Introduction,Detection,Detection,2006,2006-06-01T12:00:00Z,comment,6319,0,comment_011470,comment_011469,TRUE
video_012787,2022-10-09T21:30:46Z,373381,,739,Phthorimaea_absoluta,Spain,Insects,established,observado,Post-Introduction,Detection,Detection,2006,2006-06-01T12:00:00Z,comment,6319,0,comment_011616,comment_011615,TRUE
video_012787,2022-09-19T20:25:36Z,373381,,739,Phthorimaea_absoluta,Spain,Insects,established,plagas,Post-Introduction,Invasion,Invasion,2006,2006-06-01T12:00:00Z,comment,6319,0,comment_001461,comment_001460,TRUE
video_012787,2022-08-12T17:50:40Z,373381,,739,Phthorimaea_absoluta,Spain,Insects,established,aparecer,Post-Introduction,Detection,Detection,2006,2006-06-01T12:00:00Z,comment,6319,1,comment_008557,comment_008556,TRUE
video_012787,2022-08-07T21:56:58Z,373381,,739,Phthorimaea_absoluta,Spain,Insects,established,visto,Post-Introduction,Detection,Detection,2006,2006-06-01T12:00:00Z,comment,6319,1,comment_011680,comment_011677,TRUE
video_012787,2022-08-07T21:56:58Z,373381,,739,Phthorimaea_absoluta,Spain,Insects,established,visto,Post-Introduction,Detection,Detection,2006,2006-06-01T12:00:00Z,comment,6319,1,comment_011680,comment_011677,TRUE
video_012787,2022-07-30T21:32:32Z,373381,,739,Phthorimaea_absoluta,Spain,Insects,established,trampa,Post-Introduction,Detection,Detection,2006,2006-06-01T12:00:00Z,comment,6319,1,comment_007770,comment_007769,TRUE
video_012787,2022-07-08T15:51:42Z,373381,,739,Phthorimaea_absoluta,Spain,Insects,established,comprar,Post-Introduction,eCommerce,eCommerce,2006,2006-06-01T12:00:00Z,comment,6319,0,comment_006709,comment_006708,TRUE
video_012787,2022-06-28T21:29:30Z,373381,,739,Phthorimaea_absoluta,Spain,Insects,established,comprar,Post-Introduction,eCommerce,eCommerce,2006,2006-06-01T12:00:00Z,comment,6319,0,comment_005964,comment_005963,TRUE
video_012787,2022-06-24T16:54:13Z,373381,,739,Phthorimaea_absoluta,Spain,Insects,established,plagas,Post-Introduction,Invasion,Invasion,2006,2006-06-01T12:00:00Z,comment,6319,1,comment_010852,comment_010851,TRUE
video_012787,2022-06-24T18:46:18Z,373381,,739,Phthorimaea_absoluta,Spain,Insects,established,nocivo,Post-Introduction,Threat,Threat,2006,2006-06-01T12:00:00Z,comment,6319,0,comment_010853,comment_010851,TRUE
video_012787,2022-06-24T22:22:44Z,373381,,739,Phthorimaea_absoluta,Spain,Insects,established,nocivo,Post-Introduction,Threat,Threat,2006,2006-06-01T12:00:00Z,comment,6319,1,comment_010854,comment_010851,TRUE
video_012787,2022-06-19T16:40:10Z,373381,,739,Phthorimaea_absoluta,Spain,Insects,established,visto,Post-Introduction,Detection,Detection,2006,2006-06-01T12:00:00Z,comment,6319,0,comment_002458,comment_002457,TRUE
video_012787,2022-04-26T18:40:49Z,373381,,739,Phthorimaea_absoluta,Spain,Insects,established,riesgo,Post-Introduction,Threat,Threat,2006,2006-06-01T12:00:00Z,comment,6319,0,comment_006978,comment_006977,TRUE
video_012787,2022-04-26T18:40:49Z,373381,,739,Phthorimaea_absoluta,Spain,Insects,established,plagas,Post-Introduction,Invasion,Invasion,2006,2006-06-01T12:00:00Z,comment,6319,0,comment_006978,comment_006977,TRUE
video_012787,2022-04-26T18:40:49Z,373381,,739,Phthorimaea_absoluta,Spain,Insects,established,visto,Post-Introduction,Detection,Detection,2006,2006-06-01T12:00:00Z,comment,6319,0,comment_006978,comment_006977,TRUE
video_012787,2022-04-28T15:04:09Z,373381,,739,Phthorimaea_absoluta,Spain,Insects,established,plagas,Post-Introduction,Invasion,Invasion,2006,2006-06-01T12:00:00Z,comment,6319,0,comment_006979,comment_006977,TRUE
video_012787,2022-02-03T19:04:33Z,373381,,739,Phthorimaea_absoluta,Spain,Insects,established,aparecer,Post-Introduction,Detection,Detection,2006,2006-06-01T12:00:00Z,comment,6319,0,comment_008050,comment_008049,TRUE
video_012787,2021-08-02T20:38:33Z,373381,,739,Phthorimaea_absoluta,Spain,Insects,established,toxicidad,Post-Introduction,Threat,Threat,2006,2006-06-01T12:00:00Z,comment,6319,0,comment_012757,comment_012756,TRUE
video_012787,2021-07-28T21:27:30Z,373381,,739,Phthorimaea_absoluta,Spain,Insects,established,controlar,Post-Introduction,Detection,Detection,2006,2006-06-01T12:00:00Z,comment,6319,0,comment_013928,comment_013927,TRUE
video_012787,2021-07-29T17:31:21Z,373381,,739,Phthorimaea_absoluta,Spain,Insects,established,controlar,Post-Introduction,Detection,Detection,2006,2006-06-01T12:00:00Z,comment,6319,1,comment_004071,comment_004066,TRUE
video_012787,2021-07-22T21:43:36Z,373381,,739,Phthorimaea_absoluta,Spain,Insects,established,plaga,Post-Introduction,Invasion,Invasion,2006,2006-06-01T12:00:00Z,comment,6319,0,comment_013843,comment_013842,TRUE
video_012787,2021-07-15T21:22:12Z,373381,,739,Phthorimaea_absoluta,Spain,Insects,established,aparecer,Post-Introduction,Detection,Detection,2006,2006-06-01T12:00:00Z,comment,6319,0,comment_007213,comment_007212,TRUE
video_012787,2021-07-04T17:26:37Z,373381,,739,Phthorimaea_absoluta,Spain,Insects,established,dinero,Post-Introduction,eCommerce,eCommerce,2006,2006-06-01T12:00:00Z,comment,6319,0,comment_003357,comment_003356,TRUE
video_012787,2021-07-03T21:16:30Z,373381,,739,Phthorimaea_absoluta,Spain,Insects,established,controlar,Post-Introduction,Detection,Detection,2006,2006-06-01T12:00:00Z,comment,6319,1,comment_010687,comment_010686,TRUE
video_012787,2021-07-03T21:16:30Z,373381,,739,Phthorimaea_absoluta,Spain,Insects,established,plagas,Post-Introduction,Invasion,Invasion,2006,2006-06-01T12:00:00Z,comment,6319,1,comment_010687,comment_010686,TRUE
video_012787,2021-07-03T21:16:30Z,373381,,739,Phthorimaea_absoluta,Spain,Insects,established,plaga,Post-Introduction,Invasion,Invasion,2006,2006-06-01T12:00:00Z,comment,6319,1,comment_010687,comment_010686,TRUE
video_012787,2021-07-02T17:31:27Z,373381,,739,Phthorimaea_absoluta,Spain,Insects,established,tienda,Post-Introduction,eCommerce,eCommerce,2006,2006-06-01T12:00:00Z,comment,6319,0,comment_012523,comment_012522,TRUE
video_012787,2021-06-28T17:03:20Z,373381,,739,Phthorimaea_absoluta,Spain,Insects,established,plaga,Post-Introduction,Invasion,Invasion,2006,2006-06-01T12:00:00Z,comment,6319,0,comment_009332,comment_009331,TRUE
video_012787,2021-06-28T18:32:17Z,373381,,739,Phthorimaea_absoluta,Spain,Insects,established,controlar,Post-Introduction,Detection,Detection,2006,2006-06-01T12:00:00Z,comment,6319,0,comment_009333,comment_009331,TRUE
video_012787,2021-06-28T18:32:17Z,373381,,739,Phthorimaea_absoluta,Spain,Insects,established,plaga,Post-Introduction,Invasion,Invasion,2006,2006-06-01T12:00:00Z,comment,6319,0,comment_009333,comment_009331,TRUE
video_013154,2025-10-11T20:52:57Z,19149,,7,Phthorimaea_absoluta,Spain,Insects,established,euros,Post-Introduction,eCommerce,eCommerce,2006,2006-06-01T12:00:00Z,comment,367,0,comment_008739,,FALSE
video_013154,2025-10-11T20:52:57Z,19149,,7,Phthorimaea_absoluta,Spain,Insects,established,sobrepoblacion,Post-Introduction,Threat,Threat,2006,2006-06-01T12:00:00Z,comment,367,0,comment_008739,,FALSE
video_013154,2025-10-11T20:52:57Z,19149,,7,Phthorimaea_absoluta,Spain,Insects,established,trampas,Post-Introduction,Detection,Detection,2006,2006-06-01T12:00:00Z,comment,367,0,comment_008739,,FALSE
video_013154,2025-10-11T20:52:57Z,19149,,7,Phthorimaea_absoluta,Spain,Insects,established,riesgo,Post-Introduction,Threat,Threat,2006,2006-06-01T12:00:00Z,comment,367,0,comment_008739,,FALSE
video_013154,2025-07-04T18:51:29Z,19149,,7,Phthorimaea_absoluta,Spain,Insects,established,controlo,Post-Introduction,Detection,Detection,2006,2006-06-01T12:00:00Z,comment,367,0,comment_005763,,FALSE
video_013154,2025-07-04T16:58:14Z,19149,,7,Phthorimaea_absoluta,Spain,Insects,established,comprar,Post-Introduction,eCommerce,eCommerce,2006,2006-06-01T12:00:00Z,comment,367,1,comment_006302,,FALSE
video_013154,2025-10-12T17:00:15Z,19149,,7,Phthorimaea_absoluta,Spain,Insects,established,vender,Post-Introduction,eCommerce,eCommerce,2006,2006-06-01T12:00:00Z,comment,367,0,comment_006305,comment_006302,TRUE
video_013154,2025-10-12T17:00:15Z,19149,,7,Phthorimaea_absoluta,Spain,Insects,established,comprado,Post-Introduction,eCommerce,eCommerce,2006,2006-06-01T12:00:00Z,comment,367,0,comment_006305,comment_006302,TRUE
video_013154,2025-10-12T17:00:15Z,19149,,7,Phthorimaea_absoluta,Spain,Insects,established,riesgo,Post-Introduction,Threat,Threat,2006,2006-06-01T12:00:00Z,comment,367,0,comment_006305,comment_006302,TRUE
video_013154,2025-10-12T17:00:15Z,19149,,7,Phthorimaea_absoluta,Spain,Insects,established,comprar,Post-Introduction,eCommerce,eCommerce,2006,2006-06-01T12:00:00Z,comment,367,0,comment_006305,comment_006302,TRUE
video_013154,2025-10-12T17:00:15Z,19149,,7,Phthorimaea_absoluta,Spain,Insects,established,controlar,Post-Introduction,Detection,Detection,2006,2006-06-01T12:00:00Z,comment,367,0,comment_006305,comment_006302,TRUE
video_013154,2025-10-12T17:00:15Z,19149,,7,Phthorimaea_absoluta,Spain,Insects,established,plaga,Post-Introduction,Invasion,Invasion,2006,2006-06-01T12:00:00Z,comment,367,0,comment_006305,comment_006302,TRUE
video_002357,2017-06-07T18:44:16Z,7333,,3,Phthorimaea_absoluta,Spain,Insects,established,comprar,Post-Introduction,eCommerce,eCommerce,2006,2006-06-01T12:00:00Z,comment,13,0,comment_000424,,FALSE
video_007104,2024-08-04T05:59:05Z,7672,,11,Phthorimaea_absoluta,Spain,Insects,established,visto,Post-Introduction,Detection,Detection,2006,2006-06-01T12:00:00Z,comment,89,0,comment_012510,,FALSE
video_007104,2023-09-13T18:29:53Z,7672,,11,Phthorimaea_absoluta,Spain,Insects,established,trampes,Post-Introduction,Detection,Detection,2006,2006-06-01T12:00:00Z,comment,89,1,comment_012712,,FALSE
video_007104,2023-09-13T18:34:36Z,7672,,11,Phthorimaea_absoluta,Spain,Insects,established,trampes,Post-Introduction,Detection,Detection,2006,2006-06-01T12:00:00Z,comment,89,0,comment_012713,comment_012712,TRUE
video_010671,2023-09-07T03:53:14Z,579,,1,Phthorimaea_absoluta,Spain,Insects,established,trampa,Post-Introduction,Detection,Detection,2006,2006-06-01T12:00:00Z,comment,4,0,comment_002164,,FALSE
video_009109,2024-06-18T16:35:59Z,6671,,1,Phthorimaea_absoluta,Spain,Insects,established,comprar,Post-Introduction,eCommerce,eCommerce,2006,2006-06-01T12:00:00Z,comment,30,0,comment_014859,,FALSE
video_007943,2024-06-05T05:23:56Z,21860,,73,Phthorimaea_absoluta,Spain,Insects,established,visto,Post-Introduction,Detection,Detection,2006,2006-06-01T12:00:00Z,comment,618,1,comment_005511,,FALSE
video_007943,2024-05-22T19:11:28Z,21860,,73,Phthorimaea_absoluta,Spain,Insects,established,comprar,Post-Introduction,eCommerce,eCommerce,2006,2006-06-01T12:00:00Z,comment,618,1,comment_004301,,FALSE
video_007943,2024-05-22T19:11:28Z,21860,,73,Phthorimaea_absoluta,Spain,Insects,established,barato,Post-Introduction,eCommerce,eCommerce,2006,2006-06-01T12:00:00Z,comment,618,1,comment_004301,,FALSE
video_007943,2024-05-22T14:52:45Z,21860,,73,Phthorimaea_absoluta,Spain,Insects,established,descubierto,Post-Introduction,Detection,Detection,2006,2006-06-01T12:00:00Z,comment,618,3,comment_011789,,FALSE
video_007943,2024-05-22T14:52:45Z,21860,,73,Phthorimaea_absoluta,Spain,Insects,established,comprado,Post-Introduction,eCommerce,eCommerce,2006,2006-06-01T12:00:00Z,comment,618,3,comment_011789,,FALSE
video_007943,2024-05-20T11:17:07Z,21860,,73,Phthorimaea_absoluta,Spain,Insects,established,trampas,Post-Introduction,Detection,Detection,2006,2006-06-01T12:00:00Z,comment,618,0,comment_009337,,FALSE
video_007943,2024-05-20T04:20:05Z,21860,,73,Phthorimaea_absoluta,Spain,Insects,established,plagas,Post-Introduction,Invasion,Invasion,2006,2006-06-01T12:00:00Z,comment,618,1,comment_007433,,FALSE
video_007943,2024-05-19T14:08:44Z,21860,,73,Phthorimaea_absoluta,Spain,Insects,established,plaga,Post-Introduction,Invasion,Invasion,2006,2006-06-01T12:00:00Z,comment,618,5,comment_002058,,FALSE
video_007943,2024-05-19T12:19:47Z,21860,,73,Phthorimaea_absoluta,Spain,Insects,established,visto,Post-Introduction,Detection,Detection,2006,2006-06-01T12:00:00Z,comment,618,0,comment_014574,,FALSE
video_007943,2025-05-28T04:53:46Z,21860,,73,Phthorimaea_absoluta,Spain,Insects,established,compre,Post-Introduction,eCommerce,eCommerce,2006,2006-06-01T12:00:00Z,comment,618,1,comment_004376,comment_004375,TRUE
video_007943,2024-05-23T17:06:08Z,21860,,73,Phthorimaea_absoluta,Spain,Insects,established,caro,Post-Introduction,eCommerce,eCommerce,2006,2006-06-01T12:00:00Z,comment,618,0,comment_004302,comment_004301,TRUE
video_007943,2024-05-23T17:06:08Z,21860,,73,Phthorimaea_absoluta,Spain,Insects,established,registro,Post-Introduction,Detection,Detection,2006,2006-06-01T12:00:00Z,comment,618,0,comment_004302,comment_004301,TRUE
video_007943,2024-05-24T13:29:37Z,21860,,73,Phthorimaea_absoluta,Spain,Insects,established,registro,Post-Introduction,Detection,Detection,2006,2006-06-01T12:00:00Z,comment,618,0,comment_004303,comment_004301,TRUE
video_010219,2024-08-14T21:01:02Z,2953,,1,Phthorimaea_absoluta,Spain,Insects,established,precio,Post-Introduction,eCommerce,eCommerce,2006,2006-06-01T12:00:00Z,comment,11,0,comment_014558,,FALSE
video_012664,2022-04-23T19:51:24Z,41580,,8,Phthorimaea_absoluta,Spain,Insects,established,barato,Post-Introduction,eCommerce,eCommerce,2006,2006-06-01T12:00:00Z,comment,153,0,comment_006851,,FALSE
video_012664,2016-10-28T08:14:53Z,41580,,8,Phthorimaea_absoluta,Spain,Insects,established,plaga,Post-Introduction,Invasion,Invasion,2006,2006-06-01T12:00:00Z,comment,153,2,comment_000027,comment_000026,TRUE
video_015409,2025-08-25T13:07:01Z,3743,,6,Phthorimaea_absoluta,Spain,Insects,established,trampas,Post-Introduction,Detection,Detection,2006,2006-06-01T12:00:00Z,comment,191,0,comment_007458,,FALSE
video_016837,2019-07-21T10:56:39Z,1090,,1,Phthorimaea_absoluta,Spain,Insects,established,controlar,Post-Introduction,Detection,Detection,2006,2006-06-01T12:00:00Z,comment,6,1,comment_009667,,FALSE
video_011516,2019-08-16T14:52:51Z,430,,8,Phthorimaea_absoluta,Spain,Insects,established,visto,Post-Introduction,Detection,Detection,2006,2006-06-01T12:00:00Z,comment,19,0,comment_004530,,FALSE
video_011516,2019-08-16T14:17:27Z,430,,8,Phthorimaea_absoluta,Spain,Insects,established,caro,Post-Introduction,eCommerce,eCommerce,2006,2006-06-01T12:00:00Z,comment,19,1,comment_012392,,FALSE
video_007449,2025-05-07T20:04:51Z,1655,,17,Phytophthora_citricola,Spain,"Bacteria, Viruses, Fungi",established,riesgo,Post-Introduction,Threat,Threat,2006,2006-06-01T12:00:00Z,comment,124,0,comment_013480,comment_013479,TRUE
video_016041,2024-11-16T07:42:38Z,20097,,49,Phytophthora_citricola,Spain,"Bacteria, Viruses, Fungi",established,dinero,Post-Introduction,eCommerce,eCommerce,2006,2006-06-01T12:00:00Z,comment,513,4,comment_007861,,FALSE
video_016041,2024-11-16T07:42:38Z,20097,,49,Phytophthora_citricola,Spain,"Bacteria, Viruses, Fungi",established,comprar,Post-Introduction,eCommerce,eCommerce,2006,2006-06-01T12:00:00Z,comment,513,4,comment_007861,,FALSE
video_016041,2024-11-16T06:54:45Z,20097,,49,Phytophthora_citricola,Spain,"Bacteria, Viruses, Fungi",established,visto,Post-Introduction,Detection,Detection,2006,2006-06-01T12:00:00Z,comment,513,3,comment_009476,,FALSE
video_016041,2024-11-16T06:54:45Z,20097,,49,Phytophthora_citricola,Spain,"Bacteria, Viruses, Fungi",established,comprar,Post-Introduction,eCommerce,eCommerce,2006,2006-06-01T12:00:00Z,comment,513,3,comment_009476,,FALSE
video_016041,2024-11-16T06:54:45Z,20097,,49,Phytophthora_citricola,Spain,"Bacteria, Viruses, Fungi",established,barato,Post-Introduction,eCommerce,eCommerce,2006,2006-06-01T12:00:00Z,comment,513,3,comment_009476,,FALSE
video_016041,2024-11-15T21:45:28Z,20097,,49,Phytophthora_citricola,Spain,"Bacteria, Viruses, Fungi",established,prohibido,Post-Introduction,eCommerce,eCommerce,2006,2006-06-01T12:00:00Z,comment,513,1,comment_011760,,FALSE
video_016041,2024-11-15T22:10:21Z,20097,,49,Phytophthora_citricola,Spain,"Bacteria, Viruses, Fungi",established,prohibido,Post-Introduction,eCommerce,eCommerce,2006,2006-06-01T12:00:00Z,comment,513,0,comment_011761,comment_011760,TRUE
video_002451,2024-10-25T16:34:19Z,17461,,43,Phytophthora_citricola,Spain,"Bacteria, Viruses, Fungi",established,vender,Post-Introduction,eCommerce,eCommerce,2006,2006-06-01T12:00:00Z,comment,333,0,comment_006584,,FALSE
video_002451,2024-10-21T13:10:23Z,17461,,43,Phytophthora_citricola,Spain,"Bacteria, Viruses, Fungi",established,vist,Post-Introduction,Detection,Detection,2006,2006-06-01T12:00:00Z,comment,333,2,comment_013966,,FALSE
video_002451,2024-10-24T21:00:38Z,17461,,43,Phytophthora_citricola,Spain,"Bacteria, Viruses, Fungi",established,afectando,Post-Introduction,Invasion,Invasion,2006,2006-06-01T12:00:00Z,comment,333,0,comment_012603,comment_012602,TRUE
video_002451,2024-10-22T13:58:54Z,17461,,43,Phytophthora_citricola,Spain,"Bacteria, Viruses, Fungi",established,prohibido,Post-Introduction,eCommerce,eCommerce,2006,2006-06-01T12:00:00Z,comment,333,0,comment_006588,comment_006586,TRUE
video_011863,2025-11-20T00:52:57Z,639,,1,Pionites_melanocephalus,Spain,Birds,alien,cara,Post-Introduction,eCommerce,eCommerce,2007,2007-06-01T12:00:00Z,comment,12,0,comment_003174,,FALSE
video_010571,2022-04-29T19:03:04Z,1689,,22,Pionites_melanocephalus,Spain,Birds,alien,euros,Post-Introduction,eCommerce,eCommerce,2007,2007-06-01T12:00:00Z,comment,65,1,comment_008543,comment_008542,TRUE
video_010571,2022-04-29T19:18:46Z,1689,,22,Pionites_melanocephalus,Spain,Birds,alien,euros,Post-Introduction,eCommerce,eCommerce,2007,2007-06-01T12:00:00Z,comment,65,0,comment_008544,comment_008542,TRUE
video_010571,2022-04-29T19:18:46Z,1689,,22,Pionites_melanocephalus,Spain,Birds,alien,visto,Post-Introduction,Detection,Detection,2007,2007-06-01T12:00:00Z,comment,65,0,comment_008544,comment_008542,TRUE
video_005973,2023-06-28T14:25:52Z,92,,1,Pionites_melanocephalus,Spain,Birds,alien,tienda,Post-Introduction,eCommerce,eCommerce,2007,2007-06-01T12:00:00Z,comment,1,0,comment_014427,,FALSE
video_015467,2023-04-03T04:00:47Z,225243,,72,Platycerium_bifurcatum,Madeira,Plants,established,encontre,Post-Introduction,Detection,Detection,2017,2017-06-01T12:00:00Z,comment,2101,0,comment_012890,,FALSE
video_015467,2021-02-07T23:48:43Z,225243,,72,Platycerium_bifurcatum,Madeira,Plants,established,visto,Post-Introduction,Detection,Detection,2017,2017-06-01T12:00:00Z,comment,2101,3,comment_003772,,FALSE
video_015467,2020-06-14T22:28:37Z,225243,,72,Platycerium_bifurcatum,Madeira,Plants,established,comprar,Post-Introduction,eCommerce,eCommerce,2017,2017-06-01T12:00:00Z,comment,2101,1,comment_006274,,FALSE
video_015467,2020-06-12T16:42:58Z,225243,,72,Platycerium_bifurcatum,Madeira,Plants,established,comprar,Post-Introduction,eCommerce,eCommerce,2017,2017-06-01T12:00:00Z,comment,2101,0,comment_004046,comment_004045,TRUE
video_006376,2022-09-26T13:50:43Z,306,,5,Platycerium_bifurcatum,Madeira,Plants,established,venta,Post-Introduction,eCommerce,eCommerce,2017,2017-06-01T12:00:00Z,comment,14,0,comment_003269,,FALSE
video_002577,2022-02-12T15:56:41Z,19958,,40,Platycerium_bifurcatum,Madeira,Plants,established,compre,Post-Introduction,eCommerce,eCommerce,2017,2017-06-01T12:00:00Z,comment,1036,0,comment_004348,,FALSE
video_015883,2022-04-08T16:21:36Z,29534,,34,Platycerium_bifurcatum,Madeira,Plants,established,visto,Post-Introduction,Detection,Detection,2017,2017-06-01T12:00:00Z,comment,372,0,comment_012004,,FALSE
video_015883,2021-06-22T02:09:30Z,29534,,34,Platycerium_bifurcatum,Madeira,Plants,established,plaga,Post-Introduction,Invasion,Invasion,2017,2017-06-01T12:00:00Z,comment,372,1,comment_013870,,FALSE
video_015883,2021-04-23T10:28:57Z,29534,,34,Platycerium_bifurcatum,Madeira,Plants,established,comprado,Post-Introduction,eCommerce,eCommerce,2017,2017-06-01T12:00:00Z,comment,372,0,comment_012764,,FALSE
video_015883,2022-08-21T10:01:47Z,29534,,34,Platycerium_bifurcatum,Madeira,Plants,established,acuarios,Post-Introduction,eCommerce,eCommerce,2017,2017-06-01T12:00:00Z,comment,372,2,comment_007517,comment_007516,TRUE
video_015883,2020-10-24T23:14:01Z,29534,,34,Platycerium_bifurcatum,Madeira,Plants,established,compre,Post-Introduction,eCommerce,eCommerce,2017,2017-06-01T12:00:00Z,comment,372,0,comment_014238,comment_014236,TRUE
video_004181,2023-02-27T22:53:06Z,1979,,7,Platycerium_bifurcatum,Madeira,Plants,established,terrario,Post-Introduction,eCommerce,eCommerce,2017,2017-06-01T12:00:00Z,comment,24,1,comment_002789,,FALSE
video_004181,2023-02-28T11:41:33Z,1979,,7,Platycerium_bifurcatum,Madeira,Plants,established,visto,Post-Introduction,Detection,Detection,2017,2017-06-01T12:00:00Z,comment,24,0,comment_002791,comment_002789,TRUE
video_014874,2020-08-05T16:57:12Z,54325,,55,Platycerium_bifurcatum,Madeira,Plants,established,encontre,Post-Introduction,Detection,Detection,2017,2017-06-01T12:00:00Z,comment,549,6,comment_007958,,FALSE
video_014874,2020-08-05T16:57:12Z,54325,,55,Platycerium_bifurcatum,Madeira,Plants,established,encontre,Post-Introduction,Detection,Detection,2017,2017-06-01T12:00:00Z,comment,549,6,comment_007958,,FALSE
video_014874,2020-08-05T16:57:12Z,54325,,55,Platycerium_bifurcatum,Madeira,Plants,established,encontre,Post-Introduction,Detection,Detection,2017,2017-06-01T12:00:00Z,comment,549,6,comment_007958,,FALSE
video_014874,2022-08-25T04:29:26Z,54325,,55,Platycerium_bifurcatum,Madeira,Plants,established,compre,Post-Introduction,eCommerce,eCommerce,2017,2017-06-01T12:00:00Z,comment,549,0,comment_002278,comment_002277,TRUE
video_008384,2025-10-27T03:03:21Z,18035,,29,Platycerium_bifurcatum,Madeira,Plants,established,compre,Post-Introduction,eCommerce,eCommerce,2017,2017-06-01T12:00:00Z,comment,272,2,comment_004595,,FALSE
video_008384,2020-05-05T15:51:10Z,18035,,29,Platycerium_bifurcatum,Madeira,Plants,established,compre,Post-Introduction,eCommerce,eCommerce,2017,2017-06-01T12:00:00Z,comment,272,1,comment_012000,,FALSE
video_008384,2019-02-10T02:13:19Z,18035,,29,Platycerium_bifurcatum,Madeira,Plants,established,exotica,Post-Introduction,Invasion,Invasion,2017,2017-06-01T12:00:00Z,comment,272,1,comment_011845,comment_011843,TRUE
video_000187,2023-11-22T00:47:23Z,22222,,22,Platycerium_bifurcatum,Madeira,Plants,established,precio,Post-Introduction,eCommerce,eCommerce,2017,2017-06-01T12:00:00Z,comment,497,0,comment_014852,,FALSE
video_000187,2021-07-09T23:44:43Z,22222,,22,Platycerium_bifurcatum,Madeira,Plants,established,compre,Post-Introduction,eCommerce,eCommerce,2017,2017-06-01T12:00:00Z,comment,497,1,comment_007081,,FALSE
video_000187,2021-05-17T17:58:32Z,22222,,22,Platycerium_bifurcatum,Madeira,Plants,established,terrario,Post-Introduction,eCommerce,eCommerce,2017,2017-06-01T12:00:00Z,comment,497,0,comment_005377,comment_005376,TRUE
video_000187,2021-05-17T18:14:04Z,22222,,22,Platycerium_bifurcatum,Madeira,Plants,established,terrario,Post-Introduction,eCommerce,eCommerce,2017,2017-06-01T12:00:00Z,comment,497,0,comment_005378,comment_005376,TRUE
video_012624,2025-07-30T17:13:42Z,197,,5,Platycerium_bifurcatum,Madeira,Plants,established,alien,Post-Introduction,Invasion,Invasion,2017,2017-06-01T12:00:00Z,comment,8,0,comment_010705,,FALSE
video_012624,2025-05-19T17:47:37Z,197,,5,Platycerium_bifurcatum,Madeira,Plants,established,alien,Post-Introduction,Invasion,Invasion,2017,2017-06-01T12:00:00Z,comment,8,0,comment_006920,,FALSE
video_011060,2015-05-18T02:16:51Z,34766,,26,Pomacea_maculata,Spain,Non-arthropod invertebrates,established,acuario,Post-Introduction,eCommerce,eCommerce,2009,2009-06-01T12:00:00Z,comment,102,0,comment_000948,,FALSE
video_011060,2013-11-26T18:15:51Z,34766,,26,Pomacea_maculata,Spain,Non-arthropod invertebrates,established,pecera,Post-Introduction,eCommerce,eCommerce,2009,2009-06-01T12:00:00Z,comment,102,1,comment_001096,,FALSE
video_011060,2013-09-09T21:48:17Z,34766,,26,Pomacea_maculata,Spain,Non-arthropod invertebrates,established,costo,Post-Introduction,eCommerce,eCommerce,2009,2009-06-01T12:00:00Z,comment,102,0,comment_009136,,FALSE
video_011060,2015-05-23T12:24:26Z,34766,,26,Pomacea_maculata,Spain,Non-arthropod invertebrates,established,prohibida,Post-Introduction,eCommerce,eCommerce,2009,2009-06-01T12:00:00Z,comment,102,0,comment_000614,comment_000613,TRUE
video_011060,2015-06-12T23:18:19Z,34766,,26,Pomacea_maculata,Spain,Non-arthropod invertebrates,established,acuario,Post-Introduction,eCommerce,eCommerce,2009,2009-06-01T12:00:00Z,comment,102,0,comment_000949,comment_000948,TRUE
video_015908,2020-07-24T14:09:25Z,59737,,165,Primolius_maracana,Spain,Birds,alien,compra,Post-Introduction,eCommerce,eCommerce,2007,2007-06-01T12:00:00Z,comment,1064,1,comment_012669,,FALSE
video_015908,2017-05-16T09:47:45Z,59737,,165,Primolius_maracana,Spain,Birds,alien,comprei,Post-Introduction,eCommerce,eCommerce,2007,2007-06-01T12:00:00Z,comment,1064,1,comment_000929,,FALSE
video_015908,2017-05-16T09:47:45Z,59737,,165,Primolius_maracana,Spain,Birds,alien,loja,Post-Introduction,eCommerce,eCommerce,2007,2007-06-01T12:00:00Z,comment,1064,1,comment_000929,,FALSE
video_015908,2017-05-16T09:47:45Z,59737,,165,Primolius_maracana,Spain,Birds,alien,aquarios,Post-Introduction,eCommerce,eCommerce,2007,2007-06-01T12:00:00Z,comment,1064,1,comment_000929,,FALSE
video_015908,2017-05-16T09:47:45Z,59737,,165,Primolius_maracana,Spain,Birds,alien,comprei,Post-Introduction,eCommerce,eCommerce,2007,2007-06-01T12:00:00Z,comment,1064,1,comment_000929,,FALSE
video_015908,2017-05-16T09:47:45Z,59737,,165,Primolius_maracana,Spain,Birds,alien,gaiola,Post-Introduction,eCommerce,eCommerce,2007,2007-06-01T12:00:00Z,comment,1064,1,comment_000929,,FALSE
video_015908,2017-05-16T09:47:45Z,59737,,165,Primolius_maracana,Spain,Birds,alien,gaiola,Post-Introduction,eCommerce,eCommerce,2007,2007-06-01T12:00:00Z,comment,1064,1,comment_000929,,FALSE
video_015908,2016-06-05T22:22:50Z,59737,,165,Primolius_maracana,Spain,Birds,alien,compre,Post-Introduction,eCommerce,eCommerce,2007,2007-06-01T12:00:00Z,comment,1064,0,comment_000595,,FALSE
video_015908,2016-06-05T22:22:50Z,59737,,165,Primolius_maracana,Spain,Birds,alien,visto,Post-Introduction,Detection,Detection,2007,2007-06-01T12:00:00Z,comment,1064,0,comment_000595,,FALSE
video_015908,2016-06-05T13:50:22Z,59737,,165,Primolius_maracana,Spain,Birds,alien,adoptado,Post-Introduction,eCommerce,eCommerce,2007,2007-06-01T12:00:00Z,comment,1064,0,comment_001447,,FALSE
video_015908,2016-06-04T15:09:00Z,59737,,165,Primolius_maracana,Spain,Birds,alien,visto,Post-Introduction,Detection,Detection,2007,2007-06-01T12:00:00Z,comment,1064,0,comment_000738,,FALSE
video_015908,2016-06-04T15:09:00Z,59737,,165,Primolius_maracana,Spain,Birds,alien,pajareria,Post-Introduction,eCommerce,eCommerce,2007,2007-06-01T12:00:00Z,comment,1064,0,comment_000738,,FALSE
video_015908,2016-06-04T15:09:00Z,59737,,165,Primolius_maracana,Spain,Birds,alien,caro,Post-Introduction,eCommerce,eCommerce,2007,2007-06-01T12:00:00Z,comment,1064,0,comment_000738,,FALSE
video_015908,2016-05-21T22:28:21Z,59737,,165,Primolius_maracana,Spain,Birds,alien,peligro,Post-Introduction,Threat,Threat,2007,2007-06-01T12:00:00Z,comment,1064,0,comment_000154,,FALSE
video_015908,2016-05-21T15:28:12Z,59737,,165,Primolius_maracana,Spain,Birds,alien,visto,Post-Introduction,Detection,Detection,2007,2007-06-01T12:00:00Z,comment,1064,2,comment_000281,,FALSE
video_015908,2016-05-21T14:22:05Z,59737,,165,Primolius_maracana,Spain,Birds,alien,peligro,Post-Introduction,Threat,Threat,2007,2007-06-01T12:00:00Z,comment,1064,0,comment_000863,,FALSE
video_015908,2016-05-21T14:22:05Z,59737,,165,Primolius_maracana,Spain,Birds,alien,extincion,Post-Introduction,Threat,Threat,2007,2007-06-01T12:00:00Z,comment,1064,0,comment_000863,,FALSE
video_015908,2016-06-02T11:28:07Z,59737,,165,Primolius_maracana,Spain,Birds,alien,mascota,Post-Introduction,eCommerce,eCommerce,2007,2007-06-01T12:00:00Z,comment,1064,0,comment_001242,comment_001240,TRUE
video_015908,2016-05-22T15:43:09Z,59737,,165,Primolius_maracana,Spain,Birds,alien,peligro,Post-Introduction,Threat,Threat,2007,2007-06-01T12:00:00Z,comment,1064,0,comment_000694,comment_000691,TRUE
video_015908,2016-05-22T15:43:09Z,59737,,165,Primolius_maracana,Spain,Birds,alien,extincion,Post-Introduction,Threat,Threat,2007,2007-06-01T12:00:00Z,comment,1064,0,comment_000694,comment_000691,TRUE
video_015908,2016-05-22T15:43:09Z,59737,,165,Primolius_maracana,Spain,Birds,alien,peligro,Post-Introduction,Threat,Threat,2007,2007-06-01T12:00:00Z,comment,1064,0,comment_000694,comment_000691,TRUE
video_015908,2016-05-22T09:10:54Z,59737,,165,Primolius_maracana,Spain,Birds,alien,peligro,Post-Introduction,Threat,Threat,2007,2007-06-01T12:00:00Z,comment,1064,0,comment_000155,comment_000154,TRUE
video_015908,2020-07-24T14:12:49Z,59737,,165,Primolius_maracana,Spain,Birds,alien,compra,Post-Introduction,eCommerce,eCommerce,2007,2007-06-01T12:00:00Z,comment,1064,0,comment_000069,comment_000066,TRUE
video_015908,2020-07-24T14:14:10Z,59737,,165,Primolius_maracana,Spain,Birds,alien,comprar,Post-Introduction,eCommerce,eCommerce,2007,2007-06-01T12:00:00Z,comment,1064,0,comment_000070,comment_000066,TRUE
video_015908,2016-05-22T16:11:32Z,59737,,165,Primolius_maracana,Spain,Birds,alien,mascota,Post-Introduction,eCommerce,eCommerce,2007,2007-06-01T12:00:00Z,comment,1064,0,comment_000687,comment_000685,TRUE
video_015908,2016-05-22T09:27:18Z,59737,,165,Primolius_maracana,Spain,Birds,alien,peligro,Post-Introduction,Threat,Threat,2007,2007-06-01T12:00:00Z,comment,1064,0,comment_000864,comment_000863,TRUE
video_015908,2016-05-22T09:30:14Z,59737,,165,Primolius_maracana,Spain,Birds,alien,vistos,Post-Introduction,Detection,Detection,2007,2007-06-01T12:00:00Z,comment,1064,1,comment_000475,comment_000474,TRUE
video_016111,2016-05-20T04:55:57Z,14898,,17,Primolius_maracana,Spain,Birds,alien,costo,Post-Introduction,eCommerce,eCommerce,2007,2007-06-01T12:00:00Z,comment,242,0,comment_000231,,FALSE
video_004030,2013-02-20T01:24:25Z,10444,,6,Psephotus_haematonotus,Spain,Birds,alien,jaula,Post-Introduction,eCommerce,eCommerce,2006,2006-06-01T12:00:00Z,comment,27,0,comment_007457,,FALSE
video_004030,2013-02-20T01:24:25Z,10444,,6,Psephotus_haematonotus,Spain,Birds,alien,jaula,Post-Introduction,eCommerce,eCommerce,2006,2006-06-01T12:00:00Z,comment,27,0,comment_007457,,FALSE
video_004030,2013-02-20T01:24:25Z,10444,,6,Psephotus_haematonotus,Spain,Birds,alien,jaula,Post-Introduction,eCommerce,eCommerce,2006,2006-06-01T12:00:00Z,comment,27,0,comment_007457,,FALSE
video_001768,2020-03-05T17:57:47Z,17706,,31,Psephotus_haematonotus,Spain,Birds,alien,jaula,Post-Introduction,eCommerce,eCommerce,2006,2006-06-01T12:00:00Z,comment,249,0,comment_013534,,FALSE
video_001768,2020-03-05T17:57:47Z,17706,,31,Psephotus_haematonotus,Spain,Birds,alien,compre,Post-Introduction,eCommerce,eCommerce,2006,2006-06-01T12:00:00Z,comment,249,0,comment_013534,,FALSE
video_001768,2020-03-05T17:57:47Z,17706,,31,Psephotus_haematonotus,Spain,Birds,alien,jaula,Post-Introduction,eCommerce,eCommerce,2006,2006-06-01T12:00:00Z,comment,249,0,comment_013534,,FALSE
video_001768,2019-07-01T21:07:23Z,17706,,31,Psephotus_haematonotus,Spain,Birds,alien,visto,Post-Introduction,Detection,Detection,2006,2006-06-01T12:00:00Z,comment,249,1,comment_014638,,FALSE
video_001768,2023-02-23T20:49:21Z,17706,,31,Psephotus_haematonotus,Spain,Birds,alien,jaula,Post-Introduction,eCommerce,eCommerce,2006,2006-06-01T12:00:00Z,comment,249,0,comment_013539,comment_013534,TRUE
video_001768,2023-02-23T20:49:21Z,17706,,31,Psephotus_haematonotus,Spain,Birds,alien,jaula,Post-Introduction,eCommerce,eCommerce,2006,2006-06-01T12:00:00Z,comment,249,0,comment_013539,comment_013534,TRUE
video_001768,2019-07-13T22:16:17Z,17706,,31,Psephotus_haematonotus,Spain,Birds,alien,jaula,Post-Introduction,eCommerce,eCommerce,2006,2006-06-01T12:00:00Z,comment,249,0,comment_001927,comment_001926,TRUE
video_001768,2019-07-13T23:36:13Z,17706,,31,Psephotus_haematonotus,Spain,Birds,alien,jaula,Post-Introduction,eCommerce,eCommerce,2006,2006-06-01T12:00:00Z,comment,249,0,comment_001928,comment_001926,TRUE
video_001768,2019-07-13T23:36:13Z,17706,,31,Psephotus_haematonotus,Spain,Birds,alien,jaula,Post-Introduction,eCommerce,eCommerce,2006,2006-06-01T12:00:00Z,comment,249,0,comment_001928,comment_001926,TRUE
video_001768,2019-07-15T17:59:29Z,17706,,31,Psephotus_haematonotus,Spain,Birds,alien,jaula,Post-Introduction,eCommerce,eCommerce,2006,2006-06-01T12:00:00Z,comment,249,0,comment_001930,comment_001926,TRUE
video_007084,2025-12-28T21:55:28Z,1240,,2,Psephotus_haematonotus,Spain,Birds,alien,precio,Post-Introduction,eCommerce,eCommerce,2006,2006-06-01T12:00:00Z,comment,60,0,comment_011329,,FALSE
video_001907,2023-05-18T15:05:48Z,38580,,89,Psephotus_haematonotus,Spain,Birds,alien,comprar,Post-Introduction,eCommerce,eCommerce,2006,2006-06-01T12:00:00Z,comment,431,0,comment_007283,,FALSE
video_001907,2022-07-11T03:45:10Z,38580,,89,Psephotus_haematonotus,Spain,Birds,alien,compre,Post-Introduction,eCommerce,eCommerce,2006,2006-06-01T12:00:00Z,comment,431,0,comment_010103,,FALSE
video_001907,2020-03-05T17:55:37Z,38580,,89,Psephotus_haematonotus,Spain,Birds,alien,jaula,Post-Introduction,eCommerce,eCommerce,2006,2006-06-01T12:00:00Z,comment,431,1,comment_002507,,FALSE
video_001907,2020-01-25T19:12:51Z,38580,,89,Psephotus_haematonotus,Spain,Birds,alien,adoptado,Post-Introduction,eCommerce,eCommerce,2006,2006-06-01T12:00:00Z,comment,431,0,comment_010809,,FALSE
video_001907,2019-12-18T19:56:59Z,38580,,89,Psephotus_haematonotus,Spain,Birds,alien,visto,Post-Introduction,Detection,Detection,2006,2006-06-01T12:00:00Z,comment,431,0,comment_006408,,FALSE
video_001907,2025-05-17T10:31:26Z,38580,,89,Psephotus_haematonotus,Spain,Birds,alien,jaula,Post-Introduction,eCommerce,eCommerce,2006,2006-06-01T12:00:00Z,comment,431,0,comment_003141,comment_003140,TRUE
video_001907,2023-05-18T16:15:08Z,38580,,89,Psephotus_haematonotus,Spain,Birds,alien,tienda,Post-Introduction,eCommerce,eCommerce,2006,2006-06-01T12:00:00Z,comment,431,0,comment_007284,comment_007283,TRUE
video_001907,2022-03-26T23:03:20Z,38580,,89,Psephotus_haematonotus,Spain,Birds,alien,jaula,Post-Introduction,eCommerce,eCommerce,2006,2006-06-01T12:00:00Z,comment,431,0,comment_005235,comment_005233,TRUE
video_001907,2022-03-26T23:03:20Z,38580,,89,Psephotus_haematonotus,Spain,Birds,alien,jaula,Post-Introduction,eCommerce,eCommerce,2006,2006-06-01T12:00:00Z,comment,431,0,comment_005235,comment_005233,TRUE
video_001907,2022-03-26T23:17:29Z,38580,,89,Psephotus_haematonotus,Spain,Birds,alien,jaula,Post-Introduction,eCommerce,eCommerce,2006,2006-06-01T12:00:00Z,comment,431,0,comment_005236,comment_005233,TRUE
video_001907,2022-03-26T23:17:29Z,38580,,89,Psephotus_haematonotus,Spain,Birds,alien,jaula,Post-Introduction,eCommerce,eCommerce,2006,2006-06-01T12:00:00Z,comment,431,0,comment_005236,comment_005233,TRUE
video_001907,2021-08-14T14:50:00Z,38580,,89,Psephotus_haematonotus,Spain,Birds,alien,invasora,Post-Introduction,Invasion,Invasion,2006,2006-06-01T12:00:00Z,comment,431,0,comment_004796,comment_004795,TRUE
video_001907,2020-03-05T18:17:21Z,38580,,89,Psephotus_haematonotus,Spain,Birds,alien,jaula,Post-Introduction,eCommerce,eCommerce,2006,2006-06-01T12:00:00Z,comment,431,0,comment_002508,comment_002507,TRUE
video_001907,2020-03-05T18:39:29Z,38580,,89,Psephotus_haematonotus,Spain,Birds,alien,jaula,Post-Introduction,eCommerce,eCommerce,2006,2006-06-01T12:00:00Z,comment,431,0,comment_002510,comment_002507,TRUE
video_001907,2020-03-05T19:15:44Z,38580,,89,Psephotus_haematonotus,Spain,Birds,alien,jaula,Post-Introduction,eCommerce,eCommerce,2006,2006-06-01T12:00:00Z,comment,431,0,comment_002511,comment_002507,TRUE
video_001907,2021-08-09T13:06:34Z,38580,,89,Psephotus_haematonotus,Spain,Birds,alien,jaula,Post-Introduction,eCommerce,eCommerce,2006,2006-06-01T12:00:00Z,comment,431,0,comment_003339,comment_003336,TRUE
video_001907,2021-08-09T13:06:34Z,38580,,89,Psephotus_haematonotus,Spain,Birds,alien,jaula,Post-Introduction,eCommerce,eCommerce,2006,2006-06-01T12:00:00Z,comment,431,0,comment_003339,comment_003336,TRUE
video_009299,2025-02-18T14:31:31Z,2443,,32,Pseudemys_concinna,Portugal,Herptiles,established,pecera,Post-Introduction,eCommerce,eCommerce,2013,2013-06-01T12:00:00Z,comment,85,0,comment_003865,,FALSE
video_009299,2020-03-11T19:20:51Z,2443,,32,Pseudemys_concinna,Portugal,Herptiles,established,visto,Post-Introduction,Detection,Detection,2013,2013-06-01T12:00:00Z,comment,85,1,comment_007727,,FALSE
video_015052,2025-02-24T21:06:35Z,1341,,17,Pseudemys_concinna,Portugal,Herptiles,established,mascota,Post-Introduction,eCommerce,eCommerce,2013,2013-06-01T12:00:00Z,comment,32,0,comment_011938,,FALSE
video_015052,2025-02-24T21:06:35Z,1341,,17,Pseudemys_concinna,Portugal,Herptiles,established,dinero,Post-Introduction,eCommerce,eCommerce,2013,2013-06-01T12:00:00Z,comment,32,0,comment_011938,,FALSE
video_015052,2021-04-18T10:13:40Z,1341,,17,Pseudemys_concinna,Portugal,Herptiles,established,registro,Post-Introduction,Detection,Detection,2013,2013-06-01T12:00:00Z,comment,32,0,comment_003489,,FALSE
video_015052,2020-05-03T18:07:26Z,1341,,17,Pseudemys_concinna,Portugal,Herptiles,established,costo,Post-Introduction,eCommerce,eCommerce,2013,2013-06-01T12:00:00Z,comment,32,0,comment_011155,,FALSE
video_015052,2020-05-03T18:07:26Z,1341,,17,Pseudemys_concinna,Portugal,Herptiles,established,euros,Post-Introduction,eCommerce,eCommerce,2013,2013-06-01T12:00:00Z,comment,32,0,comment_011155,,FALSE
video_015052,2020-05-03T19:31:08Z,1341,,17,Pseudemys_concinna,Portugal,Herptiles,established,comprado,Post-Introduction,eCommerce,eCommerce,2013,2013-06-01T12:00:00Z,comment,32,0,comment_011156,comment_011155,TRUE
video_015052,2020-05-03T19:31:08Z,1341,,17,Pseudemys_concinna,Portugal,Herptiles,established,euros,Post-Introduction,eCommerce,eCommerce,2013,2013-06-01T12:00:00Z,comment,32,0,comment_011156,comment_011155,TRUE
video_015052,2020-05-03T19:31:08Z,1341,,17,Pseudemys_concinna,Portugal,Herptiles,established,euros,Post-Introduction,eCommerce,eCommerce,2013,2013-06-01T12:00:00Z,comment,32,0,comment_011156,comment_011155,TRUE
video_015052,2020-05-03T19:31:08Z,1341,,17,Pseudemys_concinna,Portugal,Herptiles,established,euros,Post-Introduction,eCommerce,eCommerce,2013,2013-06-01T12:00:00Z,comment,32,0,comment_011156,comment_011155,TRUE
video_015052,2020-05-03T19:31:08Z,1341,,17,Pseudemys_concinna,Portugal,Herptiles,established,euros,Post-Introduction,eCommerce,eCommerce,2013,2013-06-01T12:00:00Z,comment,32,0,comment_011156,comment_011155,TRUE
video_015052,2020-05-03T19:31:08Z,1341,,17,Pseudemys_concinna,Portugal,Herptiles,established,caro,Post-Introduction,eCommerce,eCommerce,2013,2013-06-01T12:00:00Z,comment,32,0,comment_011156,comment_011155,TRUE
video_015052,2020-05-03T19:31:08Z,1341,,17,Pseudemys_concinna,Portugal,Herptiles,established,euros,Post-Introduction,eCommerce,eCommerce,2013,2013-06-01T12:00:00Z,comment,32,0,comment_011156,comment_011155,TRUE
video_015052,2020-05-03T19:26:52Z,1341,,17,Pseudemys_concinna,Portugal,Herptiles,established,comprado,Post-Introduction,eCommerce,eCommerce,2013,2013-06-01T12:00:00Z,comment,32,0,comment_013327,comment_013326,TRUE
video_015052,2020-05-03T19:26:52Z,1341,,17,Pseudemys_concinna,Portugal,Herptiles,established,tienda,Post-Introduction,eCommerce,eCommerce,2013,2013-06-01T12:00:00Z,comment,32,0,comment_013327,comment_013326,TRUE
video_010554,2019-07-01T14:55:25Z,13586,,41,Pseudemys_concinna,Portugal,Herptiles,established,comprar,Post-Introduction,eCommerce,eCommerce,2013,2013-06-01T12:00:00Z,comment,214,0,comment_014551,,FALSE
video_010554,2016-11-12T10:11:44Z,13586,,41,Pseudemys_concinna,Portugal,Herptiles,established,peligro,Post-Introduction,Threat,Threat,2013,2013-06-01T12:00:00Z,comment,214,3,comment_001160,,FALSE
video_010554,2016-10-31T14:55:20Z,13586,,41,Pseudemys_concinna,Portugal,Herptiles,established,tienda,Post-Introduction,eCommerce,eCommerce,2013,2013-06-01T12:00:00Z,comment,214,0,comment_000194,,FALSE
video_010554,2016-10-31T14:55:20Z,13586,,41,Pseudemys_concinna,Portugal,Herptiles,established,comprar,Post-Introduction,eCommerce,eCommerce,2013,2013-06-01T12:00:00Z,comment,214,0,comment_000194,,FALSE
video_010554,2016-10-31T14:55:20Z,13586,,41,Pseudemys_concinna,Portugal,Herptiles,established,comprado,Post-Introduction,eCommerce,eCommerce,2013,2013-06-01T12:00:00Z,comment,214,0,comment_000194,,FALSE
video_010554,2016-10-31T14:55:20Z,13586,,41,Pseudemys_concinna,Portugal,Herptiles,established,precio,Post-Introduction,eCommerce,eCommerce,2013,2013-06-01T12:00:00Z,comment,214,0,comment_000194,,FALSE
video_010554,2018-08-05T11:58:14Z,13586,,41,Pseudemys_concinna,Portugal,Herptiles,established,compra,Post-Introduction,eCommerce,eCommerce,2013,2013-06-01T12:00:00Z,comment,214,1,comment_005880,comment_005879,TRUE
video_010554,2018-08-05T11:58:14Z,13586,,41,Pseudemys_concinna,Portugal,Herptiles,established,acuario,Post-Introduction,eCommerce,eCommerce,2013,2013-06-01T12:00:00Z,comment,214,1,comment_005880,comment_005879,TRUE
video_010554,2017-12-02T13:27:25Z,13586,,41,Pseudemys_concinna,Portugal,Herptiles,established,acuario,Post-Introduction,eCommerce,eCommerce,2013,2013-06-01T12:00:00Z,comment,214,0,comment_011227,comment_011225,TRUE
video_010554,2017-12-02T13:27:25Z,13586,,41,Pseudemys_concinna,Portugal,Herptiles,established,comprar,Post-Introduction,eCommerce,eCommerce,2013,2013-06-01T12:00:00Z,comment,214,0,comment_011227,comment_011225,TRUE
video_010554,2018-01-13T14:32:10Z,13586,,41,Pseudemys_concinna,Portugal,Herptiles,established,acuarios,Post-Introduction,eCommerce,eCommerce,2013,2013-06-01T12:00:00Z,comment,214,0,comment_001161,comment_001160,TRUE
video_001048,2017-09-25T22:58:50Z,2617,,1,Pseudemys_concinna,Portugal,Herptiles,established,compra,Post-Introduction,eCommerce,eCommerce,2013,2013-06-01T12:00:00Z,comment,14,0,comment_006960,,FALSE
video_012570,2021-04-19T21:55:11Z,853,,2,Pseudemys_peninsularis,Spain,Herptiles,alien,tienda,Post-Introduction,eCommerce,eCommerce,2020,2020-06-01T12:00:00Z,comment,13,0,comment_005548,comment_005547,TRUE
video_010923,2021-07-23T13:53:31Z,955,,6,Pseudemys_peninsularis,Spain,Herptiles,alien,encontre,Post-Introduction,Detection,Detection,2020,2020-06-01T12:00:00Z,comment,16,1,comment_006548,,FALSE
video_010923,2021-07-23T12:46:29Z,955,,6,Pseudemys_peninsularis,Spain,Herptiles,alien,encontre,Post-Introduction,Detection,Detection,2020,2020-06-01T12:00:00Z,comment,16,0,comment_013313,,FALSE
video_010923,2021-07-23T19:31:32Z,955,,6,Pseudemys_peninsularis,Spain,Herptiles,alien,encontrada,Post-Introduction,Detection,Detection,2020,2020-06-01T12:00:00Z,comment,16,1,comment_006549,comment_006548,TRUE
video_010923,2021-07-23T19:31:32Z,955,,6,Pseudemys_peninsularis,Spain,Herptiles,alien,invasoras,Post-Introduction,Invasion,Invasion,2020,2020-06-01T12:00:00Z,comment,16,1,comment_006549,comment_006548,TRUE
video_009611,2020-07-01T11:00:25Z,369744,,364,Psittacus_erithacus,Portugal,Birds,casual,descuento,Post-Introduction,eCommerce,eCommerce,2014,2014-06-01T12:00:00Z,comment,4095,4,comment_011300,,FALSE
video_009611,2016-08-24T10:03:28Z,369744,,364,Psittacus_erithacus,Portugal,Birds,casual,visto,Post-Introduction,Detection,Detection,2014,2014-06-01T12:00:00Z,comment,4095,0,comment_000764,comment_000763,TRUE
video_005461,2024-11-03T15:16:57Z,24803,,66,Psittacus_erithacus,Portugal,Birds,casual,comprar,Post-Introduction,eCommerce,eCommerce,2014,2014-06-01T12:00:00Z,comment,733,2,comment_005440,,FALSE
video_005461,2024-11-03T15:16:57Z,24803,,66,Psittacus_erithacus,Portugal,Birds,casual,comprar,Post-Introduction,eCommerce,eCommerce,2014,2014-06-01T12:00:00Z,comment,733,2,comment_005440,,FALSE
video_005461,2025-12-17T18:18:05Z,24803,,66,Psittacus_erithacus,Portugal,Birds,casual,compre,Post-Introduction,eCommerce,eCommerce,2014,2014-06-01T12:00:00Z,comment,733,1,comment_005167,,FALSE
video_005461,2025-11-15T16:05:47Z,24803,,66,Psittacus_erithacus,Portugal,Birds,casual,jaula,Post-Introduction,eCommerce,eCommerce,2014,2014-06-01T12:00:00Z,comment,733,0,comment_013450,,FALSE
video_005461,2025-05-03T17:42:53Z,24803,,66,Psittacus_erithacus,Portugal,Birds,casual,adoptar,Post-Introduction,eCommerce,eCommerce,2014,2014-06-01T12:00:00Z,comment,733,0,comment_001934,,FALSE
video_005461,2024-11-06T19:08:06Z,24803,,66,Psittacus_erithacus,Portugal,Birds,casual,visto,Post-Introduction,Detection,Detection,2014,2014-06-01T12:00:00Z,comment,733,1,comment_005228,,FALSE
video_005461,2024-11-04T07:08:05Z,24803,,66,Psittacus_erithacus,Portugal,Birds,casual,jaula,Post-Introduction,eCommerce,eCommerce,2014,2014-06-01T12:00:00Z,comment,733,2,comment_005901,,FALSE
video_005461,2024-11-03T21:59:06Z,24803,,66,Psittacus_erithacus,Portugal,Birds,casual,adopte,Post-Introduction,eCommerce,eCommerce,2014,2014-06-01T12:00:00Z,comment,733,0,comment_004467,,FALSE
video_005461,2024-11-03T16:00:27Z,24803,,66,Psittacus_erithacus,Portugal,Birds,casual,jaula,Post-Introduction,eCommerce,eCommerce,2014,2014-06-01T12:00:00Z,comment,733,18,comment_013026,,FALSE
video_005461,2024-11-03T15:59:48Z,24803,,66,Psittacus_erithacus,Portugal,Birds,casual,adoptar,Post-Introduction,eCommerce,eCommerce,2014,2014-06-01T12:00:00Z,comment,733,0,comment_012944,,FALSE
video_005461,2025-12-12T15:35:46Z,24803,,66,Psittacus_erithacus,Portugal,Birds,casual,comprar,Post-Introduction,eCommerce,eCommerce,2014,2014-06-01T12:00:00Z,comment,733,1,comment_013451,comment_013450,TRUE
video_005461,2025-12-12T15:35:46Z,24803,,66,Psittacus_erithacus,Portugal,Birds,casual,jaula,Post-Introduction,eCommerce,eCommerce,2014,2014-06-01T12:00:00Z,comment,733,1,comment_013451,comment_013450,TRUE
video_005461,2024-11-08T14:36:19Z,24803,,66,Psittacus_erithacus,Portugal,Birds,casual,descuento,Post-Introduction,eCommerce,eCommerce,2014,2014-06-01T12:00:00Z,comment,733,0,comment_004521,comment_004520,TRUE
video_005461,2024-11-08T14:45:05Z,24803,,66,Psittacus_erithacus,Portugal,Birds,casual,vista,Post-Introduction,Detection,Detection,2014,2014-06-01T12:00:00Z,comment,733,0,comment_005229,comment_005228,TRUE
video_005461,2025-02-11T14:08:46Z,24803,,66,Psittacus_erithacus,Portugal,Birds,casual,acuario,Post-Introduction,eCommerce,eCommerce,2014,2014-06-01T12:00:00Z,comment,733,0,comment_005902,comment_005901,TRUE
video_005461,2025-02-11T14:08:46Z,24803,,66,Psittacus_erithacus,Portugal,Birds,casual,terrarios,Post-Introduction,eCommerce,eCommerce,2014,2014-06-01T12:00:00Z,comment,733,0,comment_005902,comment_005901,TRUE
video_005461,2025-02-11T14:08:46Z,24803,,66,Psittacus_erithacus,Portugal,Birds,casual,jaula,Post-Introduction,eCommerce,eCommerce,2014,2014-06-01T12:00:00Z,comment,733,0,comment_005902,comment_005901,TRUE
video_005461,2025-02-11T14:08:46Z,24803,,66,Psittacus_erithacus,Portugal,Birds,casual,jaula,Post-Introduction,eCommerce,eCommerce,2014,2014-06-01T12:00:00Z,comment,733,0,comment_005902,comment_005901,TRUE
video_005461,2024-11-08T14:37:16Z,24803,,66,Psittacus_erithacus,Portugal,Birds,casual,jaula,Post-Introduction,eCommerce,eCommerce,2014,2014-06-01T12:00:00Z,comment,733,0,comment_004468,comment_004467,TRUE
video_005461,2024-11-08T14:42:27Z,24803,,66,Psittacus_erithacus,Portugal,Birds,casual,compra,Post-Introduction,eCommerce,eCommerce,2014,2014-06-01T12:00:00Z,comment,733,0,comment_008745,comment_008744,TRUE
video_005461,2025-09-16T11:21:18Z,24803,,66,Psittacus_erithacus,Portugal,Birds,casual,compre,Post-Introduction,eCommerce,eCommerce,2014,2014-06-01T12:00:00Z,comment,733,0,comment_002131,comment_002129,TRUE
video_005071,2025-03-04T20:34:58Z,931988,,552,Psittacus_erithacus,Portugal,Birds,casual,ofertas,Post-Introduction,eCommerce,eCommerce,2014,2014-06-01T12:00:00Z,comment,20947,0,comment_002669,,FALSE
video_005071,2025-03-03T23:16:04Z,931988,,552,Psittacus_erithacus,Portugal,Birds,casual,visto,Post-Introduction,Detection,Detection,2014,2014-06-01T12:00:00Z,comment,20947,4,comment_004106,,FALSE
video_005071,2023-04-27T16:27:25Z,931988,,552,Psittacus_erithacus,Portugal,Birds,casual,mascota,Post-Introduction,eCommerce,eCommerce,2014,2014-06-01T12:00:00Z,comment,20947,0,comment_005308,,FALSE
video_005071,2023-04-27T16:27:25Z,931988,,552,Psittacus_erithacus,Portugal,Birds,casual,jaula,Post-Introduction,eCommerce,eCommerce,2014,2014-06-01T12:00:00Z,comment,20947,0,comment_005308,,FALSE
video_005071,2021-07-30T00:32:43Z,931988,,552,Psittacus_erithacus,Portugal,Birds,casual,aparece,Post-Introduction,Detection,Detection,2014,2014-06-01T12:00:00Z,comment,20947,0,comment_013333,,FALSE
video_005071,2021-07-30T00:32:43Z,931988,,552,Psittacus_erithacus,Portugal,Birds,casual,vista,Post-Introduction,Detection,Detection,2014,2014-06-01T12:00:00Z,comment,20947,0,comment_013333,,FALSE
video_005071,2023-03-29T08:35:45Z,931988,,552,Psittacus_erithacus,Portugal,Birds,casual,adoptar,Post-Introduction,eCommerce,eCommerce,2014,2014-06-01T12:00:00Z,comment,20947,1,comment_007783,comment_007782,TRUE
video_005071,2021-04-18T23:16:55Z,931988,,552,Psittacus_erithacus,Portugal,Birds,casual,encontrado,Post-Introduction,Detection,Detection,2014,2014-06-01T12:00:00Z,comment,20947,0,comment_003072,,FALSE
video_005071,2021-04-18T23:16:55Z,931988,,552,Psittacus_erithacus,Portugal,Birds,casual,extincion,Post-Introduction,Threat,Threat,2014,2014-06-01T12:00:00Z,comment,20947,0,comment_003072,,FALSE
video_005071,2021-04-09T21:23:40Z,931988,,552,Psittacus_erithacus,Portugal,Birds,casual,precio,Post-Introduction,eCommerce,eCommerce,2014,2014-06-01T12:00:00Z,comment,20947,0,comment_011521,,FALSE
video_005071,2021-03-07T20:23:31Z,931988,,552,Psittacus_erithacus,Portugal,Birds,casual,compre,Post-Introduction,eCommerce,eCommerce,2014,2014-06-01T12:00:00Z,comment,20947,0,comment_006175,,FALSE
video_005071,2021-02-28T21:54:58Z,931988,,552,Psittacus_erithacus,Portugal,Birds,casual,comprar,Post-Introduction,eCommerce,eCommerce,2014,2014-06-01T12:00:00Z,comment,20947,0,comment_004549,,FALSE
video_010749,2021-12-01T10:15:13Z,77931,,14,Psittacus_erithacus,Portugal,Birds,casual,tienda,Post-Introduction,eCommerce,eCommerce,2014,2014-06-01T12:00:00Z,comment,366,3,comment_001510,,FALSE
video_010749,2021-10-03T00:56:19Z,77931,,14,Psittacus_erithacus,Portugal,Birds,casual,comprar,Post-Introduction,eCommerce,eCommerce,2014,2014-06-01T12:00:00Z,comment,366,0,comment_014425,,FALSE
video_014761,2024-11-09T23:52:45Z,1070,,1,Psittacus_erithacus,Portugal,Birds,casual,precio,Post-Introduction,eCommerce,eCommerce,2014,2014-06-01T12:00:00Z,comment,48,2,comment_004451,,FALSE
video_015972,2025-05-11T22:02:21Z,1524,,3,Psittacus_erithacus,Portugal,Birds,casual,mascota,Post-Introduction,eCommerce,eCommerce,2014,2014-06-01T12:00:00Z,comment,47,2,comment_006118,,FALSE
video_002430,2025-05-16T12:02:32Z,1093,,1,Psittacus_erithacus,Portugal,Birds,casual,mascota,Post-Introduction,eCommerce,eCommerce,2014,2014-06-01T12:00:00Z,comment,32,2,comment_009316,,FALSE
video_014204,2025-05-28T05:29:46Z,227971,,393,Psittacus_erithacus,Portugal,Birds,casual,compra,Post-Introduction,eCommerce,eCommerce,2014,2014-06-01T12:00:00Z,comment,14214,0,comment_011198,,FALSE
video_014204,2025-05-28T05:29:46Z,227971,,393,Psittacus_erithacus,Portugal,Birds,casual,comprar,Post-Introduction,eCommerce,eCommerce,2014,2014-06-01T12:00:00Z,comment,14214,0,comment_011198,,FALSE
video_014204,2025-03-07T21:31:50Z,227971,,393,Psittacus_erithacus,Portugal,Birds,casual,cara,Post-Introduction,eCommerce,eCommerce,2014,2014-06-01T12:00:00Z,comment,14214,0,comment_004863,,FALSE
video_014204,2025-02-06T16:37:33Z,227971,,393,Psittacus_erithacus,Portugal,Birds,casual,precio,Post-Introduction,eCommerce,eCommerce,2014,2014-06-01T12:00:00Z,comment,14214,0,comment_004598,,FALSE
video_014204,2025-01-30T11:07:22Z,227971,,393,Psittacus_erithacus,Portugal,Birds,casual,venta,Post-Introduction,eCommerce,eCommerce,2014,2014-06-01T12:00:00Z,comment,14214,0,comment_011466,,FALSE
video_014204,2025-01-30T11:07:22Z,227971,,393,Psittacus_erithacus,Portugal,Birds,casual,alerta,Post-Introduction,Detection,Detection,2014,2014-06-01T12:00:00Z,comment,14214,0,comment_011466,,FALSE
video_014204,2025-01-30T03:28:33Z,227971,,393,Psittacus_erithacus,Portugal,Birds,casual,dinero,Post-Introduction,eCommerce,eCommerce,2014,2014-06-01T12:00:00Z,comment,14214,0,comment_003375,,FALSE
video_014204,2025-01-27T00:03:39Z,227971,,393,Psittacus_erithacus,Portugal,Birds,casual,comprar,Post-Introduction,eCommerce,eCommerce,2014,2014-06-01T12:00:00Z,comment,14214,0,comment_014602,,FALSE
video_014204,2025-01-26T23:59:08Z,227971,,393,Psittacus_erithacus,Portugal,Birds,casual,aparecieron,Post-Introduction,Detection,Detection,2014,2014-06-01T12:00:00Z,comment,14214,2,comment_013323,,FALSE
video_014204,2025-01-26T16:21:51Z,227971,,393,Psittacus_erithacus,Portugal,Birds,casual,dinero,Post-Introduction,eCommerce,eCommerce,2014,2014-06-01T12:00:00Z,comment,14214,0,comment_002815,,FALSE
video_014204,2025-01-26T13:11:03Z,227971,,393,Psittacus_erithacus,Portugal,Birds,casual,visto,Post-Introduction,Detection,Detection,2014,2014-06-01T12:00:00Z,comment,14214,0,comment_013079,,FALSE
video_014204,2025-01-26T13:11:03Z,227971,,393,Psittacus_erithacus,Portugal,Birds,casual,adoptar,Post-Introduction,eCommerce,eCommerce,2014,2014-06-01T12:00:00Z,comment,14214,0,comment_013079,,FALSE
video_014204,2025-01-26T13:11:03Z,227971,,393,Psittacus_erithacus,Portugal,Birds,casual,caro,Post-Introduction,eCommerce,eCommerce,2014,2014-06-01T12:00:00Z,comment,14214,0,comment_013079,,FALSE
video_014204,2025-01-23T17:24:16Z,227971,,393,Psittacus_erithacus,Portugal,Birds,casual,dinero,Post-Introduction,eCommerce,eCommerce,2014,2014-06-01T12:00:00Z,comment,14214,1,comment_002506,,FALSE
video_014204,2025-01-21T15:06:39Z,227971,,393,Psittacus_erithacus,Portugal,Birds,casual,compra,Post-Introduction,eCommerce,eCommerce,2014,2014-06-01T12:00:00Z,comment,14214,18,comment_001514,,FALSE
video_014204,2025-01-21T15:06:39Z,227971,,393,Psittacus_erithacus,Portugal,Birds,casual,capturas,Post-Introduction,Detection,Detection,2014,2014-06-01T12:00:00Z,comment,14214,18,comment_001514,,FALSE
video_014204,2025-01-21T13:15:36Z,227971,,393,Psittacus_erithacus,Portugal,Birds,casual,adoptar,Post-Introduction,eCommerce,eCommerce,2014,2014-06-01T12:00:00Z,comment,14214,1,comment_005064,,FALSE
video_014204,2025-01-21T13:15:36Z,227971,,393,Psittacus_erithacus,Portugal,Birds,casual,euros,Post-Introduction,eCommerce,eCommerce,2014,2014-06-01T12:00:00Z,comment,14214,1,comment_005064,,FALSE
video_014204,2025-01-21T08:49:16Z,227971,,393,Psittacus_erithacus,Portugal,Birds,casual,dinero,Post-Introduction,eCommerce,eCommerce,2014,2014-06-01T12:00:00Z,comment,14214,0,comment_009722,,FALSE
video_004137,2013-08-21T14:51:53Z,6523,,6,Psittacus_erithacus,Portugal,Birds,casual,jaula,Pre-Introduction,eCommerce,eCommerce,2014,2014-06-01T12:00:00Z,comment,91,0,comment_002000,,FALSE
video_004137,2013-02-05T15:06:40Z,6523,,6,Psittacus_erithacus,Portugal,Birds,casual,jaula,Pre-Introduction,eCommerce,eCommerce,2014,2014-06-01T12:00:00Z,comment,91,0,comment_005765,,FALSE
video_004137,2013-02-04T23:19:09Z,6523,,6,Psittacus_erithacus,Portugal,Birds,casual,mascota,Pre-Introduction,eCommerce,eCommerce,2014,2014-06-01T12:00:00Z,comment,91,0,comment_008976,,FALSE
video_004271,2025-05-14T11:32:51Z,2148,,3,Psittacus_erithacus,Portugal,Birds,casual,mascota,Post-Introduction,eCommerce,eCommerce,2014,2014-06-01T12:00:00Z,comment,69,2,comment_012861,,FALSE
video_016946,2025-05-11T11:34:48Z,2247,,1,Psittacus_erithacus,Portugal,Birds,casual,mascota,Post-Introduction,eCommerce,eCommerce,2014,2014-06-01T12:00:00Z,comment,59,3,comment_009597,,FALSE
video_006617,2025-04-23T22:05:18Z,3154,,4,Psittacus_erithacus,Portugal,Birds,casual,visto,Post-Introduction,Detection,Detection,2014,2014-06-01T12:00:00Z,comment,92,4,comment_003904,,FALSE
video_015798,2025-05-13T20:02:57Z,1692,,1,Psittacus_erithacus,Portugal,Birds,casual,mascota,Post-Introduction,eCommerce,eCommerce,2014,2014-06-01T12:00:00Z,comment,25,2,comment_012530,,FALSE
video_001288,2025-05-11T12:41:14Z,950,,11,Psittacus_erithacus,Portugal,Birds,casual,capturado,Post-Introduction,Detection,Detection,2014,2014-06-01T12:00:00Z,comment,32,2,comment_011484,comment_011483,TRUE
video_001288,2025-05-11T12:41:14Z,950,,11,Psittacus_erithacus,Portugal,Birds,casual,jaula,Post-Introduction,eCommerce,eCommerce,2014,2014-06-01T12:00:00Z,comment,32,2,comment_011484,comment_011483,TRUE
video_013128,2019-08-13T22:29:50Z,114971,,37,Psittacus_erithacus,Portugal,Birds,casual,jaula,Post-Introduction,eCommerce,eCommerce,2014,2014-06-01T12:00:00Z,comment,644,2,comment_003604,,FALSE
video_013128,2018-01-28T22:01:50Z,114971,,37,Psittacus_erithacus,Portugal,Birds,casual,jaula,Post-Introduction,eCommerce,eCommerce,2014,2014-06-01T12:00:00Z,comment,644,0,comment_004563,,FALSE
video_013128,2015-10-29T13:12:43Z,114971,,37,Psittacus_erithacus,Portugal,Birds,casual,jaula,Post-Introduction,eCommerce,eCommerce,2014,2014-06-01T12:00:00Z,comment,644,1,comment_000646,,FALSE
video_004570,2017-08-03T11:02:51Z,8251,,9,Psittacus_erithacus,Portugal,Birds,casual,comprado,Post-Introduction,eCommerce,eCommerce,2014,2014-06-01T12:00:00Z,comment,131,0,comment_013649,,FALSE
video_004570,2017-08-02T00:09:29Z,8251,,9,Psittacus_erithacus,Portugal,Birds,casual,peligro,Post-Introduction,Threat,Threat,2014,2014-06-01T12:00:00Z,comment,131,0,comment_006596,,FALSE
video_011660,2022-10-27T10:09:36Z,18431,,4,Psittacus_erithacus,Portugal,Birds,casual,compra,Post-Introduction,eCommerce,eCommerce,2014,2014-06-01T12:00:00Z,comment,110,3,comment_005638,,FALSE
video_015842,2014-12-28T05:33:30Z,5588,,8,Psittacus_erithacus,Portugal,Birds,casual,visto,Post-Introduction,Detection,Detection,2014,2014-06-01T12:00:00Z,comment,71,0,comment_000095,,FALSE
video_012230,2021-01-15T19:17:59Z,1626,,2,Psittacus_erithacus,Portugal,Birds,casual,comprar,Post-Introduction,eCommerce,eCommerce,2014,2014-06-01T12:00:00Z,comment,26,0,comment_007306,,FALSE
video_010795,2019-11-03T20:17:27Z,230018,,50,Psittacus_erithacus,Portugal,Birds,casual,comprar,Post-Introduction,eCommerce,eCommerce,2014,2014-06-01T12:00:00Z,comment,1036,4,comment_011822,,FALSE
video_010795,2018-04-06T21:32:56Z,230018,,50,Psittacus_erithacus,Portugal,Birds,casual,dinero,Post-Introduction,eCommerce,eCommerce,2014,2014-06-01T12:00:00Z,comment,1036,4,comment_009774,,FALSE
video_010795,2024-11-10T20:34:47Z,230018,,50,Psittacus_erithacus,Portugal,Birds,casual,visto,Post-Introduction,Detection,Detection,2014,2014-06-01T12:00:00Z,comment,1036,1,comment_005584,comment_005582,TRUE
video_010795,2021-04-14T09:55:21Z,230018,,50,Psittacus_erithacus,Portugal,Birds,casual,pajareria,Post-Introduction,eCommerce,eCommerce,2014,2014-06-01T12:00:00Z,comment,1036,0,comment_006546,comment_006544,TRUE
video_010795,2021-04-27T17:00:39Z,230018,,50,Psittacus_erithacus,Portugal,Birds,casual,comprar,Post-Introduction,eCommerce,eCommerce,2014,2014-06-01T12:00:00Z,comment,1036,2,comment_011823,comment_011822,TRUE
video_008126,2021-09-14T07:53:35Z,49999,,26,Psittacus_erithacus,Portugal,Birds,casual,visto,Post-Introduction,Detection,Detection,2014,2014-06-01T12:00:00Z,comment,554,5,comment_013809,,FALSE
video_008126,2021-01-15T21:12:11Z,49999,,26,Psittacus_erithacus,Portugal,Birds,casual,cara,Post-Introduction,eCommerce,eCommerce,2014,2014-06-01T12:00:00Z,comment,554,6,comment_006958,,FALSE
video_000273,2019-04-05T23:15:39Z,15189,,10,Psittacus_erithacus,Portugal,Birds,casual,jaula,Post-Introduction,eCommerce,eCommerce,2014,2014-06-01T12:00:00Z,comment,109,0,comment_011568,comment_011566,TRUE
video_013052,2024-09-25T00:46:51Z,2816,,3,Psittacus_erithacus,Portugal,Birds,casual,precios,Post-Introduction,eCommerce,eCommerce,2014,2014-06-01T12:00:00Z,comment,51,1,comment_001589,,FALSE
video_002232,2022-07-15T21:39:23Z,56007,,37,Psittacus_erithacus,Portugal,Birds,casual,jaula,Post-Introduction,eCommerce,eCommerce,2014,2014-06-01T12:00:00Z,comment,248,0,comment_014038,,FALSE
video_002232,2019-02-22T14:18:58Z,56007,,37,Psittacus_erithacus,Portugal,Birds,casual,jaula,Post-Introduction,eCommerce,eCommerce,2014,2014-06-01T12:00:00Z,comment,248,0,comment_003487,,FALSE
video_002232,2018-03-27T07:41:02Z,56007,,37,Psittacus_erithacus,Portugal,Birds,casual,jaula,Post-Introduction,eCommerce,eCommerce,2014,2014-06-01T12:00:00Z,comment,248,1,comment_012694,,FALSE
video_002232,2017-04-10T22:37:51Z,56007,,37,Psittacus_erithacus,Portugal,Birds,casual,cara,Post-Introduction,eCommerce,eCommerce,2014,2014-06-01T12:00:00Z,comment,248,0,comment_000984,,FALSE
video_002232,2022-10-25T23:14:40Z,56007,,37,Psittacus_erithacus,Portugal,Birds,casual,jaula,Post-Introduction,eCommerce,eCommerce,2014,2014-06-01T12:00:00Z,comment,248,0,comment_014039,comment_014038,TRUE
video_002232,2022-10-25T23:14:40Z,56007,,37,Psittacus_erithacus,Portugal,Birds,casual,jaula,Post-Introduction,eCommerce,eCommerce,2014,2014-06-01T12:00:00Z,comment,248,0,comment_014039,comment_014038,TRUE
video_002232,2021-02-13T10:16:49Z,56007,,37,Psittacus_erithacus,Portugal,Birds,casual,euros,Post-Introduction,eCommerce,eCommerce,2014,2014-06-01T12:00:00Z,comment,248,1,comment_013692,comment_013691,TRUE
video_002232,2021-02-13T10:16:49Z,56007,,37,Psittacus_erithacus,Portugal,Birds,casual,euros,Post-Introduction,eCommerce,eCommerce,2014,2014-06-01T12:00:00Z,comment,248,1,comment_013692,comment_013691,TRUE
video_002232,2022-10-25T23:17:44Z,56007,,37,Psittacus_erithacus,Portugal,Birds,casual,jaula,Post-Introduction,eCommerce,eCommerce,2014,2014-06-01T12:00:00Z,comment,248,0,comment_012695,comment_012694,TRUE
video_002232,2022-10-25T23:17:44Z,56007,,37,Psittacus_erithacus,Portugal,Birds,casual,jaula,Post-Introduction,eCommerce,eCommerce,2014,2014-06-01T12:00:00Z,comment,248,0,comment_012695,comment_012694,TRUE
video_007371,2019-04-16T07:30:30Z,7718,,61,Psittacus_erithacus,Portugal,Birds,casual,visto,Post-Introduction,Detection,Detection,2014,2014-06-01T12:00:00Z,comment,439,0,comment_012214,,FALSE
video_015000,2024-01-17T06:12:40Z,2957,,5,Psittacus_erithacus,Portugal,Birds,casual,jaula,Post-Introduction,eCommerce,eCommerce,2014,2014-06-01T12:00:00Z,comment,70,1,comment_008329,comment_008328,TRUE
video_000647,2023-05-12T00:41:25Z,5383,,3,Psittacus_erithacus,Portugal,Birds,casual,tienda,Post-Introduction,eCommerce,eCommerce,2014,2014-06-01T12:00:00Z,comment,94,2,comment_004892,,FALSE
video_007327,2025-11-03T21:11:56Z,586,,2,Psittacus_erithacus,Portugal,Birds,casual,jaula,Post-Introduction,eCommerce,eCommerce,2014,2014-06-01T12:00:00Z,comment,9,0,comment_003628,,FALSE
video_003157,2021-06-19T00:46:14Z,889,,5,Psittacus_erithacus,Portugal,Birds,casual,encontre,Post-Introduction,Detection,Detection,2014,2014-06-01T12:00:00Z,comment,19,0,comment_001546,,FALSE
video_007535,2020-04-30T16:10:48Z,8662,,37,Psittacus_erithacus,Portugal,Birds,casual,visto,Post-Introduction,Detection,Detection,2014,2014-06-01T12:00:00Z,comment,264,0,comment_010960,,FALSE
video_007535,2020-04-30T16:10:48Z,8662,,37,Psittacus_erithacus,Portugal,Birds,casual,rastreo,Post-Introduction,Detection,Detection,2014,2014-06-01T12:00:00Z,comment,264,0,comment_010960,,FALSE
video_007535,2020-04-30T16:10:48Z,8662,,37,Psittacus_erithacus,Portugal,Birds,casual,comprar,Post-Introduction,eCommerce,eCommerce,2014,2014-06-01T12:00:00Z,comment,264,0,comment_010960,,FALSE
video_007535,2020-04-27T16:05:50Z,8662,,37,Psittacus_erithacus,Portugal,Birds,casual,compra,Post-Introduction,eCommerce,eCommerce,2014,2014-06-01T12:00:00Z,comment,264,1,comment_009364,,FALSE
video_007535,2020-04-27T16:05:50Z,8662,,37,Psittacus_erithacus,Portugal,Birds,casual,mascota,Post-Introduction,eCommerce,eCommerce,2014,2014-06-01T12:00:00Z,comment,264,1,comment_009364,,FALSE
video_007535,2020-04-27T16:05:50Z,8662,,37,Psittacus_erithacus,Portugal,Birds,casual,visto,Post-Introduction,Detection,Detection,2014,2014-06-01T12:00:00Z,comment,264,1,comment_009364,,FALSE
video_007535,2020-04-26T20:56:54Z,8662,,37,Psittacus_erithacus,Portugal,Birds,casual,comprar,Post-Introduction,eCommerce,eCommerce,2014,2014-06-01T12:00:00Z,comment,264,0,comment_002532,,FALSE
video_007535,2020-04-24T21:54:39Z,8662,,37,Psittacus_erithacus,Portugal,Birds,casual,visto,Post-Introduction,Detection,Detection,2014,2014-06-01T12:00:00Z,comment,264,1,comment_013169,,FALSE
video_001378,2021-01-17T21:11:15Z,2492,,2,Psittacus_erithacus,Portugal,Birds,casual,comprar,Post-Introduction,eCommerce,eCommerce,2014,2014-06-01T12:00:00Z,comment,20,0,comment_011083,,FALSE
video_016177,2019-08-25T13:21:16Z,1907,,5,Psittacus_erithacus,Portugal,Birds,casual,compre,Post-Introduction,eCommerce,eCommerce,2014,2014-06-01T12:00:00Z,comment,39,1,comment_002663,comment_002662,TRUE
video_016177,2019-08-25T13:21:16Z,1907,,5,Psittacus_erithacus,Portugal,Birds,casual,costo,Post-Introduction,eCommerce,eCommerce,2014,2014-06-01T12:00:00Z,comment,39,1,comment_002663,comment_002662,TRUE
video_016177,2019-08-25T13:21:16Z,1907,,5,Psittacus_erithacus,Portugal,Birds,casual,euros,Post-Introduction,eCommerce,eCommerce,2014,2014-06-01T12:00:00Z,comment,39,1,comment_002663,comment_002662,TRUE
video_009023,2023-04-25T16:52:21Z,7476,,12,Psittacus_erithacus,Portugal,Birds,casual,comprar,Post-Introduction,eCommerce,eCommerce,2014,2014-06-01T12:00:00Z,comment,38,1,comment_009598,,FALSE
video_009023,2020-05-05T20:15:53Z,7476,,12,Psittacus_erithacus,Portugal,Birds,casual,venta,Post-Introduction,eCommerce,eCommerce,2014,2014-06-01T12:00:00Z,comment,38,0,comment_013714,,FALSE
video_009023,2017-01-22T07:54:29Z,7476,,12,Psittacus_erithacus,Portugal,Birds,casual,precio,Post-Introduction,eCommerce,eCommerce,2014,2014-06-01T12:00:00Z,comment,38,1,comment_000421,,FALSE
video_009023,2017-03-12T07:25:03Z,7476,,12,Psittacus_erithacus,Portugal,Birds,casual,precios,Post-Introduction,eCommerce,eCommerce,2014,2014-06-01T12:00:00Z,comment,38,0,comment_000422,comment_000421,TRUE
video_009023,2018-02-01T14:24:59Z,7476,,12,Psittacus_erithacus,Portugal,Birds,casual,precio,Post-Introduction,eCommerce,eCommerce,2014,2014-06-01T12:00:00Z,comment,38,0,comment_000423,comment_000421,TRUE
video_001109,2019-08-02T12:58:53Z,55740,,4,Psittacus_erithacus,Portugal,Birds,casual,jaula,Post-Introduction,eCommerce,eCommerce,2014,2014-06-01T12:00:00Z,comment,190,3,comment_008385,,FALSE
video_006398,2018-02-18T09:17:03Z,4391,,10,Psittacus_erithacus,Portugal,Birds,casual,compre,Post-Introduction,eCommerce,eCommerce,2014,2014-06-01T12:00:00Z,comment,50,2,comment_004686,,FALSE
video_006398,2018-02-17T22:09:04Z,4391,,10,Psittacus_erithacus,Portugal,Birds,casual,visto,Post-Introduction,Detection,Detection,2014,2014-06-01T12:00:00Z,comment,50,2,comment_011364,,FALSE
video_006398,2018-02-17T22:25:20Z,4391,,10,Psittacus_erithacus,Portugal,Birds,casual,visto,Post-Introduction,Detection,Detection,2014,2014-06-01T12:00:00Z,comment,50,2,comment_011365,comment_011364,TRUE
video_005485,2013-05-22T20:04:08Z,27875,,5,Psittacus_erithacus,Portugal,Birds,casual,jaula,Pre-Introduction,eCommerce,eCommerce,2014,2014-06-01T12:00:00Z,comment,29,0,comment_013201,,FALSE
video_005395,2016-06-09T03:00:53Z,1797,,8,Psittacus_erithacus,Portugal,Birds,casual,comprar,Post-Introduction,eCommerce,eCommerce,2014,2014-06-01T12:00:00Z,comment,9,0,comment_000633,,FALSE
video_005395,2016-06-09T06:05:20Z,1797,,8,Psittacus_erithacus,Portugal,Birds,casual,mercado,Post-Introduction,eCommerce,eCommerce,2014,2014-06-01T12:00:00Z,comment,9,0,comment_000636,comment_000633,TRUE
video_004579,2023-05-16T22:20:18Z,1423,,2,Psittacus_erithacus,Portugal,Birds,casual,jaula,Post-Introduction,eCommerce,eCommerce,2014,2014-06-01T12:00:00Z,comment,45,1,comment_006473,,FALSE
video_006133,2019-12-20T20:20:26Z,232662,,56,Psittacus_erithacus,Portugal,Birds,casual,jaula,Post-Introduction,eCommerce,eCommerce,2014,2014-06-01T12:00:00Z,comment,939,3,comment_006140,,FALSE
video_006133,2019-05-30T02:40:45Z,232662,,56,Psittacus_erithacus,Portugal,Birds,casual,jaula,Post-Introduction,eCommerce,eCommerce,2014,2014-06-01T12:00:00Z,comment,939,6,comment_011040,,FALSE
video_006133,2017-02-07T19:40:24Z,232662,,56,Psittacus_erithacus,Portugal,Birds,casual,jaula,Post-Introduction,eCommerce,eCommerce,2014,2014-06-01T12:00:00Z,comment,939,7,comment_000174,,FALSE
video_006133,2016-06-12T21:03:11Z,232662,,56,Psittacus_erithacus,Portugal,Birds,casual,jaula,Post-Introduction,eCommerce,eCommerce,2014,2014-06-01T12:00:00Z,comment,939,1,comment_000275,,FALSE
video_006133,2016-06-29T00:07:24Z,232662,,56,Psittacus_erithacus,Portugal,Birds,casual,jaula,Post-Introduction,eCommerce,eCommerce,2014,2014-06-01T12:00:00Z,comment,939,1,comment_000276,comment_000275,TRUE
video_006133,2016-07-04T02:15:10Z,232662,,56,Psittacus_erithacus,Portugal,Birds,casual,jaula,Post-Introduction,eCommerce,eCommerce,2014,2014-06-01T12:00:00Z,comment,939,2,comment_000279,comment_000275,TRUE
video_006133,2017-01-06T17:03:28Z,232662,,56,Psittacus_erithacus,Portugal,Birds,casual,jaula,Post-Introduction,eCommerce,eCommerce,2014,2014-06-01T12:00:00Z,comment,939,0,comment_001034,comment_001032,TRUE
video_010997,2020-06-18T14:04:09Z,827,,3,Psittacus_erithacus,Portugal,Birds,casual,comprar,Post-Introduction,eCommerce,eCommerce,2014,2014-06-01T12:00:00Z,comment,8,0,comment_002668,comment_002667,TRUE
video_010997,2020-06-18T14:04:09Z,827,,3,Psittacus_erithacus,Portugal,Birds,casual,costo,Post-Introduction,eCommerce,eCommerce,2014,2014-06-01T12:00:00Z,comment,8,0,comment_002668,comment_002667,TRUE
video_015410,2025-05-20T21:06:10Z,11592,,40,Psittacus_erithacus,Portugal,Birds,casual,costo,Post-Introduction,eCommerce,eCommerce,2014,2014-06-01T12:00:00Z,comment,106,1,comment_005690,,FALSE
video_015410,2024-05-17T13:52:31Z,11592,,40,Psittacus_erithacus,Portugal,Birds,casual,compre,Post-Introduction,eCommerce,eCommerce,2014,2014-06-01T12:00:00Z,comment,106,2,comment_004248,,FALSE
video_015410,2022-12-25T18:31:43Z,11592,,40,Psittacus_erithacus,Portugal,Birds,casual,comprado,Post-Introduction,eCommerce,eCommerce,2014,2014-06-01T12:00:00Z,comment,106,1,comment_007237,,FALSE
video_015410,2022-09-25T17:36:28Z,11592,,40,Psittacus_erithacus,Portugal,Birds,casual,jaula,Post-Introduction,eCommerce,eCommerce,2014,2014-06-01T12:00:00Z,comment,106,1,comment_008713,,FALSE
video_015410,2021-01-10T17:57:12Z,11592,,40,Psittacus_erithacus,Portugal,Birds,casual,comprar,Post-Introduction,eCommerce,eCommerce,2014,2014-06-01T12:00:00Z,comment,106,1,comment_010341,,FALSE
video_015410,2022-12-30T06:39:11Z,11592,,40,Psittacus_erithacus,Portugal,Birds,casual,compre,Post-Introduction,eCommerce,eCommerce,2014,2014-06-01T12:00:00Z,comment,106,0,comment_007238,comment_007237,TRUE
video_009994,2023-10-02T22:48:05Z,37063,,17,Psittacus_erithacus,Portugal,Birds,casual,extension,Post-Introduction,Invasion,Invasion,2014,2014-06-01T12:00:00Z,comment,264,0,comment_011532,,FALSE
video_009994,2022-12-30T17:39:15Z,37063,,17,Psittacus_erithacus,Portugal,Birds,casual,precio,Post-Introduction,eCommerce,eCommerce,2014,2014-06-01T12:00:00Z,comment,264,0,comment_009040,,FALSE
video_009994,2022-09-27T14:57:11Z,37063,,17,Psittacus_erithacus,Portugal,Birds,casual,mascota,Post-Introduction,eCommerce,eCommerce,2014,2014-06-01T12:00:00Z,comment,264,0,comment_007717,,FALSE
video_009994,2023-10-02T23:01:42Z,37063,,17,Psittacus_erithacus,Portugal,Birds,casual,precio,Post-Introduction,eCommerce,eCommerce,2014,2014-06-01T12:00:00Z,comment,264,0,comment_009041,comment_009040,TRUE
video_008053,2026-01-21T10:22:30Z,5902,,17,Psittacus_erithacus,Portugal,Birds,casual,jaula,Post-Introduction,eCommerce,eCommerce,2014,2014-06-01T12:00:00Z,comment,121,0,comment_012260,,FALSE
video_008053,2026-01-21T10:22:30Z,5902,,17,Psittacus_erithacus,Portugal,Birds,casual,jaula,Post-Introduction,eCommerce,eCommerce,2014,2014-06-01T12:00:00Z,comment,121,0,comment_012260,,FALSE
video_008053,2025-08-04T02:46:50Z,5902,,17,Psittacus_erithacus,Portugal,Birds,casual,comprar,Post-Introduction,eCommerce,eCommerce,2014,2014-06-01T12:00:00Z,comment,121,0,comment_003095,,FALSE
video_008053,2025-08-04T02:46:50Z,5902,,17,Psittacus_erithacus,Portugal,Birds,casual,comprar,Post-Introduction,eCommerce,eCommerce,2014,2014-06-01T12:00:00Z,comment,121,0,comment_003095,,FALSE
video_008053,2025-07-22T17:18:52Z,5902,,17,Psittacus_erithacus,Portugal,Birds,casual,compra,Post-Introduction,eCommerce,eCommerce,2014,2014-06-01T12:00:00Z,comment,121,0,comment_014897,,FALSE
video_008053,2024-05-22T19:23:46Z,5902,,17,Psittacus_erithacus,Portugal,Birds,casual,prohibida,Post-Introduction,eCommerce,eCommerce,2014,2014-06-01T12:00:00Z,comment,121,0,comment_010411,,FALSE
video_008053,2024-05-22T19:23:46Z,5902,,17,Psittacus_erithacus,Portugal,Birds,casual,venta,Post-Introduction,eCommerce,eCommerce,2014,2014-06-01T12:00:00Z,comment,121,0,comment_010411,,FALSE
video_008053,2024-10-15T07:00:28Z,5902,,17,Psittacus_erithacus,Portugal,Birds,casual,jaula,Post-Introduction,eCommerce,eCommerce,2014,2014-06-01T12:00:00Z,comment,121,1,comment_010183,comment_010182,TRUE
video_008053,2024-10-15T10:09:57Z,5902,,17,Psittacus_erithacus,Portugal,Birds,casual,jaula,Post-Introduction,eCommerce,eCommerce,2014,2014-06-01T12:00:00Z,comment,121,1,comment_010184,comment_010182,TRUE
video_008053,2025-01-05T20:06:07Z,5902,,17,Psittacus_erithacus,Portugal,Birds,casual,jaula,Post-Introduction,eCommerce,eCommerce,2014,2014-06-01T12:00:00Z,comment,121,0,comment_010185,comment_010182,TRUE
video_008911,2025-10-13T13:38:57Z,11173,,68,Psittacus_erithacus,Portugal,Birds,casual,adoptar,Post-Introduction,eCommerce,eCommerce,2014,2014-06-01T12:00:00Z,comment,803,0,comment_007620,,FALSE
video_008911,2021-06-08T21:39:33Z,11173,,68,Psittacus_erithacus,Portugal,Birds,casual,toxico,Post-Introduction,Threat,Threat,2014,2014-06-01T12:00:00Z,comment,803,0,comment_007726,,FALSE
video_008911,2021-04-19T11:50:32Z,11173,,68,Psittacus_erithacus,Portugal,Birds,casual,cara,Post-Introduction,eCommerce,eCommerce,2014,2014-06-01T12:00:00Z,comment,803,0,comment_001551,,FALSE
video_008911,2021-04-17T03:23:48Z,11173,,68,Psittacus_erithacus,Portugal,Birds,casual,compre,Post-Introduction,eCommerce,eCommerce,2014,2014-06-01T12:00:00Z,comment,803,0,comment_012496,,FALSE
video_008911,2021-04-17T03:23:48Z,11173,,68,Psittacus_erithacus,Portugal,Birds,casual,jaula,Post-Introduction,eCommerce,eCommerce,2014,2014-06-01T12:00:00Z,comment,803,0,comment_012496,,FALSE
video_008911,2021-03-24T09:28:17Z,11173,,68,Psittacus_erithacus,Portugal,Birds,casual,compre,Post-Introduction,eCommerce,eCommerce,2014,2014-06-01T12:00:00Z,comment,803,0,comment_011030,,FALSE
video_008911,2021-03-24T09:28:17Z,11173,,68,Psittacus_erithacus,Portugal,Birds,casual,jaula,Post-Introduction,eCommerce,eCommerce,2014,2014-06-01T12:00:00Z,comment,803,0,comment_011030,,FALSE
video_008911,2021-03-24T09:28:17Z,11173,,68,Psittacus_erithacus,Portugal,Birds,casual,compre,Post-Introduction,eCommerce,eCommerce,2014,2014-06-01T12:00:00Z,comment,803,0,comment_011030,,FALSE
video_008911,2021-03-24T09:28:17Z,11173,,68,Psittacus_erithacus,Portugal,Birds,casual,jaula,Post-Introduction,eCommerce,eCommerce,2014,2014-06-01T12:00:00Z,comment,803,0,comment_011030,,FALSE
video_008911,2021-03-18T20:06:40Z,11173,,68,Psittacus_erithacus,Portugal,Birds,casual,jaula,Post-Introduction,eCommerce,eCommerce,2014,2014-06-01T12:00:00Z,comment,803,0,comment_013205,,FALSE
video_008911,2021-03-18T19:30:25Z,11173,,68,Psittacus_erithacus,Portugal,Birds,casual,adoptar,Post-Introduction,eCommerce,eCommerce,2014,2014-06-01T12:00:00Z,comment,803,4,comment_012845,,FALSE
video_008911,2021-03-18T19:15:27Z,11173,,68,Psittacus_erithacus,Portugal,Birds,casual,compre,Post-Introduction,eCommerce,eCommerce,2014,2014-06-01T12:00:00Z,comment,803,2,comment_014471,,FALSE
video_008911,2021-03-18T19:29:15Z,11173,,68,Psittacus_erithacus,Portugal,Birds,casual,jaula,Post-Introduction,eCommerce,eCommerce,2014,2014-06-01T12:00:00Z,comment,803,0,comment_014472,comment_014471,TRUE
video_012342,2025-12-27T12:54:56Z,1202,,1,Psittacus_erithacus,Portugal,Birds,casual,coste,Post-Introduction,eCommerce,eCommerce,2014,2014-06-01T12:00:00Z,comment,59,1,comment_012936,comment_012935,TRUE
video_000290,2024-11-27T17:31:35Z,1302,,2,Psittacus_erithacus,Portugal,Birds,casual,precio,Post-Introduction,eCommerce,eCommerce,2014,2014-06-01T12:00:00Z,comment,28,2,comment_013524,,FALSE
video_007525,2024-09-30T20:21:22Z,159,,2,Psittacus_erithacus,Portugal,Birds,casual,comprado,Post-Introduction,eCommerce,eCommerce,2014,2014-06-01T12:00:00Z,comment,2,1,comment_005209,,FALSE
video_011839,2025-08-08T10:41:10Z,156,,8,Psittacus_erithacus,Portugal,Birds,casual,comprar,Post-Introduction,eCommerce,eCommerce,2014,2014-06-01T12:00:00Z,comment,3,0,comment_005641,,FALSE
video_008276,2017-10-04T15:57:45Z,18067,,13,Psittacus_erithacus,Portugal,Birds,casual,mascota,Post-Introduction,eCommerce,eCommerce,2014,2014-06-01T12:00:00Z,comment,50,0,comment_007823,,FALSE
video_008276,2016-06-05T23:39:39Z,18067,,13,Psittacus_erithacus,Portugal,Birds,casual,comprar,Post-Introduction,eCommerce,eCommerce,2014,2014-06-01T12:00:00Z,comment,50,0,comment_000313,,FALSE
video_008276,2016-06-05T23:39:28Z,18067,,13,Psittacus_erithacus,Portugal,Birds,casual,comprar,Post-Introduction,eCommerce,eCommerce,2014,2014-06-01T12:00:00Z,comment,50,0,comment_000451,,FALSE
video_008276,2016-02-12T13:59:57Z,18067,,13,Psittacus_erithacus,Portugal,Birds,casual,comprar,Post-Introduction,eCommerce,eCommerce,2014,2014-06-01T12:00:00Z,comment,50,0,comment_000877,,FALSE
video_008276,2012-02-17T12:05:08Z,18067,,13,Psittacus_erithacus,Portugal,Birds,casual,precios,Pre-Introduction,eCommerce,eCommerce,2014,2014-06-01T12:00:00Z,comment,50,0,comment_007613,,FALSE
video_008276,2009-10-31T06:14:35Z,18067,,13,Psittacus_erithacus,Portugal,Birds,casual,precio,Pre-Introduction,eCommerce,eCommerce,2014,2014-06-01T12:00:00Z,comment,50,0,comment_014767,,FALSE
video_006573,2025-08-27T21:53:48Z,14532,,10,Psittacus_erithacus,Portugal,Birds,casual,visto,Post-Introduction,Detection,Detection,2014,2014-06-01T12:00:00Z,comment,245,2,comment_004211,comment_004210,TRUE
video_014042,2021-05-29T08:10:25Z,187645,,63,Psittacus_erithacus,Portugal,Birds,casual,jaula,Post-Introduction,eCommerce,eCommerce,2014,2014-06-01T12:00:00Z,comment,1108,1,comment_011514,,FALSE
video_014042,2017-05-08T00:54:19Z,187645,,63,Psittacus_erithacus,Portugal,Birds,casual,enjaulado,Post-Introduction,eCommerce,eCommerce,2014,2014-06-01T12:00:00Z,comment,1108,1,comment_000130,,FALSE
video_014042,2021-07-29T09:18:19Z,187645,,63,Psittacus_erithacus,Portugal,Birds,casual,venta,Post-Introduction,eCommerce,eCommerce,2014,2014-06-01T12:00:00Z,comment,1108,0,comment_011474,comment_011473,TRUE
video_014042,2021-07-03T21:19:43Z,187645,,63,Psittacus_erithacus,Portugal,Birds,casual,jaula,Post-Introduction,eCommerce,eCommerce,2014,2014-06-01T12:00:00Z,comment,1108,1,comment_011515,comment_011514,TRUE
video_014042,2020-01-04T22:45:00Z,187645,,63,Psittacus_erithacus,Portugal,Birds,casual,compre,Post-Introduction,eCommerce,eCommerce,2014,2014-06-01T12:00:00Z,comment,1108,0,comment_012233,comment_012232,TRUE
video_014042,2019-09-24T23:23:58Z,187645,,63,Psittacus_erithacus,Portugal,Birds,casual,costo,Post-Introduction,eCommerce,eCommerce,2014,2014-06-01T12:00:00Z,comment,1108,0,comment_014605,comment_014604,TRUE
video_014042,2019-09-24T23:23:58Z,187645,,63,Psittacus_erithacus,Portugal,Birds,casual,precio,Post-Introduction,eCommerce,eCommerce,2014,2014-06-01T12:00:00Z,comment,1108,0,comment_014605,comment_014604,TRUE
video_014042,2019-09-24T23:23:58Z,187645,,63,Psittacus_erithacus,Portugal,Birds,casual,caro,Post-Introduction,eCommerce,eCommerce,2014,2014-06-01T12:00:00Z,comment,1108,0,comment_014605,comment_014604,TRUE
video_014042,2018-10-11T22:01:20Z,187645,,63,Psittacus_erithacus,Portugal,Birds,casual,euros,Post-Introduction,eCommerce,eCommerce,2014,2014-06-01T12:00:00Z,comment,1108,2,comment_006625,comment_006623,TRUE
video_014042,2018-10-11T22:01:20Z,187645,,63,Psittacus_erithacus,Portugal,Birds,casual,euros,Post-Introduction,eCommerce,eCommerce,2014,2014-06-01T12:00:00Z,comment,1108,2,comment_006625,comment_006623,TRUE
video_014042,2018-10-11T22:01:20Z,187645,,63,Psittacus_erithacus,Portugal,Birds,casual,capturado,Post-Introduction,Detection,Detection,2014,2014-06-01T12:00:00Z,comment,1108,2,comment_006625,comment_006623,TRUE
video_014042,2019-02-04T14:39:34Z,187645,,63,Psittacus_erithacus,Portugal,Birds,casual,comprado,Post-Introduction,eCommerce,eCommerce,2014,2014-06-01T12:00:00Z,comment,1108,1,comment_006626,comment_006623,TRUE
video_014042,2018-10-12T10:34:12Z,187645,,63,Psittacus_erithacus,Portugal,Birds,casual,barato,Post-Introduction,eCommerce,eCommerce,2014,2014-06-01T12:00:00Z,comment,1108,0,comment_011625,comment_011624,TRUE
video_014042,2017-05-08T02:01:16Z,187645,,63,Psittacus_erithacus,Portugal,Birds,casual,jaula,Post-Introduction,eCommerce,eCommerce,2014,2014-06-01T12:00:00Z,comment,1108,1,comment_000131,comment_000130,TRUE
video_013422,2019-05-09T02:54:48Z,6106,,75,Psittacus_erithacus,Portugal,Birds,casual,compre,Post-Introduction,eCommerce,eCommerce,2014,2014-06-01T12:00:00Z,comment,456,0,comment_005063,,FALSE
video_013422,2019-05-01T22:29:33Z,6106,,75,Psittacus_erithacus,Portugal,Birds,casual,jaula,Post-Introduction,eCommerce,eCommerce,2014,2014-06-01T12:00:00Z,comment,456,0,comment_003493,comment_003492,TRUE
video_000024,2013-09-25T00:54:16Z,4662,,5,Psittacus_erithacus,Portugal,Birds,casual,jaula,Pre-Introduction,eCommerce,eCommerce,2014,2014-06-01T12:00:00Z,comment,9,0,comment_009586,,FALSE
video_012914,2020-05-27T14:49:42Z,1948,,6,Psittacus_erithacus,Portugal,Birds,casual,mascota,Post-Introduction,eCommerce,eCommerce,2014,2014-06-01T12:00:00Z,comment,86,0,comment_001472,,FALSE
video_016774,2010-09-08T22:56:31Z,1006,,1,Psittacus_erithacus,Portugal,Birds,casual,comprar,Pre-Introduction,eCommerce,eCommerce,2014,2014-06-01T12:00:00Z,comment,3,0,comment_011934,,FALSE
video_016774,2010-09-08T22:56:31Z,1006,,1,Psittacus_erithacus,Portugal,Birds,casual,precio,Pre-Introduction,eCommerce,eCommerce,2014,2014-06-01T12:00:00Z,comment,3,0,comment_011934,,FALSE
video_011461,2015-06-06T01:51:35Z,299,,3,Psittacus_erithacus,Portugal,Birds,casual,comprar,Post-Introduction,eCommerce,eCommerce,2014,2014-06-01T12:00:00Z,comment,11,1,comment_000875,,FALSE
video_011461,2015-06-06T08:27:08Z,299,,3,Psittacus_erithacus,Portugal,Birds,casual,tienda,Post-Introduction,eCommerce,eCommerce,2014,2014-06-01T12:00:00Z,comment,11,1,comment_000876,comment_000875,TRUE
video_011461,2015-06-06T08:27:08Z,299,,3,Psittacus_erithacus,Portugal,Birds,casual,venta,Post-Introduction,eCommerce,eCommerce,2014,2014-06-01T12:00:00Z,comment,11,1,comment_000876,comment_000875,TRUE
video_011461,2015-06-06T08:27:08Z,299,,3,Psittacus_erithacus,Portugal,Birds,casual,capturado,Post-Introduction,Detection,Detection,2014,2014-06-01T12:00:00Z,comment,11,1,comment_000876,comment_000875,TRUE
video_012912,2023-12-10T14:06:18Z,80196,,145,Psittacus_erithacus,Portugal,Birds,casual,jaula,Post-Introduction,eCommerce,eCommerce,2014,2014-06-01T12:00:00Z,comment,1089,1,comment_007100,,FALSE
video_012912,2023-05-08T01:35:21Z,80196,,145,Psittacus_erithacus,Portugal,Birds,casual,precio,Post-Introduction,eCommerce,eCommerce,2014,2014-06-01T12:00:00Z,comment,1089,0,comment_008514,,FALSE
video_012912,2021-12-07T12:38:31Z,80196,,145,Psittacus_erithacus,Portugal,Birds,casual,compre,Post-Introduction,eCommerce,eCommerce,2014,2014-06-01T12:00:00Z,comment,1089,0,comment_009986,,FALSE
video_012912,2021-12-07T12:38:31Z,80196,,145,Psittacus_erithacus,Portugal,Birds,casual,compre,Post-Introduction,eCommerce,eCommerce,2014,2014-06-01T12:00:00Z,comment,1089,0,comment_009986,,FALSE
video_012912,2021-11-15T19:42:09Z,80196,,145,Psittacus_erithacus,Portugal,Birds,casual,jaula,Post-Introduction,eCommerce,eCommerce,2014,2014-06-01T12:00:00Z,comment,1089,0,comment_009631,,FALSE
video_012912,2020-12-16T19:42:02Z,80196,,145,Psittacus_erithacus,Portugal,Birds,casual,jaula,Post-Introduction,eCommerce,eCommerce,2014,2014-06-01T12:00:00Z,comment,1089,0,comment_001604,,FALSE
video_012912,2020-07-04T15:59:43Z,80196,,145,Psittacus_erithacus,Portugal,Birds,casual,comprar,Post-Introduction,eCommerce,eCommerce,2014,2014-06-01T12:00:00Z,comment,1089,1,comment_004911,,FALSE
video_012912,2020-03-11T23:07:07Z,80196,,145,Psittacus_erithacus,Portugal,Birds,casual,adopte,Post-Introduction,eCommerce,eCommerce,2014,2014-06-01T12:00:00Z,comment,1089,1,comment_011992,,FALSE
video_012912,2020-01-01T19:15:33Z,80196,,145,Psittacus_erithacus,Portugal,Birds,casual,jaula,Post-Introduction,eCommerce,eCommerce,2014,2014-06-01T12:00:00Z,comment,1089,0,comment_003228,,FALSE
video_012912,2019-03-02T14:31:55Z,80196,,145,Psittacus_erithacus,Portugal,Birds,casual,adoptar,Post-Introduction,eCommerce,eCommerce,2014,2014-06-01T12:00:00Z,comment,1089,0,comment_001779,,FALSE
video_012912,2019-03-02T14:31:55Z,80196,,145,Psittacus_erithacus,Portugal,Birds,casual,encontre,Post-Introduction,Detection,Detection,2014,2014-06-01T12:00:00Z,comment,1089,0,comment_001779,,FALSE
video_012912,2019-01-09T00:45:00Z,80196,,145,Psittacus_erithacus,Portugal,Birds,casual,jaula,Post-Introduction,eCommerce,eCommerce,2014,2014-06-01T12:00:00Z,comment,1089,1,comment_014102,,FALSE
video_012912,2018-12-11T23:14:57Z,80196,,145,Psittacus_erithacus,Portugal,Birds,casual,jaula,Post-Introduction,eCommerce,eCommerce,2014,2014-06-01T12:00:00Z,comment,1089,2,comment_013638,,FALSE
video_012912,2018-08-13T18:10:53Z,80196,,145,Psittacus_erithacus,Portugal,Birds,casual,jaula,Post-Introduction,eCommerce,eCommerce,2014,2014-06-01T12:00:00Z,comment,1089,0,comment_010527,,FALSE
video_012912,2018-08-10T17:49:16Z,80196,,145,Psittacus_erithacus,Portugal,Birds,casual,jaula,Post-Introduction,eCommerce,eCommerce,2014,2014-06-01T12:00:00Z,comment,1089,0,comment_014892,,FALSE
video_012912,2018-08-02T18:33:36Z,80196,,145,Psittacus_erithacus,Portugal,Birds,casual,visto,Post-Introduction,Detection,Detection,2014,2014-06-01T12:00:00Z,comment,1089,1,comment_005707,,FALSE
video_012912,2018-08-02T14:35:16Z,80196,,145,Psittacus_erithacus,Portugal,Birds,casual,comprar,Post-Introduction,eCommerce,eCommerce,2014,2014-06-01T12:00:00Z,comment,1089,1,comment_010802,,FALSE
video_012912,2018-08-01T14:53:28Z,80196,,145,Psittacus_erithacus,Portugal,Birds,casual,compre,Post-Introduction,eCommerce,eCommerce,2014,2014-06-01T12:00:00Z,comment,1089,2,comment_003748,,FALSE
video_012912,2018-08-01T14:53:28Z,80196,,145,Psittacus_erithacus,Portugal,Birds,casual,compre,Post-Introduction,eCommerce,eCommerce,2014,2014-06-01T12:00:00Z,comment,1089,2,comment_003748,,FALSE
video_012912,2018-08-01T14:53:28Z,80196,,145,Psittacus_erithacus,Portugal,Birds,casual,jaula,Post-Introduction,eCommerce,eCommerce,2014,2014-06-01T12:00:00Z,comment,1089,2,comment_003748,,FALSE
video_012912,2018-08-01T14:53:28Z,80196,,145,Psittacus_erithacus,Portugal,Birds,casual,jaula,Post-Introduction,eCommerce,eCommerce,2014,2014-06-01T12:00:00Z,comment,1089,2,comment_003748,,FALSE
video_012912,2019-02-14T10:33:55Z,80196,,145,Psittacus_erithacus,Portugal,Birds,casual,jaula,Post-Introduction,eCommerce,eCommerce,2014,2014-06-01T12:00:00Z,comment,1089,1,comment_013647,comment_013646,TRUE
video_012912,2018-10-29T17:13:39Z,80196,,145,Psittacus_erithacus,Portugal,Birds,casual,jaula,Post-Introduction,eCommerce,eCommerce,2014,2014-06-01T12:00:00Z,comment,1089,0,comment_008927,comment_008925,TRUE
video_012912,2018-10-29T17:13:39Z,80196,,145,Psittacus_erithacus,Portugal,Birds,casual,jaula,Post-Introduction,eCommerce,eCommerce,2014,2014-06-01T12:00:00Z,comment,1089,0,comment_008927,comment_008925,TRUE
video_012912,2018-08-13T18:39:04Z,80196,,145,Psittacus_erithacus,Portugal,Birds,casual,jaula,Post-Introduction,eCommerce,eCommerce,2014,2014-06-01T12:00:00Z,comment,1089,0,comment_010528,comment_010527,TRUE
video_012912,2018-08-02T20:29:27Z,80196,,145,Psittacus_erithacus,Portugal,Birds,casual,riesgo,Post-Introduction,Threat,Threat,2014,2014-06-01T12:00:00Z,comment,1089,0,comment_005708,comment_005707,TRUE
video_012255,2025-04-11T08:20:33Z,11625,,30,Psittacus_erithacus,Portugal,Birds,casual,jaula,Post-Introduction,eCommerce,eCommerce,2014,2014-06-01T12:00:00Z,comment,408,0,comment_008687,,FALSE
video_012255,2025-02-02T17:29:01Z,11625,,30,Psittacus_erithacus,Portugal,Birds,casual,jaula,Post-Introduction,eCommerce,eCommerce,2014,2014-06-01T12:00:00Z,comment,408,0,comment_005266,,FALSE
video_012255,2024-10-25T19:00:33Z,11625,,30,Psittacus_erithacus,Portugal,Birds,casual,tienda,Post-Introduction,eCommerce,eCommerce,2014,2014-06-01T12:00:00Z,comment,408,2,comment_013402,,FALSE
video_012255,2024-07-24T11:30:34Z,11625,,30,Psittacus_erithacus,Portugal,Birds,casual,compre,Post-Introduction,eCommerce,eCommerce,2014,2014-06-01T12:00:00Z,comment,408,0,comment_011336,,FALSE
video_012255,2024-04-13T21:53:51Z,11625,,30,Psittacus_erithacus,Portugal,Birds,casual,jaula,Post-Introduction,eCommerce,eCommerce,2014,2014-06-01T12:00:00Z,comment,408,2,comment_005078,,FALSE
video_012255,2025-04-09T00:24:28Z,11625,,30,Psittacus_erithacus,Portugal,Birds,casual,jaula,Post-Introduction,eCommerce,eCommerce,2014,2014-06-01T12:00:00Z,comment,408,0,comment_006941,comment_006939,TRUE
video_012255,2025-04-09T00:24:28Z,11625,,30,Psittacus_erithacus,Portugal,Birds,casual,comprar,Post-Introduction,eCommerce,eCommerce,2014,2014-06-01T12:00:00Z,comment,408,0,comment_006941,comment_006939,TRUE
video_012255,2025-04-09T00:24:28Z,11625,,30,Psittacus_erithacus,Portugal,Birds,casual,comprar,Post-Introduction,eCommerce,eCommerce,2014,2014-06-01T12:00:00Z,comment,408,0,comment_006941,comment_006939,TRUE
video_012255,2025-04-09T00:24:28Z,11625,,30,Psittacus_erithacus,Portugal,Birds,casual,caro,Post-Introduction,eCommerce,eCommerce,2014,2014-06-01T12:00:00Z,comment,408,0,comment_006941,comment_006939,TRUE
video_010396,2025-02-12T08:12:28Z,20970,,21,Psittacus_erithacus,Portugal,Birds,casual,vender,Post-Introduction,eCommerce,eCommerce,2014,2014-06-01T12:00:00Z,comment,288,0,comment_013617,,FALSE
video_010396,2019-12-24T03:40:52Z,20970,,21,Psittacus_erithacus,Portugal,Birds,casual,enjaulado,Post-Introduction,eCommerce,eCommerce,2014,2014-06-01T12:00:00Z,comment,288,2,comment_005430,,FALSE
video_010396,2025-05-01T20:13:06Z,20970,,21,Psittacus_erithacus,Portugal,Birds,casual,jaula,Post-Introduction,eCommerce,eCommerce,2014,2014-06-01T12:00:00Z,comment,288,1,comment_005433,comment_005430,TRUE
video_010396,2025-05-01T20:13:06Z,20970,,21,Psittacus_erithacus,Portugal,Birds,casual,jaula,Post-Introduction,eCommerce,eCommerce,2014,2014-06-01T12:00:00Z,comment,288,1,comment_005433,comment_005430,TRUE
video_010396,2021-10-29T03:34:40Z,20970,,21,Psittacus_erithacus,Portugal,Birds,casual,jaula,Post-Introduction,eCommerce,eCommerce,2014,2014-06-01T12:00:00Z,comment,288,0,comment_005302,comment_005300,TRUE
video_006863,2025-08-03T08:58:48Z,7679,,23,Psittacus_erithacus,Portugal,Birds,casual,adoptado,Post-Introduction,eCommerce,eCommerce,2014,2014-06-01T12:00:00Z,comment,169,0,comment_003323,,FALSE
video_006863,2025-08-03T08:58:48Z,7679,,23,Psittacus_erithacus,Portugal,Birds,casual,jaula,Post-Introduction,eCommerce,eCommerce,2014,2014-06-01T12:00:00Z,comment,169,0,comment_003323,,FALSE
video_006863,2024-10-17T18:53:34Z,7679,,23,Psittacus_erithacus,Portugal,Birds,casual,jaula,Post-Introduction,eCommerce,eCommerce,2014,2014-06-01T12:00:00Z,comment,169,0,comment_008559,,FALSE
video_006863,2024-04-05T14:14:44Z,7679,,23,Psittacus_erithacus,Portugal,Birds,casual,adoptada,Post-Introduction,eCommerce,eCommerce,2014,2014-06-01T12:00:00Z,comment,169,0,comment_011686,,FALSE
video_006863,2024-04-05T14:14:44Z,7679,,23,Psittacus_erithacus,Portugal,Birds,casual,cara,Post-Introduction,eCommerce,eCommerce,2014,2014-06-01T12:00:00Z,comment,169,0,comment_011686,,FALSE
video_006863,2024-04-05T14:14:44Z,7679,,23,Psittacus_erithacus,Portugal,Birds,casual,adoptado,Post-Introduction,eCommerce,eCommerce,2014,2014-06-01T12:00:00Z,comment,169,0,comment_011686,,FALSE
video_006963,2020-12-23T17:00:12Z,1256,,8,Psittacus_erithacus,Portugal,Birds,casual,precio,Post-Introduction,eCommerce,eCommerce,2014,2014-06-01T12:00:00Z,comment,29,0,comment_014076,comment_014075,TRUE
video_006963,2023-09-23T13:56:20Z,1256,,8,Psittacus_erithacus,Portugal,Birds,casual,barato,Post-Introduction,eCommerce,eCommerce,2014,2014-06-01T12:00:00Z,comment,29,0,comment_014077,comment_014075,TRUE
video_008672,2019-05-19T19:36:10Z,7102,,79,Psittacus_erithacus,Portugal,Birds,casual,jaula,Post-Introduction,eCommerce,eCommerce,2014,2014-06-01T12:00:00Z,comment,553,0,comment_009054,,FALSE
video_008672,2019-05-15T18:01:40Z,7102,,79,Psittacus_erithacus,Portugal,Birds,casual,comprar,Post-Introduction,eCommerce,eCommerce,2014,2014-06-01T12:00:00Z,comment,553,0,comment_007955,,FALSE
video_008672,2019-05-12T18:42:34Z,7102,,79,Psittacus_erithacus,Portugal,Birds,casual,visto,Post-Introduction,Detection,Detection,2014,2014-06-01T12:00:00Z,comment,553,1,comment_006388,,FALSE
video_008672,2019-04-18T17:24:07Z,7102,,79,Psittacus_erithacus,Portugal,Birds,casual,mascota,Post-Introduction,eCommerce,eCommerce,2014,2014-06-01T12:00:00Z,comment,553,0,comment_005609,,FALSE
video_008672,2019-04-14T20:53:49Z,7102,,79,Psittacus_erithacus,Portugal,Birds,casual,mascota,Post-Introduction,eCommerce,eCommerce,2014,2014-06-01T12:00:00Z,comment,553,0,comment_011235,,FALSE
video_000712,2011-09-20T08:52:15Z,2306,,2,Psittacus_erithacus,Portugal,Birds,casual,visto,Pre-Introduction,Detection,Detection,2014,2014-06-01T12:00:00Z,comment,20,0,comment_003521,,FALSE
video_016732,2017-06-10T14:40:12Z,1122,,1,Psittacus_erithacus,Portugal,Birds,casual,jaula,Post-Introduction,eCommerce,eCommerce,2014,2014-06-01T12:00:00Z,comment,5,1,comment_000794,,FALSE
video_004423,2021-08-11T16:42:31Z,2356,,11,Psittacus_erithacus,Portugal,Birds,casual,compre,Post-Introduction,eCommerce,eCommerce,2014,2014-06-01T12:00:00Z,comment,29,1,comment_007473,,FALSE
video_008004,2019-06-15T17:04:30Z,212,,4,Reticulitermes_flavipes,Canary Islands,Insects,alien,encontrado,Post-Introduction,Detection,Detection,2010,2010-06-01T12:00:00Z,comment,3,0,comment_005074,,FALSE
video_014106,2023-08-31T17:30:44Z,1134,,40,Rugulopteryx_okamurae,Spain,Plants,alien,cara,Post-Introduction,eCommerce,eCommerce,2015,2015-06-01T12:00:00Z,comment,67,1,comment_006635,,FALSE
video_014106,2023-09-01T13:55:12Z,1134,,40,Rugulopteryx_okamurae,Spain,Plants,alien,visto,Post-Introduction,Detection,Detection,2015,2015-06-01T12:00:00Z,comment,67,1,comment_012450,comment_012449,TRUE
video_014425,2020-06-23T14:14:42Z,4320,,18,Rugulopteryx_okamurae,Spain,Plants,alien,peligro,Post-Introduction,Threat,Threat,2015,2015-06-01T12:00:00Z,comment,49,1,comment_002263,,FALSE
video_014425,2020-06-23T14:14:42Z,4320,,18,Rugulopteryx_okamurae,Spain,Plants,alien,extincion,Post-Introduction,Threat,Threat,2015,2015-06-01T12:00:00Z,comment,49,1,comment_002263,,FALSE
video_009062,2024-08-21T20:14:16Z,14662,,74,Rugulopteryx_okamurae,Spain,Plants,alien,encontre,Post-Introduction,Detection,Detection,2015,2015-06-01T12:00:00Z,comment,423,0,comment_001575,,FALSE
video_009062,2024-08-19T17:27:06Z,14662,,74,Rugulopteryx_okamurae,Spain,Plants,alien,capturas,Post-Introduction,Detection,Detection,2015,2015-06-01T12:00:00Z,comment,423,0,comment_011675,,FALSE
video_009062,2024-08-19T17:27:06Z,14662,,74,Rugulopteryx_okamurae,Spain,Plants,alien,capturar,Post-Introduction,Detection,Detection,2015,2015-06-01T12:00:00Z,comment,423,0,comment_011675,,FALSE
video_009062,2024-08-17T18:59:29Z,14662,,74,Rugulopteryx_okamurae,Spain,Plants,alien,presente,Post-Introduction,Invasion,Invasion,2015,2015-06-01T12:00:00Z,comment,423,0,comment_005104,,FALSE
video_009062,2024-08-08T10:24:00Z,14662,,74,Rugulopteryx_okamurae,Spain,Plants,alien,aparezca,Post-Introduction,Detection,Detection,2015,2015-06-01T12:00:00Z,comment,423,1,comment_012994,,FALSE
video_009062,2024-08-08T10:00:56Z,14662,,74,Rugulopteryx_okamurae,Spain,Plants,alien,plaga,Post-Introduction,Invasion,Invasion,2015,2015-06-01T12:00:00Z,comment,423,1,comment_009013,,FALSE
video_009062,2024-08-06T16:54:41Z,14662,,74,Rugulopteryx_okamurae,Spain,Plants,alien,vista,Post-Introduction,Detection,Detection,2015,2015-06-01T12:00:00Z,comment,423,1,comment_007423,,FALSE
video_009062,2024-08-06T16:19:30Z,14662,,74,Rugulopteryx_okamurae,Spain,Plants,alien,plaga,Post-Introduction,Invasion,Invasion,2015,2015-06-01T12:00:00Z,comment,423,0,comment_004607,,FALSE
video_009062,2024-08-04T22:23:30Z,14662,,74,Rugulopteryx_okamurae,Spain,Plants,alien,difusion,Post-Introduction,Invasion,Invasion,2015,2015-06-01T12:00:00Z,comment,423,2,comment_004714,,FALSE
video_009062,2024-08-04T20:22:26Z,14662,,74,Rugulopteryx_okamurae,Spain,Plants,alien,controlar,Post-Introduction,Detection,Detection,2015,2015-06-01T12:00:00Z,comment,423,2,comment_003709,,FALSE
video_009062,2024-08-04T20:04:11Z,14662,,74,Rugulopteryx_okamurae,Spain,Plants,alien,invasora,Post-Introduction,Invasion,Invasion,2015,2015-06-01T12:00:00Z,comment,423,1,comment_003221,,FALSE
video_009062,2024-08-04T18:32:39Z,14662,,74,Rugulopteryx_okamurae,Spain,Plants,alien,afectando,Post-Introduction,Invasion,Invasion,2015,2015-06-01T12:00:00Z,comment,423,0,comment_001808,,FALSE
video_009062,2024-08-04T18:32:39Z,14662,,74,Rugulopteryx_okamurae,Spain,Plants,alien,invasor,Post-Introduction,Invasion,Invasion,2015,2015-06-01T12:00:00Z,comment,423,0,comment_001808,,FALSE
video_009062,2024-08-04T16:39:59Z,14662,,74,Rugulopteryx_okamurae,Spain,Plants,alien,visto,Post-Introduction,Detection,Detection,2015,2015-06-01T12:00:00Z,comment,423,1,comment_009503,,FALSE
video_009062,2024-08-04T15:25:37Z,14662,,74,Rugulopteryx_okamurae,Spain,Plants,alien,invasora,Post-Introduction,Invasion,Invasion,2015,2015-06-01T12:00:00Z,comment,423,1,comment_008343,,FALSE
video_009062,2024-08-04T11:38:24Z,14662,,74,Rugulopteryx_okamurae,Spain,Plants,alien,invasoras,Post-Introduction,Invasion,Invasion,2015,2015-06-01T12:00:00Z,comment,423,1,comment_010106,,FALSE
video_009062,2024-08-04T11:08:39Z,14662,,74,Rugulopteryx_okamurae,Spain,Plants,alien,invasora,Post-Introduction,Invasion,Invasion,2015,2015-06-01T12:00:00Z,comment,423,1,comment_011379,,FALSE
video_009062,2024-08-04T10:45:03Z,14662,,74,Rugulopteryx_okamurae,Spain,Plants,alien,rastreo,Post-Introduction,Detection,Detection,2015,2015-06-01T12:00:00Z,comment,423,1,comment_001702,,FALSE
video_009062,2024-08-08T12:23:41Z,14662,,74,Rugulopteryx_okamurae,Spain,Plants,alien,deteccion,Post-Introduction,Detection,Detection,2015,2015-06-01T12:00:00Z,comment,423,1,comment_012995,comment_012994,TRUE
video_009062,2024-08-04T11:08:15Z,14662,,74,Rugulopteryx_okamurae,Spain,Plants,alien,invasora,Post-Introduction,Invasion,Invasion,2015,2015-06-01T12:00:00Z,comment,423,1,comment_005973,comment_005972,TRUE
video_005391,2025-06-26T16:22:16Z,1086,,4,Rugulopteryx_okamurae,Spain,Plants,alien,capturar,Post-Introduction,Detection,Detection,2015,2015-06-01T12:00:00Z,comment,40,1,comment_010946,,FALSE
video_005391,2025-06-27T04:33:41Z,1086,,4,Rugulopteryx_okamurae,Spain,Plants,alien,precio,Post-Introduction,eCommerce,eCommerce,2015,2015-06-01T12:00:00Z,comment,40,1,comment_010947,comment_010946,TRUE
video_005391,2025-06-27T04:33:41Z,1086,,4,Rugulopteryx_okamurae,Spain,Plants,alien,control,Post-Introduction,Detection,Detection,2015,2015-06-01T12:00:00Z,comment,40,1,comment_010947,comment_010946,TRUE
video_005893,2024-01-12T18:22:04Z,80,,8,Rugulopteryx_okamurae,Spain,Plants,alien,invasores,Post-Introduction,Invasion,Invasion,2015,2015-06-01T12:00:00Z,comment,10,2,comment_014318,,FALSE
video_005411,2025-08-24T22:33:42Z,1621,,14,Rugulopteryx_okamurae,Spain,Plants,alien,vista,Post-Introduction,Detection,Detection,2015,2015-06-01T12:00:00Z,comment,35,0,comment_005452,,FALSE
video_005411,2025-08-15T16:19:27Z,1621,,14,Rugulopteryx_okamurae,Spain,Plants,alien,invasores,Post-Introduction,Invasion,Invasion,2015,2015-06-01T12:00:00Z,comment,35,0,comment_001555,,FALSE
video_005411,2025-08-15T08:30:41Z,1621,,14,Rugulopteryx_okamurae,Spain,Plants,alien,dinheiro,Post-Introduction,eCommerce,eCommerce,2015,2015-06-01T12:00:00Z,comment,35,0,comment_007653,,FALSE
video_005411,2025-08-15T08:30:41Z,1621,,14,Rugulopteryx_okamurae,Spain,Plants,alien,monitorizar,Post-Introduction,Detection,Detection,2015,2015-06-01T12:00:00Z,comment,35,0,comment_007653,,FALSE
video_005411,2025-08-13T20:44:13Z,1621,,14,Rugulopteryx_okamurae,Spain,Plants,alien,invasao,Post-Introduction,Invasion,Invasion,2015,2015-06-01T12:00:00Z,comment,35,0,comment_003849,,FALSE
video_005411,2025-08-12T21:28:21Z,1621,,14,Rugulopteryx_okamurae,Spain,Plants,alien,invasao,Post-Introduction,Invasion,Invasion,2015,2015-06-01T12:00:00Z,comment,35,1,comment_005833,,FALSE
video_005411,2025-08-12T11:31:32Z,1621,,14,Rugulopteryx_okamurae,Spain,Plants,alien,invasora,Post-Introduction,Invasion,Invasion,2015,2015-06-01T12:00:00Z,comment,35,6,comment_003139,,FALSE
video_007857,2023-03-31T23:17:27Z,1250,,4,Rugulopteryx_okamurae,Spain,Plants,alien,plaga,Post-Introduction,Invasion,Invasion,2015,2015-06-01T12:00:00Z,comment,50,1,comment_008452,,FALSE
video_003990,2024-10-31T13:48:15Z,3521,,6,Rugulopteryx_okamurae,Spain,Plants,alien,invasion,Post-Introduction,Invasion,Invasion,2015,2015-06-01T12:00:00Z,comment,33,0,comment_008499,,FALSE
video_003990,2024-10-31T13:48:15Z,3521,,6,Rugulopteryx_okamurae,Spain,Plants,alien,difusion,Post-Introduction,Invasion,Invasion,2015,2015-06-01T12:00:00Z,comment,33,0,comment_008499,,FALSE
video_003990,2024-10-31T13:48:15Z,3521,,6,Rugulopteryx_okamurae,Spain,Plants,alien,vector,Post-Introduction,Threat,Threat,2015,2015-06-01T12:00:00Z,comment,33,0,comment_008499,,FALSE
video_003990,2024-10-31T13:48:15Z,3521,,6,Rugulopteryx_okamurae,Spain,Plants,alien,introduccion,Post-Introduction,Invasion,Invasion,2015,2015-06-01T12:00:00Z,comment,33,0,comment_008499,,FALSE
video_003990,2023-10-17T14:38:10Z,3521,,6,Rugulopteryx_okamurae,Spain,Plants,alien,invasora,Post-Introduction,Invasion,Invasion,2015,2015-06-01T12:00:00Z,comment,33,2,comment_001827,,FALSE
video_003990,2023-10-17T14:38:10Z,3521,,6,Rugulopteryx_okamurae,Spain,Plants,alien,plaga,Post-Introduction,Invasion,Invasion,2015,2015-06-01T12:00:00Z,comment,33,2,comment_001827,,FALSE
video_003990,2023-10-17T14:38:10Z,3521,,6,Rugulopteryx_okamurae,Spain,Plants,alien,plaga,Post-Introduction,Invasion,Invasion,2015,2015-06-01T12:00:00Z,comment,33,2,comment_001827,,FALSE
video_003990,2023-10-17T14:38:10Z,3521,,6,Rugulopteryx_okamurae,Spain,Plants,alien,dinero,Post-Introduction,eCommerce,eCommerce,2015,2015-06-01T12:00:00Z,comment,33,2,comment_001827,,FALSE
video_003990,2023-10-17T14:38:10Z,3521,,6,Rugulopteryx_okamurae,Spain,Plants,alien,expansion,Post-Introduction,Invasion,Invasion,2015,2015-06-01T12:00:00Z,comment,33,2,comment_001827,,FALSE
video_003990,2023-10-17T14:38:10Z,3521,,6,Rugulopteryx_okamurae,Spain,Plants,alien,plaga,Post-Introduction,Invasion,Invasion,2015,2015-06-01T12:00:00Z,comment,33,2,comment_001827,,FALSE
video_008652,2022-03-31T19:34:21Z,187,,1,Rugulopteryx_okamurae,Spain,Plants,alien,coste,Post-Introduction,eCommerce,eCommerce,2015,2015-06-01T12:00:00Z,comment,3,0,comment_010093,,FALSE
video_004175,2022-07-24T23:03:44Z,11188,,79,Rugulopteryx_okamurae,Spain,Plants,alien,invasora,Post-Introduction,Invasion,Invasion,2015,2015-06-01T12:00:00Z,comment,548,1,comment_008228,,FALSE
video_004175,2022-07-24T23:03:44Z,11188,,79,Rugulopteryx_okamurae,Spain,Plants,alien,ataca,Post-Introduction,Threat,Threat,2015,2015-06-01T12:00:00Z,comment,548,1,comment_008228,,FALSE
video_004175,2022-07-24T23:01:08Z,11188,,79,Rugulopteryx_okamurae,Spain,Plants,alien,invasoras,Post-Introduction,Invasion,Invasion,2015,2015-06-01T12:00:00Z,comment,548,3,comment_005099,,FALSE
video_004175,2022-07-24T21:58:55Z,11188,,79,Rugulopteryx_okamurae,Spain,Plants,alien,invasora,Post-Introduction,Invasion,Invasion,2015,2015-06-01T12:00:00Z,comment,548,0,comment_008509,,FALSE
video_004175,2022-07-24T19:49:48Z,11188,,79,Rugulopteryx_okamurae,Spain,Plants,alien,praga,Post-Introduction,Invasion,Invasion,2015,2015-06-01T12:00:00Z,comment,548,0,comment_014130,,FALSE
video_004175,2022-07-24T18:21:26Z,11188,,79,Rugulopteryx_okamurae,Spain,Plants,alien,preco,Post-Introduction,eCommerce,eCommerce,2015,2015-06-01T12:00:00Z,comment,548,1,comment_006390,,FALSE
video_004175,2022-07-24T17:13:34Z,11188,,79,Rugulopteryx_okamurae,Spain,Plants,alien,invasores,Post-Introduction,Invasion,Invasion,2015,2015-06-01T12:00:00Z,comment,548,0,comment_013020,,FALSE
video_004175,2022-07-24T17:11:23Z,11188,,79,Rugulopteryx_okamurae,Spain,Plants,alien,vender,Post-Introduction,eCommerce,eCommerce,2015,2015-06-01T12:00:00Z,comment,548,2,comment_003553,,FALSE
video_004175,2022-07-24T17:09:44Z,11188,,79,Rugulopteryx_okamurae,Spain,Plants,alien,invasao,Post-Introduction,Invasion,Invasion,2015,2015-06-01T12:00:00Z,comment,548,8,comment_004723,,FALSE
video_004175,2022-07-24T15:34:27Z,11188,,79,Rugulopteryx_okamurae,Spain,Plants,alien,invasao,Post-Introduction,Invasion,Invasion,2015,2015-06-01T12:00:00Z,comment,548,3,comment_002573,,FALSE
video_004175,2022-07-24T15:34:27Z,11188,,79,Rugulopteryx_okamurae,Spain,Plants,alien,invasao,Post-Introduction,Invasion,Invasion,2015,2015-06-01T12:00:00Z,comment,548,3,comment_002573,,FALSE
video_004175,2022-07-24T15:31:16Z,11188,,79,Rugulopteryx_okamurae,Spain,Plants,alien,pragas,Post-Introduction,Invasion,Invasion,2015,2015-06-01T12:00:00Z,comment,548,0,comment_003235,,FALSE
video_004175,2022-07-24T15:31:16Z,11188,,79,Rugulopteryx_okamurae,Spain,Plants,alien,invasoras,Post-Introduction,Invasion,Invasion,2015,2015-06-01T12:00:00Z,comment,548,0,comment_003235,,FALSE
video_004175,2022-07-24T15:22:18Z,11188,,79,Rugulopteryx_okamurae,Spain,Plants,alien,invasoras,Post-Introduction,Invasion,Invasion,2015,2015-06-01T12:00:00Z,comment,548,2,comment_009287,,FALSE
video_004175,2022-07-24T19:52:12Z,11188,,79,Rugulopteryx_okamurae,Spain,Plants,alien,recente,Post-Introduction,Detection,Detection,2015,2015-06-01T12:00:00Z,comment,548,1,comment_014122,comment_014119,TRUE
video_001292,2025-07-28T11:56:22Z,78,,1,Rugulopteryx_okamurae,Spain,Plants,alien,capturas,Post-Introduction,Detection,Detection,2015,2015-06-01T12:00:00Z,comment,2,0,comment_006668,,FALSE
video_014689,2021-05-29T16:20:04Z,2139,,57,Rugulopteryx_okamurae,Spain,Plants,alien,invasoras,Post-Introduction,Invasion,Invasion,2015,2015-06-01T12:00:00Z,comment,552,1,comment_008030,,FALSE
video_014689,2021-05-27T22:21:02Z,2139,,57,Rugulopteryx_okamurae,Spain,Plants,alien,invasoras,Post-Introduction,Invasion,Invasion,2015,2015-06-01T12:00:00Z,comment,552,3,comment_009359,,FALSE
video_014689,2021-05-27T22:21:02Z,2139,,57,Rugulopteryx_okamurae,Spain,Plants,alien,peligro,Post-Introduction,Threat,Threat,2015,2015-06-01T12:00:00Z,comment,552,3,comment_009359,,FALSE
video_014689,2021-05-27T22:15:24Z,2139,,57,Rugulopteryx_okamurae,Spain,Plants,alien,controlar,Post-Introduction,Detection,Detection,2015,2015-06-01T12:00:00Z,comment,552,1,comment_015028,comment_015027,TRUE
video_014689,2021-05-27T22:15:24Z,2139,,57,Rugulopteryx_okamurae,Spain,Plants,alien,invasoras,Post-Introduction,Invasion,Invasion,2015,2015-06-01T12:00:00Z,comment,552,1,comment_015028,comment_015027,TRUE
video_014689,2021-05-27T22:15:24Z,2139,,57,Rugulopteryx_okamurae,Spain,Plants,alien,peligro,Post-Introduction,Threat,Threat,2015,2015-06-01T12:00:00Z,comment,552,1,comment_015028,comment_015027,TRUE
video_005963,2021-12-26T08:23:12Z,3422,,54,Scyphophorus_acupunctatus,Spain,Insects,established,invasion,Post-Introduction,Invasion,Invasion,2007,2007-06-01T12:00:00Z,comment,219,0,comment_012947,,FALSE
video_005963,2021-12-25T23:23:05Z,3422,,54,Scyphophorus_acupunctatus,Spain,Insects,established,visto,Post-Introduction,Detection,Detection,2007,2007-06-01T12:00:00Z,comment,219,4,comment_005575,,FALSE
video_005963,2022-04-18T11:47:29Z,3422,,54,Scyphophorus_acupunctatus,Spain,Insects,established,plaga,Post-Introduction,Invasion,Invasion,2007,2007-06-01T12:00:00Z,comment,219,0,comment_009958,comment_009957,TRUE
video_005963,2021-12-26T11:46:16Z,3422,,54,Scyphophorus_acupunctatus,Spain,Insects,established,visto,Post-Introduction,Detection,Detection,2007,2007-06-01T12:00:00Z,comment,219,1,comment_002357,comment_002356,TRUE
video_005963,2021-12-26T11:46:16Z,3422,,54,Scyphophorus_acupunctatus,Spain,Insects,established,plagas,Post-Introduction,Invasion,Invasion,2007,2007-06-01T12:00:00Z,comment,219,1,comment_002357,comment_002356,TRUE
video_002070,2025-07-24T14:01:57Z,3982,,8,Scyphophorus_acupunctatus,Spain,Insects,established,danino,Post-Introduction,Threat,Threat,2007,2007-06-01T12:00:00Z,comment,95,0,comment_002165,,FALSE
video_016801,2024-05-14T05:59:06Z,384,,24,Scyphophorus_acupunctatus,Spain,Insects,established,encontre,Post-Introduction,Detection,Detection,2007,2007-06-01T12:00:00Z,comment,50,1,comment_002716,,FALSE
video_016801,2024-05-13T05:56:08Z,384,,24,Scyphophorus_acupunctatus,Spain,Insects,established,control,Post-Introduction,Detection,Detection,2007,2007-06-01T12:00:00Z,comment,50,0,comment_012939,,FALSE
video_016801,2024-05-12T18:49:22Z,384,,24,Scyphophorus_acupunctatus,Spain,Insects,established,alien,Post-Introduction,Invasion,Invasion,2007,2007-06-01T12:00:00Z,comment,50,1,comment_008678,,FALSE
video_016801,2024-05-13T07:07:45Z,384,,24,Scyphophorus_acupunctatus,Spain,Insects,established,ataca,Post-Introduction,Threat,Threat,2007,2007-06-01T12:00:00Z,comment,50,1,comment_003210,comment_003209,TRUE
video_003261,2025-07-28T17:20:39Z,1841,,10,Scyphophorus_acupunctatus,Spain,Insects,established,encontre,Post-Introduction,Detection,Detection,2007,2007-06-01T12:00:00Z,comment,62,0,comment_007133,,FALSE
video_003261,2025-07-28T17:20:39Z,1841,,10,Scyphophorus_acupunctatus,Spain,Insects,established,peligro,Post-Introduction,Threat,Threat,2007,2007-06-01T12:00:00Z,comment,62,0,comment_007133,,FALSE
video_003261,2024-06-08T14:13:49Z,1841,,10,Scyphophorus_acupunctatus,Spain,Insects,established,encontrado,Post-Introduction,Detection,Detection,2007,2007-06-01T12:00:00Z,comment,62,0,comment_010157,,FALSE
video_003261,2025-07-30T08:31:04Z,1841,,10,Scyphophorus_acupunctatus,Spain,Insects,established,ataca,Post-Introduction,Threat,Threat,2007,2007-06-01T12:00:00Z,comment,62,1,comment_007134,comment_007133,TRUE
video_005169,2024-09-11T05:16:40Z,102115,,81,Spodoptera_frugiperda,Canary Islands,Insects,alien,trampas,Post-Introduction,Detection,Detection,2020,2020-06-01T12:00:00Z,comment,2290,0,comment_004438,,FALSE
video_005169,2023-05-01T19:44:03Z,102115,,81,Spodoptera_frugiperda,Canary Islands,Insects,alien,ataca,Post-Introduction,Threat,Threat,2020,2020-06-01T12:00:00Z,comment,2290,0,comment_011239,,FALSE
video_005169,2023-03-05T21:09:42Z,102115,,81,Spodoptera_frugiperda,Canary Islands,Insects,alien,introduccion,Post-Introduction,Invasion,Invasion,2020,2020-06-01T12:00:00Z,comment,2290,1,comment_004859,,FALSE
video_005169,2023-03-05T21:09:42Z,102115,,81,Spodoptera_frugiperda,Canary Islands,Insects,alien,visto,Post-Introduction,Detection,Detection,2020,2020-06-01T12:00:00Z,comment,2290,1,comment_004859,,FALSE
video_005169,2022-02-05T01:19:28Z,102115,,81,Spodoptera_frugiperda,Canary Islands,Insects,alien,control,Post-Introduction,Detection,Detection,2020,2020-06-01T12:00:00Z,comment,2290,5,comment_006855,,FALSE
video_005169,2021-10-15T00:20:27Z,102115,,81,Spodoptera_frugiperda,Canary Islands,Insects,alien,trampa,Post-Introduction,Detection,Detection,2020,2020-06-01T12:00:00Z,comment,2290,35,comment_002002,,FALSE
video_005169,2021-10-15T00:20:27Z,102115,,81,Spodoptera_frugiperda,Canary Islands,Insects,alien,control,Post-Introduction,Detection,Detection,2020,2020-06-01T12:00:00Z,comment,2290,35,comment_002002,,FALSE
video_005169,2023-05-14T05:10:44Z,102115,,81,Spodoptera_frugiperda,Canary Islands,Insects,alien,ataca,Post-Introduction,Threat,Threat,2020,2020-06-01T12:00:00Z,comment,2290,0,comment_011240,comment_011239,TRUE
video_005169,2022-12-27T10:40:11Z,102115,,81,Spodoptera_frugiperda,Canary Islands,Insects,alien,trampas,Post-Introduction,Detection,Detection,2020,2020-06-01T12:00:00Z,comment,2290,0,comment_006857,comment_006855,TRUE
video_005169,2021-10-16T13:10:11Z,102115,,81,Spodoptera_frugiperda,Canary Islands,Insects,alien,trampa,Post-Introduction,Detection,Detection,2020,2020-06-01T12:00:00Z,comment,2290,4,comment_002003,comment_002002,TRUE
video_008353,2023-10-04T00:05:24Z,2486,,11,Spodoptera_frugiperda,Canary Islands,Insects,alien,encontrado,Post-Introduction,Detection,Detection,2020,2020-06-01T12:00:00Z,comment,52,0,comment_012547,,FALSE
video_008353,2021-03-17T14:36:39Z,2486,,11,Spodoptera_frugiperda,Canary Islands,Insects,alien,encontre,Post-Introduction,Detection,Detection,2020,2020-06-01T12:00:00Z,comment,52,1,comment_011075,,FALSE
video_009782,2022-10-07T02:27:48Z,6848,,9,Synoicus_chinensis,Spain,Birds,alien,jaula,Post-Introduction,eCommerce,eCommerce,2006,2006-06-01T12:00:00Z,comment,95,1,comment_008301,,FALSE
video_009782,2022-08-15T23:52:12Z,6848,,9,Synoicus_chinensis,Spain,Birds,alien,venenoso,Post-Introduction,Threat,Threat,2006,2006-06-01T12:00:00Z,comment,95,2,comment_003936,,FALSE
video_009782,2022-08-15T23:52:12Z,6848,,9,Synoicus_chinensis,Spain,Birds,alien,venenoso,Post-Introduction,Threat,Threat,2006,2006-06-01T12:00:00Z,comment,95,2,comment_003936,,FALSE
video_008041,2025-03-17T16:22:45Z,17467,,51,Synoicus_chinensis,Spain,Birds,alien,jaula,Post-Introduction,eCommerce,eCommerce,2006,2006-06-01T12:00:00Z,comment,250,0,comment_013086,,FALSE
video_008041,2022-02-21T13:40:28Z,17467,,51,Synoicus_chinensis,Spain,Birds,alien,jaula,Post-Introduction,eCommerce,eCommerce,2006,2006-06-01T12:00:00Z,comment,250,0,comment_002718,,FALSE
video_008041,2022-01-30T11:38:24Z,17467,,51,Synoicus_chinensis,Spain,Birds,alien,compre,Post-Introduction,eCommerce,eCommerce,2006,2006-06-01T12:00:00Z,comment,250,0,comment_011457,comment_011455,TRUE
video_014889,2023-05-08T18:17:40Z,4149,,11,Synoicus_chinensis,Spain,Birds,alien,jaula,Post-Introduction,eCommerce,eCommerce,2006,2006-06-01T12:00:00Z,comment,51,0,comment_012880,,FALSE
video_014889,2023-05-08T18:17:40Z,4149,,11,Synoicus_chinensis,Spain,Birds,alien,jaula,Post-Introduction,eCommerce,eCommerce,2006,2006-06-01T12:00:00Z,comment,51,0,comment_012880,,FALSE
video_014889,2019-06-11T07:06:40Z,4149,,11,Synoicus_chinensis,Spain,Birds,alien,comprar,Post-Introduction,eCommerce,eCommerce,2006,2006-06-01T12:00:00Z,comment,51,0,comment_008941,comment_008936,TRUE
video_000149,2023-07-09T10:13:18Z,1551,,14,Synoicus_chinensis,Spain,Birds,alien,visto,Post-Introduction,Detection,Detection,2006,2006-06-01T12:00:00Z,comment,64,2,comment_001749,,FALSE
video_013600,2020-03-20T17:58:43Z,1547,,29,Synoicus_chinensis,Spain,Birds,alien,jaula,Post-Introduction,eCommerce,eCommerce,2006,2006-06-01T12:00:00Z,comment,87,0,comment_014555,,FALSE
video_014206,2018-08-11T06:26:16Z,15591,,10,Synoicus_chinensis,Spain,Birds,alien,venda,Post-Introduction,eCommerce,eCommerce,2006,2006-06-01T12:00:00Z,comment,59,1,comment_002711,,FALSE
video_014206,2018-08-15T19:26:11Z,15591,,10,Synoicus_chinensis,Spain,Birds,alien,comprar,Post-Introduction,eCommerce,eCommerce,2006,2006-06-01T12:00:00Z,comment,59,0,comment_002712,comment_002711,TRUE
video_014206,2016-09-19T11:21:33Z,15591,,10,Synoicus_chinensis,Spain,Birds,alien,euros,Post-Introduction,eCommerce,eCommerce,2006,2006-06-01T12:00:00Z,comment,59,3,comment_000458,comment_000457,TRUE
video_001920,2020-05-02T21:13:46Z,5439,,43,Synoicus_chinensis,Spain,Birds,alien,jaula,Post-Introduction,eCommerce,eCommerce,2006,2006-06-01T12:00:00Z,comment,243,0,comment_006897,,FALSE
video_001920,2020-03-28T13:42:03Z,5439,,43,Synoicus_chinensis,Spain,Birds,alien,comprar,Post-Introduction,eCommerce,eCommerce,2006,2006-06-01T12:00:00Z,comment,243,0,comment_005514,,FALSE
video_001920,2020-03-28T13:42:03Z,5439,,43,Synoicus_chinensis,Spain,Birds,alien,vender,Post-Introduction,eCommerce,eCommerce,2006,2006-06-01T12:00:00Z,comment,243,0,comment_005514,,FALSE
video_005851,2018-08-02T02:41:54Z,32162,,21,Synoicus_chinensis,Spain,Birds,alien,comprar,Post-Introduction,eCommerce,eCommerce,2006,2006-06-01T12:00:00Z,comment,,0,comment_012708,,FALSE
video_005851,2017-10-21T18:44:25Z,32162,,21,Synoicus_chinensis,Spain,Birds,alien,visto,Post-Introduction,Detection,Detection,2006,2006-06-01T12:00:00Z,comment,,1,comment_002773,comment_002772,TRUE
video_007956,2024-07-01T22:22:59Z,880,,18,Testudo_marginata,Spain,Herptiles,established,terrario,Post-Introduction,eCommerce,eCommerce,2017,2017-06-01T12:00:00Z,comment,28,1,comment_008997,,FALSE
video_012930,2023-07-23T13:01:03Z,1572,,4,Tobamovirus_fructirugosum,Spain,"Bacteria, Viruses, Fungi",alien,comprar,Post-Introduction,eCommerce,eCommerce,2019,2019-06-01T12:00:00Z,comment,41,0,comment_007838,,FALSE
video_012958,2023-05-30T20:19:28Z,1317,,7,Tobamovirus_fructirugosum,Spain,"Bacteria, Viruses, Fungi",alien,prohibido,Post-Introduction,eCommerce,eCommerce,2019,2019-06-01T12:00:00Z,comment,21,0,comment_012443,,FALSE
video_012958,2023-05-30T20:14:26Z,1317,,7,Tobamovirus_fructirugosum,Spain,"Bacteria, Viruses, Fungi",alien,vector,Post-Introduction,Threat,Threat,2019,2019-06-01T12:00:00Z,comment,21,0,comment_009747,,FALSE
video_012958,2023-05-31T14:33:23Z,1317,,7,Tobamovirus_fructirugosum,Spain,"Bacteria, Viruses, Fungi",alien,registro,Post-Introduction,Detection,Detection,2019,2019-06-01T12:00:00Z,comment,21,0,comment_012444,comment_012443,TRUE
video_012958,2023-05-31T14:33:23Z,1317,,7,Tobamovirus_fructirugosum,Spain,"Bacteria, Viruses, Fungi",alien,manejo,Post-Introduction,Detection,Detection,2019,2019-06-01T12:00:00Z,comment,21,0,comment_012444,comment_012443,TRUE
video_012958,2023-05-31T14:33:23Z,1317,,7,Tobamovirus_fructirugosum,Spain,"Bacteria, Viruses, Fungi",alien,manejar,Post-Introduction,Detection,Detection,2019,2019-06-01T12:00:00Z,comment,21,0,comment_012444,comment_012443,TRUE
video_012958,2023-05-31T20:08:52Z,1317,,7,Tobamovirus_fructirugosum,Spain,"Bacteria, Viruses, Fungi",alien,riesgo,Post-Introduction,Threat,Threat,2019,2019-06-01T12:00:00Z,comment,21,0,comment_012446,comment_012443,TRUE
video_006670,2025-07-06T18:55:46Z,461,,1,Tomato_leaf_curl_New_Delhi_virus,Spain,"Bacteria, Viruses, Fungi",alien,mercado,Post-Introduction,eCommerce,eCommerce,2012,2012-06-01T12:00:00Z,comment,6,0,comment_002178,,FALSE
video_013910,2019-08-05T02:13:34Z,17989,,24,Varanus_exanthematicus,Spain,Herptiles,uncertain,comprar,Post-Introduction,eCommerce,eCommerce,2011,2011-06-01T12:00:00Z,comment,445,2,comment_003818,,FALSE
video_013910,2019-08-05T02:13:34Z,17989,,24,Varanus_exanthematicus,Spain,Herptiles,uncertain,comprar,Post-Introduction,eCommerce,eCommerce,2011,2011-06-01T12:00:00Z,comment,445,2,comment_003818,,FALSE
video_013910,2018-09-25T01:01:41Z,17989,,24,Varanus_exanthematicus,Spain,Herptiles,uncertain,compre,Post-Introduction,eCommerce,eCommerce,2011,2011-06-01T12:00:00Z,comment,445,6,comment_009755,,FALSE
video_013910,2018-09-25T01:01:41Z,17989,,24,Varanus_exanthematicus,Spain,Herptiles,uncertain,terrario,Post-Introduction,eCommerce,eCommerce,2011,2011-06-01T12:00:00Z,comment,445,6,comment_009755,,FALSE
video_017035,2018-02-14T06:47:45Z,27375,,27,Varanus_exanthematicus,Spain,Herptiles,uncertain,terrario,Post-Introduction,eCommerce,eCommerce,2011,2011-06-01T12:00:00Z,comment,323,0,comment_008719,,FALSE
video_017035,2016-11-13T16:04:07Z,27375,,27,Varanus_exanthematicus,Spain,Herptiles,uncertain,visto,Post-Introduction,Detection,Detection,2011,2011-06-01T12:00:00Z,comment,323,10,comment_001396,,FALSE
video_017035,2016-09-17T03:35:05Z,27375,,27,Varanus_exanthematicus,Spain,Herptiles,uncertain,comprar,Post-Introduction,eCommerce,eCommerce,2011,2011-06-01T12:00:00Z,comment,323,0,comment_000637,,FALSE
video_017035,2016-07-01T20:32:43Z,27375,,27,Varanus_exanthematicus,Spain,Herptiles,uncertain,compre,Post-Introduction,eCommerce,eCommerce,2011,2011-06-01T12:00:00Z,comment,323,0,comment_001091,,FALSE
video_017035,2016-07-01T11:43:47Z,27375,,27,Varanus_exanthematicus,Spain,Herptiles,uncertain,terrario,Post-Introduction,eCommerce,eCommerce,2011,2011-06-01T12:00:00Z,comment,323,3,comment_000219,,FALSE
video_017035,2016-07-01T11:43:47Z,27375,,27,Varanus_exanthematicus,Spain,Herptiles,uncertain,terrario,Post-Introduction,eCommerce,eCommerce,2011,2011-06-01T12:00:00Z,comment,323,3,comment_000219,,FALSE
video_017035,2016-03-16T18:44:07Z,27375,,27,Varanus_exanthematicus,Spain,Herptiles,uncertain,mascota,Post-Introduction,eCommerce,eCommerce,2011,2011-06-01T12:00:00Z,comment,323,0,comment_000551,,FALSE
video_017035,2015-08-25T12:56:58Z,27375,,27,Varanus_exanthematicus,Spain,Herptiles,uncertain,terrario,Post-Introduction,eCommerce,eCommerce,2011,2011-06-01T12:00:00Z,comment,323,8,comment_000998,,FALSE
video_017035,2015-08-21T13:37:33Z,27375,,27,Varanus_exanthematicus,Spain,Herptiles,uncertain,visto,Post-Introduction,Detection,Detection,2011,2011-06-01T12:00:00Z,comment,323,0,comment_001306,comment_001305,TRUE
video_001899,2021-03-26T08:41:32Z,960,,21,Varanus_exanthematicus,Spain,Herptiles,uncertain,visto,Post-Introduction,Detection,Detection,2011,2011-06-01T12:00:00Z,comment,22,0,comment_014060,comment_014058,TRUE
video_001899,2021-03-26T08:41:32Z,960,,21,Varanus_exanthematicus,Spain,Herptiles,uncertain,riesgo,Post-Introduction,Threat,Threat,2011,2011-06-01T12:00:00Z,comment,22,0,comment_014060,comment_014058,TRUE
video_001899,2021-03-26T08:41:32Z,960,,21,Varanus_exanthematicus,Spain,Herptiles,uncertain,peligrosa,Post-Introduction,Threat,Threat,2011,2011-06-01T12:00:00Z,comment,22,0,comment_014060,comment_014058,TRUE
video_006962,2016-01-10T15:45:06Z,16005,,10,Varanus_exanthematicus,Spain,Herptiles,uncertain,visto,Post-Introduction,Detection,Detection,2011,2011-06-01T12:00:00Z,comment,38,2,comment_000076,,FALSE
video_015641,2009-11-21T15:34:15Z,1335,,2,Varanus_exanthematicus,Spain,Herptiles,uncertain,visto,Pre-Introduction,Detection,Detection,2011,2011-06-01T12:00:00Z,comment,4,0,comment_001685,,FALSE
video_015641,2009-11-21T15:34:15Z,1335,,2,Varanus_exanthematicus,Spain,Herptiles,uncertain,visto,Pre-Introduction,Detection,Detection,2011,2011-06-01T12:00:00Z,comment,4,0,comment_001685,,FALSE
video_014474,2017-05-16T11:15:08Z,13301,,117,Varanus_exanthematicus,Spain,Herptiles,uncertain,venenoso,Post-Introduction,Threat,Threat,2011,2011-06-01T12:00:00Z,comment,367,0,comment_000569,,FALSE
video_014474,2017-05-11T14:31:51Z,13301,,117,Varanus_exanthematicus,Spain,Herptiles,uncertain,comprar,Post-Introduction,eCommerce,eCommerce,2011,2011-06-01T12:00:00Z,comment,367,6,comment_001317,,FALSE
video_014474,2017-05-04T13:46:33Z,13301,,117,Varanus_exanthematicus,Spain,Herptiles,uncertain,caro,Post-Introduction,eCommerce,eCommerce,2011,2011-06-01T12:00:00Z,comment,367,0,comment_000596,,FALSE
video_014474,2017-05-03T21:17:50Z,13301,,117,Varanus_exanthematicus,Spain,Herptiles,uncertain,terrario,Post-Introduction,eCommerce,eCommerce,2011,2011-06-01T12:00:00Z,comment,367,0,comment_000437,,FALSE
video_014474,2017-05-03T17:06:59Z,13301,,117,Varanus_exanthematicus,Spain,Herptiles,uncertain,acuario,Post-Introduction,eCommerce,eCommerce,2011,2011-06-01T12:00:00Z,comment,367,0,comment_001423,,FALSE
video_014474,2017-05-04T21:24:29Z,13301,,117,Varanus_exanthematicus,Spain,Herptiles,uncertain,veneno,Post-Introduction,Threat,Threat,2011,2011-06-01T12:00:00Z,comment,367,1,comment_000571,comment_000570,TRUE
video_014474,2021-04-21T11:16:31Z,13301,,117,Varanus_exanthematicus,Spain,Herptiles,uncertain,terrario,Post-Introduction,eCommerce,eCommerce,2011,2011-06-01T12:00:00Z,comment,367,0,comment_000120,comment_000117,TRUE
video_005903,2020-04-25T17:01:28Z,8675,,60,Varanus_exanthematicus,Spain,Herptiles,uncertain,terrario,Post-Introduction,eCommerce,eCommerce,2011,2011-06-01T12:00:00Z,comment,287,0,comment_006664,,FALSE
video_005903,2018-03-31T05:32:10Z,8675,,60,Varanus_exanthematicus,Spain,Herptiles,uncertain,terrario,Post-Introduction,eCommerce,eCommerce,2011,2011-06-01T12:00:00Z,comment,287,0,comment_013570,,FALSE
video_005903,2018-03-31T05:32:10Z,8675,,60,Varanus_exanthematicus,Spain,Herptiles,uncertain,comprar,Post-Introduction,eCommerce,eCommerce,2011,2011-06-01T12:00:00Z,comment,287,0,comment_013570,,FALSE
video_005903,2017-06-27T23:29:00Z,8675,,60,Varanus_exanthematicus,Spain,Herptiles,uncertain,visto,Post-Introduction,Detection,Detection,2011,2011-06-01T12:00:00Z,comment,287,0,comment_000534,,FALSE
video_005903,2017-06-27T19:19:15Z,8675,,60,Varanus_exanthematicus,Spain,Herptiles,uncertain,comprar,Post-Introduction,eCommerce,eCommerce,2011,2011-06-01T12:00:00Z,comment,287,0,comment_000489,,FALSE
video_005903,2017-06-27T16:53:08Z,8675,,60,Varanus_exanthematicus,Spain,Herptiles,uncertain,terrario,Post-Introduction,eCommerce,eCommerce,2011,2011-06-01T12:00:00Z,comment,287,0,comment_000600,,FALSE
video_005903,2017-06-27T16:53:08Z,8675,,60,Varanus_exanthematicus,Spain,Herptiles,uncertain,perjudicial,Post-Introduction,Threat,Threat,2011,2011-06-01T12:00:00Z,comment,287,0,comment_000600,,FALSE
video_005903,2017-06-27T16:53:08Z,8675,,60,Varanus_exanthematicus,Spain,Herptiles,uncertain,vista,Post-Introduction,Detection,Detection,2011,2011-06-01T12:00:00Z,comment,287,0,comment_000600,,FALSE
video_005903,2017-06-28T22:30:11Z,8675,,60,Varanus_exanthematicus,Spain,Herptiles,uncertain,terrario,Post-Introduction,eCommerce,eCommerce,2011,2011-06-01T12:00:00Z,comment,287,0,comment_000493,comment_000489,TRUE
video_005903,2017-06-27T20:54:48Z,8675,,60,Varanus_exanthematicus,Spain,Herptiles,uncertain,vista,Post-Introduction,Detection,Detection,2011,2011-06-01T12:00:00Z,comment,287,0,comment_000601,comment_000600,TRUE
video_009798,2022-08-26T17:18:32Z,2548,,6,Varanus_exanthematicus,Spain,Herptiles,uncertain,compra,Post-Introduction,eCommerce,eCommerce,2011,2011-06-01T12:00:00Z,comment,29,0,comment_004014,comment_004013,TRUE
video_009798,2022-08-26T17:18:32Z,2548,,6,Varanus_exanthematicus,Spain,Herptiles,uncertain,caro,Post-Introduction,eCommerce,eCommerce,2011,2011-06-01T12:00:00Z,comment,29,0,comment_004014,comment_004013,TRUE
video_008287,2022-06-21T14:05:38Z,28202,,60,Varanus_exanthematicus,Spain,Herptiles,uncertain,venenoso,Post-Introduction,Threat,Threat,2011,2011-06-01T12:00:00Z,comment,257,0,comment_007042,,FALSE
video_008287,2020-06-09T18:00:24Z,28202,,60,Varanus_exanthematicus,Spain,Herptiles,uncertain,terrario,Post-Introduction,eCommerce,eCommerce,2011,2011-06-01T12:00:00Z,comment,257,0,comment_003288,,FALSE
video_008287,2020-06-09T18:00:24Z,28202,,60,Varanus_exanthematicus,Spain,Herptiles,uncertain,comprar,Post-Introduction,eCommerce,eCommerce,2011,2011-06-01T12:00:00Z,comment,257,0,comment_003288,,FALSE
video_008287,2019-06-13T23:10:35Z,28202,,60,Varanus_exanthematicus,Spain,Herptiles,uncertain,visto,Post-Introduction,Detection,Detection,2011,2011-06-01T12:00:00Z,comment,257,1,comment_003679,,FALSE
video_008287,2019-04-20T03:41:22Z,28202,,60,Varanus_exanthematicus,Spain,Herptiles,uncertain,precio,Post-Introduction,eCommerce,eCommerce,2011,2011-06-01T12:00:00Z,comment,257,0,comment_010631,,FALSE
video_008287,2018-03-20T02:57:18Z,28202,,60,Varanus_exanthematicus,Spain,Herptiles,uncertain,terrario,Post-Introduction,eCommerce,eCommerce,2011,2011-06-01T12:00:00Z,comment,257,0,comment_013844,,FALSE
video_008287,2017-12-04T02:54:42Z,28202,,60,Varanus_exanthematicus,Spain,Herptiles,uncertain,costo,Post-Introduction,eCommerce,eCommerce,2011,2011-06-01T12:00:00Z,comment,257,0,comment_008099,,FALSE
video_008287,2017-11-20T21:34:43Z,28202,,60,Varanus_exanthematicus,Spain,Herptiles,uncertain,venenoso,Post-Introduction,Threat,Threat,2011,2011-06-01T12:00:00Z,comment,257,2,comment_001615,,FALSE
video_008287,2016-07-20T11:47:57Z,28202,,60,Varanus_exanthematicus,Spain,Herptiles,uncertain,tienda,Post-Introduction,eCommerce,eCommerce,2011,2011-06-01T12:00:00Z,comment,257,1,comment_000576,,FALSE
video_008287,2016-05-17T19:13:07Z,28202,,60,Varanus_exanthematicus,Spain,Herptiles,uncertain,terrario,Post-Introduction,eCommerce,eCommerce,2011,2011-06-01T12:00:00Z,comment,257,1,comment_000102,,FALSE
video_008287,2016-05-17T19:13:07Z,28202,,60,Varanus_exanthematicus,Spain,Herptiles,uncertain,comprar,Post-Introduction,eCommerce,eCommerce,2011,2011-06-01T12:00:00Z,comment,257,1,comment_000102,,FALSE
video_008287,2018-02-28T12:08:45Z,28202,,60,Varanus_exanthematicus,Spain,Herptiles,uncertain,vender,Post-Introduction,eCommerce,eCommerce,2011,2011-06-01T12:00:00Z,comment,257,0,comment_012200,comment_012195,TRUE
video_008287,2017-12-03T10:34:47Z,28202,,60,Varanus_exanthematicus,Spain,Herptiles,uncertain,venenoso,Post-Introduction,Threat,Threat,2011,2011-06-01T12:00:00Z,comment,257,1,comment_001616,comment_001615,TRUE
video_008287,2017-12-03T10:34:47Z,28202,,60,Varanus_exanthematicus,Spain,Herptiles,uncertain,toxica,Post-Introduction,Threat,Threat,2011,2011-06-01T12:00:00Z,comment,257,1,comment_001616,comment_001615,TRUE
video_008287,2016-07-24T12:53:57Z,28202,,60,Varanus_exanthematicus,Spain,Herptiles,uncertain,tienda,Post-Introduction,eCommerce,eCommerce,2011,2011-06-01T12:00:00Z,comment,257,0,comment_000577,comment_000576,TRUE
video_008287,2016-07-24T12:53:57Z,28202,,60,Varanus_exanthematicus,Spain,Herptiles,uncertain,precio,Post-Introduction,eCommerce,eCommerce,2011,2011-06-01T12:00:00Z,comment,257,0,comment_000577,comment_000576,TRUE
video_008287,2016-07-24T12:59:16Z,28202,,60,Varanus_exanthematicus,Spain,Herptiles,uncertain,aparece,Post-Introduction,Detection,Detection,2011,2011-06-01T12:00:00Z,comment,257,0,comment_000579,comment_000576,TRUE
video_008287,2016-05-17T20:58:59Z,28202,,60,Varanus_exanthematicus,Spain,Herptiles,uncertain,terrario,Post-Introduction,eCommerce,eCommerce,2011,2011-06-01T12:00:00Z,comment,257,0,comment_000103,comment_000102,TRUE
video_008287,2016-05-17T20:58:59Z,28202,,60,Varanus_exanthematicus,Spain,Herptiles,uncertain,terrario,Post-Introduction,eCommerce,eCommerce,2011,2011-06-01T12:00:00Z,comment,257,0,comment_000103,comment_000102,TRUE
video_008287,2016-05-28T18:29:23Z,28202,,60,Varanus_exanthematicus,Spain,Herptiles,uncertain,encontrado,Post-Introduction,Detection,Detection,2011,2011-06-01T12:00:00Z,comment,257,0,comment_000512,comment_000510,TRUE
video_008287,2016-05-15T16:19:29Z,28202,,60,Varanus_exanthematicus,Spain,Herptiles,uncertain,peligroso,Post-Introduction,Threat,Threat,2011,2011-06-01T12:00:00Z,comment,257,0,comment_000264,comment_000261,TRUE
video_008287,2016-04-13T08:53:37Z,28202,,60,Varanus_exanthematicus,Spain,Herptiles,uncertain,terrarios,Post-Introduction,eCommerce,eCommerce,2011,2011-06-01T12:00:00Z,comment,257,1,comment_000849,comment_000848,TRUE
video_004795,2025-08-27T13:28:12Z,1533,,8,Vespa_orientalis,Spain,Insects,alien,visto,Post-Introduction,Detection,Detection,2012,2012-06-01T12:00:00Z,comment,20,0,comment_009309,,FALSE
video_004795,2025-07-30T12:19:36Z,1533,,8,Vespa_orientalis,Spain,Insects,alien,encontrado,Post-Introduction,Detection,Detection,2012,2012-06-01T12:00:00Z,comment,20,1,comment_001605,,FALSE
video_004795,2024-10-08T11:44:09Z,1533,,8,Vespa_orientalis,Spain,Insects,alien,atacado,Post-Introduction,Threat,Threat,2012,2012-06-01T12:00:00Z,comment,20,1,comment_011354,,FALSE
video_004795,2024-11-03T19:08:51Z,1533,,8,Vespa_orientalis,Spain,Insects,alien,ataca,Post-Introduction,Threat,Threat,2012,2012-06-01T12:00:00Z,comment,20,0,comment_014970,comment_014966,TRUE
video_015837,2023-11-25T00:38:34Z,1634,,19,Vespa_orientalis,Spain,Insects,alien,peligrosa,Post-Introduction,Threat,Threat,2012,2012-06-01T12:00:00Z,comment,160,3,comment_002345,,FALSE
video_015837,2023-12-22T09:45:34Z,1634,,19,Vespa_orientalis,Spain,Insects,alien,aparecido,Post-Introduction,Detection,Detection,2012,2012-06-01T12:00:00Z,comment,160,0,comment_009415,comment_009414,TRUE
video_013603,2025-08-28T12:28:46Z,49,,1,Vespa_orientalis,Spain,Insects,alien,peligro,Post-Introduction,Threat,Threat,2012,2012-06-01T12:00:00Z,comment,1,0,comment_009096,,FALSE
video_003961,2024-11-05T00:39:10Z,173155,,53,Vespa_orientalis,Spain,Insects,alien,venenoso,Post-Introduction,Threat,Threat,2012,2012-06-01T12:00:00Z,comment,6896,1,comment_012675,,FALSE
video_003961,2024-09-24T16:04:53Z,173155,,53,Vespa_orientalis,Spain,Insects,alien,plaga,Post-Introduction,Invasion,Invasion,2012,2012-06-01T12:00:00Z,comment,6896,0,comment_014831,,FALSE
video_003961,2025-07-26T16:33:39Z,173155,,53,Vespa_orientalis,Spain,Insects,alien,colonizacion,Post-Introduction,Invasion,Invasion,2012,2012-06-01T12:00:00Z,comment,6896,0,comment_006529,comment_006528,TRUE
video_004701,2024-08-03T11:54:07Z,2938,,20,Vespa_orientalis,Spain,Insects,alien,invasora,Post-Introduction,Invasion,Invasion,2012,2012-06-01T12:00:00Z,comment,162,0,comment_004425,,FALSE
video_004701,2024-08-03T11:54:07Z,2938,,20,Vespa_orientalis,Spain,Insects,alien,ataca,Post-Introduction,Threat,Threat,2012,2012-06-01T12:00:00Z,comment,162,0,comment_004425,,FALSE
video_004701,2024-08-03T11:54:07Z,2938,,20,Vespa_orientalis,Spain,Insects,alien,peligro,Post-Introduction,Threat,Threat,2012,2012-06-01T12:00:00Z,comment,162,0,comment_004425,,FALSE
video_004701,2024-07-31T11:56:46Z,2938,,20,Vespa_orientalis,Spain,Insects,alien,plaga,Post-Introduction,Invasion,Invasion,2012,2012-06-01T12:00:00Z,comment,162,0,comment_004882,,FALSE
video_004701,2024-09-19T11:28:42Z,2938,,20,Vespa_orientalis,Spain,Insects,alien,visto,Post-Introduction,Detection,Detection,2012,2012-06-01T12:00:00Z,comment,162,1,comment_007193,comment_007192,TRUE
video_012107,2025-08-28T12:15:42Z,1881,,1,Vespa_orientalis,Spain,Insects,alien,plaga,Post-Introduction,Invasion,Invasion,2012,2012-06-01T12:00:00Z,comment,15,2,comment_007721,,FALSE
video_000016,2025-08-28T09:27:29Z,1391,,8,Vespa_orientalis,Spain,Insects,alien,trampas,Post-Introduction,Detection,Detection,2012,2012-06-01T12:00:00Z,comment,53,0,comment_005423,,FALSE
video_000016,2025-08-28T09:27:29Z,1391,,8,Vespa_orientalis,Spain,Insects,alien,trampas,Post-Introduction,Detection,Detection,2012,2012-06-01T12:00:00Z,comment,53,0,comment_005423,,FALSE
video_000016,2025-04-17T11:50:12Z,1391,,8,Vespa_orientalis,Spain,Insects,alien,invasoras,Post-Introduction,Invasion,Invasion,2012,2012-06-01T12:00:00Z,comment,53,0,comment_003785,,FALSE
video_000016,2025-04-16T18:37:24Z,1391,,8,Vespa_orientalis,Spain,Insects,alien,trampas,Post-Introduction,Detection,Detection,2012,2012-06-01T12:00:00Z,comment,53,0,comment_007275,,FALSE
video_000016,2025-04-16T18:37:24Z,1391,,8,Vespa_orientalis,Spain,Insects,alien,trampa,Post-Introduction,Detection,Detection,2012,2012-06-01T12:00:00Z,comment,53,0,comment_007275,,FALSE
video_000016,2025-08-31T05:41:29Z,1391,,8,Vespa_orientalis,Spain,Insects,alien,visto,Post-Introduction,Detection,Detection,2012,2012-06-01T12:00:00Z,comment,53,0,comment_005424,comment_005423,TRUE
video_000016,2025-04-17T12:00:10Z,1391,,8,Vespa_orientalis,Spain,Insects,alien,invasoras,Post-Introduction,Invasion,Invasion,2012,2012-06-01T12:00:00Z,comment,53,0,comment_013198,comment_013197,TRUE
video_014394,2022-11-08T16:22:56Z,135978,,51,Vespa_velutina,Portugal,Insects,established,extincion,Post-Introduction,Threat,Threat,2011,2011-06-01T12:00:00Z,comment,586,0,comment_006533,,FALSE
video_014394,2020-06-26T21:43:17Z,135978,,51,Vespa_velutina,Portugal,Insects,established,trampas,Post-Introduction,Detection,Detection,2011,2011-06-01T12:00:00Z,comment,586,0,comment_010501,,FALSE
video_014394,2020-05-14T15:21:49Z,135978,,51,Vespa_velutina,Portugal,Insects,established,invasion,Post-Introduction,Invasion,Invasion,2011,2011-06-01T12:00:00Z,comment,586,0,comment_010790,,FALSE
video_014394,2020-05-14T15:21:49Z,135978,,51,Vespa_velutina,Portugal,Insects,established,invasor,Post-Introduction,Invasion,Invasion,2011,2011-06-01T12:00:00Z,comment,586,0,comment_010790,,FALSE
video_014394,2020-05-14T15:21:49Z,135978,,51,Vespa_velutina,Portugal,Insects,established,trampas,Post-Introduction,Detection,Detection,2011,2011-06-01T12:00:00Z,comment,586,0,comment_010790,,FALSE
video_014394,2018-10-26T23:01:00Z,135978,,51,Vespa_velutina,Portugal,Insects,established,veneno,Post-Introduction,Threat,Threat,2011,2011-06-01T12:00:00Z,comment,586,0,comment_012587,,FALSE
video_014394,2018-02-25T17:06:24Z,135978,,51,Vespa_velutina,Portugal,Insects,established,capturar,Post-Introduction,Detection,Detection,2011,2011-06-01T12:00:00Z,comment,586,1,comment_007644,,FALSE
video_014394,2018-02-25T17:06:24Z,135978,,51,Vespa_velutina,Portugal,Insects,established,plaga,Post-Introduction,Invasion,Invasion,2011,2011-06-01T12:00:00Z,comment,586,1,comment_007644,,FALSE
video_014394,2017-09-15T04:58:01Z,135978,,51,Vespa_velutina,Portugal,Insects,established,amenaza,Post-Introduction,Threat,Threat,2011,2011-06-01T12:00:00Z,comment,586,0,comment_012367,,FALSE
video_014394,2014-10-26T09:11:45Z,135978,,51,Vespa_velutina,Portugal,Insects,established,amenaza,Post-Introduction,Threat,Threat,2011,2011-06-01T12:00:00Z,comment,586,3,comment_000640,,FALSE
video_014394,2020-05-07T13:23:21Z,135978,,51,Vespa_velutina,Portugal,Insects,established,control,Post-Introduction,Detection,Detection,2011,2011-06-01T12:00:00Z,comment,586,1,comment_002570,comment_002569,TRUE
video_014394,2017-09-13T11:51:22Z,135978,,51,Vespa_velutina,Portugal,Insects,established,extendida,Post-Introduction,Invasion,Invasion,2011,2011-06-01T12:00:00Z,comment,586,0,comment_007231,comment_007230,TRUE
video_006084,2022-02-18T19:33:31Z,478605,,137,Vespa_velutina,Portugal,Insects,established,trampa,Post-Introduction,Detection,Detection,2011,2011-06-01T12:00:00Z,comment,1212,0,comment_005299,,FALSE
video_006084,2021-03-29T20:49:36Z,478605,,137,Vespa_velutina,Portugal,Insects,established,trampas,Post-Introduction,Detection,Detection,2011,2011-06-01T12:00:00Z,comment,1212,0,comment_013941,,FALSE
video_006084,2020-07-10T19:59:24Z,478605,,137,Vespa_velutina,Portugal,Insects,established,invasor,Post-Introduction,Invasion,Invasion,2011,2011-06-01T12:00:00Z,comment,1212,1,comment_003786,,FALSE
video_006084,2020-05-24T17:54:24Z,478605,,137,Vespa_velutina,Portugal,Insects,established,epidemia,Post-Introduction,Threat,Threat,2011,2011-06-01T12:00:00Z,comment,1212,0,comment_009139,,FALSE
video_006084,2020-05-21T05:26:01Z,478605,,137,Vespa_velutina,Portugal,Insects,established,praga,Post-Introduction,Invasion,Invasion,2011,2011-06-01T12:00:00Z,comment,1212,0,comment_003556,,FALSE
video_006084,2018-11-18T02:34:10Z,478605,,137,Vespa_velutina,Portugal,Insects,established,atacada,Post-Introduction,Threat,Threat,2011,2011-06-01T12:00:00Z,comment,1212,0,comment_009397,,FALSE
video_006084,2018-09-04T15:17:01Z,478605,,137,Vespa_velutina,Portugal,Insects,established,visto,Post-Introduction,Detection,Detection,2011,2011-06-01T12:00:00Z,comment,1212,0,comment_010472,,FALSE
video_006084,2018-07-18T11:52:45Z,478605,,137,Vespa_velutina,Portugal,Insects,established,alerta,Post-Introduction,Detection,Detection,2011,2011-06-01T12:00:00Z,comment,1212,0,comment_014432,,FALSE
video_006084,2018-01-12T02:21:45Z,478605,,137,Vespa_velutina,Portugal,Insects,established,comprar,Post-Introduction,eCommerce,eCommerce,2011,2011-06-01T12:00:00Z,comment,1212,0,comment_004932,,FALSE
video_006084,2017-12-13T16:58:33Z,478605,,137,Vespa_velutina,Portugal,Insects,established,trampa,Post-Introduction,Detection,Detection,2011,2011-06-01T12:00:00Z,comment,1212,2,comment_012034,,FALSE
video_006084,2017-11-20T19:00:34Z,478605,,137,Vespa_velutina,Portugal,Insects,established,compra,Post-Introduction,eCommerce,eCommerce,2011,2011-06-01T12:00:00Z,comment,1212,1,comment_013357,,FALSE
video_006084,2016-09-12T13:57:52Z,478605,,137,Vespa_velutina,Portugal,Insects,established,peligro,Post-Introduction,Threat,Threat,2011,2011-06-01T12:00:00Z,comment,1212,3,comment_000530,,FALSE
video_006084,2018-08-07T14:18:19Z,478605,,137,Vespa_velutina,Portugal,Insects,established,perjudicial,Post-Introduction,Threat,Threat,2011,2011-06-01T12:00:00Z,comment,1212,0,comment_010283,comment_010282,TRUE
video_006084,2018-04-28T23:35:53Z,478605,,137,Vespa_velutina,Portugal,Insects,established,peligroso,Post-Introduction,Threat,Threat,2011,2011-06-01T12:00:00Z,comment,1212,0,comment_000533,comment_000530,TRUE
video_006084,2017-10-23T17:21:31Z,478605,,137,Vespa_velutina,Portugal,Insects,established,visto,Post-Introduction,Detection,Detection,2011,2011-06-01T12:00:00Z,comment,1212,0,comment_000454,comment_000452,TRUE
video_006084,2018-07-23T02:24:43Z,478605,,137,Vespa_velutina,Portugal,Insects,established,peligro,Post-Introduction,Threat,Threat,2011,2011-06-01T12:00:00Z,comment,1212,0,comment_000908,comment_000906,TRUE
video_006084,2018-07-23T02:24:43Z,478605,,137,Vespa_velutina,Portugal,Insects,established,extincion,Post-Introduction,Threat,Threat,2011,2011-06-01T12:00:00Z,comment,1212,0,comment_000908,comment_000906,TRUE
video_006084,2016-09-10T15:44:58Z,478605,,137,Vespa_velutina,Portugal,Insects,established,ataca,Post-Introduction,Threat,Threat,2011,2011-06-01T12:00:00Z,comment,1212,6,comment_001265,comment_001264,TRUE
video_006084,2016-09-07T11:49:02Z,478605,,137,Vespa_velutina,Portugal,Insects,established,invasoras,Post-Introduction,Invasion,Invasion,2011,2011-06-01T12:00:00Z,comment,1212,5,comment_001181,comment_001180,TRUE
video_006084,2016-09-09T16:27:10Z,478605,,137,Vespa_velutina,Portugal,Insects,established,invasoras,Post-Introduction,Invasion,Invasion,2011,2011-06-01T12:00:00Z,comment,1212,1,comment_001183,comment_001180,TRUE
video_011453,2024-11-01T19:50:43Z,399002,,156,Vespa_velutina,Portugal,Insects,established,vistas,Post-Introduction,Detection,Detection,2011,2011-06-01T12:00:00Z,comment,2720,1,comment_007851,,FALSE
video_017036,2019-07-11T19:07:04Z,15980,,13,Vespa_velutina,Portugal,Insects,established,plaga,Post-Introduction,Invasion,Invasion,2011,2011-06-01T12:00:00Z,comment,65,0,comment_006184,,FALSE
video_017036,2019-07-05T05:33:44Z,15980,,13,Vespa_velutina,Portugal,Insects,established,peligro,Post-Introduction,Threat,Threat,2011,2011-06-01T12:00:00Z,comment,65,3,comment_003380,,FALSE
video_017036,2018-08-14T15:32:49Z,15980,,13,Vespa_velutina,Portugal,Insects,established,peligro,Post-Introduction,Threat,Threat,2011,2011-06-01T12:00:00Z,comment,65,3,comment_011849,,FALSE
video_017036,2018-07-23T12:49:49Z,15980,,13,Vespa_velutina,Portugal,Insects,established,veneno,Post-Introduction,Threat,Threat,2011,2011-06-01T12:00:00Z,comment,65,1,comment_008216,,FALSE
video_017036,2018-07-23T12:49:49Z,15980,,13,Vespa_velutina,Portugal,Insects,established,ataca,Post-Introduction,Threat,Threat,2011,2011-06-01T12:00:00Z,comment,65,1,comment_008216,,FALSE
video_017036,2018-03-20T09:52:10Z,15980,,13,Vespa_velutina,Portugal,Insects,established,ameaza,Post-Introduction,Threat,Threat,2011,2011-06-01T12:00:00Z,comment,65,3,comment_013078,,FALSE
video_017036,2018-01-11T21:40:33Z,15980,,13,Vespa_velutina,Portugal,Insects,established,riesgo,Post-Introduction,Threat,Threat,2011,2011-06-01T12:00:00Z,comment,65,9,comment_014273,,FALSE
video_005024,2021-01-19T18:54:58Z,6554,,57,Vespa_velutina,Portugal,Insects,established,proliferacion,Post-Introduction,Invasion,Invasion,2011,2011-06-01T12:00:00Z,comment,105,3,comment_011478,,FALSE
video_016340,2021-11-02T22:28:45Z,450,,3,Vespa_velutina,Portugal,Insects,established,invadir,Post-Introduction,Invasion,Invasion,2011,2011-06-01T12:00:00Z,comment,17,0,comment_013695,,FALSE
video_016340,2021-11-02T17:28:52Z,450,,3,Vespa_velutina,Portugal,Insects,established,invasion,Post-Introduction,Invasion,Invasion,2011,2011-06-01T12:00:00Z,comment,17,1,comment_004678,,FALSE
video_014700,2024-11-20T11:56:38Z,138746,,146,Vespa_velutina,Portugal,Insects,established,propagando,Post-Introduction,Invasion,Invasion,2011,2011-06-01T12:00:00Z,comment,1615,0,comment_002543,,FALSE
video_014700,2024-06-16T22:48:09Z,138746,,146,Vespa_velutina,Portugal,Insects,established,controlar,Post-Introduction,Detection,Detection,2011,2011-06-01T12:00:00Z,comment,1615,1,comment_002961,,FALSE
video_014700,2024-06-16T22:48:09Z,138746,,146,Vespa_velutina,Portugal,Insects,established,plaga,Post-Introduction,Invasion,Invasion,2011,2011-06-01T12:00:00Z,comment,1615,1,comment_002961,,FALSE
video_014700,2024-06-16T22:48:09Z,138746,,146,Vespa_velutina,Portugal,Insects,established,invasora,Post-Introduction,Invasion,Invasion,2011,2011-06-01T12:00:00Z,comment,1615,1,comment_002961,,FALSE
video_014700,2024-06-16T22:48:09Z,138746,,146,Vespa_velutina,Portugal,Insects,established,invasora,Post-Introduction,Invasion,Invasion,2011,2011-06-01T12:00:00Z,comment,1615,1,comment_002961,,FALSE
video_014700,2024-05-25T18:18:04Z,138746,,146,Vespa_velutina,Portugal,Insects,established,extincion,Post-Introduction,Threat,Threat,2011,2011-06-01T12:00:00Z,comment,1615,15,comment_012359,,FALSE
video_014700,2024-02-05T22:18:25Z,138746,,146,Vespa_velutina,Portugal,Insects,established,plagas,Post-Introduction,Invasion,Invasion,2011,2011-06-01T12:00:00Z,comment,1615,5,comment_010012,,FALSE
video_014700,2024-01-06T05:39:50Z,138746,,146,Vespa_velutina,Portugal,Insects,established,plaga,Post-Introduction,Invasion,Invasion,2011,2011-06-01T12:00:00Z,comment,1615,1,comment_013771,,FALSE
video_014700,2024-01-06T05:39:50Z,138746,,146,Vespa_velutina,Portugal,Insects,established,control,Post-Introduction,Detection,Detection,2011,2011-06-01T12:00:00Z,comment,1615,1,comment_013771,,FALSE
video_014700,2024-07-03T22:43:14Z,138746,,146,Vespa_velutina,Portugal,Insects,established,invasoras,Post-Introduction,Invasion,Invasion,2011,2011-06-01T12:00:00Z,comment,1615,3,comment_007143,comment_007142,TRUE
video_014700,2024-05-21T14:17:06Z,138746,,146,Vespa_velutina,Portugal,Insects,established,atacando,Post-Introduction,Threat,Threat,2011,2011-06-01T12:00:00Z,comment,1615,0,comment_001672,comment_001669,TRUE
video_014700,2023-05-03T13:13:32Z,138746,,146,Vespa_velutina,Portugal,Insects,established,cara,Post-Introduction,eCommerce,eCommerce,2011,2011-06-01T12:00:00Z,comment,1615,9,comment_008884,comment_008883,TRUE
video_014700,2024-05-21T16:46:04Z,138746,,146,Vespa_velutina,Portugal,Insects,established,vista,Post-Introduction,Detection,Detection,2011,2011-06-01T12:00:00Z,comment,1615,0,comment_008888,comment_008883,TRUE
video_014700,2023-12-23T18:08:36Z,138746,,146,Vespa_velutina,Portugal,Insects,established,barato,Post-Introduction,eCommerce,eCommerce,2011,2011-06-01T12:00:00Z,comment,1615,23,comment_006684,comment_006682,TRUE
video_008569,2022-09-07T08:04:46Z,21849,,7,Vespa_velutina,Portugal,Insects,established,veneno,Post-Introduction,Threat,Threat,2011,2011-06-01T12:00:00Z,comment,159,3,comment_009873,,FALSE
video_008569,2022-04-13T16:50:07Z,21849,,7,Vespa_velutina,Portugal,Insects,established,cara,Post-Introduction,eCommerce,eCommerce,2011,2011-06-01T12:00:00Z,comment,159,5,comment_003730,,FALSE
video_004237,2025-11-17T19:35:23Z,341321,,1270,Vespa_velutina,Portugal,Insects,established,invasion,Post-Introduction,Invasion,Invasion,2011,2011-06-01T12:00:00Z,comment,3482,0,comment_005035,,FALSE
video_004237,2024-05-21T19:23:16Z,341321,,1270,Vespa_velutina,Portugal,Insects,established,plagas,Post-Introduction,Invasion,Invasion,2011,2011-06-01T12:00:00Z,comment,3482,0,comment_007325,,FALSE
video_004237,2023-10-01T22:28:36Z,341321,,1270,Vespa_velutina,Portugal,Insects,established,plaga,Post-Introduction,Invasion,Invasion,2011,2011-06-01T12:00:00Z,comment,3482,1,comment_008334,,FALSE
video_004237,2022-09-11T22:49:28Z,341321,,1270,Vespa_velutina,Portugal,Insects,established,ataca,Post-Introduction,Threat,Threat,2011,2011-06-01T12:00:00Z,comment,3482,0,comment_010296,,FALSE
video_004237,2022-09-11T22:49:28Z,341321,,1270,Vespa_velutina,Portugal,Insects,established,danina,Post-Introduction,Threat,Threat,2011,2011-06-01T12:00:00Z,comment,3482,0,comment_010296,,FALSE
video_004237,2022-09-11T22:49:28Z,341321,,1270,Vespa_velutina,Portugal,Insects,established,plaga,Post-Introduction,Invasion,Invasion,2011,2011-06-01T12:00:00Z,comment,3482,0,comment_010296,,FALSE
video_004237,2021-10-23T23:20:28Z,341321,,1270,Vespa_velutina,Portugal,Insects,established,plaga,Post-Introduction,Invasion,Invasion,2011,2011-06-01T12:00:00Z,comment,3482,0,comment_003118,,FALSE
video_004237,2020-05-14T09:54:11Z,341321,,1270,Vespa_velutina,Portugal,Insects,established,visto,Post-Introduction,Detection,Detection,2011,2011-06-01T12:00:00Z,comment,3482,0,comment_011957,,FALSE
video_004237,2020-05-09T02:21:03Z,341321,,1270,Vespa_velutina,Portugal,Insects,established,plagas,Post-Introduction,Invasion,Invasion,2011,2011-06-01T12:00:00Z,comment,3482,2,comment_003775,,FALSE
video_004237,2020-05-09T02:21:03Z,341321,,1270,Vespa_velutina,Portugal,Insects,established,aparicion,Post-Introduction,Detection,Detection,2011,2011-06-01T12:00:00Z,comment,3482,2,comment_003775,,FALSE
video_004237,2019-09-16T16:32:19Z,341321,,1270,Vespa_velutina,Portugal,Insects,established,visto,Post-Introduction,Detection,Detection,2011,2011-06-01T12:00:00Z,comment,3482,1,comment_011439,,FALSE
video_004237,2019-08-07T08:17:16Z,341321,,1270,Vespa_velutina,Portugal,Insects,established,visto,Post-Introduction,Detection,Detection,2011,2011-06-01T12:00:00Z,comment,3482,1,comment_006886,,FALSE
video_004237,2019-07-03T01:44:12Z,341321,,1270,Vespa_velutina,Portugal,Insects,established,invasoras,Post-Introduction,Invasion,Invasion,2011,2011-06-01T12:00:00Z,comment,3482,0,comment_010051,,FALSE
video_004237,2019-06-30T11:09:07Z,341321,,1270,Vespa_velutina,Portugal,Insects,established,invadir,Post-Introduction,Invasion,Invasion,2011,2011-06-01T12:00:00Z,comment,3482,0,comment_014311,,FALSE
video_004237,2019-06-30T08:02:27Z,341321,,1270,Vespa_velutina,Portugal,Insects,established,controlar,Post-Introduction,Detection,Detection,2011,2011-06-01T12:00:00Z,comment,3482,1,comment_006924,,FALSE
video_004237,2019-06-29T21:22:24Z,341321,,1270,Vespa_velutina,Portugal,Insects,established,cara,Post-Introduction,eCommerce,eCommerce,2011,2011-06-01T12:00:00Z,comment,3482,1,comment_005425,,FALSE
video_004237,2019-06-29T21:22:24Z,341321,,1270,Vespa_velutina,Portugal,Insects,established,comprado,Post-Introduction,eCommerce,eCommerce,2011,2011-06-01T12:00:00Z,comment,3482,1,comment_005425,,FALSE
video_004237,2019-06-29T10:35:38Z,341321,,1270,Vespa_velutina,Portugal,Insects,established,comprar,Post-Introduction,eCommerce,eCommerce,2011,2011-06-01T12:00:00Z,comment,3482,3,comment_005608,,FALSE
video_004237,2019-06-29T09:51:16Z,341321,,1270,Vespa_velutina,Portugal,Insects,established,cara,Post-Introduction,eCommerce,eCommerce,2011,2011-06-01T12:00:00Z,comment,3482,0,comment_013961,,FALSE
video_004237,2019-06-29T09:51:16Z,341321,,1270,Vespa_velutina,Portugal,Insects,established,descubierta,Post-Introduction,Detection,Detection,2011,2011-06-01T12:00:00Z,comment,3482,0,comment_013961,,FALSE
video_004237,2019-06-29T08:57:18Z,341321,,1270,Vespa_velutina,Portugal,Insects,established,plagas,Post-Introduction,Invasion,Invasion,2011,2011-06-01T12:00:00Z,comment,3482,1,comment_006411,,FALSE
video_004237,2019-06-29T08:00:39Z,341321,,1270,Vespa_velutina,Portugal,Insects,established,visto,Post-Introduction,Detection,Detection,2011,2011-06-01T12:00:00Z,comment,3482,0,comment_010275,,FALSE
video_004237,2019-06-29T05:22:42Z,341321,,1270,Vespa_velutina,Portugal,Insects,established,invade,Post-Introduction,Invasion,Invasion,2011,2011-06-01T12:00:00Z,comment,3482,1,comment_013171,,FALSE
video_004237,2019-06-28T21:36:24Z,341321,,1270,Vespa_velutina,Portugal,Insects,established,controlado,Post-Introduction,Detection,Detection,2011,2011-06-01T12:00:00Z,comment,3482,0,comment_002823,,FALSE
video_004237,2019-06-28T15:56:33Z,341321,,1270,Vespa_velutina,Portugal,Insects,established,invadir,Post-Introduction,Invasion,Invasion,2011,2011-06-01T12:00:00Z,comment,3482,0,comment_002637,,FALSE
video_004686,2025-11-08T01:09:03Z,48077,,117,Vespa_velutina,Portugal,Insects,established,veneno,Post-Introduction,Threat,Threat,2011,2011-06-01T12:00:00Z,comment,932,0,comment_012366,,FALSE
video_004686,2025-11-08T01:09:03Z,48077,,117,Vespa_velutina,Portugal,Insects,established,trampa,Post-Introduction,Detection,Detection,2011,2011-06-01T12:00:00Z,comment,932,0,comment_012366,,FALSE
video_004686,2025-10-19T10:55:25Z,48077,,117,Vespa_velutina,Portugal,Insects,established,veneno,Post-Introduction,Threat,Threat,2011,2011-06-01T12:00:00Z,comment,932,2,comment_006981,,FALSE
video_004686,2025-10-15T14:06:43Z,48077,,117,Vespa_velutina,Portugal,Insects,established,comprar,Post-Introduction,eCommerce,eCommerce,2011,2011-06-01T12:00:00Z,comment,932,0,comment_009434,,FALSE
video_004686,2025-05-16T08:05:54Z,48077,,117,Vespa_velutina,Portugal,Insects,established,veneno,Post-Introduction,Threat,Threat,2011,2011-06-01T12:00:00Z,comment,932,2,comment_002525,,FALSE
video_004686,2025-01-30T22:13:45Z,48077,,117,Vespa_velutina,Portugal,Insects,established,trampas,Post-Introduction,Detection,Detection,2011,2011-06-01T12:00:00Z,comment,932,0,comment_003299,,FALSE
video_004686,2025-01-30T22:13:45Z,48077,,117,Vespa_velutina,Portugal,Insects,established,trampa,Post-Introduction,Detection,Detection,2011,2011-06-01T12:00:00Z,comment,932,0,comment_003299,,FALSE
video_004686,2024-09-19T13:36:42Z,48077,,117,Vespa_velutina,Portugal,Insects,established,veneno,Post-Introduction,Threat,Threat,2011,2011-06-01T12:00:00Z,comment,932,0,comment_011120,,FALSE
video_004686,2024-08-26T17:23:45Z,48077,,117,Vespa_velutina,Portugal,Insects,established,veneno,Post-Introduction,Threat,Threat,2011,2011-06-01T12:00:00Z,comment,932,0,comment_002535,,FALSE
video_004686,2024-08-26T04:41:34Z,48077,,117,Vespa_velutina,Portugal,Insects,established,plagas,Post-Introduction,Invasion,Invasion,2011,2011-06-01T12:00:00Z,comment,932,0,comment_010004,,FALSE
video_004686,2024-08-08T09:38:07Z,48077,,117,Vespa_velutina,Portugal,Insects,established,veneno,Post-Introduction,Threat,Threat,2011,2011-06-01T12:00:00Z,comment,932,0,comment_005877,,FALSE
video_004686,2024-07-29T18:45:47Z,48077,,117,Vespa_velutina,Portugal,Insects,established,visto,Post-Introduction,Detection,Detection,2011,2011-06-01T12:00:00Z,comment,932,1,comment_004030,,FALSE
video_004686,2024-07-29T18:45:47Z,48077,,117,Vespa_velutina,Portugal,Insects,established,visto,Post-Introduction,Detection,Detection,2011,2011-06-01T12:00:00Z,comment,932,1,comment_004030,,FALSE
video_004686,2024-07-29T18:45:47Z,48077,,117,Vespa_velutina,Portugal,Insects,established,visto,Post-Introduction,Detection,Detection,2011,2011-06-01T12:00:00Z,comment,932,1,comment_004030,,FALSE
video_004686,2024-07-21T19:44:25Z,48077,,117,Vespa_velutina,Portugal,Insects,established,controlar,Post-Introduction,Detection,Detection,2011,2011-06-01T12:00:00Z,comment,932,0,comment_007773,,FALSE
video_004686,2024-07-21T19:44:25Z,48077,,117,Vespa_velutina,Portugal,Insects,established,controlar,Post-Introduction,Detection,Detection,2011,2011-06-01T12:00:00Z,comment,932,0,comment_007773,,FALSE
video_004686,2024-07-17T20:13:07Z,48077,,117,Vespa_velutina,Portugal,Insects,established,trampa,Post-Introduction,Detection,Detection,2011,2011-06-01T12:00:00Z,comment,932,0,comment_014205,,FALSE
video_004686,2024-07-13T19:21:57Z,48077,,117,Vespa_velutina,Portugal,Insects,established,visto,Post-Introduction,Detection,Detection,2011,2011-06-01T12:00:00Z,comment,932,6,comment_009857,,FALSE
video_004686,2024-07-13T19:21:57Z,48077,,117,Vespa_velutina,Portugal,Insects,established,veneno,Post-Introduction,Threat,Threat,2011,2011-06-01T12:00:00Z,comment,932,6,comment_009857,,FALSE
video_004686,2024-07-13T19:21:57Z,48077,,117,Vespa_velutina,Portugal,Insects,established,veneno,Post-Introduction,Threat,Threat,2011,2011-06-01T12:00:00Z,comment,932,6,comment_009857,,FALSE
video_004686,2024-07-13T19:21:57Z,48077,,117,Vespa_velutina,Portugal,Insects,established,veneno,Post-Introduction,Threat,Threat,2011,2011-06-01T12:00:00Z,comment,932,6,comment_009857,,FALSE
video_004686,2024-07-11T07:22:34Z,48077,,117,Vespa_velutina,Portugal,Insects,established,extincion,Post-Introduction,Threat,Threat,2011,2011-06-01T12:00:00Z,comment,932,0,comment_002436,,FALSE
video_004686,2024-07-06T13:17:31Z,48077,,117,Vespa_velutina,Portugal,Insects,established,veneno,Post-Introduction,Threat,Threat,2011,2011-06-01T12:00:00Z,comment,932,1,comment_014408,,FALSE
video_004686,2024-06-30T20:57:29Z,48077,,117,Vespa_velutina,Portugal,Insects,established,peligroso,Post-Introduction,Threat,Threat,2011,2011-06-01T12:00:00Z,comment,932,0,comment_002671,,FALSE
video_004686,2024-06-30T20:57:29Z,48077,,117,Vespa_velutina,Portugal,Insects,established,control,Post-Introduction,Detection,Detection,2011,2011-06-01T12:00:00Z,comment,932,0,comment_002671,,FALSE
video_004686,2024-03-31T00:35:23Z,48077,,117,Vespa_velutina,Portugal,Insects,established,veneno,Post-Introduction,Threat,Threat,2011,2011-06-01T12:00:00Z,comment,932,0,comment_012269,,FALSE
video_004686,2024-02-18T11:12:53Z,48077,,117,Vespa_velutina,Portugal,Insects,established,perjudicial,Post-Introduction,Threat,Threat,2011,2011-06-01T12:00:00Z,comment,932,1,comment_009840,,FALSE
video_004686,2024-02-15T10:59:25Z,48077,,117,Vespa_velutina,Portugal,Insects,established,veneno,Post-Introduction,Threat,Threat,2011,2011-06-01T12:00:00Z,comment,932,7,comment_002632,,FALSE
video_004686,2024-01-03T20:20:05Z,48077,,117,Vespa_velutina,Portugal,Insects,established,veneno,Post-Introduction,Threat,Threat,2011,2011-06-01T12:00:00Z,comment,932,0,comment_011950,,FALSE
video_004686,2023-12-07T20:30:25Z,48077,,117,Vespa_velutina,Portugal,Insects,established,comprar,Post-Introduction,eCommerce,eCommerce,2011,2011-06-01T12:00:00Z,comment,932,0,comment_003044,,FALSE
video_004686,2023-11-24T18:48:49Z,48077,,117,Vespa_velutina,Portugal,Insects,established,trampa,Post-Introduction,Detection,Detection,2011,2011-06-01T12:00:00Z,comment,932,0,comment_012123,,FALSE
video_004686,2023-11-24T18:28:20Z,48077,,117,Vespa_velutina,Portugal,Insects,established,veneno,Post-Introduction,Threat,Threat,2011,2011-06-01T12:00:00Z,comment,932,0,comment_008579,,FALSE
video_004686,2023-11-24T12:29:07Z,48077,,117,Vespa_velutina,Portugal,Insects,established,comprar,Post-Introduction,eCommerce,eCommerce,2011,2011-06-01T12:00:00Z,comment,932,0,comment_007314,,FALSE
video_004686,2023-11-23T19:10:51Z,48077,,117,Vespa_velutina,Portugal,Insects,established,veneno,Post-Introduction,Threat,Threat,2011,2011-06-01T12:00:00Z,comment,932,0,comment_014916,,FALSE
video_004686,2023-11-23T17:51:26Z,48077,,117,Vespa_velutina,Portugal,Insects,established,veneno,Post-Introduction,Threat,Threat,2011,2011-06-01T12:00:00Z,comment,932,0,comment_002786,,FALSE
video_004686,2023-11-23T17:51:26Z,48077,,117,Vespa_velutina,Portugal,Insects,established,jaula,Post-Introduction,eCommerce,eCommerce,2011,2011-06-01T12:00:00Z,comment,932,0,comment_002786,,FALSE
video_004686,2023-11-22T21:54:23Z,48077,,117,Vespa_velutina,Portugal,Insects,established,caro,Post-Introduction,eCommerce,eCommerce,2011,2011-06-01T12:00:00Z,comment,932,0,comment_008459,,FALSE
video_004686,2023-11-22T18:13:43Z,48077,,117,Vespa_velutina,Portugal,Insects,established,trampa,Post-Introduction,Detection,Detection,2011,2011-06-01T12:00:00Z,comment,932,2,comment_001885,,FALSE
video_004686,2023-11-22T17:29:06Z,48077,,117,Vespa_velutina,Portugal,Insects,established,peligro,Post-Introduction,Threat,Threat,2011,2011-06-01T12:00:00Z,comment,932,0,comment_003488,,FALSE
video_004686,2023-11-22T17:29:06Z,48077,,117,Vespa_velutina,Portugal,Insects,established,veneno,Post-Introduction,Threat,Threat,2011,2011-06-01T12:00:00Z,comment,932,0,comment_003488,,FALSE
video_004686,2023-11-22T16:58:54Z,48077,,117,Vespa_velutina,Portugal,Insects,established,veneno,Post-Introduction,Threat,Threat,2011,2011-06-01T12:00:00Z,comment,932,0,comment_014547,,FALSE
video_004686,2023-11-22T16:58:54Z,48077,,117,Vespa_velutina,Portugal,Insects,established,veneno,Post-Introduction,Threat,Threat,2011,2011-06-01T12:00:00Z,comment,932,0,comment_014547,,FALSE
video_004686,2023-11-22T11:50:19Z,48077,,117,Vespa_velutina,Portugal,Insects,established,veneno,Post-Introduction,Threat,Threat,2011,2011-06-01T12:00:00Z,comment,932,0,comment_006800,,FALSE
video_004686,2023-11-22T09:50:33Z,48077,,117,Vespa_velutina,Portugal,Insects,established,controlar,Post-Introduction,Detection,Detection,2011,2011-06-01T12:00:00Z,comment,932,1,comment_009945,,FALSE
video_004686,2023-11-22T09:50:33Z,48077,,117,Vespa_velutina,Portugal,Insects,established,riesgo,Post-Introduction,Threat,Threat,2011,2011-06-01T12:00:00Z,comment,932,1,comment_009945,,FALSE
video_004686,2023-11-22T09:50:33Z,48077,,117,Vespa_velutina,Portugal,Insects,established,letal,Post-Introduction,Threat,Threat,2011,2011-06-01T12:00:00Z,comment,932,1,comment_009945,,FALSE
video_004686,2023-11-21T22:45:14Z,48077,,117,Vespa_velutina,Portugal,Insects,established,euros,Post-Introduction,eCommerce,eCommerce,2011,2011-06-01T12:00:00Z,comment,932,3,comment_011506,,FALSE
video_004686,2023-11-21T21:36:40Z,48077,,117,Vespa_velutina,Portugal,Insects,established,veneno,Post-Introduction,Threat,Threat,2011,2011-06-01T12:00:00Z,comment,932,0,comment_002311,,FALSE
video_004686,2023-11-21T21:29:20Z,48077,,117,Vespa_velutina,Portugal,Insects,established,veneno,Post-Introduction,Threat,Threat,2011,2011-06-01T12:00:00Z,comment,932,0,comment_009552,,FALSE
video_004686,2023-11-21T20:27:29Z,48077,,117,Vespa_velutina,Portugal,Insects,established,veneno,Post-Introduction,Threat,Threat,2011,2011-06-01T12:00:00Z,comment,932,0,comment_011893,,FALSE
video_004686,2023-11-21T20:10:24Z,48077,,117,Vespa_velutina,Portugal,Insects,established,veneno,Post-Introduction,Threat,Threat,2011,2011-06-01T12:00:00Z,comment,932,0,comment_011559,,FALSE
video_004686,2024-09-22T14:07:18Z,48077,,117,Vespa_velutina,Portugal,Insects,established,peligroso,Post-Introduction,Threat,Threat,2011,2011-06-01T12:00:00Z,comment,932,0,comment_011121,comment_011120,TRUE
video_004686,2024-03-07T15:19:02Z,48077,,117,Vespa_velutina,Portugal,Insects,established,trampas,Post-Introduction,Detection,Detection,2011,2011-06-01T12:00:00Z,comment,932,0,comment_007691,comment_007690,TRUE
video_004686,2024-02-19T12:49:22Z,48077,,117,Vespa_velutina,Portugal,Insects,established,peligroso,Post-Introduction,Threat,Threat,2011,2011-06-01T12:00:00Z,comment,932,0,comment_009841,comment_009840,TRUE
video_004686,2024-02-19T12:49:22Z,48077,,117,Vespa_velutina,Portugal,Insects,established,veneno,Post-Introduction,Threat,Threat,2011,2011-06-01T12:00:00Z,comment,932,0,comment_009841,comment_009840,TRUE
video_004686,2024-01-03T20:48:37Z,48077,,117,Vespa_velutina,Portugal,Insects,established,veneno,Post-Introduction,Threat,Threat,2011,2011-06-01T12:00:00Z,comment,932,0,comment_011951,comment_011950,TRUE
video_004686,2023-11-22T12:38:30Z,48077,,117,Vespa_velutina,Portugal,Insects,established,visto,Post-Introduction,Detection,Detection,2011,2011-06-01T12:00:00Z,comment,932,0,comment_006801,comment_006800,TRUE
video_004686,2023-11-22T14:49:14Z,48077,,117,Vespa_velutina,Portugal,Insects,established,precio,Post-Introduction,eCommerce,eCommerce,2011,2011-06-01T12:00:00Z,comment,932,0,comment_011508,comment_011506,TRUE
video_004686,2023-11-22T14:49:14Z,48077,,117,Vespa_velutina,Portugal,Insects,established,dinero,Post-Introduction,eCommerce,eCommerce,2011,2011-06-01T12:00:00Z,comment,932,0,comment_011508,comment_011506,TRUE
video_004686,2023-11-21T22:00:26Z,48077,,117,Vespa_velutina,Portugal,Insects,established,trampa,Post-Introduction,Detection,Detection,2011,2011-06-01T12:00:00Z,comment,932,0,comment_004170,comment_004167,TRUE
video_014690,2025-11-11T12:51:37Z,49197,,250,Vespa_velutina,Portugal,Insects,established,trampas,Post-Introduction,Detection,Detection,2011,2011-06-01T12:00:00Z,comment,2484,1,comment_002083,,FALSE
video_014690,2025-11-11T12:51:37Z,49197,,250,Vespa_velutina,Portugal,Insects,established,captura,Post-Introduction,Detection,Detection,2011,2011-06-01T12:00:00Z,comment,2484,1,comment_002083,,FALSE
video_014690,2025-07-13T14:46:45Z,49197,,250,Vespa_velutina,Portugal,Insects,established,trampas,Post-Introduction,Detection,Detection,2011,2011-06-01T12:00:00Z,comment,2484,0,comment_012796,,FALSE
video_014690,2025-07-13T14:46:45Z,49197,,250,Vespa_velutina,Portugal,Insects,established,trampa,Post-Introduction,Detection,Detection,2011,2011-06-01T12:00:00Z,comment,2484,0,comment_012796,,FALSE
video_014690,2025-06-06T18:03:36Z,49197,,250,Vespa_velutina,Portugal,Insects,established,trampa,Post-Introduction,Detection,Detection,2011,2011-06-01T12:00:00Z,comment,2484,0,comment_012215,,FALSE
video_014690,2025-06-06T18:03:36Z,49197,,250,Vespa_velutina,Portugal,Insects,established,plagas,Post-Introduction,Invasion,Invasion,2011,2011-06-01T12:00:00Z,comment,2484,0,comment_012215,,FALSE
video_014690,2025-06-03T05:47:30Z,49197,,250,Vespa_velutina,Portugal,Insects,established,control,Post-Introduction,Detection,Detection,2011,2011-06-01T12:00:00Z,comment,2484,0,comment_004076,,FALSE
video_014690,2025-06-03T05:47:30Z,49197,,250,Vespa_velutina,Portugal,Insects,established,invasoras,Post-Introduction,Invasion,Invasion,2011,2011-06-01T12:00:00Z,comment,2484,0,comment_004076,,FALSE
video_014690,2025-06-01T18:25:50Z,49197,,250,Vespa_velutina,Portugal,Insects,established,invasoras,Post-Introduction,Invasion,Invasion,2011,2011-06-01T12:00:00Z,comment,2484,0,comment_010277,,FALSE
video_014690,2025-06-01T16:46:19Z,49197,,250,Vespa_velutina,Portugal,Insects,established,amenaza,Post-Introduction,Threat,Threat,2011,2011-06-01T12:00:00Z,comment,2484,0,comment_014383,,FALSE
video_014690,2025-06-01T16:46:19Z,49197,,250,Vespa_velutina,Portugal,Insects,established,plaga,Post-Introduction,Invasion,Invasion,2011,2011-06-01T12:00:00Z,comment,2484,0,comment_014383,,FALSE
video_014690,2025-06-01T13:02:15Z,49197,,250,Vespa_velutina,Portugal,Insects,established,visto,Post-Introduction,Detection,Detection,2011,2011-06-01T12:00:00Z,comment,2484,0,comment_007025,,FALSE
video_014690,2025-06-01T13:02:15Z,49197,,250,Vespa_velutina,Portugal,Insects,established,invasora,Post-Introduction,Invasion,Invasion,2011,2011-06-01T12:00:00Z,comment,2484,0,comment_007025,,FALSE
video_014690,2025-05-31T19:26:33Z,49197,,250,Vespa_velutina,Portugal,Insects,established,trampa,Post-Introduction,Detection,Detection,2011,2011-06-01T12:00:00Z,comment,2484,0,comment_007579,,FALSE
video_014690,2025-05-31T19:26:33Z,49197,,250,Vespa_velutina,Portugal,Insects,established,trampa,Post-Introduction,Detection,Detection,2011,2011-06-01T12:00:00Z,comment,2484,0,comment_007579,,FALSE
video_014690,2025-05-31T19:26:33Z,49197,,250,Vespa_velutina,Portugal,Insects,established,trampa,Post-Introduction,Detection,Detection,2011,2011-06-01T12:00:00Z,comment,2484,0,comment_007579,,FALSE
video_014690,2025-05-30T15:01:38Z,49197,,250,Vespa_velutina,Portugal,Insects,established,trampa,Post-Introduction,Detection,Detection,2011,2011-06-01T12:00:00Z,comment,2484,0,comment_005933,,FALSE
video_014690,2025-05-30T12:11:33Z,49197,,250,Vespa_velutina,Portugal,Insects,established,trampas,Post-Introduction,Detection,Detection,2011,2011-06-01T12:00:00Z,comment,2484,0,comment_005505,,FALSE
video_014690,2025-05-30T08:34:45Z,49197,,250,Vespa_velutina,Portugal,Insects,established,visto,Post-Introduction,Detection,Detection,2011,2011-06-01T12:00:00Z,comment,2484,0,comment_014260,,FALSE
video_014690,2025-05-30T07:04:00Z,49197,,250,Vespa_velutina,Portugal,Insects,established,trampa,Post-Introduction,Detection,Detection,2011,2011-06-01T12:00:00Z,comment,2484,0,comment_014532,,FALSE
video_014690,2025-05-30T05:20:52Z,49197,,250,Vespa_velutina,Portugal,Insects,established,trampas,Post-Introduction,Detection,Detection,2011,2011-06-01T12:00:00Z,comment,2484,0,comment_002690,,FALSE
video_014690,2025-05-30T05:20:52Z,49197,,250,Vespa_velutina,Portugal,Insects,established,visto,Post-Introduction,Detection,Detection,2011,2011-06-01T12:00:00Z,comment,2484,0,comment_002690,,FALSE
video_014690,2025-05-30T05:20:52Z,49197,,250,Vespa_velutina,Portugal,Insects,established,trampa,Post-Introduction,Detection,Detection,2011,2011-06-01T12:00:00Z,comment,2484,0,comment_002690,,FALSE
video_014690,2025-05-29T23:02:01Z,49197,,250,Vespa_velutina,Portugal,Insects,established,plagas,Post-Introduction,Invasion,Invasion,2011,2011-06-01T12:00:00Z,comment,2484,0,comment_012182,,FALSE
video_014690,2025-05-29T23:02:01Z,49197,,250,Vespa_velutina,Portugal,Insects,established,trampa,Post-Introduction,Detection,Detection,2011,2011-06-01T12:00:00Z,comment,2484,0,comment_012182,,FALSE
video_014690,2025-05-29T23:02:01Z,49197,,250,Vespa_velutina,Portugal,Insects,established,peligro,Post-Introduction,Threat,Threat,2011,2011-06-01T12:00:00Z,comment,2484,0,comment_012182,,FALSE
video_014690,2025-05-29T21:14:44Z,49197,,250,Vespa_velutina,Portugal,Insects,established,trampa,Post-Introduction,Detection,Detection,2011,2011-06-01T12:00:00Z,comment,2484,0,comment_011946,,FALSE
video_014690,2025-05-29T20:46:53Z,49197,,250,Vespa_velutina,Portugal,Insects,established,trampa,Post-Introduction,Detection,Detection,2011,2011-06-01T12:00:00Z,comment,2484,0,comment_012049,,FALSE
video_014690,2025-05-29T19:28:33Z,49197,,250,Vespa_velutina,Portugal,Insects,established,trampas,Post-Introduction,Detection,Detection,2011,2011-06-01T12:00:00Z,comment,2484,0,comment_005680,,FALSE
video_014690,2025-05-29T19:28:33Z,49197,,250,Vespa_velutina,Portugal,Insects,established,trampa,Post-Introduction,Detection,Detection,2011,2011-06-01T12:00:00Z,comment,2484,0,comment_005680,,FALSE
video_014690,2025-05-29T19:19:23Z,49197,,250,Vespa_velutina,Portugal,Insects,established,riesgo,Post-Introduction,Threat,Threat,2011,2011-06-01T12:00:00Z,comment,2484,2,comment_007642,,FALSE
video_014690,2025-05-29T19:10:16Z,49197,,250,Vespa_velutina,Portugal,Insects,established,control,Post-Introduction,Detection,Detection,2011,2011-06-01T12:00:00Z,comment,2484,0,comment_003826,,FALSE
video_014690,2025-05-29T19:10:16Z,49197,,250,Vespa_velutina,Portugal,Insects,established,plagas,Post-Introduction,Invasion,Invasion,2011,2011-06-01T12:00:00Z,comment,2484,0,comment_003826,,FALSE
video_014690,2025-05-29T19:10:16Z,49197,,250,Vespa_velutina,Portugal,Insects,established,trampas,Post-Introduction,Detection,Detection,2011,2011-06-01T12:00:00Z,comment,2484,0,comment_003826,,FALSE
video_014690,2025-05-29T19:10:16Z,49197,,250,Vespa_velutina,Portugal,Insects,established,control,Post-Introduction,Detection,Detection,2011,2011-06-01T12:00:00Z,comment,2484,0,comment_003826,,FALSE
video_014690,2025-05-29T18:40:05Z,49197,,250,Vespa_velutina,Portugal,Insects,established,peligro,Post-Introduction,Threat,Threat,2011,2011-06-01T12:00:00Z,comment,2484,5,comment_013773,,FALSE
video_014690,2025-05-29T18:40:05Z,49197,,250,Vespa_velutina,Portugal,Insects,established,peligro,Post-Introduction,Threat,Threat,2011,2011-06-01T12:00:00Z,comment,2484,5,comment_013773,,FALSE
video_014690,2025-05-29T16:16:52Z,49197,,250,Vespa_velutina,Portugal,Insects,established,trampa,Post-Introduction,Detection,Detection,2011,2011-06-01T12:00:00Z,comment,2484,0,comment_002250,,FALSE
video_014690,2025-06-07T17:01:25Z,49197,,250,Vespa_velutina,Portugal,Insects,established,trampa,Post-Introduction,Detection,Detection,2011,2011-06-01T12:00:00Z,comment,2484,1,comment_004961,comment_004960,TRUE
video_014690,2025-05-30T03:52:22Z,49197,,250,Vespa_velutina,Portugal,Insects,established,plagas,Post-Introduction,Invasion,Invasion,2011,2011-06-01T12:00:00Z,comment,2484,2,comment_013774,comment_013773,TRUE
video_014690,2025-05-31T13:28:34Z,49197,,250,Vespa_velutina,Portugal,Insects,established,plaga,Post-Introduction,Invasion,Invasion,2011,2011-06-01T12:00:00Z,comment,2484,0,comment_013775,comment_013773,TRUE
video_014690,2025-05-31T13:28:34Z,49197,,250,Vespa_velutina,Portugal,Insects,established,peligrosa,Post-Introduction,Threat,Threat,2011,2011-06-01T12:00:00Z,comment,2484,0,comment_013775,comment_013773,TRUE
video_014690,2025-05-31T13:28:34Z,49197,,250,Vespa_velutina,Portugal,Insects,established,peligro,Post-Introduction,Threat,Threat,2011,2011-06-01T12:00:00Z,comment,2484,0,comment_013775,comment_013773,TRUE
video_014690,2025-05-29T15:08:43Z,49197,,250,Vespa_velutina,Portugal,Insects,established,trampa,Post-Introduction,Detection,Detection,2011,2011-06-01T12:00:00Z,comment,2484,1,comment_003083,,FALSE
video_014690,2025-05-29T15:08:43Z,49197,,250,Vespa_velutina,Portugal,Insects,established,trampas,Post-Introduction,Detection,Detection,2011,2011-06-01T12:00:00Z,comment,2484,1,comment_003083,,FALSE
video_014690,2025-05-29T14:49:21Z,49197,,250,Vespa_velutina,Portugal,Insects,established,peligrosa,Post-Introduction,Threat,Threat,2011,2011-06-01T12:00:00Z,comment,2484,0,comment_007772,,FALSE
video_014690,2025-05-29T13:49:42Z,49197,,250,Vespa_velutina,Portugal,Insects,established,trampas,Post-Introduction,Detection,Detection,2011,2011-06-01T12:00:00Z,comment,2484,0,comment_004388,,FALSE
video_014690,2025-05-29T13:49:31Z,49197,,250,Vespa_velutina,Portugal,Insects,established,visto,Post-Introduction,Detection,Detection,2011,2011-06-01T12:00:00Z,comment,2484,0,comment_012095,,FALSE
video_014690,2025-05-29T13:27:33Z,49197,,250,Vespa_velutina,Portugal,Insects,established,trampas,Post-Introduction,Detection,Detection,2011,2011-06-01T12:00:00Z,comment,2484,0,comment_009386,,FALSE
video_014690,2025-05-29T13:24:07Z,49197,,250,Vespa_velutina,Portugal,Insects,established,trampa,Post-Introduction,Detection,Detection,2011,2011-06-01T12:00:00Z,comment,2484,0,comment_009012,,FALSE
video_014690,2025-05-29T13:09:57Z,49197,,250,Vespa_velutina,Portugal,Insects,established,trampas,Post-Introduction,Detection,Detection,2011,2011-06-01T12:00:00Z,comment,2484,0,comment_013190,,FALSE
video_014690,2025-05-29T12:23:26Z,49197,,250,Vespa_velutina,Portugal,Insects,established,trampa,Post-Introduction,Detection,Detection,2011,2011-06-01T12:00:00Z,comment,2484,0,comment_014215,,FALSE
video_014690,2025-05-29T12:23:26Z,49197,,250,Vespa_velutina,Portugal,Insects,established,vista,Post-Introduction,Detection,Detection,2011,2011-06-01T12:00:00Z,comment,2484,0,comment_014215,,FALSE
video_014690,2025-05-29T12:23:26Z,49197,,250,Vespa_velutina,Portugal,Insects,established,trampas,Post-Introduction,Detection,Detection,2011,2011-06-01T12:00:00Z,comment,2484,0,comment_014215,,FALSE
video_014690,2025-05-29T11:53:59Z,49197,,250,Vespa_velutina,Portugal,Insects,established,trampas,Post-Introduction,Detection,Detection,2011,2011-06-01T12:00:00Z,comment,2484,0,comment_008269,,FALSE
video_014690,2025-05-29T11:46:31Z,49197,,250,Vespa_velutina,Portugal,Insects,established,trampa,Post-Introduction,Detection,Detection,2011,2011-06-01T12:00:00Z,comment,2484,0,comment_004980,,FALSE
video_014690,2025-05-29T11:35:33Z,49197,,250,Vespa_velutina,Portugal,Insects,established,trampas,Post-Introduction,Detection,Detection,2011,2011-06-01T12:00:00Z,comment,2484,0,comment_013504,,FALSE
video_014690,2025-05-29T11:10:17Z,49197,,250,Vespa_velutina,Portugal,Insects,established,trampa,Post-Introduction,Detection,Detection,2011,2011-06-01T12:00:00Z,comment,2484,0,comment_005092,,FALSE
video_014690,2025-05-29T11:10:17Z,49197,,250,Vespa_velutina,Portugal,Insects,established,trampas,Post-Introduction,Detection,Detection,2011,2011-06-01T12:00:00Z,comment,2484,0,comment_005092,,FALSE
video_014690,2025-05-29T11:10:17Z,49197,,250,Vespa_velutina,Portugal,Insects,established,trampa,Post-Introduction,Detection,Detection,2011,2011-06-01T12:00:00Z,comment,2484,0,comment_005092,,FALSE
video_014690,2025-05-29T11:01:28Z,49197,,250,Vespa_velutina,Portugal,Insects,established,trampa,Post-Introduction,Detection,Detection,2011,2011-06-01T12:00:00Z,comment,2484,9,comment_004991,,FALSE
video_014690,2025-05-29T11:01:28Z,49197,,250,Vespa_velutina,Portugal,Insects,established,trampa,Post-Introduction,Detection,Detection,2011,2011-06-01T12:00:00Z,comment,2484,9,comment_004991,,FALSE
video_014690,2025-05-29T10:54:03Z,49197,,250,Vespa_velutina,Portugal,Insects,established,invasoras,Post-Introduction,Invasion,Invasion,2011,2011-06-01T12:00:00Z,comment,2484,0,comment_002300,,FALSE
video_014690,2025-05-29T10:53:17Z,49197,,250,Vespa_velutina,Portugal,Insects,established,trampa,Post-Introduction,Detection,Detection,2011,2011-06-01T12:00:00Z,comment,2484,12,comment_007808,,FALSE
video_014690,2025-05-29T10:44:13Z,49197,,250,Vespa_velutina,Portugal,Insects,established,visto,Post-Introduction,Detection,Detection,2011,2011-06-01T12:00:00Z,comment,2484,0,comment_006272,,FALSE
video_014690,2025-05-29T10:44:13Z,49197,,250,Vespa_velutina,Portugal,Insects,established,trampas,Post-Introduction,Detection,Detection,2011,2011-06-01T12:00:00Z,comment,2484,0,comment_006272,,FALSE
video_014690,2025-05-29T10:41:02Z,49197,,250,Vespa_velutina,Portugal,Insects,established,veneno,Post-Introduction,Threat,Threat,2011,2011-06-01T12:00:00Z,comment,2484,1,comment_008995,,FALSE
video_014690,2025-05-29T09:59:44Z,49197,,250,Vespa_velutina,Portugal,Insects,established,plagas,Post-Introduction,Invasion,Invasion,2011,2011-06-01T12:00:00Z,comment,2484,33,comment_007703,,FALSE
video_014690,2025-05-29T09:50:48Z,49197,,250,Vespa_velutina,Portugal,Insects,established,trampa,Post-Introduction,Detection,Detection,2011,2011-06-01T12:00:00Z,comment,2484,0,comment_007106,,FALSE
video_014690,2025-05-29T09:49:35Z,49197,,250,Vespa_velutina,Portugal,Insects,established,trampa,Post-Introduction,Detection,Detection,2011,2011-06-01T12:00:00Z,comment,2484,0,comment_002256,,FALSE
video_014690,2025-05-29T09:45:06Z,49197,,250,Vespa_velutina,Portugal,Insects,established,trampa,Post-Introduction,Detection,Detection,2011,2011-06-01T12:00:00Z,comment,2484,4,comment_013778,,FALSE
video_014690,2025-05-29T09:45:06Z,49197,,250,Vespa_velutina,Portugal,Insects,established,trampa,Post-Introduction,Detection,Detection,2011,2011-06-01T12:00:00Z,comment,2484,4,comment_013778,,FALSE
video_014690,2025-05-29T09:36:30Z,49197,,250,Vespa_velutina,Portugal,Insects,established,coste,Post-Introduction,eCommerce,eCommerce,2011,2011-06-01T12:00:00Z,comment,2484,0,comment_009835,,FALSE
video_014690,2025-05-29T09:36:30Z,49197,,250,Vespa_velutina,Portugal,Insects,established,plagas,Post-Introduction,Invasion,Invasion,2011,2011-06-01T12:00:00Z,comment,2484,0,comment_009835,,FALSE
video_014690,2025-05-29T09:27:45Z,49197,,250,Vespa_velutina,Portugal,Insects,established,encontrado,Post-Introduction,Detection,Detection,2011,2011-06-01T12:00:00Z,comment,2484,43,comment_003890,,FALSE
video_014690,2025-05-29T09:25:34Z,49197,,250,Vespa_velutina,Portugal,Insects,established,plagas,Post-Introduction,Invasion,Invasion,2011,2011-06-01T12:00:00Z,comment,2484,0,comment_004391,,FALSE
video_014690,2025-05-29T09:20:57Z,49197,,250,Vespa_velutina,Portugal,Insects,established,prohibido,Post-Introduction,eCommerce,eCommerce,2011,2011-06-01T12:00:00Z,comment,2484,2,comment_013651,,FALSE
video_014690,2025-05-30T12:15:33Z,49197,,250,Vespa_velutina,Portugal,Insects,established,ataca,Post-Introduction,Threat,Threat,2011,2011-06-01T12:00:00Z,comment,2484,1,comment_007809,comment_007808,TRUE
video_014690,2025-05-30T13:02:58Z,49197,,250,Vespa_velutina,Portugal,Insects,established,invasora,Post-Introduction,Invasion,Invasion,2011,2011-06-01T12:00:00Z,comment,2484,1,comment_007810,comment_007808,TRUE
video_014690,2025-05-29T13:42:50Z,49197,,250,Vespa_velutina,Portugal,Insects,established,ataca,Post-Introduction,Threat,Threat,2011,2011-06-01T12:00:00Z,comment,2484,9,comment_013454,comment_013452,TRUE
video_014690,2025-05-29T13:42:50Z,49197,,250,Vespa_velutina,Portugal,Insects,established,trampas,Post-Introduction,Detection,Detection,2011,2011-06-01T12:00:00Z,comment,2484,9,comment_013454,comment_013452,TRUE
video_014690,2025-05-30T07:22:29Z,49197,,250,Vespa_velutina,Portugal,Insects,established,riesgo,Post-Introduction,Threat,Threat,2011,2011-06-01T12:00:00Z,comment,2484,2,comment_013456,comment_013452,TRUE
video_014690,2025-05-29T10:52:19Z,49197,,250,Vespa_velutina,Portugal,Insects,established,plagas,Post-Introduction,Invasion,Invasion,2011,2011-06-01T12:00:00Z,comment,2484,0,comment_001683,comment_001680,TRUE
video_014690,2025-05-29T10:52:19Z,49197,,250,Vespa_velutina,Portugal,Insects,established,invasora,Post-Introduction,Invasion,Invasion,2011,2011-06-01T12:00:00Z,comment,2484,0,comment_001683,comment_001680,TRUE
video_014690,2025-05-30T05:42:02Z,49197,,250,Vespa_velutina,Portugal,Insects,established,trampa,Post-Introduction,Detection,Detection,2011,2011-06-01T12:00:00Z,comment,2484,4,comment_003891,comment_003890,TRUE
video_014690,2025-05-30T05:42:02Z,49197,,250,Vespa_velutina,Portugal,Insects,established,visto,Post-Introduction,Detection,Detection,2011,2011-06-01T12:00:00Z,comment,2484,4,comment_003891,comment_003890,TRUE
video_014690,2025-05-29T10:05:33Z,49197,,250,Vespa_velutina,Portugal,Insects,established,trampa,Post-Introduction,Detection,Detection,2011,2011-06-01T12:00:00Z,comment,2484,0,comment_010199,comment_010197,TRUE
video_014690,2025-05-29T10:05:33Z,49197,,250,Vespa_velutina,Portugal,Insects,established,trampa,Post-Introduction,Detection,Detection,2011,2011-06-01T12:00:00Z,comment,2484,0,comment_010199,comment_010197,TRUE
video_014690,2025-05-29T10:05:33Z,49197,,250,Vespa_velutina,Portugal,Insects,established,invasoras,Post-Introduction,Invasion,Invasion,2011,2011-06-01T12:00:00Z,comment,2484,0,comment_010199,comment_010197,TRUE
video_015351,2024-01-20T21:56:17Z,221734,,127,Vespa_velutina,Portugal,Insects,established,euros,Post-Introduction,eCommerce,eCommerce,2011,2011-06-01T12:00:00Z,comment,1168,0,comment_013611,,FALSE
video_015351,2024-01-20T21:56:17Z,221734,,127,Vespa_velutina,Portugal,Insects,established,plaga,Post-Introduction,Invasion,Invasion,2011,2011-06-01T12:00:00Z,comment,1168,0,comment_013611,,FALSE
video_015351,2023-07-17T20:32:20Z,221734,,127,Vespa_velutina,Portugal,Insects,established,cara,Post-Introduction,eCommerce,eCommerce,2011,2011-06-01T12:00:00Z,comment,1168,0,comment_005387,,FALSE
video_015351,2022-09-03T20:23:35Z,221734,,127,Vespa_velutina,Portugal,Insects,established,caro,Post-Introduction,eCommerce,eCommerce,2011,2011-06-01T12:00:00Z,comment,1168,0,comment_003928,,FALSE
video_015351,2021-06-02T22:31:34Z,221734,,127,Vespa_velutina,Portugal,Insects,established,invasora,Post-Introduction,Invasion,Invasion,2011,2011-06-01T12:00:00Z,comment,1168,0,comment_013463,,FALSE
video_015351,2020-06-05T20:20:19Z,221734,,127,Vespa_velutina,Portugal,Insects,established,extendido,Post-Introduction,Invasion,Invasion,2011,2011-06-01T12:00:00Z,comment,1168,0,comment_004041,,FALSE
video_015351,2020-06-05T20:20:19Z,221734,,127,Vespa_velutina,Portugal,Insects,established,plaga,Post-Introduction,Invasion,Invasion,2011,2011-06-01T12:00:00Z,comment,1168,0,comment_004041,,FALSE
video_015351,2020-05-27T18:09:44Z,221734,,127,Vespa_velutina,Portugal,Insects,established,amenaza,Post-Introduction,Threat,Threat,2011,2011-06-01T12:00:00Z,comment,1168,0,comment_011487,,FALSE
video_015351,2020-05-27T18:09:44Z,221734,,127,Vespa_velutina,Portugal,Insects,established,plagas,Post-Introduction,Invasion,Invasion,2011,2011-06-01T12:00:00Z,comment,1168,0,comment_011487,,FALSE
video_015351,2020-05-12T07:59:58Z,221734,,127,Vespa_velutina,Portugal,Insects,established,plagas,Post-Introduction,Invasion,Invasion,2011,2011-06-01T12:00:00Z,comment,1168,0,comment_014248,,FALSE
video_015351,2019-12-15T21:59:32Z,221734,,127,Vespa_velutina,Portugal,Insects,established,visto,Post-Introduction,Detection,Detection,2011,2011-06-01T12:00:00Z,comment,1168,5,comment_007909,,FALSE
video_015351,2018-09-12T06:31:34Z,221734,,127,Vespa_velutina,Portugal,Insects,established,plaga,Post-Introduction,Invasion,Invasion,2011,2011-06-01T12:00:00Z,comment,1168,0,comment_010242,,FALSE
video_015351,2018-09-12T06:31:34Z,221734,,127,Vespa_velutina,Portugal,Insects,established,veneno,Post-Introduction,Threat,Threat,2011,2011-06-01T12:00:00Z,comment,1168,0,comment_010242,,FALSE
video_015351,2018-08-12T13:58:18Z,221734,,127,Vespa_velutina,Portugal,Insects,established,toxico,Post-Introduction,Threat,Threat,2011,2011-06-01T12:00:00Z,comment,1168,0,comment_014442,,FALSE
video_015351,2018-02-14T12:39:07Z,221734,,127,Vespa_velutina,Portugal,Insects,established,expansion,Post-Introduction,Invasion,Invasion,2011,2011-06-01T12:00:00Z,comment,1168,8,comment_010642,,FALSE
video_015351,2024-08-02T00:27:29Z,221734,,127,Vespa_velutina,Portugal,Insects,established,peligro,Post-Introduction,Threat,Threat,2011,2011-06-01T12:00:00Z,comment,1168,0,comment_003929,comment_003928,TRUE
video_015351,2024-04-18T10:56:25Z,221734,,127,Vespa_velutina,Portugal,Insects,established,plaga,Post-Introduction,Invasion,Invasion,2011,2011-06-01T12:00:00Z,comment,1168,0,comment_002721,comment_002720,TRUE
video_015351,2021-05-05T18:06:09Z,221734,,127,Vespa_velutina,Portugal,Insects,established,caro,Post-Introduction,eCommerce,eCommerce,2011,2011-06-01T12:00:00Z,comment,1168,1,comment_006699,comment_006695,TRUE
video_015351,2020-05-09T11:29:54Z,221734,,127,Vespa_velutina,Portugal,Insects,established,plaga,Post-Introduction,Invasion,Invasion,2011,2011-06-01T12:00:00Z,comment,1168,0,comment_004850,comment_004849,TRUE
video_015351,2020-05-11T06:50:41Z,221734,,127,Vespa_velutina,Portugal,Insects,established,amenaza,Post-Introduction,Threat,Threat,2011,2011-06-01T12:00:00Z,comment,1168,0,comment_004851,comment_004849,TRUE
video_015351,2018-09-22T14:04:00Z,221734,,127,Vespa_velutina,Portugal,Insects,established,barato,Post-Introduction,eCommerce,eCommerce,2011,2011-06-01T12:00:00Z,comment,1168,0,comment_010243,comment_010242,TRUE
video_015351,2020-06-06T22:02:12Z,221734,,127,Vespa_velutina,Portugal,Insects,established,observado,Post-Introduction,Detection,Detection,2011,2011-06-01T12:00:00Z,comment,1168,1,comment_010728,comment_010724,TRUE
video_015233,2025-01-16T07:48:10Z,136217,,178,Vespa_velutina,Portugal,Insects,established,visto,Post-Introduction,Detection,Detection,2011,2011-06-01T12:00:00Z,comment,1884,2,comment_011337,,FALSE
video_015233,2024-10-27T15:55:52Z,136217,,178,Vespa_velutina,Portugal,Insects,established,compra,Post-Introduction,eCommerce,eCommerce,2011,2011-06-01T12:00:00Z,comment,1884,0,comment_010379,,FALSE
video_015233,2023-11-07T22:05:40Z,136217,,178,Vespa_velutina,Portugal,Insects,established,visto,Post-Introduction,Detection,Detection,2011,2011-06-01T12:00:00Z,comment,1884,0,comment_002037,,FALSE
video_015233,2023-11-07T22:05:40Z,136217,,178,Vespa_velutina,Portugal,Insects,established,veneno,Post-Introduction,Threat,Threat,2011,2011-06-01T12:00:00Z,comment,1884,0,comment_002037,,FALSE
video_015233,2023-08-30T11:31:35Z,136217,,178,Vespa_velutina,Portugal,Insects,established,veneno,Post-Introduction,Threat,Threat,2011,2011-06-01T12:00:00Z,comment,1884,0,comment_006496,,FALSE
video_015233,2023-08-30T11:31:35Z,136217,,178,Vespa_velutina,Portugal,Insects,established,toxico,Post-Introduction,Threat,Threat,2011,2011-06-01T12:00:00Z,comment,1884,0,comment_006496,,FALSE
video_015233,2023-08-30T11:31:35Z,136217,,178,Vespa_velutina,Portugal,Insects,established,veneno,Post-Introduction,Threat,Threat,2011,2011-06-01T12:00:00Z,comment,1884,0,comment_006496,,FALSE
video_015233,2023-08-30T11:31:35Z,136217,,178,Vespa_velutina,Portugal,Insects,established,caro,Post-Introduction,eCommerce,eCommerce,2011,2011-06-01T12:00:00Z,comment,1884,0,comment_006496,,FALSE
video_015233,2023-05-27T11:39:37Z,136217,,178,Vespa_velutina,Portugal,Insects,established,visto,Post-Introduction,Detection,Detection,2011,2011-06-01T12:00:00Z,comment,1884,1,comment_002649,,FALSE
video_015233,2023-05-27T11:39:37Z,136217,,178,Vespa_velutina,Portugal,Insects,established,peligro,Post-Introduction,Threat,Threat,2011,2011-06-01T12:00:00Z,comment,1884,1,comment_002649,,FALSE
video_015233,2022-09-15T21:08:51Z,136217,,178,Vespa_velutina,Portugal,Insects,established,veneno,Post-Introduction,Threat,Threat,2011,2011-06-01T12:00:00Z,comment,1884,1,comment_006630,,FALSE
video_015233,2022-08-31T15:01:51Z,136217,,178,Vespa_velutina,Portugal,Insects,established,invasoras,Post-Introduction,Invasion,Invasion,2011,2011-06-01T12:00:00Z,comment,1884,2,comment_012298,,FALSE
video_015233,2022-08-25T08:08:45Z,136217,,178,Vespa_velutina,Portugal,Insects,established,veneno,Post-Introduction,Threat,Threat,2011,2011-06-01T12:00:00Z,comment,1884,0,comment_006489,,FALSE
video_015233,2022-08-24T03:26:46Z,136217,,178,Vespa_velutina,Portugal,Insects,established,veneno,Post-Introduction,Threat,Threat,2011,2011-06-01T12:00:00Z,comment,1884,3,comment_006551,,FALSE
video_015233,2022-08-23T22:15:23Z,136217,,178,Vespa_velutina,Portugal,Insects,established,barato,Post-Introduction,eCommerce,eCommerce,2011,2011-06-01T12:00:00Z,comment,1884,7,comment_002808,,FALSE
video_015233,2022-08-23T22:15:23Z,136217,,178,Vespa_velutina,Portugal,Insects,established,precio,Post-Introduction,eCommerce,eCommerce,2011,2011-06-01T12:00:00Z,comment,1884,7,comment_002808,,FALSE
video_015233,2022-08-23T07:02:08Z,136217,,178,Vespa_velutina,Portugal,Insects,established,veneno,Post-Introduction,Threat,Threat,2011,2011-06-01T12:00:00Z,comment,1884,0,comment_006375,,FALSE
video_015233,2022-08-21T15:06:47Z,136217,,178,Vespa_velutina,Portugal,Insects,established,trampas,Post-Introduction,Detection,Detection,2011,2011-06-01T12:00:00Z,comment,1884,0,comment_004597,,FALSE
video_015233,2022-08-15T12:34:44Z,136217,,178,Vespa_velutina,Portugal,Insects,established,competencia,Post-Introduction,Threat,Threat,2011,2011-06-01T12:00:00Z,comment,1884,14,comment_009209,,FALSE
video_015233,2022-08-15T12:34:44Z,136217,,178,Vespa_velutina,Portugal,Insects,established,control,Post-Introduction,Detection,Detection,2011,2011-06-01T12:00:00Z,comment,1884,14,comment_009209,,FALSE
video_015233,2022-08-15T12:34:44Z,136217,,178,Vespa_velutina,Portugal,Insects,established,nocivo,Post-Introduction,Threat,Threat,2011,2011-06-01T12:00:00Z,comment,1884,14,comment_009209,,FALSE
video_015233,2022-08-15T12:34:44Z,136217,,178,Vespa_velutina,Portugal,Insects,established,control,Post-Introduction,Detection,Detection,2011,2011-06-01T12:00:00Z,comment,1884,14,comment_009209,,FALSE
video_015233,2022-08-15T12:34:44Z,136217,,178,Vespa_velutina,Portugal,Insects,established,registro,Post-Introduction,Detection,Detection,2011,2011-06-01T12:00:00Z,comment,1884,14,comment_009209,,FALSE
video_015233,2022-08-15T12:34:44Z,136217,,178,Vespa_velutina,Portugal,Insects,established,control,Post-Introduction,Detection,Detection,2011,2011-06-01T12:00:00Z,comment,1884,14,comment_009209,,FALSE
video_015233,2022-08-15T12:34:44Z,136217,,178,Vespa_velutina,Portugal,Insects,established,plagas,Post-Introduction,Invasion,Invasion,2011,2011-06-01T12:00:00Z,comment,1884,14,comment_009209,,FALSE
video_015233,2022-08-15T12:34:44Z,136217,,178,Vespa_velutina,Portugal,Insects,established,plagas,Post-Introduction,Invasion,Invasion,2011,2011-06-01T12:00:00Z,comment,1884,14,comment_009209,,FALSE
video_015233,2022-08-15T12:34:44Z,136217,,178,Vespa_velutina,Portugal,Insects,established,contaminacion,Post-Introduction,Threat,Threat,2011,2011-06-01T12:00:00Z,comment,1884,14,comment_009209,,FALSE
video_015233,2022-08-15T08:15:59Z,136217,,178,Vespa_velutina,Portugal,Insects,established,riesgo,Post-Introduction,Threat,Threat,2011,2011-06-01T12:00:00Z,comment,1884,9,comment_001864,,FALSE
video_015233,2022-08-15T08:15:59Z,136217,,178,Vespa_velutina,Portugal,Insects,established,visto,Post-Introduction,Detection,Detection,2011,2011-06-01T12:00:00Z,comment,1884,9,comment_001864,,FALSE
video_015233,2022-08-08T12:10:49Z,136217,,178,Vespa_velutina,Portugal,Insects,established,veneno,Post-Introduction,Threat,Threat,2011,2011-06-01T12:00:00Z,comment,1884,0,comment_009715,,FALSE
video_015233,2022-08-03T07:32:42Z,136217,,178,Vespa_velutina,Portugal,Insects,established,euros,Post-Introduction,eCommerce,eCommerce,2011,2011-06-01T12:00:00Z,comment,1884,31,comment_013420,,FALSE
video_015233,2022-08-03T07:32:42Z,136217,,178,Vespa_velutina,Portugal,Insects,established,veneno,Post-Introduction,Threat,Threat,2011,2011-06-01T12:00:00Z,comment,1884,31,comment_013420,,FALSE
video_015233,2022-08-02T14:40:16Z,136217,,178,Vespa_velutina,Portugal,Insects,established,riesgo,Post-Introduction,Threat,Threat,2011,2011-06-01T12:00:00Z,comment,1884,22,comment_005000,,FALSE
video_015233,2024-10-27T15:55:20Z,136217,,178,Vespa_velutina,Portugal,Insects,established,compra,Post-Introduction,eCommerce,eCommerce,2011,2011-06-01T12:00:00Z,comment,1884,0,comment_014270,comment_014269,TRUE
video_015233,2022-08-25T21:38:32Z,136217,,178,Vespa_velutina,Portugal,Insects,established,barato,Post-Introduction,eCommerce,eCommerce,2011,2011-06-01T12:00:00Z,comment,1884,1,comment_002809,comment_002808,TRUE
video_015233,2022-08-28T14:29:47Z,136217,,178,Vespa_velutina,Portugal,Insects,established,letal,Post-Introduction,Threat,Threat,2011,2011-06-01T12:00:00Z,comment,1884,0,comment_002810,comment_002808,TRUE
video_015233,2022-08-25T12:00:15Z,136217,,178,Vespa_velutina,Portugal,Insects,established,visto,Post-Introduction,Detection,Detection,2011,2011-06-01T12:00:00Z,comment,1884,6,comment_009938,comment_009934,TRUE
video_015233,2022-08-25T12:00:15Z,136217,,178,Vespa_velutina,Portugal,Insects,established,visto,Post-Introduction,Detection,Detection,2011,2011-06-01T12:00:00Z,comment,1884,6,comment_009938,comment_009934,TRUE
video_015233,2022-08-17T16:06:01Z,136217,,178,Vespa_velutina,Portugal,Insects,established,trampa,Post-Introduction,Detection,Detection,2011,2011-06-01T12:00:00Z,comment,1884,6,comment_009211,comment_009209,TRUE
video_015233,2022-08-17T16:06:01Z,136217,,178,Vespa_velutina,Portugal,Insects,established,trampas,Post-Introduction,Detection,Detection,2011,2011-06-01T12:00:00Z,comment,1884,6,comment_009211,comment_009209,TRUE
video_015233,2022-08-17T16:06:01Z,136217,,178,Vespa_velutina,Portugal,Insects,established,contaminacion,Post-Introduction,Threat,Threat,2011,2011-06-01T12:00:00Z,comment,1884,6,comment_009211,comment_009209,TRUE
video_015233,2022-08-17T16:06:01Z,136217,,178,Vespa_velutina,Portugal,Insects,established,seguimiento,Post-Introduction,Detection,Detection,2011,2011-06-01T12:00:00Z,comment,1884,6,comment_009211,comment_009209,TRUE
video_015233,2022-08-17T16:06:01Z,136217,,178,Vespa_velutina,Portugal,Insects,established,contaminacion,Post-Introduction,Threat,Threat,2011,2011-06-01T12:00:00Z,comment,1884,6,comment_009211,comment_009209,TRUE
video_015233,2022-08-17T16:06:01Z,136217,,178,Vespa_velutina,Portugal,Insects,established,veneno,Post-Introduction,Threat,Threat,2011,2011-06-01T12:00:00Z,comment,1884,6,comment_009211,comment_009209,TRUE
video_015233,2022-08-17T16:06:01Z,136217,,178,Vespa_velutina,Portugal,Insects,established,peligroso,Post-Introduction,Threat,Threat,2011,2011-06-01T12:00:00Z,comment,1884,6,comment_009211,comment_009209,TRUE
video_015233,2022-08-17T16:06:01Z,136217,,178,Vespa_velutina,Portugal,Insects,established,veneno,Post-Introduction,Threat,Threat,2011,2011-06-01T12:00:00Z,comment,1884,6,comment_009211,comment_009209,TRUE
video_015233,2022-08-17T16:06:01Z,136217,,178,Vespa_velutina,Portugal,Insects,established,encontrado,Post-Introduction,Detection,Detection,2011,2011-06-01T12:00:00Z,comment,1884,6,comment_009211,comment_009209,TRUE
video_015233,2022-08-17T16:06:01Z,136217,,178,Vespa_velutina,Portugal,Insects,established,peligroso,Post-Introduction,Threat,Threat,2011,2011-06-01T12:00:00Z,comment,1884,6,comment_009211,comment_009209,TRUE
video_015233,2022-09-14T15:19:42Z,136217,,178,Vespa_velutina,Portugal,Insects,established,toxico,Post-Introduction,Threat,Threat,2011,2011-06-01T12:00:00Z,comment,1884,2,comment_003238,comment_003237,TRUE
video_015233,2022-09-14T15:19:42Z,136217,,178,Vespa_velutina,Portugal,Insects,established,veneno,Post-Introduction,Threat,Threat,2011,2011-06-01T12:00:00Z,comment,1884,2,comment_003238,comment_003237,TRUE
video_015233,2022-09-07T12:03:59Z,136217,,178,Vespa_velutina,Portugal,Insects,established,compra,Post-Introduction,eCommerce,eCommerce,2011,2011-06-01T12:00:00Z,comment,1884,2,comment_008401,comment_008396,TRUE
video_015233,2022-09-07T12:03:59Z,136217,,178,Vespa_velutina,Portugal,Insects,established,compra,Post-Introduction,eCommerce,eCommerce,2011,2011-06-01T12:00:00Z,comment,1884,2,comment_008401,comment_008396,TRUE
video_015233,2022-08-30T16:42:49Z,136217,,178,Vespa_velutina,Portugal,Insects,established,plaga,Post-Introduction,Invasion,Invasion,2011,2011-06-01T12:00:00Z,comment,1884,2,comment_013421,comment_013420,TRUE
video_003829,2025-11-20T00:52:04Z,70679,,71,Vespa_velutina,Portugal,Insects,established,trampa,Post-Introduction,Detection,Detection,2011,2011-06-01T12:00:00Z,comment,1758,0,comment_012202,,FALSE
video_003829,2025-11-08T14:32:06Z,70679,,71,Vespa_velutina,Portugal,Insects,established,barata,Post-Introduction,eCommerce,eCommerce,2011,2011-06-01T12:00:00Z,comment,1758,0,comment_005812,,FALSE
video_003829,2025-10-01T09:12:59Z,70679,,71,Vespa_velutina,Portugal,Insects,established,visto,Post-Introduction,Detection,Detection,2011,2011-06-01T12:00:00Z,comment,1758,0,comment_009186,,FALSE
video_003829,2025-06-22T18:20:01Z,70679,,71,Vespa_velutina,Portugal,Insects,established,peligro,Post-Introduction,Threat,Threat,2011,2011-06-01T12:00:00Z,comment,1758,1,comment_007666,,FALSE
video_003829,2025-04-25T15:37:03Z,70679,,71,Vespa_velutina,Portugal,Insects,established,trampa,Post-Introduction,Detection,Detection,2011,2011-06-01T12:00:00Z,comment,1758,0,comment_010497,,FALSE
video_003829,2024-11-02T19:06:01Z,70679,,71,Vespa_velutina,Portugal,Insects,established,plaga,Post-Introduction,Invasion,Invasion,2011,2011-06-01T12:00:00Z,comment,1758,1,comment_010582,,FALSE
video_003829,2024-09-08T14:53:43Z,70679,,71,Vespa_velutina,Portugal,Insects,established,riesgo,Post-Introduction,Threat,Threat,2011,2011-06-01T12:00:00Z,comment,1758,8,comment_014487,,FALSE
video_003829,2024-08-28T22:11:27Z,70679,,71,Vespa_velutina,Portugal,Insects,established,visto,Post-Introduction,Detection,Detection,2011,2011-06-01T12:00:00Z,comment,1758,1,comment_013630,,FALSE
video_003829,2024-08-28T22:11:27Z,70679,,71,Vespa_velutina,Portugal,Insects,established,veneno,Post-Introduction,Threat,Threat,2011,2011-06-01T12:00:00Z,comment,1758,1,comment_013630,,FALSE
video_003829,2024-08-28T22:11:27Z,70679,,71,Vespa_velutina,Portugal,Insects,established,veneno,Post-Introduction,Threat,Threat,2011,2011-06-01T12:00:00Z,comment,1758,1,comment_013630,,FALSE
video_003829,2024-08-21T17:47:22Z,70679,,71,Vespa_velutina,Portugal,Insects,established,barata,Post-Introduction,eCommerce,eCommerce,2011,2011-06-01T12:00:00Z,comment,1758,1,comment_007334,,FALSE
video_003829,2024-07-17T18:39:50Z,70679,,71,Vespa_velutina,Portugal,Insects,established,trampa,Post-Introduction,Detection,Detection,2011,2011-06-01T12:00:00Z,comment,1758,1,comment_004870,,FALSE
video_003829,2024-07-17T18:39:50Z,70679,,71,Vespa_velutina,Portugal,Insects,established,extincion,Post-Introduction,Threat,Threat,2011,2011-06-01T12:00:00Z,comment,1758,1,comment_004870,,FALSE
video_003829,2024-05-13T16:15:35Z,70679,,71,Vespa_velutina,Portugal,Insects,established,trampa,Post-Introduction,Detection,Detection,2011,2011-06-01T12:00:00Z,comment,1758,9,comment_004100,,FALSE
video_003829,2024-05-13T16:15:35Z,70679,,71,Vespa_velutina,Portugal,Insects,established,peligro,Post-Introduction,Threat,Threat,2011,2011-06-01T12:00:00Z,comment,1758,9,comment_004100,,FALSE
video_003829,2024-05-13T16:15:35Z,70679,,71,Vespa_velutina,Portugal,Insects,established,peligroso,Post-Introduction,Threat,Threat,2011,2011-06-01T12:00:00Z,comment,1758,9,comment_004100,,FALSE
video_003829,2024-05-07T15:52:59Z,70679,,71,Vespa_velutina,Portugal,Insects,established,trampas,Post-Introduction,Detection,Detection,2011,2011-06-01T12:00:00Z,comment,1758,1,comment_002221,,FALSE
video_003829,2024-05-07T15:52:22Z,70679,,71,Vespa_velutina,Portugal,Insects,established,trampas,Post-Introduction,Detection,Detection,2011,2011-06-01T12:00:00Z,comment,1758,0,comment_010753,,FALSE
video_003829,2024-05-07T15:52:22Z,70679,,71,Vespa_velutina,Portugal,Insects,established,trampa,Post-Introduction,Detection,Detection,2011,2011-06-01T12:00:00Z,comment,1758,0,comment_010753,,FALSE
video_003829,2025-10-15T17:04:29Z,70679,,71,Vespa_velutina,Portugal,Insects,established,trampa,Post-Introduction,Detection,Detection,2011,2011-06-01T12:00:00Z,comment,1758,1,comment_010977,comment_010976,TRUE
video_003829,2025-10-04T16:04:49Z,70679,,71,Vespa_velutina,Portugal,Insects,established,nativa,Post-Introduction,Invasion,Invasion,2011,2011-06-01T12:00:00Z,comment,1758,0,comment_001742,comment_001738,TRUE
video_003829,2025-10-04T16:04:49Z,70679,,71,Vespa_velutina,Portugal,Insects,established,invasion,Post-Introduction,Invasion,Invasion,2011,2011-06-01T12:00:00Z,comment,1758,0,comment_001742,comment_001738,TRUE
video_003829,2025-01-27T19:25:18Z,70679,,71,Vespa_velutina,Portugal,Insects,established,trampa,Post-Introduction,Detection,Detection,2011,2011-06-01T12:00:00Z,comment,1758,2,comment_010583,comment_010582,TRUE
video_003829,2024-09-10T15:16:47Z,70679,,71,Vespa_velutina,Portugal,Insects,established,riesgo,Post-Introduction,Threat,Threat,2011,2011-06-01T12:00:00Z,comment,1758,9,comment_014489,comment_014487,TRUE
video_003829,2024-09-10T14:53:24Z,70679,,71,Vespa_velutina,Portugal,Insects,established,plaga,Post-Introduction,Invasion,Invasion,2011,2011-06-01T12:00:00Z,comment,1758,3,comment_002764,comment_002763,TRUE
video_003829,2024-11-02T00:04:35Z,70679,,71,Vespa_velutina,Portugal,Insects,established,veneno,Post-Introduction,Threat,Threat,2011,2011-06-01T12:00:00Z,comment,1758,0,comment_002765,comment_002763,TRUE
video_003829,2025-02-17T13:13:25Z,70679,,71,Vespa_velutina,Portugal,Insects,established,vista,Post-Introduction,Detection,Detection,2011,2011-06-01T12:00:00Z,comment,1758,0,comment_002268,comment_002267,TRUE
video_003829,2025-02-17T13:11:08Z,70679,,71,Vespa_velutina,Portugal,Insects,established,trampa,Post-Introduction,Detection,Detection,2011,2011-06-01T12:00:00Z,comment,1758,0,comment_011220,comment_011219,TRUE
video_003829,2025-02-17T13:11:40Z,70679,,71,Vespa_velutina,Portugal,Insects,established,visto,Post-Introduction,Detection,Detection,2011,2011-06-01T12:00:00Z,comment,1758,3,comment_007528,comment_007527,TRUE
video_003829,2025-02-17T18:11:05Z,70679,,71,Vespa_velutina,Portugal,Insects,established,trampa,Post-Introduction,Detection,Detection,2011,2011-06-01T12:00:00Z,comment,1758,1,comment_007529,comment_007527,TRUE
video_003829,2025-02-17T13:12:13Z,70679,,71,Vespa_velutina,Portugal,Insects,established,trampa,Post-Introduction,Detection,Detection,2011,2011-06-01T12:00:00Z,comment,1758,1,comment_003970,comment_003969,TRUE
video_003829,2024-11-02T00:12:02Z,70679,,71,Vespa_velutina,Portugal,Insects,established,trampa,Post-Introduction,Detection,Detection,2011,2011-06-01T12:00:00Z,comment,1758,1,comment_004874,comment_004870,TRUE
video_003829,2025-02-17T13:15:32Z,70679,,71,Vespa_velutina,Portugal,Insects,established,trampa,Post-Introduction,Detection,Detection,2011,2011-06-01T12:00:00Z,comment,1758,0,comment_004875,comment_004870,TRUE
video_003829,2024-07-15T08:00:40Z,70679,,71,Vespa_velutina,Portugal,Insects,established,trampa,Post-Introduction,Detection,Detection,2011,2011-06-01T12:00:00Z,comment,1758,1,comment_014590,comment_014589,TRUE
video_003829,2024-05-25T05:46:01Z,70679,,71,Vespa_velutina,Portugal,Insects,established,trampa,Post-Introduction,Detection,Detection,2011,2011-06-01T12:00:00Z,comment,1758,2,comment_014901,comment_014900,TRUE
video_003829,2024-07-23T09:05:19Z,70679,,71,Vespa_velutina,Portugal,Insects,established,trampas,Post-Introduction,Detection,Detection,2011,2011-06-01T12:00:00Z,comment,1758,0,comment_010755,comment_010753,TRUE
video_007878,2025-11-06T12:23:59Z,22083,,19,Vespa_velutina,Portugal,Insects,established,trampa,Post-Introduction,Detection,Detection,2011,2011-06-01T12:00:00Z,comment,373,1,comment_013176,,FALSE
video_007878,2025-10-04T16:48:28Z,22083,,19,Vespa_velutina,Portugal,Insects,established,trampa,Post-Introduction,Detection,Detection,2011,2011-06-01T12:00:00Z,comment,373,0,comment_014261,,FALSE
video_007878,2024-03-18T10:42:22Z,22083,,19,Vespa_velutina,Portugal,Insects,established,establecido,Post-Introduction,Invasion,Invasion,2011,2011-06-01T12:00:00Z,comment,373,1,comment_004355,,FALSE
video_007878,2023-10-14T20:14:13Z,22083,,19,Vespa_velutina,Portugal,Insects,established,invasion,Post-Introduction,Invasion,Invasion,2011,2011-06-01T12:00:00Z,comment,373,1,comment_011829,,FALSE
video_007878,2023-10-14T20:14:13Z,22083,,19,Vespa_velutina,Portugal,Insects,established,capturada,Post-Introduction,Detection,Detection,2011,2011-06-01T12:00:00Z,comment,373,1,comment_011829,,FALSE
video_007878,2023-10-14T20:14:13Z,22083,,19,Vespa_velutina,Portugal,Insects,established,trampas,Post-Introduction,Detection,Detection,2011,2011-06-01T12:00:00Z,comment,373,1,comment_011829,,FALSE
video_007878,2023-10-14T20:14:13Z,22083,,19,Vespa_velutina,Portugal,Insects,established,capturas,Post-Introduction,Detection,Detection,2011,2011-06-01T12:00:00Z,comment,373,1,comment_011829,,FALSE
video_007878,2023-10-14T20:14:13Z,22083,,19,Vespa_velutina,Portugal,Insects,established,trampas,Post-Introduction,Detection,Detection,2011,2011-06-01T12:00:00Z,comment,373,1,comment_011829,,FALSE
video_007878,2023-10-14T20:14:13Z,22083,,19,Vespa_velutina,Portugal,Insects,established,captures,Post-Introduction,Detection,Detection,2011,2011-06-01T12:00:00Z,comment,373,1,comment_011829,,FALSE
video_007878,2023-10-14T20:14:13Z,22083,,19,Vespa_velutina,Portugal,Insects,established,capturas,Post-Introduction,Detection,Detection,2011,2011-06-01T12:00:00Z,comment,373,1,comment_011829,,FALSE
video_007878,2023-10-14T20:14:13Z,22083,,19,Vespa_velutina,Portugal,Insects,established,trampas,Post-Introduction,Detection,Detection,2011,2011-06-01T12:00:00Z,comment,373,1,comment_011829,,FALSE
video_007878,2023-10-14T20:14:13Z,22083,,19,Vespa_velutina,Portugal,Insects,established,contaminacion,Post-Introduction,Threat,Threat,2011,2011-06-01T12:00:00Z,comment,373,1,comment_011829,,FALSE
video_007878,2023-10-14T20:14:13Z,22083,,19,Vespa_velutina,Portugal,Insects,established,captura,Post-Introduction,Detection,Detection,2011,2011-06-01T12:00:00Z,comment,373,1,comment_011829,,FALSE
video_007878,2023-09-01T15:44:06Z,22083,,19,Vespa_velutina,Portugal,Insects,established,trampas,Post-Introduction,Detection,Detection,2011,2011-06-01T12:00:00Z,comment,373,0,comment_009122,comment_009121,TRUE
video_016154,2018-07-28T08:30:33Z,19568,,83,Vespa_velutina,Portugal,Insects,established,competencia,Post-Introduction,Threat,Threat,2011,2011-06-01T12:00:00Z,comment,868,2,comment_001947,,FALSE
video_016154,2018-08-02T09:14:37Z,19568,,83,Vespa_velutina,Portugal,Insects,established,visto,Post-Introduction,Detection,Detection,2011,2011-06-01T12:00:00Z,comment,868,0,comment_001948,comment_001947,TRUE
video_012316,2024-10-19T06:54:33Z,12798,,7,Vespa_velutina,Portugal,Insects,established,peligroso,Post-Introduction,Threat,Threat,2011,2011-06-01T12:00:00Z,comment,45,0,comment_005305,,FALSE
video_012316,2024-07-18T12:43:04Z,12798,,7,Vespa_velutina,Portugal,Insects,established,veneno,Post-Introduction,Threat,Threat,2011,2011-06-01T12:00:00Z,comment,45,0,comment_011659,,FALSE
video_005792,2023-08-12T06:03:51Z,69183,,33,Vespa_velutina,Portugal,Insects,established,peligro,Post-Introduction,Threat,Threat,2011,2011-06-01T12:00:00Z,comment,907,10,comment_008000,comment_007999,TRUE
video_005792,2023-08-15T15:29:29Z,69183,,33,Vespa_velutina,Portugal,Insects,established,plaga,Post-Introduction,Invasion,Invasion,2011,2011-06-01T12:00:00Z,comment,907,0,comment_008001,comment_007999,TRUE
video_010250,2019-09-23T03:34:43Z,32818,,8,Vespa_velutina,Portugal,Insects,established,invadir,Post-Introduction,Invasion,Invasion,2011,2011-06-01T12:00:00Z,comment,138,1,comment_006164,,FALSE
video_010250,2018-09-12T06:35:14Z,32818,,8,Vespa_velutina,Portugal,Insects,established,veneno,Post-Introduction,Threat,Threat,2011,2011-06-01T12:00:00Z,comment,138,0,comment_005554,,FALSE
video_010432,2025-08-29T15:13:54Z,12696,,3,Vespa_velutina,Portugal,Insects,established,trampas,Post-Introduction,Detection,Detection,2011,2011-06-01T12:00:00Z,comment,310,0,comment_008847,,FALSE
video_010432,2025-10-02T10:00:42Z,12696,,3,Vespa_velutina,Portugal,Insects,established,barata,Post-Introduction,eCommerce,eCommerce,2011,2011-06-01T12:00:00Z,comment,310,0,comment_009567,comment_009566,TRUE
video_010432,2025-08-29T15:16:07Z,12696,,3,Vespa_velutina,Portugal,Insects,established,trampas,Post-Introduction,Detection,Detection,2011,2011-06-01T12:00:00Z,comment,310,0,comment_008848,comment_008847,TRUE
video_010432,2025-08-02T22:07:53Z,12696,,3,Vespa_velutina,Portugal,Insects,established,trampa,Post-Introduction,Detection,Detection,2011,2011-06-01T12:00:00Z,comment,310,0,comment_006345,comment_006343,TRUE
video_005201,2019-09-28T08:16:50Z,297,,1,Vespa_velutina,Portugal,Insects,established,trampas,Post-Introduction,Detection,Detection,2011,2011-06-01T12:00:00Z,comment,4,0,comment_001907,,FALSE
video_005201,2019-09-28T08:16:50Z,297,,1,Vespa_velutina,Portugal,Insects,established,trampas,Post-Introduction,Detection,Detection,2011,2011-06-01T12:00:00Z,comment,4,0,comment_001907,,FALSE
video_010191,2013-10-08T16:54:17Z,3879,,1,Vespa_velutina,Portugal,Insects,established,peligrosa,Post-Introduction,Threat,Threat,2011,2011-06-01T12:00:00Z,comment,13,0,comment_014333,,FALSE
video_013098,2020-05-04T16:06:28Z,4858,,4,Vespa_velutina,Portugal,Insects,established,invasion,Post-Introduction,Invasion,Invasion,2011,2011-06-01T12:00:00Z,comment,43,1,comment_006658,,FALSE
video_013098,2020-05-04T16:06:28Z,4858,,4,Vespa_velutina,Portugal,Insects,established,control,Post-Introduction,Detection,Detection,2011,2011-06-01T12:00:00Z,comment,43,1,comment_006658,,FALSE
video_000217,2022-11-08T16:23:38Z,42854,,43,Vespa_velutina,Portugal,Insects,established,extincion,Post-Introduction,Threat,Threat,2011,2011-06-01T12:00:00Z,comment,443,0,comment_002691,,FALSE
video_000217,2022-08-02T10:51:47Z,42854,,43,Vespa_velutina,Portugal,Insects,established,trampas,Post-Introduction,Detection,Detection,2011,2011-06-01T12:00:00Z,comment,443,0,comment_010471,,FALSE
video_000217,2021-07-18T23:18:10Z,42854,,43,Vespa_velutina,Portugal,Insects,established,visto,Post-Introduction,Detection,Detection,2011,2011-06-01T12:00:00Z,comment,443,0,comment_002896,,FALSE
video_000217,2019-08-11T17:09:15Z,42854,,43,Vespa_velutina,Portugal,Insects,established,trampas,Post-Introduction,Detection,Detection,2011,2011-06-01T12:00:00Z,comment,443,2,comment_012224,,FALSE
video_000217,2019-08-11T17:09:15Z,42854,,43,Vespa_velutina,Portugal,Insects,established,trampa,Post-Introduction,Detection,Detection,2011,2011-06-01T12:00:00Z,comment,443,2,comment_012224,,FALSE
video_000217,2018-06-17T20:05:51Z,42854,,43,Vespa_velutina,Portugal,Insects,established,trampas,Post-Introduction,Detection,Detection,2011,2011-06-01T12:00:00Z,comment,443,1,comment_008878,,FALSE
video_000217,2017-08-07T15:00:43Z,42854,,43,Vespa_velutina,Portugal,Insects,established,alien,Post-Introduction,Invasion,Invasion,2011,2011-06-01T12:00:00Z,comment,443,1,comment_006379,,FALSE
video_000217,2018-06-18T14:14:00Z,42854,,43,Vespa_velutina,Portugal,Insects,established,capturar,Post-Introduction,Detection,Detection,2011,2011-06-01T12:00:00Z,comment,443,1,comment_008879,comment_008878,TRUE
video_000217,2018-06-18T14:14:00Z,42854,,43,Vespa_velutina,Portugal,Insects,established,expansion,Post-Introduction,Invasion,Invasion,2011,2011-06-01T12:00:00Z,comment,443,1,comment_008879,comment_008878,TRUE
video_000217,2018-06-18T14:14:00Z,42854,,43,Vespa_velutina,Portugal,Insects,established,capturar,Post-Introduction,Detection,Detection,2011,2011-06-01T12:00:00Z,comment,443,1,comment_008879,comment_008878,TRUE
video_000217,2018-06-18T14:14:00Z,42854,,43,Vespa_velutina,Portugal,Insects,established,control,Post-Introduction,Detection,Detection,2011,2011-06-01T12:00:00Z,comment,443,1,comment_008879,comment_008878,TRUE
video_000217,2018-06-20T20:37:10Z,42854,,43,Vespa_velutina,Portugal,Insects,established,trampas,Post-Introduction,Detection,Detection,2011,2011-06-01T12:00:00Z,comment,443,1,comment_008880,comment_008878,TRUE
video_000217,2018-06-20T20:37:10Z,42854,,43,Vespa_velutina,Portugal,Insects,established,trampas,Post-Introduction,Detection,Detection,2011,2011-06-01T12:00:00Z,comment,443,1,comment_008880,comment_008878,TRUE
video_000217,2018-06-20T20:37:10Z,42854,,43,Vespa_velutina,Portugal,Insects,established,trampa,Post-Introduction,Detection,Detection,2011,2011-06-01T12:00:00Z,comment,443,1,comment_008880,comment_008878,TRUE
video_000217,2018-06-26T21:59:40Z,42854,,43,Vespa_velutina,Portugal,Insects,established,capturar,Post-Introduction,Detection,Detection,2011,2011-06-01T12:00:00Z,comment,443,1,comment_008881,comment_008878,TRUE
video_000217,2018-06-26T21:59:40Z,42854,,43,Vespa_velutina,Portugal,Insects,established,expansion,Post-Introduction,Invasion,Invasion,2011,2011-06-01T12:00:00Z,comment,443,1,comment_008881,comment_008878,TRUE
video_000217,2018-06-26T21:59:40Z,42854,,43,Vespa_velutina,Portugal,Insects,established,trampas,Post-Introduction,Detection,Detection,2011,2011-06-01T12:00:00Z,comment,443,1,comment_008881,comment_008878,TRUE
video_000217,2018-06-26T21:59:40Z,42854,,43,Vespa_velutina,Portugal,Insects,established,captura,Post-Introduction,Detection,Detection,2011,2011-06-01T12:00:00Z,comment,443,1,comment_008881,comment_008878,TRUE
video_005510,2023-02-22T20:10:48Z,4098,,25,Vespa_velutina,Portugal,Insects,established,trampas,Post-Introduction,Detection,Detection,2011,2011-06-01T12:00:00Z,comment,89,0,comment_003840,,FALSE
video_005510,2022-08-02T20:52:28Z,4098,,25,Vespa_velutina,Portugal,Insects,established,visto,Post-Introduction,Detection,Detection,2011,2011-06-01T12:00:00Z,comment,89,2,comment_002697,,FALSE
video_005510,2022-07-27T18:31:20Z,4098,,25,Vespa_velutina,Portugal,Insects,established,dinero,Post-Introduction,eCommerce,eCommerce,2011,2011-06-01T12:00:00Z,comment,89,2,comment_007197,,FALSE
video_005510,2022-07-27T10:50:40Z,4098,,25,Vespa_velutina,Portugal,Insects,established,trampa,Post-Introduction,Detection,Detection,2011,2011-06-01T12:00:00Z,comment,89,1,comment_008507,,FALSE
video_005510,2022-07-27T08:42:02Z,4098,,25,Vespa_velutina,Portugal,Insects,established,visto,Post-Introduction,Detection,Detection,2011,2011-06-01T12:00:00Z,comment,89,3,comment_012252,,FALSE
video_005510,2022-07-27T08:42:02Z,4098,,25,Vespa_velutina,Portugal,Insects,established,trampas,Post-Introduction,Detection,Detection,2011,2011-06-01T12:00:00Z,comment,89,3,comment_012252,,FALSE
video_005510,2022-07-26T21:53:09Z,4098,,25,Vespa_velutina,Portugal,Insects,established,trampas,Post-Introduction,Detection,Detection,2011,2011-06-01T12:00:00Z,comment,89,0,comment_004650,,FALSE
video_005510,2022-08-02T21:06:07Z,4098,,25,Vespa_velutina,Portugal,Insects,established,expansion,Post-Introduction,Invasion,Invasion,2011,2011-06-01T12:00:00Z,comment,89,1,comment_002698,comment_002697,TRUE
video_005510,2022-07-28T19:14:23Z,4098,,25,Vespa_velutina,Portugal,Insects,established,costes,Post-Introduction,eCommerce,eCommerce,2011,2011-06-01T12:00:00Z,comment,89,1,comment_007200,comment_007197,TRUE
video_005510,2022-07-27T02:45:30Z,4098,,25,Vespa_velutina,Portugal,Insects,established,trampas,Post-Introduction,Detection,Detection,2011,2011-06-01T12:00:00Z,comment,89,0,comment_004651,comment_004650,TRUE
video_005510,2022-07-27T12:20:05Z,4098,,25,Vespa_velutina,Portugal,Insects,established,trampas,Post-Introduction,Detection,Detection,2011,2011-06-01T12:00:00Z,comment,89,1,comment_004652,comment_004650,TRUE
video_011480,2020-06-07T00:32:15Z,201397,,33,Vespa_velutina,Portugal,Insects,established,encontre,Post-Introduction,Detection,Detection,2011,2011-06-01T12:00:00Z,comment,407,0,comment_013403,,FALSE
video_011480,2020-05-05T20:18:23Z,201397,,33,Vespa_velutina,Portugal,Insects,established,invasor,Post-Introduction,Invasion,Invasion,2011,2011-06-01T12:00:00Z,comment,407,0,comment_006768,comment_006767,TRUE
video_015139,2025-04-18T15:22:44Z,2667,,19,Vespa_velutina,Portugal,Insects,established,trampas,Post-Introduction,Detection,Detection,2011,2011-06-01T12:00:00Z,comment,296,1,comment_009545,,FALSE
video_015139,2025-04-18T15:22:44Z,2667,,19,Vespa_velutina,Portugal,Insects,established,trampas,Post-Introduction,Detection,Detection,2011,2011-06-01T12:00:00Z,comment,296,1,comment_009545,,FALSE
video_008318,2022-01-11T00:52:08Z,3333,,37,Vespa_velutina,Portugal,Insects,established,comprar,Post-Introduction,eCommerce,eCommerce,2011,2011-06-01T12:00:00Z,comment,99,0,comment_007693,,FALSE
video_008318,2022-01-08T01:15:38Z,3333,,37,Vespa_velutina,Portugal,Insects,established,dinero,Post-Introduction,eCommerce,eCommerce,2011,2011-06-01T12:00:00Z,comment,99,0,comment_010841,,FALSE
video_008318,2022-01-05T22:29:06Z,3333,,37,Vespa_velutina,Portugal,Insects,established,capturar,Post-Introduction,Detection,Detection,2011,2011-06-01T12:00:00Z,comment,99,1,comment_012862,,FALSE
video_008318,2022-01-05T22:29:06Z,3333,,37,Vespa_velutina,Portugal,Insects,established,trampas,Post-Introduction,Detection,Detection,2011,2011-06-01T12:00:00Z,comment,99,1,comment_012862,,FALSE
video_008318,2022-01-04T23:11:15Z,3333,,37,Vespa_velutina,Portugal,Insects,established,trampas,Post-Introduction,Detection,Detection,2011,2011-06-01T12:00:00Z,comment,99,1,comment_002652,,FALSE
video_008318,2022-01-04T23:11:15Z,3333,,37,Vespa_velutina,Portugal,Insects,established,visto,Post-Introduction,Detection,Detection,2011,2011-06-01T12:00:00Z,comment,99,1,comment_002652,,FALSE
video_008318,2022-01-04T19:20:31Z,3333,,37,Vespa_velutina,Portugal,Insects,established,establecida,Post-Introduction,Invasion,Invasion,2011,2011-06-01T12:00:00Z,comment,99,3,comment_003310,,FALSE
video_008318,2022-01-04T19:20:31Z,3333,,37,Vespa_velutina,Portugal,Insects,established,reproduciendose,Post-Introduction,Invasion,Invasion,2011,2011-06-01T12:00:00Z,comment,99,3,comment_003310,,FALSE
video_008318,2022-08-08T12:20:11Z,3333,,37,Vespa_velutina,Portugal,Insects,established,veneno,Post-Introduction,Threat,Threat,2011,2011-06-01T12:00:00Z,comment,99,0,comment_013074,comment_013073,TRUE
video_008318,2022-01-04T22:07:40Z,3333,,37,Vespa_velutina,Portugal,Insects,established,trampas,Post-Introduction,Detection,Detection,2011,2011-06-01T12:00:00Z,comment,99,0,comment_003312,comment_003310,TRUE
video_005634,2024-10-04T16:39:03Z,1366,,4,Vespa_velutina,Portugal,Insects,established,encontre,Post-Introduction,Detection,Detection,2011,2011-06-01T12:00:00Z,comment,53,0,comment_005624,comment_005623,TRUE
video_005634,2024-10-04T16:38:48Z,1366,,4,Vespa_velutina,Portugal,Insects,established,encontre,Post-Introduction,Detection,Detection,2011,2011-06-01T12:00:00Z,comment,53,0,comment_013869,comment_013868,TRUE
video_011156,2018-01-17T09:50:06Z,15317,,4,Vespa_velutina,Portugal,Insects,established,invasora,Post-Introduction,Invasion,Invasion,2011,2011-06-01T12:00:00Z,comment,80,0,comment_011017,comment_011016,TRUE
video_002680,2020-09-29T03:09:15Z,19044,,15,Vespa_velutina,Portugal,Insects,established,encontrado,Post-Introduction,Detection,Detection,2011,2011-06-01T12:00:00Z,comment,148,0,comment_012748,,FALSE
video_002680,2019-06-12T01:51:02Z,19044,,15,Vespa_velutina,Portugal,Insects,established,reciente,Post-Introduction,Detection,Detection,2011,2011-06-01T12:00:00Z,comment,148,0,comment_007418,,FALSE
video_002680,2018-12-26T20:42:08Z,19044,,15,Vespa_velutina,Portugal,Insects,established,trampas,Post-Introduction,Detection,Detection,2011,2011-06-01T12:00:00Z,comment,148,3,comment_009011,,FALSE
video_002680,2018-12-26T20:42:08Z,19044,,15,Vespa_velutina,Portugal,Insects,established,trampas,Post-Introduction,Detection,Detection,2011,2011-06-01T12:00:00Z,comment,148,3,comment_009011,,FALSE
video_002680,2013-11-26T01:16:27Z,19044,,15,Vespa_velutina,Portugal,Insects,established,plaga,Post-Introduction,Invasion,Invasion,2011,2011-06-01T12:00:00Z,comment,148,1,comment_000572,,FALSE
video_002680,2013-01-13T14:10:22Z,19044,,15,Vespa_velutina,Portugal,Insects,established,visto,Post-Introduction,Detection,Detection,2011,2011-06-01T12:00:00Z,comment,148,0,comment_002174,,FALSE
video_002680,2013-01-13T14:10:22Z,19044,,15,Vespa_velutina,Portugal,Insects,established,trampa,Post-Introduction,Detection,Detection,2011,2011-06-01T12:00:00Z,comment,148,0,comment_002174,,FALSE
video_012398,2018-11-01T02:11:13Z,1691,,3,Vespa_velutina,Portugal,Insects,established,plagas,Post-Introduction,Invasion,Invasion,2011,2011-06-01T12:00:00Z,comment,18,0,comment_014576,,FALSE
video_008331,2020-06-07T17:20:44Z,33018,,60,Vespa_velutina,Portugal,Insects,established,introducida,Post-Introduction,Invasion,Invasion,2011,2011-06-01T12:00:00Z,comment,455,1,comment_012013,,FALSE
video_008331,2018-09-28T15:56:53Z,33018,,60,Vespa_velutina,Portugal,Insects,established,invasion,Post-Introduction,Invasion,Invasion,2011,2011-06-01T12:00:00Z,comment,455,1,comment_003128,,FALSE
video_008331,2018-09-28T15:56:53Z,33018,,60,Vespa_velutina,Portugal,Insects,established,visto,Post-Introduction,Detection,Detection,2011,2011-06-01T12:00:00Z,comment,455,1,comment_003128,,FALSE
video_008331,2018-09-28T15:56:53Z,33018,,60,Vespa_velutina,Portugal,Insects,established,visto,Post-Introduction,Detection,Detection,2011,2011-06-01T12:00:00Z,comment,455,1,comment_003128,,FALSE
video_008331,2018-09-28T15:56:53Z,33018,,60,Vespa_velutina,Portugal,Insects,established,visto,Post-Introduction,Detection,Detection,2011,2011-06-01T12:00:00Z,comment,455,1,comment_003128,,FALSE
video_008331,2018-09-05T16:39:11Z,33018,,60,Vespa_velutina,Portugal,Insects,established,plaga,Post-Introduction,Invasion,Invasion,2011,2011-06-01T12:00:00Z,comment,455,1,comment_006276,,FALSE
video_008331,2018-09-05T16:39:11Z,33018,,60,Vespa_velutina,Portugal,Insects,established,controlada,Post-Introduction,Detection,Detection,2011,2011-06-01T12:00:00Z,comment,455,1,comment_006276,,FALSE
video_008331,2018-09-01T01:26:43Z,33018,,60,Vespa_velutina,Portugal,Insects,established,invasion,Post-Introduction,Invasion,Invasion,2011,2011-06-01T12:00:00Z,comment,455,1,comment_010760,,FALSE
video_008331,2018-08-28T01:14:50Z,33018,,60,Vespa_velutina,Portugal,Insects,established,plaga,Post-Introduction,Invasion,Invasion,2011,2011-06-01T12:00:00Z,comment,455,4,comment_009800,,FALSE
video_008331,2018-08-28T01:14:50Z,33018,,60,Vespa_velutina,Portugal,Insects,established,visto,Post-Introduction,Detection,Detection,2011,2011-06-01T12:00:00Z,comment,455,4,comment_009800,,FALSE
video_008331,2018-08-26T18:54:50Z,33018,,60,Vespa_velutina,Portugal,Insects,established,trampas,Post-Introduction,Detection,Detection,2011,2011-06-01T12:00:00Z,comment,455,1,comment_003177,,FALSE
video_008331,2018-08-21T19:32:03Z,33018,,60,Vespa_velutina,Portugal,Insects,established,visto,Post-Introduction,Detection,Detection,2011,2011-06-01T12:00:00Z,comment,455,1,comment_002749,,FALSE
video_008331,2018-08-20T06:28:12Z,33018,,60,Vespa_velutina,Portugal,Insects,established,dispersar,Post-Introduction,Invasion,Invasion,2011,2011-06-01T12:00:00Z,comment,455,1,comment_009670,,FALSE
video_008331,2018-08-18T16:20:51Z,33018,,60,Vespa_velutina,Portugal,Insects,established,visto,Post-Introduction,Detection,Detection,2011,2011-06-01T12:00:00Z,comment,455,1,comment_004655,,FALSE
video_008331,2018-08-18T16:20:51Z,33018,,60,Vespa_velutina,Portugal,Insects,established,captura,Post-Introduction,Detection,Detection,2011,2011-06-01T12:00:00Z,comment,455,1,comment_004655,,FALSE
video_008331,2018-08-18T16:20:51Z,33018,,60,Vespa_velutina,Portugal,Insects,established,trampas,Post-Introduction,Detection,Detection,2011,2011-06-01T12:00:00Z,comment,455,1,comment_004655,,FALSE
video_008331,2018-08-18T16:20:51Z,33018,,60,Vespa_velutina,Portugal,Insects,established,trampa,Post-Introduction,Detection,Detection,2011,2011-06-01T12:00:00Z,comment,455,1,comment_004655,,FALSE
video_008331,2018-08-18T16:20:51Z,33018,,60,Vespa_velutina,Portugal,Insects,established,trampas,Post-Introduction,Detection,Detection,2011,2011-06-01T12:00:00Z,comment,455,1,comment_004655,,FALSE
video_008331,2018-08-18T16:20:51Z,33018,,60,Vespa_velutina,Portugal,Insects,established,controlar,Post-Introduction,Detection,Detection,2011,2011-06-01T12:00:00Z,comment,455,1,comment_004655,,FALSE
video_008331,2018-08-18T16:20:51Z,33018,,60,Vespa_velutina,Portugal,Insects,established,trampas,Post-Introduction,Detection,Detection,2011,2011-06-01T12:00:00Z,comment,455,1,comment_004655,,FALSE
video_008331,2018-06-28T20:46:11Z,33018,,60,Vespa_velutina,Portugal,Insects,established,capturado,Post-Introduction,Detection,Detection,2011,2011-06-01T12:00:00Z,comment,455,1,comment_009830,,FALSE
video_008331,2018-06-28T20:46:11Z,33018,,60,Vespa_velutina,Portugal,Insects,established,visto,Post-Introduction,Detection,Detection,2011,2011-06-01T12:00:00Z,comment,455,1,comment_009830,,FALSE
video_008331,2018-05-07T13:07:22Z,33018,,60,Vespa_velutina,Portugal,Insects,established,armadilhas,Post-Introduction,Detection,Detection,2011,2011-06-01T12:00:00Z,comment,455,1,comment_008108,,FALSE
video_008331,2018-05-05T08:11:18Z,33018,,60,Vespa_velutina,Portugal,Insects,established,plaga,Post-Introduction,Invasion,Invasion,2011,2011-06-01T12:00:00Z,comment,455,5,comment_005774,,FALSE
video_008331,2018-05-05T08:11:18Z,33018,,60,Vespa_velutina,Portugal,Insects,established,invade,Post-Introduction,Invasion,Invasion,2011,2011-06-01T12:00:00Z,comment,455,5,comment_005774,,FALSE
video_008331,2018-05-04T12:30:10Z,33018,,60,Vespa_velutina,Portugal,Insects,established,trampas,Post-Introduction,Detection,Detection,2011,2011-06-01T12:00:00Z,comment,455,2,comment_010419,,FALSE
video_008331,2018-08-20T22:11:31Z,33018,,60,Vespa_velutina,Portugal,Insects,established,capturado,Post-Introduction,Detection,Detection,2011,2011-06-01T12:00:00Z,comment,455,2,comment_004656,comment_004655,TRUE
video_008331,2018-05-07T13:56:42Z,33018,,60,Vespa_velutina,Portugal,Insects,established,trampa,Post-Introduction,Detection,Detection,2011,2011-06-01T12:00:00Z,comment,455,1,comment_008109,comment_008108,TRUE
video_008331,2018-05-07T17:22:02Z,33018,,60,Vespa_velutina,Portugal,Insects,established,armadilha,Post-Introduction,Detection,Detection,2011,2011-06-01T12:00:00Z,comment,455,1,comment_008110,comment_008108,TRUE
video_008331,2018-05-05T19:22:09Z,33018,,60,Vespa_velutina,Portugal,Insects,established,aparecer,Post-Introduction,Detection,Detection,2011,2011-06-01T12:00:00Z,comment,455,2,comment_010420,comment_010419,TRUE
video_008331,2018-05-05T19:22:09Z,33018,,60,Vespa_velutina,Portugal,Insects,established,capturadas,Post-Introduction,Detection,Detection,2011,2011-06-01T12:00:00Z,comment,455,2,comment_010420,comment_010419,TRUE
video_008331,2018-05-05T19:35:38Z,33018,,60,Vespa_velutina,Portugal,Insects,established,trampas,Post-Introduction,Detection,Detection,2011,2011-06-01T12:00:00Z,comment,455,2,comment_010421,comment_010419,TRUE
video_008331,2018-05-06T07:27:03Z,33018,,60,Vespa_velutina,Portugal,Insects,established,capturado,Post-Introduction,Detection,Detection,2011,2011-06-01T12:00:00Z,comment,455,6,comment_010422,comment_010419,TRUE
video_008331,2018-05-06T07:27:03Z,33018,,60,Vespa_velutina,Portugal,Insects,established,trampas,Post-Introduction,Detection,Detection,2011,2011-06-01T12:00:00Z,comment,455,6,comment_010422,comment_010419,TRUE
video_008331,2018-05-06T07:27:03Z,33018,,60,Vespa_velutina,Portugal,Insects,established,trampa,Post-Introduction,Detection,Detection,2011,2011-06-01T12:00:00Z,comment,455,6,comment_010422,comment_010419,TRUE
video_008331,2018-05-06T09:45:25Z,33018,,60,Vespa_velutina,Portugal,Insects,established,invasion,Post-Introduction,Invasion,Invasion,2011,2011-06-01T12:00:00Z,comment,455,2,comment_010423,comment_010419,TRUE
video_006004,2018-09-12T22:16:18Z,36774,,23,Vespa_velutina,Portugal,Insects,established,plagas,Post-Introduction,Invasion,Invasion,2011,2011-06-01T12:00:00Z,comment,393,1,comment_014250,,FALSE
video_006004,2018-09-12T22:16:18Z,36774,,23,Vespa_velutina,Portugal,Insects,established,trampa,Post-Introduction,Detection,Detection,2011,2011-06-01T12:00:00Z,comment,393,1,comment_014250,,FALSE
video_006004,2018-07-27T02:23:53Z,36774,,23,Vespa_velutina,Portugal,Insects,established,trampa,Post-Introduction,Detection,Detection,2011,2011-06-01T12:00:00Z,comment,393,1,comment_014180,,FALSE
video_006004,2017-04-11T11:24:33Z,36774,,23,Vespa_velutina,Portugal,Insects,established,trampa,Post-Introduction,Detection,Detection,2011,2011-06-01T12:00:00Z,comment,393,1,comment_000064,,FALSE
video_006004,2017-04-11T11:24:33Z,36774,,23,Vespa_velutina,Portugal,Insects,established,trampas,Post-Introduction,Detection,Detection,2011,2011-06-01T12:00:00Z,comment,393,1,comment_000064,,FALSE
video_006004,2017-04-11T11:24:33Z,36774,,23,Vespa_velutina,Portugal,Insects,established,trampas,Post-Introduction,Detection,Detection,2011,2011-06-01T12:00:00Z,comment,393,1,comment_000064,,FALSE
video_006004,2021-08-06T13:45:42Z,36774,,23,Vespa_velutina,Portugal,Insects,established,plagas,Post-Introduction,Invasion,Invasion,2011,2011-06-01T12:00:00Z,comment,393,1,comment_007164,comment_007163,TRUE
video_006004,2021-08-05T14:31:16Z,36774,,23,Vespa_velutina,Portugal,Insects,established,plagas,Post-Introduction,Invasion,Invasion,2011,2011-06-01T12:00:00Z,comment,393,1,comment_002926,comment_002925,TRUE
video_016291,2021-09-04T12:39:55Z,2974,,1,Vespa_velutina,Portugal,Insects,established,encontre,Post-Introduction,Detection,Detection,2011,2011-06-01T12:00:00Z,comment,21,0,comment_011196,,FALSE
video_000738,2021-08-07T13:13:16Z,1717,,8,Vespa_velutina,Portugal,Insects,established,visto,Post-Introduction,Detection,Detection,2011,2011-06-01T12:00:00Z,comment,77,1,comment_002476,,FALSE
video_011164,2024-03-18T22:08:23Z,37410,,52,Vespa_velutina,Portugal,Insects,established,trampa,Post-Introduction,Detection,Detection,2011,2011-06-01T12:00:00Z,comment,297,2,comment_014380,,FALSE
video_011164,2024-03-14T20:12:36Z,37410,,52,Vespa_velutina,Portugal,Insects,established,plaga,Post-Introduction,Invasion,Invasion,2011,2011-06-01T12:00:00Z,comment,297,1,comment_012658,,FALSE
video_011164,2022-11-16T16:08:30Z,37410,,52,Vespa_velutina,Portugal,Insects,established,trampa,Post-Introduction,Detection,Detection,2011,2011-06-01T12:00:00Z,comment,297,2,comment_008663,,FALSE
video_011164,2024-12-31T18:39:04Z,37410,,52,Vespa_velutina,Portugal,Insects,established,plaga,Post-Introduction,Invasion,Invasion,2011,2011-06-01T12:00:00Z,comment,297,0,comment_011141,comment_011140,TRUE
video_011164,2025-04-18T11:13:29Z,37410,,52,Vespa_velutina,Portugal,Insects,established,trampas,Post-Introduction,Detection,Detection,2011,2011-06-01T12:00:00Z,comment,297,1,comment_005962,comment_005957,TRUE
video_011164,2025-04-18T11:13:29Z,37410,,52,Vespa_velutina,Portugal,Insects,established,trampa,Post-Introduction,Detection,Detection,2011,2011-06-01T12:00:00Z,comment,297,1,comment_005962,comment_005957,TRUE
video_011164,2024-05-08T05:38:23Z,37410,,52,Vespa_velutina,Portugal,Insects,established,trampas,Post-Introduction,Detection,Detection,2011,2011-06-01T12:00:00Z,comment,297,4,comment_013981,comment_013980,TRUE
video_011164,2023-10-21T22:46:20Z,37410,,52,Vespa_velutina,Portugal,Insects,established,trampas,Post-Introduction,Detection,Detection,2011,2011-06-01T12:00:00Z,comment,297,0,comment_005476,comment_005474,TRUE
video_007927,2025-03-03T06:38:25Z,60411,,29,Vespa_velutina,Portugal,Insects,established,invasora,Post-Introduction,Invasion,Invasion,2011,2011-06-01T12:00:00Z,comment,1845,19,comment_005369,,FALSE
video_007927,2024-08-14T17:23:40Z,60411,,29,Vespa_velutina,Portugal,Insects,established,letal,Post-Introduction,Threat,Threat,2011,2011-06-01T12:00:00Z,comment,1845,11,comment_010286,,FALSE
video_007927,2024-08-06T21:51:21Z,60411,,29,Vespa_velutina,Portugal,Insects,established,invasor,Post-Introduction,Invasion,Invasion,2011,2011-06-01T12:00:00Z,comment,1845,2,comment_014719,comment_014716,TRUE
video_008124,2025-03-04T18:31:23Z,192862,,37,Vespa_velutina,Portugal,Insects,established,plaga,Post-Introduction,Invasion,Invasion,2011,2011-06-01T12:00:00Z,comment,3244,0,comment_012191,,FALSE
video_008124,2024-05-25T21:30:19Z,192862,,37,Vespa_velutina,Portugal,Insects,established,veneno,Post-Introduction,Threat,Threat,2011,2011-06-01T12:00:00Z,comment,3244,1,comment_009556,comment_009555,TRUE
video_008124,2024-05-25T21:30:19Z,192862,,37,Vespa_velutina,Portugal,Insects,established,trampas,Post-Introduction,Detection,Detection,2011,2011-06-01T12:00:00Z,comment,3244,1,comment_009556,comment_009555,TRUE
video_010345,2020-08-22T13:41:14Z,36781,,42,Vespa_velutina,Portugal,Insects,established,vista,Post-Introduction,Detection,Detection,2011,2011-06-01T12:00:00Z,comment,269,1,comment_006081,,FALSE
video_010345,2020-02-23T18:13:29Z,36781,,42,Vespa_velutina,Portugal,Insects,established,caro,Post-Introduction,eCommerce,eCommerce,2011,2011-06-01T12:00:00Z,comment,269,0,comment_009338,,FALSE
video_010345,2020-02-23T18:13:29Z,36781,,42,Vespa_velutina,Portugal,Insects,established,trampa,Post-Introduction,Detection,Detection,2011,2011-06-01T12:00:00Z,comment,269,0,comment_009338,,FALSE
video_010345,2020-02-23T18:13:29Z,36781,,42,Vespa_velutina,Portugal,Insects,established,dinero,Post-Introduction,eCommerce,eCommerce,2011,2011-06-01T12:00:00Z,comment,269,0,comment_009338,,FALSE
video_010345,2018-12-04T00:36:43Z,36781,,42,Vespa_velutina,Portugal,Insects,established,invadir,Post-Introduction,Invasion,Invasion,2011,2011-06-01T12:00:00Z,comment,269,0,comment_001756,,FALSE
video_010345,2018-09-14T09:12:09Z,36781,,42,Vespa_velutina,Portugal,Insects,established,peligrosa,Post-Introduction,Threat,Threat,2011,2011-06-01T12:00:00Z,comment,269,1,comment_003159,,FALSE
video_010345,2018-05-25T13:44:26Z,36781,,42,Vespa_velutina,Portugal,Insects,established,trampa,Post-Introduction,Detection,Detection,2011,2011-06-01T12:00:00Z,comment,269,1,comment_004675,,FALSE
video_010345,2018-01-23T21:29:11Z,36781,,42,Vespa_velutina,Portugal,Insects,established,plaga,Post-Introduction,Invasion,Invasion,2011,2011-06-01T12:00:00Z,comment,269,1,comment_007421,,FALSE
video_010345,2018-01-23T17:19:36Z,36781,,42,Vespa_velutina,Portugal,Insects,established,trampas,Post-Introduction,Detection,Detection,2011,2011-06-01T12:00:00Z,comment,269,1,comment_007204,,FALSE
video_010345,2018-01-23T17:25:29Z,36781,,42,Vespa_velutina,Portugal,Insects,established,encontramos,Post-Introduction,Detection,Detection,2011,2011-06-01T12:00:00Z,comment,269,2,comment_007205,comment_007204,TRUE
video_010345,2018-01-23T17:28:45Z,36781,,42,Vespa_velutina,Portugal,Insects,established,trampas,Post-Introduction,Detection,Detection,2011,2011-06-01T12:00:00Z,comment,269,1,comment_007207,comment_007204,TRUE
video_003796,2021-10-14T08:03:21Z,2915,,7,Vespa_velutina,Portugal,Insects,established,visto,Post-Introduction,Detection,Detection,2011,2011-06-01T12:00:00Z,comment,82,1,comment_006526,comment_006525,TRUE
video_000103,2019-05-31T16:38:23Z,24994,,4,Vespa_velutina,Portugal,Insects,established,descubierto,Post-Introduction,Detection,Detection,2011,2011-06-01T12:00:00Z,comment,77,0,comment_012120,,FALSE
video_000103,2019-05-31T16:38:23Z,24994,,4,Vespa_velutina,Portugal,Insects,established,trampas,Post-Introduction,Detection,Detection,2011,2011-06-01T12:00:00Z,comment,77,0,comment_012120,,FALSE
video_000103,2019-05-31T17:40:37Z,24994,,4,Vespa_velutina,Portugal,Insects,established,veneno,Post-Introduction,Threat,Threat,2011,2011-06-01T12:00:00Z,comment,77,0,comment_012121,comment_012120,TRUE
video_005830,2025-05-30T11:48:27Z,11418,,29,Vespa_velutina,Portugal,Insects,established,trampa,Post-Introduction,Detection,Detection,2011,2011-06-01T12:00:00Z,comment,152,1,comment_005808,,FALSE
video_005830,2023-11-04T16:45:17Z,11418,,29,Vespa_velutina,Portugal,Insects,established,trampas,Post-Introduction,Detection,Detection,2011,2011-06-01T12:00:00Z,comment,152,2,comment_014722,,FALSE
video_005830,2023-11-04T16:45:17Z,11418,,29,Vespa_velutina,Portugal,Insects,established,trampas,Post-Introduction,Detection,Detection,2011,2011-06-01T12:00:00Z,comment,152,2,comment_014722,,FALSE
video_005830,2023-11-05T07:49:12Z,11418,,29,Vespa_velutina,Portugal,Insects,established,trampas,Post-Introduction,Detection,Detection,2011,2011-06-01T12:00:00Z,comment,152,0,comment_014723,comment_014722,TRUE
video_005830,2023-11-05T07:49:12Z,11418,,29,Vespa_velutina,Portugal,Insects,established,plaga,Post-Introduction,Invasion,Invasion,2011,2011-06-01T12:00:00Z,comment,152,0,comment_014723,comment_014722,TRUE
video_005830,2023-11-05T07:49:12Z,11418,,29,Vespa_velutina,Portugal,Insects,established,peligrosa,Post-Introduction,Threat,Threat,2011,2011-06-01T12:00:00Z,comment,152,0,comment_014723,comment_014722,TRUE
video_005830,2023-11-05T07:49:12Z,11418,,29,Vespa_velutina,Portugal,Insects,established,trampas,Post-Introduction,Detection,Detection,2011,2011-06-01T12:00:00Z,comment,152,0,comment_014723,comment_014722,TRUE
video_005830,2023-10-10T12:30:22Z,11418,,29,Vespa_velutina,Portugal,Insects,established,plaga,Post-Introduction,Invasion,Invasion,2011,2011-06-01T12:00:00Z,comment,152,0,comment_007968,comment_007967,TRUE
video_005830,2023-10-10T12:30:22Z,11418,,29,Vespa_velutina,Portugal,Insects,established,trampa,Post-Introduction,Detection,Detection,2011,2011-06-01T12:00:00Z,comment,152,0,comment_007968,comment_007967,TRUE
video_005830,2024-05-30T20:27:37Z,11418,,29,Vespa_velutina,Portugal,Insects,established,vistos,Post-Introduction,Detection,Detection,2011,2011-06-01T12:00:00Z,comment,152,0,comment_007969,comment_007967,TRUE
video_005830,2023-08-29T13:22:28Z,11418,,29,Vespa_velutina,Portugal,Insects,established,trampas,Post-Introduction,Detection,Detection,2011,2011-06-01T12:00:00Z,comment,152,1,comment_001909,comment_001908,TRUE
video_004028,2021-09-24T17:58:20Z,841,,2,Vespa_velutina,Portugal,Insects,established,trampa,Post-Introduction,Detection,Detection,2011,2011-06-01T12:00:00Z,comment,11,0,comment_011977,,FALSE
video_004286,2024-10-07T13:04:16Z,336143,,207,Vespa_velutina,Portugal,Insects,established,comprar,Post-Introduction,eCommerce,eCommerce,2011,2011-06-01T12:00:00Z,comment,2323,1,comment_014017,,FALSE
video_004286,2024-10-07T13:04:16Z,336143,,207,Vespa_velutina,Portugal,Insects,established,trampa,Post-Introduction,Detection,Detection,2011,2011-06-01T12:00:00Z,comment,2323,1,comment_014017,,FALSE
video_004286,2021-03-21T18:23:57Z,336143,,207,Vespa_velutina,Portugal,Insects,established,trampa,Post-Introduction,Detection,Detection,2011,2011-06-01T12:00:00Z,comment,2323,0,comment_004385,,FALSE
video_004286,2021-03-21T18:23:57Z,336143,,207,Vespa_velutina,Portugal,Insects,established,capturar,Post-Introduction,Detection,Detection,2011,2011-06-01T12:00:00Z,comment,2323,0,comment_004385,,FALSE
video_004286,2020-07-02T16:10:17Z,336143,,207,Vespa_velutina,Portugal,Insects,established,visto,Post-Introduction,Detection,Detection,2011,2011-06-01T12:00:00Z,comment,2323,1,comment_012435,,FALSE
video_004286,2020-07-02T16:10:17Z,336143,,207,Vespa_velutina,Portugal,Insects,established,trampa,Post-Introduction,Detection,Detection,2011,2011-06-01T12:00:00Z,comment,2323,1,comment_012435,,FALSE
video_004286,2020-05-11T19:15:29Z,336143,,207,Vespa_velutina,Portugal,Insects,established,trampas,Post-Introduction,Detection,Detection,2011,2011-06-01T12:00:00Z,comment,2323,0,comment_003593,,FALSE
video_004286,2019-08-30T13:34:04Z,336143,,207,Vespa_velutina,Portugal,Insects,established,trampa,Post-Introduction,Detection,Detection,2011,2011-06-01T12:00:00Z,comment,2323,0,comment_009353,,FALSE
video_004286,2019-07-11T03:26:20Z,336143,,207,Vespa_velutina,Portugal,Insects,established,veneno,Post-Introduction,Threat,Threat,2011,2011-06-01T12:00:00Z,comment,2323,0,comment_008370,,FALSE
video_004286,2019-07-04T07:09:22Z,336143,,207,Vespa_velutina,Portugal,Insects,established,visto,Post-Introduction,Detection,Detection,2011,2011-06-01T12:00:00Z,comment,2323,1,comment_006448,,FALSE
video_004286,2019-07-04T07:09:22Z,336143,,207,Vespa_velutina,Portugal,Insects,established,encontre,Post-Introduction,Detection,Detection,2011,2011-06-01T12:00:00Z,comment,2323,1,comment_006448,,FALSE
video_004286,2018-08-23T13:37:07Z,336143,,207,Vespa_velutina,Portugal,Insects,established,peligro,Post-Introduction,Threat,Threat,2011,2011-06-01T12:00:00Z,comment,2323,0,comment_009907,,FALSE
video_004286,2018-08-23T11:55:59Z,336143,,207,Vespa_velutina,Portugal,Insects,established,trampas,Post-Introduction,Detection,Detection,2011,2011-06-01T12:00:00Z,comment,2323,0,comment_005892,,FALSE
video_004286,2018-07-28T20:39:06Z,336143,,207,Vespa_velutina,Portugal,Insects,established,visto,Post-Introduction,Detection,Detection,2011,2011-06-01T12:00:00Z,comment,2323,3,comment_007263,,FALSE
video_004286,2018-07-19T16:38:40Z,336143,,207,Vespa_velutina,Portugal,Insects,established,cara,Post-Introduction,eCommerce,eCommerce,2011,2011-06-01T12:00:00Z,comment,2323,2,comment_002217,,FALSE
video_004286,2018-07-19T16:38:40Z,336143,,207,Vespa_velutina,Portugal,Insects,established,visto,Post-Introduction,Detection,Detection,2011,2011-06-01T12:00:00Z,comment,2323,2,comment_002217,,FALSE
video_004286,2018-05-30T00:54:02Z,336143,,207,Vespa_velutina,Portugal,Insects,established,trampa,Post-Introduction,Detection,Detection,2011,2011-06-01T12:00:00Z,comment,2323,0,comment_003402,,FALSE
video_004286,2018-03-31T23:01:07Z,336143,,207,Vespa_velutina,Portugal,Insects,established,peligroso,Post-Introduction,Threat,Threat,2011,2011-06-01T12:00:00Z,comment,2323,1,comment_003028,,FALSE
video_004286,2018-03-31T23:01:07Z,336143,,207,Vespa_velutina,Portugal,Insects,established,control,Post-Introduction,Detection,Detection,2011,2011-06-01T12:00:00Z,comment,2323,1,comment_003028,,FALSE
video_004286,2018-03-23T08:45:07Z,336143,,207,Vespa_velutina,Portugal,Insects,established,trampa,Post-Introduction,Detection,Detection,2011,2011-06-01T12:00:00Z,comment,2323,14,comment_007898,,FALSE
video_004286,2018-01-05T14:37:29Z,336143,,207,Vespa_velutina,Portugal,Insects,established,veneno,Post-Introduction,Threat,Threat,2011,2011-06-01T12:00:00Z,comment,2323,3,comment_007240,,FALSE
video_004286,2017-12-28T18:28:11Z,336143,,207,Vespa_velutina,Portugal,Insects,established,trampa,Post-Introduction,Detection,Detection,2011,2011-06-01T12:00:00Z,comment,2323,1,comment_007797,,FALSE
video_004286,2017-11-15T15:33:30Z,336143,,207,Vespa_velutina,Portugal,Insects,established,atacado,Post-Introduction,Threat,Threat,2011,2011-06-01T12:00:00Z,comment,2323,1,comment_012404,,FALSE
video_004286,2017-11-12T10:21:59Z,336143,,207,Vespa_velutina,Portugal,Insects,established,invasora,Post-Introduction,Invasion,Invasion,2011,2011-06-01T12:00:00Z,comment,2323,4,comment_015013,,FALSE
video_004286,2017-11-06T19:01:59Z,336143,,207,Vespa_velutina,Portugal,Insects,established,trampa,Post-Introduction,Detection,Detection,2011,2011-06-01T12:00:00Z,comment,2323,1,comment_014816,,FALSE
video_004286,2017-11-06T19:01:59Z,336143,,207,Vespa_velutina,Portugal,Insects,established,trampa,Post-Introduction,Detection,Detection,2011,2011-06-01T12:00:00Z,comment,2323,1,comment_014816,,FALSE
video_004286,2017-11-06T19:01:59Z,336143,,207,Vespa_velutina,Portugal,Insects,established,visto,Post-Introduction,Detection,Detection,2011,2011-06-01T12:00:00Z,comment,2323,1,comment_014816,,FALSE
video_004286,2017-11-06T19:01:59Z,336143,,207,Vespa_velutina,Portugal,Insects,established,trampa,Post-Introduction,Detection,Detection,2011,2011-06-01T12:00:00Z,comment,2323,1,comment_014816,,FALSE
video_004286,2017-11-06T19:01:59Z,336143,,207,Vespa_velutina,Portugal,Insects,established,trampa,Post-Introduction,Detection,Detection,2011,2011-06-01T12:00:00Z,comment,2323,1,comment_014816,,FALSE
video_004286,2017-10-22T16:33:35Z,336143,,207,Vespa_velutina,Portugal,Insects,established,trampa,Post-Introduction,Detection,Detection,2011,2011-06-01T12:00:00Z,comment,2323,1,comment_007225,,FALSE
video_004286,2017-09-24T19:29:19Z,336143,,207,Vespa_velutina,Portugal,Insects,established,trampas,Post-Introduction,Detection,Detection,2011,2011-06-01T12:00:00Z,comment,2323,5,comment_012188,,FALSE
video_004286,2017-09-24T19:29:19Z,336143,,207,Vespa_velutina,Portugal,Insects,established,trampa,Post-Introduction,Detection,Detection,2011,2011-06-01T12:00:00Z,comment,2323,5,comment_012188,,FALSE
video_004286,2017-09-14T16:07:00Z,336143,,207,Vespa_velutina,Portugal,Insects,established,trampa,Post-Introduction,Detection,Detection,2011,2011-06-01T12:00:00Z,comment,2323,6,comment_012959,,FALSE
video_004286,2017-09-09T22:58:05Z,336143,,207,Vespa_velutina,Portugal,Insects,established,trampa,Post-Introduction,Detection,Detection,2011,2011-06-01T12:00:00Z,comment,2323,1,comment_009166,,FALSE
video_004286,2017-09-09T22:58:05Z,336143,,207,Vespa_velutina,Portugal,Insects,established,trampa,Post-Introduction,Detection,Detection,2011,2011-06-01T12:00:00Z,comment,2323,1,comment_009166,,FALSE
video_004286,2017-09-09T09:57:56Z,336143,,207,Vespa_velutina,Portugal,Insects,established,trampa,Post-Introduction,Detection,Detection,2011,2011-06-01T12:00:00Z,comment,2323,1,comment_009345,,FALSE
video_004286,2017-09-06T23:21:47Z,336143,,207,Vespa_velutina,Portugal,Insects,established,veneno,Post-Introduction,Threat,Threat,2011,2011-06-01T12:00:00Z,comment,2323,1,comment_003497,,FALSE
video_004286,2017-09-06T22:12:11Z,336143,,207,Vespa_velutina,Portugal,Insects,established,plagas,Post-Introduction,Invasion,Invasion,2011,2011-06-01T12:00:00Z,comment,2323,1,comment_014295,,FALSE
video_004286,2017-09-06T22:12:11Z,336143,,207,Vespa_velutina,Portugal,Insects,established,plagas,Post-Introduction,Invasion,Invasion,2011,2011-06-01T12:00:00Z,comment,2323,1,comment_014295,,FALSE
video_004286,2017-09-06T21:57:10Z,336143,,207,Vespa_velutina,Portugal,Insects,established,trampa,Post-Introduction,Detection,Detection,2011,2011-06-01T12:00:00Z,comment,2323,21,comment_004185,,FALSE
video_004286,2020-10-24T18:24:00Z,336143,,207,Vespa_velutina,Portugal,Insects,established,plaga,Post-Introduction,Invasion,Invasion,2011,2011-06-01T12:00:00Z,comment,2323,1,comment_005389,comment_005388,TRUE
video_004286,2020-05-27T18:37:01Z,336143,,207,Vespa_velutina,Portugal,Insects,established,trampa,Post-Introduction,Detection,Detection,2011,2011-06-01T12:00:00Z,comment,2323,1,comment_004761,comment_004760,TRUE
video_004286,2020-05-09T00:50:48Z,336143,,207,Vespa_velutina,Portugal,Insects,established,trampa,Post-Introduction,Detection,Detection,2011,2011-06-01T12:00:00Z,comment,2323,1,comment_006730,comment_006728,TRUE
video_004286,2018-09-18T17:18:46Z,336143,,207,Vespa_velutina,Portugal,Insects,established,cara,Post-Introduction,eCommerce,eCommerce,2011,2011-06-01T12:00:00Z,comment,2323,1,comment_012596,comment_012595,TRUE
video_004286,2018-09-20T12:13:02Z,336143,,207,Vespa_velutina,Portugal,Insects,established,praga,Post-Introduction,Invasion,Invasion,2011,2011-06-01T12:00:00Z,comment,2323,0,comment_012597,comment_012595,TRUE
video_004286,2019-07-04T01:25:09Z,336143,,207,Vespa_velutina,Portugal,Insects,established,invasora,Post-Introduction,Invasion,Invasion,2011,2011-06-01T12:00:00Z,comment,2323,0,comment_012600,comment_012595,TRUE
video_004286,2019-07-04T01:25:09Z,336143,,207,Vespa_velutina,Portugal,Insects,established,visto,Post-Introduction,Detection,Detection,2011,2011-06-01T12:00:00Z,comment,2323,0,comment_012600,comment_012595,TRUE
video_004286,2019-07-04T01:25:09Z,336143,,207,Vespa_velutina,Portugal,Insects,established,amenaza,Post-Introduction,Threat,Threat,2011,2011-06-01T12:00:00Z,comment,2323,0,comment_012600,comment_012595,TRUE
video_004286,2019-07-04T01:25:09Z,336143,,207,Vespa_velutina,Portugal,Insects,established,controlado,Post-Introduction,Detection,Detection,2011,2011-06-01T12:00:00Z,comment,2323,0,comment_012600,comment_012595,TRUE
video_004286,2021-10-12T07:48:02Z,336143,,207,Vespa_velutina,Portugal,Insects,established,trampas,Post-Introduction,Detection,Detection,2011,2011-06-01T12:00:00Z,comment,2323,0,comment_007266,comment_007263,TRUE
video_004286,2018-07-23T19:57:38Z,336143,,207,Vespa_velutina,Portugal,Insects,established,trampa,Post-Introduction,Detection,Detection,2011,2011-06-01T12:00:00Z,comment,2323,0,comment_012081,comment_012080,TRUE
video_004286,2018-07-23T20:53:59Z,336143,,207,Vespa_velutina,Portugal,Insects,established,peligro,Post-Introduction,Threat,Threat,2011,2011-06-01T12:00:00Z,comment,2323,0,comment_012083,comment_012080,TRUE
video_004286,2018-09-20T12:17:19Z,336143,,207,Vespa_velutina,Portugal,Insects,established,introducida,Post-Introduction,Invasion,Invasion,2011,2011-06-01T12:00:00Z,comment,2323,0,comment_002219,comment_002217,TRUE
video_004286,2018-09-20T12:17:19Z,336143,,207,Vespa_velutina,Portugal,Insects,established,trampa,Post-Introduction,Detection,Detection,2011,2011-06-01T12:00:00Z,comment,2323,0,comment_002219,comment_002217,TRUE
video_004286,2018-04-01T09:22:13Z,336143,,207,Vespa_velutina,Portugal,Insects,established,veneno,Post-Introduction,Threat,Threat,2011,2011-06-01T12:00:00Z,comment,2323,1,comment_003029,comment_003028,TRUE
video_004286,2018-02-19T22:41:38Z,336143,,207,Vespa_velutina,Portugal,Insects,established,trampas,Post-Introduction,Detection,Detection,2011,2011-06-01T12:00:00Z,comment,2323,0,comment_004332,comment_004331,TRUE
video_004286,2018-01-05T20:07:25Z,336143,,207,Vespa_velutina,Portugal,Insects,established,veneno,Post-Introduction,Threat,Threat,2011,2011-06-01T12:00:00Z,comment,2323,1,comment_007241,comment_007240,TRUE
video_004286,2018-03-31T23:04:20Z,336143,,207,Vespa_velutina,Portugal,Insects,established,veneno,Post-Introduction,Threat,Threat,2011,2011-06-01T12:00:00Z,comment,2323,0,comment_007242,comment_007240,TRUE
video_004286,2018-03-31T23:04:20Z,336143,,207,Vespa_velutina,Portugal,Insects,established,peligroso,Post-Introduction,Threat,Threat,2011,2011-06-01T12:00:00Z,comment,2323,0,comment_007242,comment_007240,TRUE
video_004286,2017-11-15T18:27:12Z,336143,,207,Vespa_velutina,Portugal,Insects,established,amenaza,Post-Introduction,Threat,Threat,2011,2011-06-01T12:00:00Z,comment,2323,0,comment_012405,comment_012404,TRUE
video_004286,2017-11-15T18:27:12Z,336143,,207,Vespa_velutina,Portugal,Insects,established,plaga,Post-Introduction,Invasion,Invasion,2011,2011-06-01T12:00:00Z,comment,2323,0,comment_012405,comment_012404,TRUE
video_004286,2017-11-15T18:27:12Z,336143,,207,Vespa_velutina,Portugal,Insects,established,invasora,Post-Introduction,Invasion,Invasion,2011,2011-06-01T12:00:00Z,comment,2323,0,comment_012405,comment_012404,TRUE
video_004286,2017-11-13T15:18:26Z,336143,,207,Vespa_velutina,Portugal,Insects,established,trampas,Post-Introduction,Detection,Detection,2011,2011-06-01T12:00:00Z,comment,2323,1,comment_015015,comment_015013,TRUE
video_004286,2017-11-13T15:27:16Z,336143,,207,Vespa_velutina,Portugal,Insects,established,precio,Post-Introduction,eCommerce,eCommerce,2011,2011-06-01T12:00:00Z,comment,2323,1,comment_015016,comment_015013,TRUE
video_004286,2017-10-23T00:16:04Z,336143,,207,Vespa_velutina,Portugal,Insects,established,trampa,Post-Introduction,Detection,Detection,2011,2011-06-01T12:00:00Z,comment,2323,0,comment_007226,comment_007225,TRUE
video_004286,2017-10-20T06:26:48Z,336143,,207,Vespa_velutina,Portugal,Insects,established,trampa,Post-Introduction,Detection,Detection,2011,2011-06-01T12:00:00Z,comment,2323,1,comment_004358,comment_004356,TRUE
video_004286,2017-09-25T17:01:35Z,336143,,207,Vespa_velutina,Portugal,Insects,established,trampas,Post-Introduction,Detection,Detection,2011,2011-06-01T12:00:00Z,comment,2323,0,comment_014005,comment_014004,TRUE
video_004286,2017-09-25T17:04:50Z,336143,,207,Vespa_velutina,Portugal,Insects,established,capturar,Post-Introduction,Detection,Detection,2011,2011-06-01T12:00:00Z,comment,2323,0,comment_012189,comment_012188,TRUE
video_004286,2017-09-14T16:13:20Z,336143,,207,Vespa_velutina,Portugal,Insects,established,trampa,Post-Introduction,Detection,Detection,2011,2011-06-01T12:00:00Z,comment,2323,0,comment_012960,comment_012959,TRUE
video_004286,2017-09-14T16:13:20Z,336143,,207,Vespa_velutina,Portugal,Insects,established,captura,Post-Introduction,Detection,Detection,2011,2011-06-01T12:00:00Z,comment,2323,0,comment_012960,comment_012959,TRUE
video_004286,2017-09-14T16:13:20Z,336143,,207,Vespa_velutina,Portugal,Insects,established,trampa,Post-Introduction,Detection,Detection,2011,2011-06-01T12:00:00Z,comment,2323,0,comment_012960,comment_012959,TRUE
video_004286,2018-04-18T18:59:43Z,336143,,207,Vespa_velutina,Portugal,Insects,established,trampa,Post-Introduction,Detection,Detection,2011,2011-06-01T12:00:00Z,comment,2323,0,comment_012961,comment_012959,TRUE
video_004286,2017-09-09T13:10:12Z,336143,,207,Vespa_velutina,Portugal,Insects,established,plagas,Post-Introduction,Invasion,Invasion,2011,2011-06-01T12:00:00Z,comment,2323,0,comment_009346,comment_009345,TRUE
video_004286,2017-09-08T06:26:52Z,336143,,207,Vespa_velutina,Portugal,Insects,established,plaga,Post-Introduction,Invasion,Invasion,2011,2011-06-01T12:00:00Z,comment,2323,1,comment_010785,comment_010783,TRUE
video_004286,2017-09-08T06:26:52Z,336143,,207,Vespa_velutina,Portugal,Insects,established,encontramos,Post-Introduction,Detection,Detection,2011,2011-06-01T12:00:00Z,comment,2323,1,comment_010785,comment_010783,TRUE
video_004286,2017-09-08T06:26:52Z,336143,,207,Vespa_velutina,Portugal,Insects,established,invasoras,Post-Introduction,Invasion,Invasion,2011,2011-06-01T12:00:00Z,comment,2323,1,comment_010785,comment_010783,TRUE
video_004286,2017-09-08T19:32:59Z,336143,,207,Vespa_velutina,Portugal,Insects,established,plagas,Post-Introduction,Invasion,Invasion,2011,2011-06-01T12:00:00Z,comment,2323,0,comment_010786,comment_010783,TRUE
video_004286,2017-09-08T19:32:59Z,336143,,207,Vespa_velutina,Portugal,Insects,established,invasoras,Post-Introduction,Invasion,Invasion,2011,2011-06-01T12:00:00Z,comment,2323,0,comment_010786,comment_010783,TRUE
video_004286,2017-09-07T13:52:03Z,336143,,207,Vespa_velutina,Portugal,Insects,established,visto,Post-Introduction,Detection,Detection,2011,2011-06-01T12:00:00Z,comment,2323,1,comment_003498,comment_003497,TRUE
video_004286,2017-09-07T13:52:03Z,336143,,207,Vespa_velutina,Portugal,Insects,established,trampa,Post-Introduction,Detection,Detection,2011,2011-06-01T12:00:00Z,comment,2323,1,comment_003498,comment_003497,TRUE
video_004286,2017-09-07T13:55:40Z,336143,,207,Vespa_velutina,Portugal,Insects,established,plaga,Post-Introduction,Invasion,Invasion,2011,2011-06-01T12:00:00Z,comment,2323,1,comment_014296,comment_014295,TRUE
video_004286,2017-09-07T14:00:20Z,336143,,207,Vespa_velutina,Portugal,Insects,established,encontrado,Post-Introduction,Detection,Detection,2011,2011-06-01T12:00:00Z,comment,2323,4,comment_004186,comment_004185,TRUE
video_004286,2017-11-03T19:22:24Z,336143,,207,Vespa_velutina,Portugal,Insects,established,visto,Post-Introduction,Detection,Detection,2011,2011-06-01T12:00:00Z,comment,2323,1,comment_004187,comment_004185,TRUE
video_004286,2017-11-06T19:04:02Z,336143,,207,Vespa_velutina,Portugal,Insects,established,trampa,Post-Introduction,Detection,Detection,2011,2011-06-01T12:00:00Z,comment,2323,2,comment_004188,comment_004185,TRUE
video_004286,2017-11-06T19:23:23Z,336143,,207,Vespa_velutina,Portugal,Insects,established,visto,Post-Introduction,Detection,Detection,2011,2011-06-01T12:00:00Z,comment,2323,2,comment_004190,comment_004185,TRUE
video_004286,2017-09-07T14:07:45Z,336143,,207,Vespa_velutina,Portugal,Insects,established,barato,Post-Introduction,eCommerce,eCommerce,2011,2011-06-01T12:00:00Z,comment,2323,0,comment_003485,comment_003484,TRUE
video_004286,2017-09-06T18:27:32Z,336143,,207,Vespa_velutina,Portugal,Insects,established,plaga,Post-Introduction,Invasion,Invasion,2011,2011-06-01T12:00:00Z,comment,2323,1,comment_003055,comment_003054,TRUE
video_004286,2017-09-06T18:18:25Z,336143,,207,Vespa_velutina,Portugal,Insects,established,trampa,Post-Introduction,Detection,Detection,2011,2011-06-01T12:00:00Z,comment,2323,3,comment_012620,comment_012619,TRUE
video_000340,2018-09-18T22:17:18Z,1335,,10,Vespa_velutina,Portugal,Insects,established,control,Post-Introduction,Detection,Detection,2011,2011-06-01T12:00:00Z,comment,38,1,comment_007629,,FALSE
video_000340,2018-09-21T13:29:07Z,1335,,10,Vespa_velutina,Portugal,Insects,established,plaga,Post-Introduction,Invasion,Invasion,2011,2011-06-01T12:00:00Z,comment,38,0,comment_006249,comment_006248,TRUE
video_016127,2020-06-12T23:00:17Z,65330,,106,Vespa_velutina,Portugal,Insects,established,alerta,Post-Introduction,Detection,Detection,2011,2011-06-01T12:00:00Z,comment,509,1,comment_001529,,FALSE
video_016127,2020-05-09T10:46:44Z,65330,,106,Vespa_velutina,Portugal,Insects,established,plaga,Post-Introduction,Invasion,Invasion,2011,2011-06-01T12:00:00Z,comment,509,0,comment_011912,,FALSE
video_016127,2020-05-09T10:46:44Z,65330,,106,Vespa_velutina,Portugal,Insects,established,plaga,Post-Introduction,Invasion,Invasion,2011,2011-06-01T12:00:00Z,comment,509,0,comment_011912,,FALSE
video_016127,2020-05-05T13:52:14Z,65330,,106,Vespa_velutina,Portugal,Insects,established,plaga,Post-Introduction,Invasion,Invasion,2011,2011-06-01T12:00:00Z,comment,509,2,comment_005999,,FALSE
video_016127,2018-11-04T22:07:05Z,65330,,106,Vespa_velutina,Portugal,Insects,established,plagas,Post-Introduction,Invasion,Invasion,2011,2011-06-01T12:00:00Z,comment,509,1,comment_012176,,FALSE
video_016127,2018-01-25T11:41:58Z,65330,,106,Vespa_velutina,Portugal,Insects,established,plaga,Post-Introduction,Invasion,Invasion,2011,2011-06-01T12:00:00Z,comment,509,2,comment_014309,,FALSE
video_016127,2018-01-25T11:41:58Z,65330,,106,Vespa_velutina,Portugal,Insects,established,trampas,Post-Introduction,Detection,Detection,2011,2011-06-01T12:00:00Z,comment,509,2,comment_014309,,FALSE
video_016127,2018-01-25T11:41:58Z,65330,,106,Vespa_velutina,Portugal,Insects,established,capturas,Post-Introduction,Detection,Detection,2011,2011-06-01T12:00:00Z,comment,509,2,comment_014309,,FALSE
video_016127,2018-01-25T11:41:58Z,65330,,106,Vespa_velutina,Portugal,Insects,established,plaga,Post-Introduction,Invasion,Invasion,2011,2011-06-01T12:00:00Z,comment,509,2,comment_014309,,FALSE
video_016127,2018-01-25T11:41:58Z,65330,,106,Vespa_velutina,Portugal,Insects,established,aparecido,Post-Introduction,Detection,Detection,2011,2011-06-01T12:00:00Z,comment,509,2,comment_014309,,FALSE
video_016127,2017-12-16T16:08:24Z,65330,,106,Vespa_velutina,Portugal,Insects,established,dinheiro,Post-Introduction,eCommerce,eCommerce,2011,2011-06-01T12:00:00Z,comment,509,2,comment_008915,,FALSE
video_016127,2017-12-16T16:08:24Z,65330,,106,Vespa_velutina,Portugal,Insects,established,descoberta,Post-Introduction,Detection,Detection,2011,2011-06-01T12:00:00Z,comment,509,2,comment_008915,,FALSE
video_016127,2017-12-16T16:08:24Z,65330,,106,Vespa_velutina,Portugal,Insects,established,praga,Post-Introduction,Invasion,Invasion,2011,2011-06-01T12:00:00Z,comment,509,2,comment_008915,,FALSE
video_016127,2017-12-04T22:18:47Z,65330,,106,Vespa_velutina,Portugal,Insects,established,veneno,Post-Introduction,Threat,Threat,2011,2011-06-01T12:00:00Z,comment,509,2,comment_010403,,FALSE
video_016127,2017-11-05T13:40:49Z,65330,,106,Vespa_velutina,Portugal,Insects,established,plaga,Post-Introduction,Invasion,Invasion,2011,2011-06-01T12:00:00Z,comment,509,2,comment_011025,,FALSE
video_016127,2017-11-05T13:40:49Z,65330,,106,Vespa_velutina,Portugal,Insects,established,captura,Post-Introduction,Detection,Detection,2011,2011-06-01T12:00:00Z,comment,509,2,comment_011025,,FALSE
video_016127,2017-09-24T13:36:32Z,65330,,106,Vespa_velutina,Portugal,Insects,established,plaga,Post-Introduction,Invasion,Invasion,2011,2011-06-01T12:00:00Z,comment,509,14,comment_008932,,FALSE
video_016127,2017-09-24T13:36:32Z,65330,,106,Vespa_velutina,Portugal,Insects,established,invasora,Post-Introduction,Invasion,Invasion,2011,2011-06-01T12:00:00Z,comment,509,14,comment_008932,,FALSE
video_016127,2017-09-24T13:36:32Z,65330,,106,Vespa_velutina,Portugal,Insects,established,danina,Post-Introduction,Threat,Threat,2011,2011-06-01T12:00:00Z,comment,509,14,comment_008932,,FALSE
video_016127,2017-09-13T19:27:51Z,65330,,106,Vespa_velutina,Portugal,Insects,established,plaga,Post-Introduction,Invasion,Invasion,2011,2011-06-01T12:00:00Z,comment,509,7,comment_008720,,FALSE
video_016127,2017-09-13T11:15:33Z,65330,,106,Vespa_velutina,Portugal,Insects,established,afectando,Post-Introduction,Invasion,Invasion,2011,2011-06-01T12:00:00Z,comment,509,2,comment_003830,,FALSE
video_016127,2017-09-13T11:15:33Z,65330,,106,Vespa_velutina,Portugal,Insects,established,veneno,Post-Introduction,Threat,Threat,2011,2011-06-01T12:00:00Z,comment,509,2,comment_003830,,FALSE
video_016127,2017-09-13T01:53:21Z,65330,,106,Vespa_velutina,Portugal,Insects,established,visto,Post-Introduction,Detection,Detection,2011,2011-06-01T12:00:00Z,comment,509,2,comment_006512,,FALSE
video_016127,2017-09-12T20:55:34Z,65330,,106,Vespa_velutina,Portugal,Insects,established,plaga,Post-Introduction,Invasion,Invasion,2011,2011-06-01T12:00:00Z,comment,509,2,comment_010323,,FALSE
video_016127,2018-08-09T12:13:26Z,65330,,106,Vespa_velutina,Portugal,Insects,established,plaga,Post-Introduction,Invasion,Invasion,2011,2011-06-01T12:00:00Z,comment,509,0,comment_004551,comment_004550,TRUE
video_016127,2018-01-25T13:33:04Z,65330,,106,Vespa_velutina,Portugal,Insects,established,plaga,Post-Introduction,Invasion,Invasion,2011,2011-06-01T12:00:00Z,comment,509,1,comment_014310,comment_014309,TRUE
video_016127,2018-01-25T13:33:04Z,65330,,106,Vespa_velutina,Portugal,Insects,established,plaga,Post-Introduction,Invasion,Invasion,2011,2011-06-01T12:00:00Z,comment,509,1,comment_014310,comment_014309,TRUE
video_016127,2018-01-25T13:33:04Z,65330,,106,Vespa_velutina,Portugal,Insects,established,plaga,Post-Introduction,Invasion,Invasion,2011,2011-06-01T12:00:00Z,comment,509,1,comment_014310,comment_014309,TRUE
video_016127,2018-01-25T13:33:04Z,65330,,106,Vespa_velutina,Portugal,Insects,established,compra,Post-Introduction,eCommerce,eCommerce,2011,2011-06-01T12:00:00Z,comment,509,1,comment_014310,comment_014309,TRUE
video_016127,2018-01-25T13:33:04Z,65330,,106,Vespa_velutina,Portugal,Insects,established,controlar,Post-Introduction,Detection,Detection,2011,2011-06-01T12:00:00Z,comment,509,1,comment_014310,comment_014309,TRUE
video_016127,2018-01-25T13:33:04Z,65330,,106,Vespa_velutina,Portugal,Insects,established,plagas,Post-Introduction,Invasion,Invasion,2011,2011-06-01T12:00:00Z,comment,509,1,comment_014310,comment_014309,TRUE
video_016127,2018-01-25T13:33:04Z,65330,,106,Vespa_velutina,Portugal,Insects,established,invasoras,Post-Introduction,Invasion,Invasion,2011,2011-06-01T12:00:00Z,comment,509,1,comment_014310,comment_014309,TRUE
video_016127,2018-01-25T13:33:04Z,65330,,106,Vespa_velutina,Portugal,Insects,established,plagas,Post-Introduction,Invasion,Invasion,2011,2011-06-01T12:00:00Z,comment,509,1,comment_014310,comment_014309,TRUE
video_016127,2018-01-25T13:33:04Z,65330,,106,Vespa_velutina,Portugal,Insects,established,plagas,Post-Introduction,Invasion,Invasion,2011,2011-06-01T12:00:00Z,comment,509,1,comment_014310,comment_014309,TRUE
video_016127,2017-12-17T16:18:03Z,65330,,106,Vespa_velutina,Portugal,Insects,established,precio,Post-Introduction,eCommerce,eCommerce,2011,2011-06-01T12:00:00Z,comment,509,0,comment_008916,comment_008915,TRUE
video_016127,2017-09-13T15:11:33Z,65330,,106,Vespa_velutina,Portugal,Insects,established,plaga,Post-Introduction,Invasion,Invasion,2011,2011-06-01T12:00:00Z,comment,509,2,comment_010333,comment_010332,TRUE
video_016127,2017-09-13T15:18:54Z,65330,,106,Vespa_velutina,Portugal,Insects,established,controlada,Post-Introduction,Detection,Detection,2011,2011-06-01T12:00:00Z,comment,509,1,comment_006513,comment_006512,TRUE
video_016127,2017-09-12T22:16:01Z,65330,,106,Vespa_velutina,Portugal,Insects,established,controlar,Post-Introduction,Detection,Detection,2011,2011-06-01T12:00:00Z,comment,509,0,comment_003091,comment_003090,TRUE
video_016127,2018-01-01T07:54:10Z,65330,,106,Vespa_velutina,Portugal,Insects,established,nativa,Post-Introduction,Invasion,Invasion,2011,2011-06-01T12:00:00Z,comment,509,1,comment_003094,comment_003090,TRUE
video_016127,2018-01-01T07:54:10Z,65330,,106,Vespa_velutina,Portugal,Insects,established,avistado,Post-Introduction,Detection,Detection,2011,2011-06-01T12:00:00Z,comment,509,1,comment_003094,comment_003090,TRUE
video_016127,2018-01-01T07:54:10Z,65330,,106,Vespa_velutina,Portugal,Insects,established,custos,Post-Introduction,eCommerce,eCommerce,2011,2011-06-01T12:00:00Z,comment,509,1,comment_003094,comment_003090,TRUE
video_016127,2017-09-12T19:45:22Z,65330,,106,Vespa_velutina,Portugal,Insects,established,precio,Post-Introduction,eCommerce,eCommerce,2011,2011-06-01T12:00:00Z,comment,509,0,comment_014462,comment_014461,TRUE
video_015133,2019-06-23T19:45:47Z,10944,,5,Vespa_velutina,Portugal,Insects,established,dinero,Post-Introduction,eCommerce,eCommerce,2011,2011-06-01T12:00:00Z,comment,34,0,comment_012403,comment_012401,TRUE
video_011465,2024-07-01T08:23:08Z,27909,,18,Vespa_velutina,Portugal,Insects,established,invadir,Post-Introduction,Invasion,Invasion,2011,2011-06-01T12:00:00Z,comment,117,0,comment_004330,,FALSE
video_010044,2024-12-25T23:27:30Z,2012,,5,Vespa_velutina,Portugal,Insects,established,trampa,Post-Introduction,Detection,Detection,2011,2011-06-01T12:00:00Z,comment,34,0,comment_010385,,FALSE
video_010044,2024-08-11T12:50:17Z,2012,,5,Vespa_velutina,Portugal,Insects,established,plaga,Post-Introduction,Invasion,Invasion,2011,2011-06-01T12:00:00Z,comment,34,2,comment_002491,,FALSE
video_010044,2024-08-11T12:50:17Z,2012,,5,Vespa_velutina,Portugal,Insects,established,trampa,Post-Introduction,Detection,Detection,2011,2011-06-01T12:00:00Z,comment,34,2,comment_002491,,FALSE
video_010044,2024-08-11T12:50:17Z,2012,,5,Vespa_velutina,Portugal,Insects,established,trampa,Post-Introduction,Detection,Detection,2011,2011-06-01T12:00:00Z,comment,34,2,comment_002491,,FALSE
video_010044,2024-08-11T12:50:17Z,2012,,5,Vespa_velutina,Portugal,Insects,established,plaga,Post-Introduction,Invasion,Invasion,2011,2011-06-01T12:00:00Z,comment,34,2,comment_002491,,FALSE
video_010044,2024-08-04T01:22:59Z,2012,,5,Vespa_velutina,Portugal,Insects,established,caro,Post-Introduction,eCommerce,eCommerce,2011,2011-06-01T12:00:00Z,comment,34,1,comment_008816,,FALSE
video_010044,2024-08-04T01:22:59Z,2012,,5,Vespa_velutina,Portugal,Insects,established,peligro,Post-Introduction,Threat,Threat,2011,2011-06-01T12:00:00Z,comment,34,1,comment_008816,,FALSE
video_005205,2023-12-04T20:09:41Z,451,,5,Vespa_velutina,Portugal,Insects,established,trampa,Post-Introduction,Detection,Detection,2011,2011-06-01T12:00:00Z,comment,28,1,comment_005849,,FALSE
video_005056,2020-12-05T23:20:05Z,7995,,6,Vespa_velutina,Portugal,Insects,established,trampas,Post-Introduction,Detection,Detection,2011,2011-06-01T12:00:00Z,comment,39,0,comment_007443,,FALSE
video_005927,2021-08-01T18:56:48Z,12767,,27,Vespa_velutina,Portugal,Insects,established,veneno,Post-Introduction,Threat,Threat,2011,2011-06-01T12:00:00Z,comment,179,0,comment_005371,,FALSE
video_005927,2020-05-08T05:31:08Z,12767,,27,Vespa_velutina,Portugal,Insects,established,afectando,Post-Introduction,Invasion,Invasion,2011,2011-06-01T12:00:00Z,comment,179,1,comment_013751,,FALSE
video_005927,2020-01-09T10:08:55Z,12767,,27,Vespa_velutina,Portugal,Insects,established,visto,Post-Introduction,Detection,Detection,2011,2011-06-01T12:00:00Z,comment,179,0,comment_007863,,FALSE
video_005927,2019-10-12T18:01:40Z,12767,,27,Vespa_velutina,Portugal,Insects,established,comprar,Post-Introduction,eCommerce,eCommerce,2011,2011-06-01T12:00:00Z,comment,179,0,comment_012210,,FALSE
video_005927,2019-10-11T21:09:34Z,12767,,27,Vespa_velutina,Portugal,Insects,established,trampas,Post-Introduction,Detection,Detection,2011,2011-06-01T12:00:00Z,comment,179,2,comment_002985,,FALSE
video_010549,2022-09-23T11:42:43Z,72141,,36,Vespa_velutina,Portugal,Insects,established,trampas,Post-Introduction,Detection,Detection,2011,2011-06-01T12:00:00Z,comment,477,0,comment_002365,,FALSE
video_010549,2021-12-16T01:56:37Z,72141,,36,Vespa_velutina,Portugal,Insects,established,plaga,Post-Introduction,Invasion,Invasion,2011,2011-06-01T12:00:00Z,comment,477,0,comment_014924,,FALSE
video_010549,2020-05-05T01:46:25Z,72141,,36,Vespa_velutina,Portugal,Insects,established,visto,Post-Introduction,Detection,Detection,2011,2011-06-01T12:00:00Z,comment,477,0,comment_013462,,FALSE
video_010549,2018-12-10T12:43:37Z,72141,,36,Vespa_velutina,Portugal,Insects,established,plaga,Post-Introduction,Invasion,Invasion,2011,2011-06-01T12:00:00Z,comment,477,11,comment_011945,,FALSE
video_007764,2020-05-17T00:25:41Z,76821,,63,Vespa_velutina,Portugal,Insects,established,invasora,Post-Introduction,Invasion,Invasion,2011,2011-06-01T12:00:00Z,comment,908,1,comment_003230,,FALSE
video_007764,2020-05-09T06:25:00Z,76821,,63,Vespa_velutina,Portugal,Insects,established,veneno,Post-Introduction,Threat,Threat,2011,2011-06-01T12:00:00Z,comment,908,0,comment_003903,,FALSE
video_007764,2019-12-08T21:44:35Z,76821,,63,Vespa_velutina,Portugal,Insects,established,cara,Post-Introduction,eCommerce,eCommerce,2011,2011-06-01T12:00:00Z,comment,908,0,comment_013676,,FALSE
video_007764,2019-12-08T21:44:35Z,76821,,63,Vespa_velutina,Portugal,Insects,established,visto,Post-Introduction,Detection,Detection,2011,2011-06-01T12:00:00Z,comment,908,0,comment_013676,,FALSE
video_007764,2018-10-10T14:47:56Z,76821,,63,Vespa_velutina,Portugal,Insects,established,trampas,Post-Introduction,Detection,Detection,2011,2011-06-01T12:00:00Z,comment,908,6,comment_014041,,FALSE
video_007764,2018-10-10T14:47:56Z,76821,,63,Vespa_velutina,Portugal,Insects,established,control,Post-Introduction,Detection,Detection,2011,2011-06-01T12:00:00Z,comment,908,6,comment_014041,,FALSE
video_007764,2018-10-10T14:47:56Z,76821,,63,Vespa_velutina,Portugal,Insects,established,plaga,Post-Introduction,Invasion,Invasion,2011,2011-06-01T12:00:00Z,comment,908,6,comment_014041,,FALSE
video_007764,2018-01-08T14:27:41Z,76821,,63,Vespa_velutina,Portugal,Insects,established,trampas,Post-Introduction,Detection,Detection,2011,2011-06-01T12:00:00Z,comment,908,1,comment_004773,,FALSE
video_007764,2018-01-08T14:27:41Z,76821,,63,Vespa_velutina,Portugal,Insects,established,trampas,Post-Introduction,Detection,Detection,2011,2011-06-01T12:00:00Z,comment,908,1,comment_004773,,FALSE
video_007764,2018-01-08T14:27:41Z,76821,,63,Vespa_velutina,Portugal,Insects,established,trampa,Post-Introduction,Detection,Detection,2011,2011-06-01T12:00:00Z,comment,908,1,comment_004773,,FALSE
video_007764,2017-12-06T16:04:31Z,76821,,63,Vespa_velutina,Portugal,Insects,established,capturar,Post-Introduction,Detection,Detection,2011,2011-06-01T12:00:00Z,comment,908,0,comment_005504,,FALSE
video_002646,2020-10-30T13:03:29Z,335,,3,Vespa_velutina,Portugal,Insects,established,invasora,Post-Introduction,Invasion,Invasion,2011,2011-06-01T12:00:00Z,comment,7,2,comment_012812,comment_012811,TRUE
video_002433,2019-07-17T23:43:23Z,1358,,3,Vespa_velutina,Portugal,Insects,established,visto,Post-Introduction,Detection,Detection,2011,2011-06-01T12:00:00Z,comment,7,0,comment_007375,,FALSE
video_002433,2018-09-22T13:51:54Z,1358,,3,Vespa_velutina,Portugal,Insects,established,trampas,Post-Introduction,Detection,Detection,2011,2011-06-01T12:00:00Z,comment,7,0,comment_013540,,FALSE
video_014815,2024-07-15T12:25:12Z,59603,,33,Vespa_velutina,Portugal,Insects,established,encontre,Post-Introduction,Detection,Detection,2011,2011-06-01T12:00:00Z,comment,556,0,comment_014746,,FALSE
video_014815,2024-07-15T12:25:12Z,59603,,33,Vespa_velutina,Portugal,Insects,established,peligroso,Post-Introduction,Threat,Threat,2011,2011-06-01T12:00:00Z,comment,556,0,comment_014746,,FALSE
video_014815,2024-07-15T12:23:06Z,59603,,33,Vespa_velutina,Portugal,Insects,established,visto,Post-Introduction,Detection,Detection,2011,2011-06-01T12:00:00Z,comment,556,0,comment_013699,,FALSE
video_014815,2021-04-29T15:24:06Z,59603,,33,Vespa_velutina,Portugal,Insects,established,trampa,Post-Introduction,Detection,Detection,2011,2011-06-01T12:00:00Z,comment,556,0,comment_012237,,FALSE
video_014815,2021-02-25T00:24:02Z,59603,,33,Vespa_velutina,Portugal,Insects,established,comprar,Post-Introduction,eCommerce,eCommerce,2011,2011-06-01T12:00:00Z,comment,556,1,comment_009407,,FALSE
video_014815,2020-06-03T19:08:02Z,59603,,33,Vespa_velutina,Portugal,Insects,established,trampa,Post-Introduction,Detection,Detection,2011,2011-06-01T12:00:00Z,comment,556,0,comment_013930,,FALSE
video_014815,2020-05-10T00:47:41Z,59603,,33,Vespa_velutina,Portugal,Insects,established,trampa,Post-Introduction,Detection,Detection,2011,2011-06-01T12:00:00Z,comment,556,0,comment_012982,,FALSE
video_014815,2019-09-25T22:48:03Z,59603,,33,Vespa_velutina,Portugal,Insects,established,invasoras,Post-Introduction,Invasion,Invasion,2011,2011-06-01T12:00:00Z,comment,556,1,comment_006211,,FALSE
video_014815,2019-09-25T22:48:03Z,59603,,33,Vespa_velutina,Portugal,Insects,established,armadilhas,Post-Introduction,Detection,Detection,2011,2011-06-01T12:00:00Z,comment,556,1,comment_006211,,FALSE
video_014815,2019-09-01T17:27:49Z,59603,,33,Vespa_velutina,Portugal,Insects,established,aparece,Post-Introduction,Detection,Detection,2011,2011-06-01T12:00:00Z,comment,556,1,comment_009322,,FALSE
video_014815,2019-01-28T19:09:27Z,59603,,33,Vespa_velutina,Portugal,Insects,established,plaga,Post-Introduction,Invasion,Invasion,2011,2011-06-01T12:00:00Z,comment,556,2,comment_002851,,FALSE
video_014815,2019-01-28T19:09:27Z,59603,,33,Vespa_velutina,Portugal,Insects,established,visto,Post-Introduction,Detection,Detection,2011,2011-06-01T12:00:00Z,comment,556,2,comment_002851,,FALSE
video_014815,2019-01-28T19:09:27Z,59603,,33,Vespa_velutina,Portugal,Insects,established,trampas,Post-Introduction,Detection,Detection,2011,2011-06-01T12:00:00Z,comment,556,2,comment_002851,,FALSE
video_014815,2018-12-21T22:30:38Z,59603,,33,Vespa_velutina,Portugal,Insects,established,visto,Post-Introduction,Detection,Detection,2011,2011-06-01T12:00:00Z,comment,556,8,comment_002861,,FALSE
video_014815,2018-12-21T22:30:38Z,59603,,33,Vespa_velutina,Portugal,Insects,established,expansion,Post-Introduction,Invasion,Invasion,2011,2011-06-01T12:00:00Z,comment,556,8,comment_002861,,FALSE
video_014815,2018-10-30T08:56:57Z,59603,,33,Vespa_velutina,Portugal,Insects,established,trampas,Post-Introduction,Detection,Detection,2011,2011-06-01T12:00:00Z,comment,556,0,comment_012164,,FALSE
video_014815,2018-08-30T09:53:23Z,59603,,33,Vespa_velutina,Portugal,Insects,established,trampa,Post-Introduction,Detection,Detection,2011,2011-06-01T12:00:00Z,comment,556,1,comment_003963,,FALSE
video_014815,2018-06-17T19:33:37Z,59603,,33,Vespa_velutina,Portugal,Insects,established,epidemia,Post-Introduction,Threat,Threat,2011,2011-06-01T12:00:00Z,comment,556,4,comment_010694,,FALSE
video_014815,2018-06-17T19:33:37Z,59603,,33,Vespa_velutina,Portugal,Insects,established,trampas,Post-Introduction,Detection,Detection,2011,2011-06-01T12:00:00Z,comment,556,4,comment_010694,,FALSE
video_014815,2018-06-17T19:33:37Z,59603,,33,Vespa_velutina,Portugal,Insects,established,trampas,Post-Introduction,Detection,Detection,2011,2011-06-01T12:00:00Z,comment,556,4,comment_010694,,FALSE
video_014815,2020-05-06T14:46:07Z,59603,,33,Vespa_velutina,Portugal,Insects,established,ataca,Post-Introduction,Threat,Threat,2011,2011-06-01T12:00:00Z,comment,556,1,comment_002852,comment_002851,TRUE
video_014815,2020-07-29T08:02:22Z,59603,,33,Vespa_velutina,Portugal,Insects,established,trampas,Post-Introduction,Detection,Detection,2011,2011-06-01T12:00:00Z,comment,556,2,comment_002853,comment_002851,TRUE
video_014815,2020-07-29T11:01:25Z,59603,,33,Vespa_velutina,Portugal,Insects,established,aparecieron,Post-Introduction,Detection,Detection,2011,2011-06-01T12:00:00Z,comment,556,0,comment_002854,comment_002851,TRUE
video_014815,2020-07-31T06:55:51Z,59603,,33,Vespa_velutina,Portugal,Insects,established,aparecido,Post-Introduction,Detection,Detection,2011,2011-06-01T12:00:00Z,comment,556,1,comment_002855,comment_002851,TRUE
video_014815,2020-07-31T06:55:51Z,59603,,33,Vespa_velutina,Portugal,Insects,established,colonizacion,Post-Introduction,Invasion,Invasion,2011,2011-06-01T12:00:00Z,comment,556,1,comment_002855,comment_002851,TRUE
video_014815,2020-07-31T06:55:51Z,59603,,33,Vespa_velutina,Portugal,Insects,established,plaga,Post-Introduction,Invasion,Invasion,2011,2011-06-01T12:00:00Z,comment,556,1,comment_002855,comment_002851,TRUE
video_014815,2019-06-29T08:04:40Z,59603,,33,Vespa_velutina,Portugal,Insects,established,trampas,Post-Introduction,Detection,Detection,2011,2011-06-01T12:00:00Z,comment,556,1,comment_003964,comment_003963,TRUE
video_014815,2019-06-29T08:04:40Z,59603,,33,Vespa_velutina,Portugal,Insects,established,visto,Post-Introduction,Detection,Detection,2011,2011-06-01T12:00:00Z,comment,556,1,comment_003964,comment_003963,TRUE
video_014815,2019-06-29T08:04:40Z,59603,,33,Vespa_velutina,Portugal,Insects,established,visto,Post-Introduction,Detection,Detection,2011,2011-06-01T12:00:00Z,comment,556,1,comment_003964,comment_003963,TRUE
video_011057,2022-04-17T14:35:39Z,87,,5,Vespa_velutina,Portugal,Insects,established,plaga,Post-Introduction,Invasion,Invasion,2011,2011-06-01T12:00:00Z,comment,3,3,comment_005490,comment_005489,TRUE
video_004651,2018-07-26T22:36:59Z,67369,,320,Vespa_velutina,Portugal,Insects,established,vista,Post-Introduction,Detection,Detection,2011,2011-06-01T12:00:00Z,comment,2456,0,comment_003515,,FALSE
video_004651,2018-07-26T22:31:49Z,67369,,320,Vespa_velutina,Portugal,Insects,established,vistas,Post-Introduction,Detection,Detection,2011,2011-06-01T12:00:00Z,comment,2456,0,comment_003344,,FALSE
video_000449,2024-04-27T20:03:21Z,40032,,14,Vespa_velutina,Portugal,Insects,established,armadilhas,Post-Introduction,Detection,Detection,2011,2011-06-01T12:00:00Z,comment,124,0,comment_013824,,FALSE
video_000449,2021-10-21T19:57:09Z,40032,,14,Vespa_velutina,Portugal,Insects,established,invasora,Post-Introduction,Invasion,Invasion,2011,2011-06-01T12:00:00Z,comment,124,1,comment_010040,,FALSE
video_000449,2020-08-20T20:35:27Z,40032,,14,Vespa_velutina,Portugal,Insects,established,barato,Post-Introduction,eCommerce,eCommerce,2011,2011-06-01T12:00:00Z,comment,124,0,comment_002706,,FALSE
video_011242,2023-10-08T21:18:18Z,1675,,8,Vespa_velutina,Portugal,Insects,established,descobertos,Post-Introduction,Detection,Detection,2011,2011-06-01T12:00:00Z,comment,51,1,comment_014398,,FALSE
video_011242,2023-10-08T15:58:32Z,1675,,8,Vespa_velutina,Portugal,Insects,established,aparece,Post-Introduction,Detection,Detection,2011,2011-06-01T12:00:00Z,comment,51,1,comment_003823,,FALSE
video_005202,2022-08-16T22:54:28Z,5259,,8,Vespa_velutina,Portugal,Insects,established,mercado,Post-Introduction,eCommerce,eCommerce,2011,2011-06-01T12:00:00Z,comment,96,1,comment_008712,,FALSE
video_000188,2023-11-12T14:09:30Z,714,,4,Vespa_velutina,Portugal,Insects,established,praga,Post-Introduction,Invasion,Invasion,2011,2011-06-01T12:00:00Z,comment,12,0,comment_004495,,FALSE
video_000188,2023-11-12T20:49:11Z,714,,4,Vespa_velutina,Portugal,Insects,established,praga,Post-Introduction,Invasion,Invasion,2011,2011-06-01T12:00:00Z,comment,12,0,comment_004496,comment_004495,TRUE
video_006871,2022-02-12T16:51:34Z,877,,2,Vespa_velutina,Portugal,Insects,established,pandemia,Post-Introduction,Threat,Threat,2011,2011-06-01T12:00:00Z,comment,9,0,comment_013777,comment_013776,TRUE
video_010013,2023-11-28T16:40:29Z,3773,,41,Vespa_velutina,Portugal,Insects,established,trampas,Post-Introduction,Detection,Detection,2011,2011-06-01T12:00:00Z,comment,83,0,comment_004601,,FALSE
video_010013,2023-09-04T16:31:51Z,3773,,41,Vespa_velutina,Portugal,Insects,established,encontramos,Post-Introduction,Detection,Detection,2011,2011-06-01T12:00:00Z,comment,83,0,comment_008492,,FALSE
video_010013,2023-09-01T19:36:28Z,3773,,41,Vespa_velutina,Portugal,Insects,established,visto,Post-Introduction,Detection,Detection,2011,2011-06-01T12:00:00Z,comment,83,1,comment_005737,,FALSE
video_010013,2023-11-28T17:41:59Z,3773,,41,Vespa_velutina,Portugal,Insects,established,veneno,Post-Introduction,Threat,Threat,2011,2011-06-01T12:00:00Z,comment,83,2,comment_004602,comment_004601,TRUE
video_010013,2023-11-28T17:41:59Z,3773,,41,Vespa_velutina,Portugal,Insects,established,trampa,Post-Introduction,Detection,Detection,2011,2011-06-01T12:00:00Z,comment,83,2,comment_004602,comment_004601,TRUE
video_010013,2023-11-28T17:41:59Z,3773,,41,Vespa_velutina,Portugal,Insects,established,trampa,Post-Introduction,Detection,Detection,2011,2011-06-01T12:00:00Z,comment,83,2,comment_004602,comment_004601,TRUE
video_010013,2023-10-10T07:06:23Z,3773,,41,Vespa_velutina,Portugal,Insects,established,atacando,Post-Introduction,Threat,Threat,2011,2011-06-01T12:00:00Z,comment,83,1,comment_009930,comment_009929,TRUE
video_010013,2023-10-10T07:06:23Z,3773,,41,Vespa_velutina,Portugal,Insects,established,invasion,Post-Introduction,Invasion,Invasion,2011,2011-06-01T12:00:00Z,comment,83,1,comment_009930,comment_009929,TRUE
video_010013,2023-10-10T09:51:53Z,3773,,41,Vespa_velutina,Portugal,Insects,established,plaga,Post-Introduction,Invasion,Invasion,2011,2011-06-01T12:00:00Z,comment,83,0,comment_009931,comment_009929,TRUE
video_010013,2023-10-13T15:30:11Z,3773,,41,Vespa_velutina,Portugal,Insects,established,encontre,Post-Introduction,Detection,Detection,2011,2011-06-01T12:00:00Z,comment,83,0,comment_009933,comment_009929,TRUE
video_010013,2023-10-13T15:30:11Z,3773,,41,Vespa_velutina,Portugal,Insects,established,visto,Post-Introduction,Detection,Detection,2011,2011-06-01T12:00:00Z,comment,83,0,comment_009933,comment_009929,TRUE
video_010013,2023-10-09T16:41:14Z,3773,,41,Vespa_velutina,Portugal,Insects,established,peligro,Post-Introduction,Threat,Threat,2011,2011-06-01T12:00:00Z,comment,83,0,comment_002184,comment_002183,TRUE
video_010013,2023-09-18T06:53:16Z,3773,,41,Vespa_velutina,Portugal,Insects,established,tienda,Post-Introduction,eCommerce,eCommerce,2011,2011-06-01T12:00:00Z,comment,83,0,comment_004576,comment_004575,TRUE
video_010013,2023-09-30T14:10:17Z,3773,,41,Vespa_velutina,Portugal,Insects,established,dinero,Post-Introduction,eCommerce,eCommerce,2011,2011-06-01T12:00:00Z,comment,83,0,comment_004577,comment_004575,TRUE
video_010013,2023-09-30T14:10:17Z,3773,,41,Vespa_velutina,Portugal,Insects,established,veneno,Post-Introduction,Threat,Threat,2011,2011-06-01T12:00:00Z,comment,83,0,comment_004577,comment_004575,TRUE
video_010013,2023-09-03T08:09:29Z,3773,,41,Vespa_velutina,Portugal,Insects,established,control,Post-Introduction,Detection,Detection,2011,2011-06-01T12:00:00Z,comment,83,1,comment_003329,comment_003328,TRUE
video_016949,2021-05-07T11:12:29Z,23096,,21,Vespa_velutina,Portugal,Insects,established,visto,Post-Introduction,Detection,Detection,2011,2011-06-01T12:00:00Z,comment,221,4,comment_015062,,FALSE
video_016949,2023-12-20T10:55:51Z,23096,,21,Vespa_velutina,Portugal,Insects,established,plaga,Post-Introduction,Invasion,Invasion,2011,2011-06-01T12:00:00Z,comment,221,0,comment_008924,,FALSE
video_016949,2023-09-15T21:15:13Z,23096,,21,Vespa_velutina,Portugal,Insects,established,ataca,Post-Introduction,Threat,Threat,2011,2011-06-01T12:00:00Z,comment,221,0,comment_009605,,FALSE
video_016949,2022-09-02T14:13:15Z,23096,,21,Vespa_velutina,Portugal,Insects,established,cara,Post-Introduction,eCommerce,eCommerce,2011,2011-06-01T12:00:00Z,comment,221,2,comment_012864,,FALSE
video_016949,2022-09-02T14:13:15Z,23096,,21,Vespa_velutina,Portugal,Insects,established,cara,Post-Introduction,eCommerce,eCommerce,2011,2011-06-01T12:00:00Z,comment,221,2,comment_012864,,FALSE
video_016949,2022-09-02T14:13:15Z,23096,,21,Vespa_velutina,Portugal,Insects,established,cara,Post-Introduction,eCommerce,eCommerce,2011,2011-06-01T12:00:00Z,comment,221,2,comment_012864,,FALSE
video_016949,2022-08-24T18:24:41Z,23096,,21,Vespa_velutina,Portugal,Insects,established,veneno,Post-Introduction,Threat,Threat,2011,2011-06-01T12:00:00Z,comment,221,1,comment_004740,,FALSE
video_016499,2021-12-15T00:22:28Z,2373,,5,Vespa_velutina,Portugal,Insects,established,deteccion,Post-Introduction,Detection,Detection,2011,2011-06-01T12:00:00Z,comment,22,1,comment_003776,,FALSE
video_016499,2015-10-02T20:43:06Z,2373,,5,Vespa_velutina,Portugal,Insects,established,encontrado,Post-Introduction,Detection,Detection,2011,2011-06-01T12:00:00Z,comment,22,2,comment_000072,,FALSE
video_006268,2020-05-21T07:04:01Z,1296,,7,Vespa_velutina,Portugal,Insects,established,visto,Post-Introduction,Detection,Detection,2011,2011-06-01T12:00:00Z,comment,17,1,comment_001787,,FALSE
video_006268,2020-05-21T07:04:01Z,1296,,7,Vespa_velutina,Portugal,Insects,established,trampa,Post-Introduction,Detection,Detection,2011,2011-06-01T12:00:00Z,comment,17,1,comment_001787,,FALSE
video_006268,2020-05-21T10:45:40Z,1296,,7,Vespa_velutina,Portugal,Insects,established,invasion,Post-Introduction,Invasion,Invasion,2011,2011-06-01T12:00:00Z,comment,17,1,comment_001788,comment_001787,TRUE
video_010023,2017-10-17T23:11:32Z,3678,,6,Vespa_velutina,Portugal,Insects,established,captura,Post-Introduction,Detection,Detection,2011,2011-06-01T12:00:00Z,comment,33,1,comment_007107,,FALSE
video_014172,2016-11-14T16:18:17Z,1957,,1,Vespa_velutina,Portugal,Insects,established,deteccion,Post-Introduction,Detection,Detection,2011,2011-06-01T12:00:00Z,comment,11,1,comment_001002,,FALSE
video_014172,2016-11-14T16:18:17Z,1957,,1,Vespa_velutina,Portugal,Insects,established,seguimiento,Post-Introduction,Detection,Detection,2011,2011-06-01T12:00:00Z,comment,11,1,comment_001002,,FALSE
video_014172,2016-11-14T16:18:17Z,1957,,1,Vespa_velutina,Portugal,Insects,established,control,Post-Introduction,Detection,Detection,2011,2011-06-01T12:00:00Z,comment,11,1,comment_001002,,FALSE
video_014172,2016-11-14T16:18:17Z,1957,,1,Vespa_velutina,Portugal,Insects,established,exotica,Post-Introduction,Invasion,Invasion,2011,2011-06-01T12:00:00Z,comment,11,1,comment_001002,,FALSE
video_014172,2016-11-14T16:18:17Z,1957,,1,Vespa_velutina,Portugal,Insects,established,invasora,Post-Introduction,Invasion,Invasion,2011,2011-06-01T12:00:00Z,comment,11,1,comment_001002,,FALSE
video_015081,2019-12-26T01:14:41Z,13765,,35,Vespa_velutina,Portugal,Insects,established,veneno,Post-Introduction,Threat,Threat,2011,2011-06-01T12:00:00Z,comment,214,1,comment_006012,,FALSE
video_015081,2019-12-26T01:14:41Z,13765,,35,Vespa_velutina,Portugal,Insects,established,venenosa,Post-Introduction,Threat,Threat,2011,2011-06-01T12:00:00Z,comment,214,1,comment_006012,,FALSE
video_015081,2019-12-26T01:14:41Z,13765,,35,Vespa_velutina,Portugal,Insects,established,invasora,Post-Introduction,Invasion,Invasion,2011,2011-06-01T12:00:00Z,comment,214,1,comment_006012,,FALSE
video_015081,2019-12-26T01:14:41Z,13765,,35,Vespa_velutina,Portugal,Insects,established,vendido,Post-Introduction,eCommerce,eCommerce,2011,2011-06-01T12:00:00Z,comment,214,1,comment_006012,,FALSE
video_015081,2019-09-06T11:26:20Z,13765,,35,Vespa_velutina,Portugal,Insects,established,veneno,Post-Introduction,Threat,Threat,2011,2011-06-01T12:00:00Z,comment,214,0,comment_005689,,FALSE
video_015081,2019-09-05T18:44:36Z,13765,,35,Vespa_velutina,Portugal,Insects,established,veneno,Post-Introduction,Threat,Threat,2011,2011-06-01T12:00:00Z,comment,214,0,comment_007236,,FALSE
video_015081,2019-09-05T18:44:36Z,13765,,35,Vespa_velutina,Portugal,Insects,established,peligro,Post-Introduction,Threat,Threat,2011,2011-06-01T12:00:00Z,comment,214,0,comment_007236,,FALSE
video_015081,2019-09-05T18:44:36Z,13765,,35,Vespa_velutina,Portugal,Insects,established,trampas,Post-Introduction,Detection,Detection,2011,2011-06-01T12:00:00Z,comment,214,0,comment_007236,,FALSE
video_015081,2019-06-21T18:13:45Z,13765,,35,Vespa_velutina,Portugal,Insects,established,expansion,Post-Introduction,Invasion,Invasion,2011,2011-06-01T12:00:00Z,comment,214,0,comment_002042,,FALSE
video_015081,2018-11-01T02:25:15Z,13765,,35,Vespa_velutina,Portugal,Insects,established,visto,Post-Introduction,Detection,Detection,2011,2011-06-01T12:00:00Z,comment,214,1,comment_007044,,FALSE
video_015081,2018-09-23T02:07:18Z,13765,,35,Vespa_velutina,Portugal,Insects,established,veneno,Post-Introduction,Threat,Threat,2011,2011-06-01T12:00:00Z,comment,214,3,comment_013116,,FALSE
video_015081,2018-07-26T00:24:55Z,13765,,35,Vespa_velutina,Portugal,Insects,established,extincion,Post-Introduction,Threat,Threat,2011,2011-06-01T12:00:00Z,comment,214,2,comment_014402,,FALSE
video_015081,2018-07-26T00:24:55Z,13765,,35,Vespa_velutina,Portugal,Insects,established,peligro,Post-Introduction,Threat,Threat,2011,2011-06-01T12:00:00Z,comment,214,2,comment_014402,,FALSE
video_015081,2018-07-25T14:08:10Z,13765,,35,Vespa_velutina,Portugal,Insects,established,dinero,Post-Introduction,eCommerce,eCommerce,2011,2011-06-01T12:00:00Z,comment,214,2,comment_004743,,FALSE
video_015081,2018-07-25T09:39:34Z,13765,,35,Vespa_velutina,Portugal,Insects,established,trampa,Post-Introduction,Detection,Detection,2011,2011-06-01T12:00:00Z,comment,214,1,comment_011115,,FALSE
video_015081,2019-08-18T00:51:45Z,13765,,35,Vespa_velutina,Portugal,Insects,established,plaga,Post-Introduction,Invasion,Invasion,2011,2011-06-01T12:00:00Z,comment,214,0,comment_007045,comment_007044,TRUE
video_015081,2019-08-18T00:51:45Z,13765,,35,Vespa_velutina,Portugal,Insects,established,plaga,Post-Introduction,Invasion,Invasion,2011,2011-06-01T12:00:00Z,comment,214,0,comment_007045,comment_007044,TRUE
video_015081,2019-08-18T00:51:45Z,13765,,35,Vespa_velutina,Portugal,Insects,established,plaga,Post-Introduction,Invasion,Invasion,2011,2011-06-01T12:00:00Z,comment,214,0,comment_007045,comment_007044,TRUE
video_015081,2019-08-18T00:51:45Z,13765,,35,Vespa_velutina,Portugal,Insects,established,plaga,Post-Introduction,Invasion,Invasion,2011,2011-06-01T12:00:00Z,comment,214,0,comment_007045,comment_007044,TRUE
video_015081,2020-07-12T08:15:59Z,13765,,35,Vespa_velutina,Portugal,Insects,established,veneno,Post-Introduction,Threat,Threat,2011,2011-06-01T12:00:00Z,comment,214,0,comment_011777,comment_011775,TRUE
video_015081,2020-07-12T08:15:59Z,13765,,35,Vespa_velutina,Portugal,Insects,established,veneno,Post-Introduction,Threat,Threat,2011,2011-06-01T12:00:00Z,comment,214,0,comment_011777,comment_011775,TRUE
video_015081,2018-08-03T00:57:57Z,13765,,35,Vespa_velutina,Portugal,Insects,established,trampa,Post-Introduction,Detection,Detection,2011,2011-06-01T12:00:00Z,comment,214,0,comment_011117,comment_011115,TRUE
video_003471,2021-09-05T09:37:31Z,1352,,11,Vespa_velutina,Portugal,Insects,established,aparece,Post-Introduction,Detection,Detection,2011,2011-06-01T12:00:00Z,comment,42,1,comment_003950,,FALSE
video_007734,2019-06-26T12:22:55Z,13958,,15,Vespa_velutina,Portugal,Insects,established,riesgo,Post-Introduction,Threat,Threat,2011,2011-06-01T12:00:00Z,comment,45,4,comment_007191,,FALSE
video_007734,2019-06-01T23:10:16Z,13958,,15,Vespa_velutina,Portugal,Insects,established,veneno,Post-Introduction,Threat,Threat,2011,2011-06-01T12:00:00Z,comment,45,2,comment_006374,,FALSE
video_007734,2018-09-13T18:13:52Z,13958,,15,Vespa_velutina,Portugal,Insects,established,riesgo,Post-Introduction,Threat,Threat,2011,2011-06-01T12:00:00Z,comment,45,0,comment_004721,comment_004719,TRUE
video_007644,2018-08-14T17:34:57Z,21916,,24,Vespa_velutina,Portugal,Insects,established,invasoras,Post-Introduction,Invasion,Invasion,2011,2011-06-01T12:00:00Z,comment,140,1,comment_003925,,FALSE
video_007644,2013-10-26T20:33:22Z,21916,,24,Vespa_velutina,Portugal,Insects,established,plaga,Post-Introduction,Invasion,Invasion,2011,2011-06-01T12:00:00Z,comment,140,3,comment_013296,,FALSE
video_007644,2013-01-14T08:31:01Z,21916,,24,Vespa_velutina,Portugal,Insects,established,invasion,Post-Introduction,Invasion,Invasion,2011,2011-06-01T12:00:00Z,comment,140,1,comment_003524,,FALSE
video_016755,2019-04-14T23:21:46Z,31814,,9,Vespa_velutina,Portugal,Insects,established,plagas,Post-Introduction,Invasion,Invasion,2011,2011-06-01T12:00:00Z,comment,83,0,comment_002578,,FALSE
video_016755,2019-04-14T23:21:46Z,31814,,9,Vespa_velutina,Portugal,Insects,established,descubierto,Post-Introduction,Detection,Detection,2011,2011-06-01T12:00:00Z,comment,83,0,comment_002578,,FALSE
video_016755,2019-04-14T23:21:46Z,31814,,9,Vespa_velutina,Portugal,Insects,established,trampas,Post-Introduction,Detection,Detection,2011,2011-06-01T12:00:00Z,comment,83,0,comment_002578,,FALSE
video_016755,2017-09-05T13:13:38Z,31814,,9,Vespa_velutina,Portugal,Insects,established,trampas,Post-Introduction,Detection,Detection,2011,2011-06-01T12:00:00Z,comment,83,2,comment_006565,,FALSE
video_002495,2020-08-29T04:22:20Z,4952,,11,Vespa_velutina,Portugal,Insects,established,plagas,Post-Introduction,Invasion,Invasion,2011,2011-06-01T12:00:00Z,comment,29,0,comment_009488,comment_009484,TRUE
video_002495,2020-08-29T04:22:20Z,4952,,11,Vespa_velutina,Portugal,Insects,established,plagas,Post-Introduction,Invasion,Invasion,2011,2011-06-01T12:00:00Z,comment,29,0,comment_009488,comment_009484,TRUE
video_010286,2019-10-29T04:38:37Z,37065,,13,Vespa_velutina,Portugal,Insects,established,vista,Post-Introduction,Detection,Detection,2011,2011-06-01T12:00:00Z,comment,116,3,comment_006462,,FALSE
video_003465,2020-09-14T12:01:20Z,1983,,9,Vespa_velutina,Portugal,Insects,established,trampa,Post-Introduction,Detection,Detection,2011,2011-06-01T12:00:00Z,comment,37,1,comment_014936,,FALSE
video_010237,2021-07-11T11:46:20Z,231,,6,Vespa_velutina,Portugal,Insects,established,trampa,Post-Introduction,Detection,Detection,2011,2011-06-01T12:00:00Z,comment,6,0,comment_004252,,FALSE
video_010237,2021-07-11T14:24:08Z,231,,6,Vespa_velutina,Portugal,Insects,established,trampa,Post-Introduction,Detection,Detection,2011,2011-06-01T12:00:00Z,comment,6,1,comment_004253,comment_004252,TRUE
video_010237,2021-07-11T14:24:08Z,231,,6,Vespa_velutina,Portugal,Insects,established,vist,Post-Introduction,Detection,Detection,2011,2011-06-01T12:00:00Z,comment,6,1,comment_004253,comment_004252,TRUE
video_010237,2021-07-11T14:24:08Z,231,,6,Vespa_velutina,Portugal,Insects,established,trampa,Post-Introduction,Detection,Detection,2011,2011-06-01T12:00:00Z,comment,6,1,comment_004253,comment_004252,TRUE
video_010237,2021-07-11T14:47:46Z,231,,6,Vespa_velutina,Portugal,Insects,established,trampa,Post-Introduction,Detection,Detection,2011,2011-06-01T12:00:00Z,comment,6,0,comment_004255,comment_004252,TRUE
video_006777,2023-08-27T13:48:10Z,1998,,10,Vespa_velutina,Portugal,Insects,established,visto,Post-Introduction,Detection,Detection,2011,2011-06-01T12:00:00Z,comment,19,1,comment_014567,comment_014565,TRUE
video_006777,2023-08-27T13:48:10Z,1998,,10,Vespa_velutina,Portugal,Insects,established,observado,Post-Introduction,Detection,Detection,2011,2011-06-01T12:00:00Z,comment,19,1,comment_014567,comment_014565,TRUE
video_006777,2023-08-27T13:58:35Z,1998,,10,Vespa_velutina,Portugal,Insects,established,encontrado,Post-Introduction,Detection,Detection,2011,2011-06-01T12:00:00Z,comment,19,1,comment_014568,comment_014565,TRUE
video_006777,2017-11-05T17:24:18Z,1998,,10,Vespa_velutina,Portugal,Insects,established,ameaca,Post-Introduction,Threat,Threat,2011,2011-06-01T12:00:00Z,comment,19,1,comment_012067,comment_012066,TRUE
video_006777,2017-11-05T17:24:18Z,1998,,10,Vespa_velutina,Portugal,Insects,established,expansao,Post-Introduction,Invasion,Invasion,2011,2011-06-01T12:00:00Z,comment,19,1,comment_012067,comment_012066,TRUE
video_006777,2017-11-05T17:24:18Z,1998,,10,Vespa_velutina,Portugal,Insects,established,risco,Post-Introduction,Threat,Threat,2011,2011-06-01T12:00:00Z,comment,19,1,comment_012067,comment_012066,TRUE
video_016728,2023-12-08T21:23:44Z,1015,,13,Vespa_velutina,Portugal,Insects,established,manejar,Post-Introduction,Detection,Detection,2011,2011-06-01T12:00:00Z,comment,34,0,comment_010400,,FALSE
video_016728,2023-12-08T21:23:44Z,1015,,13,Vespa_velutina,Portugal,Insects,established,visto,Post-Introduction,Detection,Detection,2011,2011-06-01T12:00:00Z,comment,34,0,comment_010400,,FALSE
video_016728,2023-06-19T09:52:33Z,1015,,13,Vespa_velutina,Portugal,Insects,established,trampas,Post-Introduction,Detection,Detection,2011,2011-06-01T12:00:00Z,comment,34,1,comment_005258,,FALSE
video_016728,2023-06-19T09:52:33Z,1015,,13,Vespa_velutina,Portugal,Insects,established,trampas,Post-Introduction,Detection,Detection,2011,2011-06-01T12:00:00Z,comment,34,1,comment_005258,,FALSE
video_016728,2023-06-19T09:52:33Z,1015,,13,Vespa_velutina,Portugal,Insects,established,peligro,Post-Introduction,Threat,Threat,2011,2011-06-01T12:00:00Z,comment,34,1,comment_005258,,FALSE
video_016728,2023-12-09T08:02:13Z,1015,,13,Vespa_velutina,Portugal,Insects,established,captura,Post-Introduction,Detection,Detection,2011,2011-06-01T12:00:00Z,comment,34,0,comment_010401,comment_010400,TRUE
video_016728,2023-06-20T07:17:11Z,1015,,13,Vespa_velutina,Portugal,Insects,established,trampas,Post-Introduction,Detection,Detection,2011,2011-06-01T12:00:00Z,comment,34,2,comment_005259,comment_005258,TRUE
video_016728,2023-06-20T07:17:11Z,1015,,13,Vespa_velutina,Portugal,Insects,established,trampas,Post-Introduction,Detection,Detection,2011,2011-06-01T12:00:00Z,comment,34,2,comment_005259,comment_005258,TRUE
video_016728,2021-11-30T17:56:22Z,1015,,13,Vespa_velutina,Portugal,Insects,established,vender,Post-Introduction,eCommerce,eCommerce,2011,2011-06-01T12:00:00Z,comment,34,0,comment_005385,comment_005384,TRUE
video_016728,2021-11-30T17:56:22Z,1015,,13,Vespa_velutina,Portugal,Insects,established,perjudicial,Post-Introduction,Threat,Threat,2011,2011-06-01T12:00:00Z,comment,34,0,comment_005385,comment_005384,TRUE
video_004680,2020-05-08T04:30:22Z,19857,,8,Vespa_velutina,Portugal,Insects,established,plaga,Post-Introduction,Invasion,Invasion,2011,2011-06-01T12:00:00Z,comment,72,2,comment_013396,,FALSE
video_004680,2017-06-23T07:42:14Z,19857,,8,Vespa_velutina,Portugal,Insects,established,captura,Post-Introduction,Detection,Detection,2011,2011-06-01T12:00:00Z,comment,72,3,comment_000333,,FALSE
video_004680,2019-11-25T04:11:23Z,19857,,8,Vespa_velutina,Portugal,Insects,established,captura,Post-Introduction,Detection,Detection,2011,2011-06-01T12:00:00Z,comment,72,0,comment_000334,comment_000333,TRUE
video_007725,2021-08-27T16:24:33Z,256,,32,Vespa_velutina,Portugal,Insects,established,praga,Post-Introduction,Invasion,Invasion,2011,2011-06-01T12:00:00Z,comment,46,0,comment_006060,comment_006059,TRUE
video_007725,2022-01-16T06:11:10Z,256,,32,Vespa_velutina,Portugal,Insects,established,praga,Post-Introduction,Invasion,Invasion,2011,2011-06-01T12:00:00Z,comment,46,1,comment_014614,comment_014613,TRUE
video_007725,2021-08-26T12:46:58Z,256,,32,Vespa_velutina,Portugal,Insects,established,praga,Post-Introduction,Invasion,Invasion,2011,2011-06-01T12:00:00Z,comment,46,1,comment_006563,comment_006562,TRUE
video_007725,2021-08-26T12:46:58Z,256,,32,Vespa_velutina,Portugal,Insects,established,vistos,Post-Introduction,Detection,Detection,2011,2011-06-01T12:00:00Z,comment,46,1,comment_006563,comment_006562,TRUE
video_007725,2021-08-26T12:46:58Z,256,,32,Vespa_velutina,Portugal,Insects,established,praga,Post-Introduction,Invasion,Invasion,2011,2011-06-01T12:00:00Z,comment,46,1,comment_006563,comment_006562,TRUE
video_007725,2021-08-26T12:37:33Z,256,,32,Vespa_velutina,Portugal,Insects,established,praga,Post-Introduction,Invasion,Invasion,2011,2011-06-01T12:00:00Z,comment,46,0,comment_005581,comment_005580,TRUE
video_007725,2021-08-26T04:18:58Z,256,,32,Vespa_velutina,Portugal,Insects,established,praga,Post-Introduction,Invasion,Invasion,2011,2011-06-01T12:00:00Z,comment,46,1,comment_003871,comment_003870,TRUE
video_014763,2024-08-17T17:34:19Z,12879,,29,Wasmannia_auropunctata,Spain,Insects,established,invasion,Post-Introduction,Invasion,Invasion,2018,2018-06-01T12:00:00Z,comment,667,2,comment_013367,,FALSE
video_014763,2024-08-08T17:36:34Z,12879,,29,Wasmannia_auropunctata,Spain,Insects,established,invasora,Post-Introduction,Invasion,Invasion,2018,2018-06-01T12:00:00Z,comment,667,5,comment_005558,,FALSE
video_014763,2024-08-06T23:18:42Z,12879,,29,Wasmannia_auropunctata,Spain,Insects,established,encontre,Post-Introduction,Detection,Detection,2018,2018-06-01T12:00:00Z,comment,667,1,comment_004880,,FALSE
video_014763,2024-08-06T23:18:42Z,12879,,29,Wasmannia_auropunctata,Spain,Insects,established,invasora,Post-Introduction,Invasion,Invasion,2018,2018-06-01T12:00:00Z,comment,667,1,comment_004880,,FALSE
video_014763,2024-08-06T22:47:20Z,12879,,29,Wasmannia_auropunctata,Spain,Insects,established,peligrosa,Post-Introduction,Threat,Threat,2018,2018-06-01T12:00:00Z,comment,667,2,comment_008187,,FALSE
video_014763,2024-11-09T15:45:08Z,12879,,29,Wasmannia_auropunctata,Spain,Insects,established,invasora,Post-Introduction,Invasion,Invasion,2018,2018-06-01T12:00:00Z,comment,667,2,comment_007156,comment_007155,TRUE
video_014763,2024-11-09T16:26:22Z,12879,,29,Wasmannia_auropunctata,Spain,Insects,established,vista,Post-Introduction,Detection,Detection,2018,2018-06-01T12:00:00Z,comment,667,1,comment_007157,comment_007155,TRUE
video_014763,2024-12-18T00:10:09Z,12879,,29,Wasmannia_auropunctata,Spain,Insects,established,descubiertas,Post-Introduction,Detection,Detection,2018,2018-06-01T12:00:00Z,comment,667,1,comment_005560,comment_005558,TRUE
video_014763,2024-08-06T23:31:20Z,12879,,29,Wasmannia_auropunctata,Spain,Insects,established,establecida,Post-Introduction,Invasion,Invasion,2018,2018-06-01T12:00:00Z,comment,667,1,comment_008188,comment_008187,TRUE
video_009735,2025-01-21T13:58:44Z,1552,,7,Wasmannia_auropunctata,Spain,Insects,established,vista,Post-Introduction,Detection,Detection,2018,2018-06-01T12:00:00Z,comment,104,1,comment_006498,,FALSE
video_001579,2018-09-08T11:42:41Z,1657,,3,Xylella_fastidiosa,Spain,"Bacteria, Viruses, Fungi",alien,plagas,Post-Introduction,Invasion,Invasion,2016,2016-06-01T12:00:00Z,comment,27,0,comment_009881,,FALSE
video_016410,2022-01-24T08:43:59Z,1540,,3,Xylella_fastidiosa,Spain,"Bacteria, Viruses, Fungi",alien,detectado,Post-Introduction,Detection,Detection,2016,2016-06-01T12:00:00Z,comment,20,0,comment_014485,comment_014484,TRUE
video_014598,2017-09-03T14:03:57Z,7562,,5,Xylella_fastidiosa,Spain,"Bacteria, Viruses, Fungi",alien,aparece,Post-Introduction,Detection,Detection,2016,2016-06-01T12:00:00Z,comment,13,1,comment_006146,,FALSE
video_014598,2017-09-03T14:03:57Z,7562,,5,Xylella_fastidiosa,Spain,"Bacteria, Viruses, Fungi",alien,aparezca,Post-Introduction,Detection,Detection,2016,2016-06-01T12:00:00Z,comment,13,1,comment_006146,,FALSE
video_014598,2017-09-03T14:03:57Z,7562,,5,Xylella_fastidiosa,Spain,"Bacteria, Viruses, Fungi",alien,controlar,Post-Introduction,Detection,Detection,2016,2016-06-01T12:00:00Z,comment,13,1,comment_006146,,FALSE
video_014598,2017-09-03T14:03:51Z,7562,,5,Xylella_fastidiosa,Spain,"Bacteria, Viruses, Fungi",alien,aparece,Post-Introduction,Detection,Detection,2016,2016-06-01T12:00:00Z,comment,13,0,comment_008612,,FALSE
video_014598,2017-09-03T14:03:51Z,7562,,5,Xylella_fastidiosa,Spain,"Bacteria, Viruses, Fungi",alien,aparezca,Post-Introduction,Detection,Detection,2016,2016-06-01T12:00:00Z,comment,13,0,comment_008612,,FALSE
video_014598,2017-09-03T14:03:51Z,7562,,5,Xylella_fastidiosa,Spain,"Bacteria, Viruses, Fungi",alien,controlar,Post-Introduction,Detection,Detection,2016,2016-06-01T12:00:00Z,comment,13,0,comment_008612,,FALSE
video_012098,2018-09-08T11:44:02Z,100,,1,Xylella_fastidiosa,Spain,"Bacteria, Viruses, Fungi",alien,plagas,Post-Introduction,Invasion,Invasion,2016,2016-06-01T12:00:00Z,comment,2,1,comment_009776,,FALSE
video_011133,2022-04-07T04:41:59Z,168,,13,Zebrasoma_flavescens,Spain,Fishes,uncertain,presente,Post-Introduction,Invasion,Invasion,2008,2008-06-01T12:00:00Z,comment,13,1,comment_002406,,FALSE
video_015983,2017-05-24T19:21:52Z,43,,2,Zebrasoma_flavescens,Spain,Fishes,uncertain,acuario,Post-Introduction,eCommerce,eCommerce,2008,2008-06-01T12:00:00Z,comment,2,0,comment_001250,,FALSE
video_015372,2017-11-04T23:01:36Z,6060,,34,Zebrasoma_flavescens,Spain,Fishes,uncertain,acuario,Post-Introduction,eCommerce,eCommerce,2008,2008-06-01T12:00:00Z,comment,176,1,comment_002847,,FALSE
video_015372,2017-11-04T17:53:57Z,6060,,34,Zebrasoma_flavescens,Spain,Fishes,uncertain,acuario,Post-Introduction,eCommerce,eCommerce,2008,2008-06-01T12:00:00Z,comment,176,2,comment_002544,,FALSE
video_015372,2017-11-04T16:46:27Z,6060,,34,Zebrasoma_flavescens,Spain,Fishes,uncertain,extension,Post-Introduction,Invasion,Invasion,2008,2008-06-01T12:00:00Z,comment,176,0,comment_009647,,FALSE
video_015372,2017-10-31T20:19:59Z,6060,,34,Zebrasoma_flavescens,Spain,Fishes,uncertain,acuario,Post-Introduction,eCommerce,eCommerce,2008,2008-06-01T12:00:00Z,comment,176,1,comment_008475,,FALSE
video_015372,2017-10-30T22:06:21Z,6060,,34,Zebrasoma_flavescens,Spain,Fishes,uncertain,acuario,Post-Introduction,eCommerce,eCommerce,2008,2008-06-01T12:00:00Z,comment,176,0,comment_004662,,FALSE
video_015372,2017-10-30T21:18:30Z,6060,,34,Zebrasoma_flavescens,Spain,Fishes,uncertain,acuario,Post-Introduction,eCommerce,eCommerce,2008,2008-06-01T12:00:00Z,comment,176,0,comment_008202,,FALSE
video_015372,2017-10-30T20:23:50Z,6060,,34,Zebrasoma_flavescens,Spain,Fishes,uncertain,acuario,Post-Introduction,eCommerce,eCommerce,2008,2008-06-01T12:00:00Z,comment,176,1,comment_002297,,FALSE
video_015372,2017-10-30T14:48:40Z,6060,,34,Zebrasoma_flavescens,Spain,Fishes,uncertain,acuario,Post-Introduction,eCommerce,eCommerce,2008,2008-06-01T12:00:00Z,comment,176,2,comment_006819,,FALSE
video_015372,2017-10-30T14:38:11Z,6060,,34,Zebrasoma_flavescens,Spain,Fishes,uncertain,acuario,Post-Introduction,eCommerce,eCommerce,2008,2008-06-01T12:00:00Z,comment,176,1,comment_012243,,FALSE
video_015372,2017-10-30T14:32:49Z,6060,,34,Zebrasoma_flavescens,Spain,Fishes,uncertain,acuario,Post-Introduction,eCommerce,eCommerce,2008,2008-06-01T12:00:00Z,comment,176,2,comment_008989,,FALSE
video_015372,2017-11-01T22:56:35Z,6060,,34,Zebrasoma_flavescens,Spain,Fishes,uncertain,aparece,Post-Introduction,Detection,Detection,2008,2008-06-01T12:00:00Z,comment,176,0,comment_003368,comment_003367,TRUE
video_015372,2017-10-31T03:03:45Z,6060,,34,Zebrasoma_flavescens,Spain,Fishes,uncertain,compre,Post-Introduction,eCommerce,eCommerce,2008,2008-06-01T12:00:00Z,comment,176,0,comment_010249,comment_010248,TRUE
video_015372,2017-10-31T03:03:45Z,6060,,34,Zebrasoma_flavescens,Spain,Fishes,uncertain,tienda,Post-Introduction,eCommerce,eCommerce,2008,2008-06-01T12:00:00Z,comment,176,0,comment_010249,comment_010248,TRUE
video_015372,2017-10-31T03:03:45Z,6060,,34,Zebrasoma_flavescens,Spain,Fishes,uncertain,tienda,Post-Introduction,eCommerce,eCommerce,2008,2008-06-01T12:00:00Z,comment,176,0,comment_010249,comment_010248,TRUE
video_015372,2017-10-31T02:59:56Z,6060,,34,Zebrasoma_flavescens,Spain,Fishes,uncertain,acuario,Post-Introduction,eCommerce,eCommerce,2008,2008-06-01T12:00:00Z,comment,176,0,comment_008203,comment_008202,TRUE
video_015372,2017-10-31T02:59:56Z,6060,,34,Zebrasoma_flavescens,Spain,Fishes,uncertain,acuario,Post-Introduction,eCommerce,eCommerce,2008,2008-06-01T12:00:00Z,comment,176,0,comment_008203,comment_008202,TRUE
video_015372,2017-10-31T07:03:41Z,6060,,34,Zebrasoma_flavescens,Spain,Fishes,uncertain,acuario,Post-Introduction,eCommerce,eCommerce,2008,2008-06-01T12:00:00Z,comment,176,0,comment_008204,comment_008202,TRUE
video_015372,2017-10-31T07:03:41Z,6060,,34,Zebrasoma_flavescens,Spain,Fishes,uncertain,acuario,Post-Introduction,eCommerce,eCommerce,2008,2008-06-01T12:00:00Z,comment,176,0,comment_008204,comment_008202,TRUE
video_007790,2020-10-18T15:33:11Z,5187,,71,Zebrasoma_flavescens,Spain,Fishes,uncertain,aquario,Post-Introduction,eCommerce,eCommerce,2008,2008-06-01T12:00:00Z,comment,294,0,comment_006114,,FALSE
video_007790,2020-10-17T11:10:39Z,5187,,71,Zebrasoma_flavescens,Spain,Fishes,uncertain,acuario,Post-Introduction,eCommerce,eCommerce,2008,2008-06-01T12:00:00Z,comment,294,0,comment_007009,,FALSE
video_007790,2020-10-17T10:09:10Z,5187,,71,Zebrasoma_flavescens,Spain,Fishes,uncertain,acuario,Post-Introduction,eCommerce,eCommerce,2008,2008-06-01T12:00:00Z,comment,294,0,comment_010814,,FALSE
video_007790,2020-10-17T07:13:28Z,5187,,71,Zebrasoma_flavescens,Spain,Fishes,uncertain,acuario,Post-Introduction,eCommerce,eCommerce,2008,2008-06-01T12:00:00Z,comment,294,1,comment_008828,,FALSE
video_007790,2020-10-17T07:00:20Z,5187,,71,Zebrasoma_flavescens,Spain,Fishes,uncertain,tienda,Post-Introduction,eCommerce,eCommerce,2008,2008-06-01T12:00:00Z,comment,294,0,comment_003407,,FALSE
video_007790,2020-10-17T04:01:48Z,5187,,71,Zebrasoma_flavescens,Spain,Fishes,uncertain,adquisicion,Post-Introduction,eCommerce,eCommerce,2008,2008-06-01T12:00:00Z,comment,294,0,comment_014552,,FALSE
video_007790,2020-10-17T03:07:12Z,5187,,71,Zebrasoma_flavescens,Spain,Fishes,uncertain,acuario,Post-Introduction,eCommerce,eCommerce,2008,2008-06-01T12:00:00Z,comment,294,0,comment_012032,,FALSE
video_007790,2020-10-17T03:04:29Z,5187,,71,Zebrasoma_flavescens,Spain,Fishes,uncertain,acuario,Post-Introduction,eCommerce,eCommerce,2008,2008-06-01T12:00:00Z,comment,294,0,comment_006568,,FALSE
video_007790,2020-10-16T22:57:43Z,5187,,71,Zebrasoma_flavescens,Spain,Fishes,uncertain,acuario,Post-Introduction,eCommerce,eCommerce,2008,2008-06-01T12:00:00Z,comment,294,3,comment_013254,,FALSE
video_007790,2020-10-16T22:16:17Z,5187,,71,Zebrasoma_flavescens,Spain,Fishes,uncertain,precio,Post-Introduction,eCommerce,eCommerce,2008,2008-06-01T12:00:00Z,comment,294,5,comment_004240,,FALSE
video_007790,2020-10-16T22:11:24Z,5187,,71,Zebrasoma_flavescens,Spain,Fishes,uncertain,acuario,Post-Introduction,eCommerce,eCommerce,2008,2008-06-01T12:00:00Z,comment,294,0,comment_004243,,FALSE
video_007790,2020-10-17T07:12:45Z,5187,,71,Zebrasoma_flavescens,Spain,Fishes,uncertain,acuarios,Post-Introduction,eCommerce,eCommerce,2008,2008-06-01T12:00:00Z,comment,294,0,comment_002271,comment_002270,TRUE
video_013609,2022-04-26T12:23:05Z,2299,,3,Zebrasoma_flavescens,Spain,Fishes,uncertain,prohibida,Post-Introduction,eCommerce,eCommerce,2008,2008-06-01T12:00:00Z,comment,82,0,comment_011982,,FALSE
video_013609,2021-10-31T08:24:13Z,2299,,3,Zebrasoma_flavescens,Spain,Fishes,uncertain,tienda,Post-Introduction,eCommerce,eCommerce,2008,2008-06-01T12:00:00Z,comment,82,2,comment_009673,,FALSE
video_013609,2023-06-06T14:34:34Z,2299,,3,Zebrasoma_flavescens,Spain,Fishes,uncertain,prohibido,Post-Introduction,eCommerce,eCommerce,2008,2008-06-01T12:00:00Z,comment,82,1,comment_011983,comment_011982,TRUE
video_013609,2023-06-06T14:34:34Z,2299,,3,Zebrasoma_flavescens,Spain,Fishes,uncertain,prohibido,Post-Introduction,eCommerce,eCommerce,2008,2008-06-01T12:00:00Z,comment,82,1,comment_011983,comment_011982,TRUE
video_006867,2021-11-08T16:53:50Z,7662,,70,Zebrasoma_flavescens,Spain,Fishes,uncertain,compre,Post-Introduction,eCommerce,eCommerce,2008,2008-06-01T12:00:00Z,comment,221,0,comment_010948,,FALSE
video_006867,2021-11-08T16:53:50Z,7662,,70,Zebrasoma_flavescens,Spain,Fishes,uncertain,acuario,Post-Introduction,eCommerce,eCommerce,2008,2008-06-01T12:00:00Z,comment,221,0,comment_010948,,FALSE
video_006867,2021-01-24T06:55:46Z,7662,,70,Zebrasoma_flavescens,Spain,Fishes,uncertain,acuario,Post-Introduction,eCommerce,eCommerce,2008,2008-06-01T12:00:00Z,comment,221,0,comment_010071,,FALSE
video_006867,2020-08-22T07:57:27Z,7662,,70,Zebrasoma_flavescens,Spain,Fishes,uncertain,tienda,Post-Introduction,eCommerce,eCommerce,2008,2008-06-01T12:00:00Z,comment,221,0,comment_010539,,FALSE
video_006867,2020-07-16T21:25:47Z,7662,,70,Zebrasoma_flavescens,Spain,Fishes,uncertain,compre,Post-Introduction,eCommerce,eCommerce,2008,2008-06-01T12:00:00Z,comment,221,0,comment_002225,,FALSE
video_006867,2020-07-12T21:39:06Z,7662,,70,Zebrasoma_flavescens,Spain,Fishes,uncertain,acuario,Post-Introduction,eCommerce,eCommerce,2008,2008-06-01T12:00:00Z,comment,221,0,comment_011569,,FALSE
video_006867,2020-07-11T09:32:09Z,7662,,70,Zebrasoma_flavescens,Spain,Fishes,uncertain,tienda,Post-Introduction,eCommerce,eCommerce,2008,2008-06-01T12:00:00Z,comment,221,0,comment_003363,,FALSE
video_006867,2020-07-11T07:41:42Z,7662,,70,Zebrasoma_flavescens,Spain,Fishes,uncertain,acuario,Post-Introduction,eCommerce,eCommerce,2008,2008-06-01T12:00:00Z,comment,221,0,comment_014961,,FALSE
video_006867,2020-07-10T23:09:26Z,7662,,70,Zebrasoma_flavescens,Spain,Fishes,uncertain,acuario,Post-Introduction,eCommerce,eCommerce,2008,2008-06-01T12:00:00Z,comment,221,0,comment_011428,,FALSE
video_006867,2020-07-10T22:14:25Z,7662,,70,Zebrasoma_flavescens,Spain,Fishes,uncertain,acuario,Post-Introduction,eCommerce,eCommerce,2008,2008-06-01T12:00:00Z,comment,221,0,comment_014653,,FALSE
video_006867,2021-01-24T06:58:05Z,7662,,70,Zebrasoma_flavescens,Spain,Fishes,uncertain,acuario,Post-Introduction,eCommerce,eCommerce,2008,2008-06-01T12:00:00Z,comment,221,1,comment_010072,comment_010071,TRUE
video_006867,2021-01-24T06:58:05Z,7662,,70,Zebrasoma_flavescens,Spain,Fishes,uncertain,captura,Post-Introduction,Detection,Detection,2008,2008-06-01T12:00:00Z,comment,221,1,comment_010072,comment_010071,TRUE
video_006867,2021-01-24T06:58:05Z,7662,,70,Zebrasoma_flavescens,Spain,Fishes,uncertain,trampa,Post-Introduction,Detection,Detection,2008,2008-06-01T12:00:00Z,comment,221,1,comment_010072,comment_010071,TRUE
video_006867,2020-08-22T08:15:06Z,7662,,70,Zebrasoma_flavescens,Spain,Fishes,uncertain,tienda,Post-Introduction,eCommerce,eCommerce,2008,2008-06-01T12:00:00Z,comment,221,0,comment_010540,comment_010539,TRUE
video_006867,2020-07-16T21:30:01Z,7662,,70,Zebrasoma_flavescens,Spain,Fishes,uncertain,tienda,Post-Introduction,eCommerce,eCommerce,2008,2008-06-01T12:00:00Z,comment,221,0,comment_002226,comment_002225,TRUE
video_006867,2020-07-16T22:21:37Z,7662,,70,Zebrasoma_flavescens,Spain,Fishes,uncertain,tienda,Post-Introduction,eCommerce,eCommerce,2008,2008-06-01T12:00:00Z,comment,221,0,comment_002227,comment_002225,TRUE
video_006867,2020-07-11T07:53:09Z,7662,,70,Zebrasoma_flavescens,Spain,Fishes,uncertain,adquisicion,Post-Introduction,eCommerce,eCommerce,2008,2008-06-01T12:00:00Z,comment,221,1,comment_014962,comment_014961,TRUE
