video_id,created_at,viewCount,video_likeCount,comment_likeCount,commentCount,TaxonName,Region,LifeForm,PresentStatus,word,time_period,KeywordCategory,category,FirstRecord,FirstRecordDate,token_source,comment_id,parent_id,is_reply
6DZ_PN9StbY,2024-01-12T21:35:06Z,229,4,0,1,Acridotheres_cristatellus,Portugal,Birds,established,visto,Post-Introduction,Detection,Detection,2007,2007-06-01T12:00:00Z,comment,Ugx64sDXPbFR4Z9aoSF4AaABAg,,FALSE
cXOEJRKUSYA,2020-10-10T09:21:26Z,19,2,1,1,Aedes_aegypti,Madeira,Insects,established,transmisor,Post-Introduction,Threat,Threat,2006,2006-06-01T12:00:00Z,comment,UgyCaYB-eVzGkulwIqV4AaABAg,,FALSE
cXOEJRKUSYA,2020-10-10T09:21:26Z,19,2,1,1,Aedes_aegypti,Madeira,Insects,established,alerta,Post-Introduction,Detection,Detection,2006,2006-06-01T12:00:00Z,comment,UgyCaYB-eVzGkulwIqV4AaABAg,,FALSE
cXOEJRKUSYA,2020-10-10T09:21:26Z,19,2,1,1,Aedes_aegypti,Madeira,Insects,established,controlar,Post-Introduction,Detection,Detection,2006,2006-06-01T12:00:00Z,comment,UgyCaYB-eVzGkulwIqV4AaABAg,,FALSE
cXOEJRKUSYA,2020-10-10T09:21:26Z,19,2,1,1,Aedes_aegypti,Madeira,Insects,established,propagando,Post-Introduction,Invasion,Invasion,2006,2006-06-01T12:00:00Z,comment,UgyCaYB-eVzGkulwIqV4AaABAg,,FALSE
cXOEJRKUSYA,2020-10-10T09:21:26Z,19,2,1,1,Aedes_aegypti,Madeira,Insects,established,deteccion,Post-Introduction,Detection,Detection,2006,2006-06-01T12:00:00Z,comment,UgyCaYB-eVzGkulwIqV4AaABAg,,FALSE
6MMkZX7CjNU,2018-04-09T19:44:26Z,47975,517,1,14,Aedes_aegypti,Madeira,Insects,established,armadilhas,Post-Introduction,Detection,Detection,2006,2006-06-01T12:00:00Z,comment,UgwX4hzO6jE_cetAXsB4AaABAg,,FALSE
6MMkZX7CjNU,2018-04-09T19:44:26Z,47975,517,1,14,Aedes_aegypti,Madeira,Insects,established,pragas,Post-Introduction,Invasion,Invasion,2006,2006-06-01T12:00:00Z,comment,UgwX4hzO6jE_cetAXsB4AaABAg,,FALSE
jplPCvooj30,2025-09-25T23:37:11Z,640,25,0,2,Agapornis_fischeri,Portugal,Birds,alien,visto,Post-Introduction,Detection,Detection,2008,2008-06-01T12:00:00Z,comment,UgwIsdtJWgV_eg2OQxx4AaABAg.AG_W7PISz41ANWJiVNtU4G,UgwIsdtJWgV_eg2OQxx4AaABAg,TRUE
J_v3RGXBkoU,2022-04-29T20:31:29Z,60183,1618,0,147,Agapornis_fischeri,Portugal,Birds,alien,precio,Post-Introduction,eCommerce,eCommerce,2008,2008-06-01T12:00:00Z,comment,UgwTVGaf0Na763T4YjB4AaABAg,,FALSE
J_v3RGXBkoU,2021-11-07T04:48:25Z,60183,1618,0,147,Agapornis_fischeri,Portugal,Birds,alien,compre,Post-Introduction,eCommerce,eCommerce,2008,2008-06-01T12:00:00Z,comment,Ugw5IZgocqBnydLSStt4AaABAg,,FALSE
J_v3RGXBkoU,2020-12-18T09:10:00Z,60183,1618,2,147,Agapornis_fischeri,Portugal,Birds,alien,adoptar,Post-Introduction,eCommerce,eCommerce,2008,2008-06-01T12:00:00Z,comment,Ugx_lyr2_Iwb_tUYzQR4AaABAg,,FALSE
J_v3RGXBkoU,2020-12-18T09:10:00Z,60183,1618,2,147,Agapornis_fischeri,Portugal,Birds,alien,visto,Post-Introduction,Detection,Detection,2008,2008-06-01T12:00:00Z,comment,Ugx_lyr2_Iwb_tUYzQR4AaABAg,,FALSE
J_v3RGXBkoU,2020-10-03T17:59:25Z,60183,1618,3,147,Agapornis_fischeri,Portugal,Birds,alien,cara,Post-Introduction,eCommerce,eCommerce,2008,2008-06-01T12:00:00Z,comment,Ugyz42dYKh2HBtjZV3B4AaABAg,,FALSE
J_v3RGXBkoU,2020-10-03T13:34:26Z,60183,1618,7,147,Agapornis_fischeri,Portugal,Birds,alien,precios,Post-Introduction,eCommerce,eCommerce,2008,2008-06-01T12:00:00Z,comment,UgylIUufiD2foRE6lt94AaABAg,,FALSE
J_v3RGXBkoU,2020-10-03T21:44:16Z,60183,1618,1,147,Agapornis_fischeri,Portugal,Birds,alien,reciente,Post-Introduction,Detection,Detection,2008,2008-06-01T12:00:00Z,comment,Ugxom_D4vQjhBDXeSqt4AaABAg.9EMPO1BqZnI9EMucrpcOe4,Ugxom_D4vQjhBDXeSqt4AaABAg,TRUE
6i3EdHZpNek,2022-03-07T05:22:48Z,503,32,2,21,Agapornis_fischeri,Portugal,Birds,alien,encontre,Post-Introduction,Detection,Detection,2008,2008-06-01T12:00:00Z,comment,Ugz4a3Sh3vF5XR0zw814AaABAg,,FALSE
rKIDF7bx7hc,2020-04-11T11:05:09Z,24018,115,1,9,Agapornis_nigrigenis,Spain,Birds,alien,hibridacion,Post-Introduction,Threat,Threat,2006,2006-06-01T12:00:00Z,comment,UgyIneNwLMbaIGNbFiN4AaABAg.97FO6SfeVon97J9NfP-BlX,UgyIneNwLMbaIGNbFiN4AaABAg,TRUE
rKIDF7bx7hc,2020-03-04T16:22:32Z,24018,115,0,9,Agapornis_nigrigenis,Spain,Birds,alien,vender,Post-Introduction,eCommerce,eCommerce,2006,2006-06-01T12:00:00Z,comment,Ugy6VvwRV_VSduoYNqp4AaABAg.95hPz2QTiq995msV-henL4,Ugy6VvwRV_VSduoYNqp4AaABAg,TRUE
rKIDF7bx7hc,2020-03-04T16:22:32Z,24018,115,0,9,Agapornis_nigrigenis,Spain,Birds,alien,pajareria,Post-Introduction,eCommerce,eCommerce,2006,2006-06-01T12:00:00Z,comment,Ugy6VvwRV_VSduoYNqp4AaABAg.95hPz2QTiq995msV-henL4,Ugy6VvwRV_VSduoYNqp4AaABAg,TRUE
rKIDF7bx7hc,2020-02-01T23:24:55Z,24018,115,0,9,Agapornis_nigrigenis,Spain,Birds,alien,controlar,Post-Introduction,Detection,Detection,2006,2006-06-01T12:00:00Z,comment,UgzfKJnq2btgasre2Gd4AaABAg.94Bdn6BYJ5D94WEOcGuPom,UgzfKJnq2btgasre2Gd4AaABAg,TRUE
THFcmMTenUk,2019-10-17T22:42:29Z,429,8,0,2,Agapornis_nigrigenis,Spain,Birds,alien,toxica,Post-Introduction,Threat,Threat,2006,2006-06-01T12:00:00Z,comment,UgysQL9cz-Kwrb5Z6UN4AaABAg,,FALSE
THFcmMTenUk,2019-10-17T22:42:29Z,429,8,0,2,Agapornis_nigrigenis,Spain,Birds,alien,peligrosa,Post-Introduction,Threat,Threat,2006,2006-06-01T12:00:00Z,comment,UgysQL9cz-Kwrb5Z6UN4AaABAg,,FALSE
4gE7tKfYfaQ,2019-04-08T19:34:01Z,198150,790,1,38,Agapornis_nigrigenis,Spain,Birds,alien,compre,Post-Introduction,eCommerce,eCommerce,2006,2006-06-01T12:00:00Z,comment,UgyfzXwG3nkQeqMiXtx4AaABAg,,FALSE
4gE7tKfYfaQ,2018-03-12T15:21:02Z,198150,790,1,38,Agapornis_nigrigenis,Spain,Birds,alien,jaula,Post-Introduction,eCommerce,eCommerce,2006,2006-06-01T12:00:00Z,comment,UgxH5tDSx6ofzLLu2SJ4AaABAg,,FALSE
4gE7tKfYfaQ,2019-04-09T08:39:08Z,198150,790,1,38,Agapornis_nigrigenis,Spain,Birds,alien,tienda,Post-Introduction,eCommerce,eCommerce,2006,2006-06-01T12:00:00Z,comment,UgyfzXwG3nkQeqMiXtx4AaABAg.8tTvHoxmcCA8tVK8Bfct7W,UgyfzXwG3nkQeqMiXtx4AaABAg,TRUE
4gE7tKfYfaQ,2019-04-09T08:39:08Z,198150,790,1,38,Agapornis_nigrigenis,Spain,Birds,alien,jaula,Post-Introduction,eCommerce,eCommerce,2006,2006-06-01T12:00:00Z,comment,UgyfzXwG3nkQeqMiXtx4AaABAg.8tTvHoxmcCA8tVK8Bfct7W,UgyfzXwG3nkQeqMiXtx4AaABAg,TRUE
wNyrBfCj394,2021-06-10T20:55:57Z,2803,121,1,25,Agapornis_nigrigenis,Spain,Birds,alien,comprar,Post-Introduction,eCommerce,eCommerce,2006,2006-06-01T12:00:00Z,comment,UgyypTuwX5voZT72DzR4AaABAg,,FALSE
wNyrBfCj394,2021-06-10T17:47:57Z,2803,121,2,25,Agapornis_nigrigenis,Spain,Birds,alien,cara,Post-Introduction,eCommerce,eCommerce,2006,2006-06-01T12:00:00Z,comment,UgxpTa_dJeijG_9I1pR4AaABAg,,FALSE
iBHbkPVSn0k,2024-04-23T07:08:08Z,11780,231,2,8,Amazona_albifrons,Spain,Birds,alien,enjaulado,Post-Introduction,eCommerce,eCommerce,2007,2007-06-01T12:00:00Z,comment,Ugzc9CG4mKbJbxuJtD54AaABAg,,FALSE
r4v6tf7xwRE,2021-10-06T18:32:13Z,140303,995,0,91,Amazona_amazonica,Portugal,Birds,alien,encontre,Post-Introduction,Detection,Detection,2012,2012-06-01T12:00:00Z,comment,UgxUgkVf2V7g5Wr8XWF4AaABAg,,FALSE
r4v6tf7xwRE,2017-05-01T02:42:07Z,140303,995,1,91,Amazona_amazonica,Portugal,Birds,alien,vender,Post-Introduction,eCommerce,eCommerce,2012,2012-06-01T12:00:00Z,comment,UgiPlqpTOqY-qngCoAEC,,FALSE
r4v6tf7xwRE,2019-11-30T11:04:30Z,140303,995,0,91,Amazona_amazonica,Portugal,Birds,alien,jaula,Post-Introduction,eCommerce,eCommerce,2012,2012-06-01T12:00:00Z,comment,UgzJzm835MPacDpkk0J4AaABAg.8y3hEeOLetH91xg_TWGzTQ,UgzJzm835MPacDpkk0J4AaABAg,TRUE
A4HbcYJUPR8,2025-09-24T19:02:44Z,2959,88,0,2,Amazona_ochrocephala,Portugal,Birds,alien,precio,Post-Introduction,eCommerce,eCommerce,2007,2007-06-01T12:00:00Z,comment,UgzQMxjacmnBSkmLTgF4AaABAg,,FALSE
s8RnxajPQdA,2020-12-18T22:51:35Z,5054,65,0,7,Anser_cygnoides,Portugal,Birds,alien,vender,Post-Introduction,eCommerce,eCommerce,2008,2008-06-01T12:00:00Z,comment,UgyrXbxmmGs3SzUb-QF4AaABAg,,FALSE
s8RnxajPQdA,2020-12-15T04:00:39Z,5054,65,0,7,Anser_cygnoides,Portugal,Birds,alien,comprar,Post-Introduction,eCommerce,eCommerce,2008,2008-06-01T12:00:00Z,comment,Ugwmn8bFQMDIU78wJU14AaABAg,,FALSE
s8RnxajPQdA,2020-12-15T04:00:39Z,5054,65,0,7,Anser_cygnoides,Portugal,Birds,alien,vender,Post-Introduction,eCommerce,eCommerce,2008,2008-06-01T12:00:00Z,comment,Ugwmn8bFQMDIU78wJU14AaABAg,,FALSE
07VQgsoyWuo,2025-10-05T00:37:30Z,1457,24,0,2,Anser_cygnoides,Portugal,Birds,alien,vender,Post-Introduction,eCommerce,eCommerce,2008,2008-06-01T12:00:00Z,comment,UgwKNyvMiI4mlAkfWd54AaABAg,,FALSE
kZ0L36LaReQ,2020-09-26T05:40:28Z,6863,42,0,26,Apalone_ferox,Spain,Herptiles,alien,acuarios,Post-Introduction,eCommerce,eCommerce,2018,2018-06-01T12:00:00Z,comment,Ugzf6PgF1I3ZD8xZv2R4AaABAg,,FALSE
kZ0L36LaReQ,2017-06-27T12:01:34Z,6863,42,1,26,Apalone_ferox,Spain,Herptiles,alien,prohibido,Pre-Introduction,eCommerce,eCommerce,2018,2018-06-01T12:00:00Z,comment,UghtiJLr7K7CCngCoAEC,,FALSE
kZ0L36LaReQ,2015-03-16T11:58:04Z,6863,42,4,26,Apalone_ferox,Spain,Herptiles,alien,atacando,Pre-Introduction,Threat,Threat,2018,2018-06-01T12:00:00Z,comment,Ugjo4Y7yV37-0ngCoAEC,,FALSE
kZ0L36LaReQ,2013-04-17T14:21:24Z,6863,42,0,26,Apalone_ferox,Spain,Herptiles,alien,compre,Pre-Introduction,eCommerce,eCommerce,2018,2018-06-01T12:00:00Z,comment,UgyEx2NJn1xDjlBam5l4AaABAg,,FALSE
kZ0L36LaReQ,2017-07-06T04:49:41Z,6863,42,0,26,Apalone_ferox,Spain,Herptiles,alien,compre,Pre-Introduction,eCommerce,eCommerce,2018,2018-06-01T12:00:00Z,comment,Uggo6IHA5PwjPHgCoAEC.8UejawjJRnA8UeoXt7apR1,Uggo6IHA5PwjPHgCoAEC,TRUE
kZ0L36LaReQ,2017-06-27T14:04:31Z,6863,42,0,26,Apalone_ferox,Spain,Herptiles,alien,acuarios,Pre-Introduction,eCommerce,eCommerce,2018,2018-06-01T12:00:00Z,comment,UghtiJLr7K7CCngCoAEC.8UJPo9cYr-78UJcshQuxI6,UghtiJLr7K7CCngCoAEC,TRUE
4hYp55iG6x0,2021-03-24T22:00:30Z,5080,48,0,24,Apalone_ferox,Spain,Herptiles,alien,acuario,Post-Introduction,eCommerce,eCommerce,2018,2018-06-01T12:00:00Z,comment,UgxYNTlWdwIlWMwvYrB4AaABAg,,FALSE
4hYp55iG6x0,2013-08-21T01:53:23Z,5080,48,0,24,Apalone_ferox,Spain,Herptiles,alien,compre,Pre-Introduction,eCommerce,eCommerce,2018,2018-06-01T12:00:00Z,comment,Ugzloo8ecohgv56FWAp4AaABAg,,FALSE
4hYp55iG6x0,2013-08-21T01:53:23Z,5080,48,0,24,Apalone_ferox,Spain,Herptiles,alien,caro,Pre-Introduction,eCommerce,eCommerce,2018,2018-06-01T12:00:00Z,comment,Ugzloo8ecohgv56FWAp4AaABAg,,FALSE
4hYp55iG6x0,2013-08-18T04:52:16Z,5080,48,0,24,Apalone_ferox,Spain,Herptiles,alien,pecera,Pre-Introduction,eCommerce,eCommerce,2018,2018-06-01T12:00:00Z,comment,Ugz_qh5SqGmNaQvGKxF4AaABAg,,FALSE
4hYp55iG6x0,2013-07-04T02:29:38Z,5080,48,0,24,Apalone_ferox,Spain,Herptiles,alien,compre,Pre-Introduction,eCommerce,eCommerce,2018,2018-06-01T12:00:00Z,comment,UgyKJaIeSBdtXRU1DmJ4AaABAg,,FALSE
4hYp55iG6x0,2013-07-04T02:29:38Z,5080,48,0,24,Apalone_ferox,Spain,Herptiles,alien,acuario,Pre-Introduction,eCommerce,eCommerce,2018,2018-06-01T12:00:00Z,comment,UgyKJaIeSBdtXRU1DmJ4AaABAg,,FALSE
4hYp55iG6x0,2013-07-04T02:29:38Z,5080,48,0,24,Apalone_ferox,Spain,Herptiles,alien,acuarios,Pre-Introduction,eCommerce,eCommerce,2018,2018-06-01T12:00:00Z,comment,UgyKJaIeSBdtXRU1DmJ4AaABAg,,FALSE
LyTlWBXKtRw,2013-09-28T04:55:16Z,4655,70,0,39,Apalone_ferox,Spain,Herptiles,alien,peceras,Pre-Introduction,eCommerce,eCommerce,2018,2018-06-01T12:00:00Z,comment,UgxMpjr3mHkGya0lsc94AaABAg,,FALSE
LyTlWBXKtRw,2013-09-08T01:29:03Z,4655,70,0,39,Apalone_ferox,Spain,Herptiles,alien,pecera,Pre-Introduction,eCommerce,eCommerce,2018,2018-06-01T12:00:00Z,comment,UgycOg1c6SW1qFy16fB4AaABAg,,FALSE
LyTlWBXKtRw,2013-08-31T05:55:19Z,4655,70,0,39,Apalone_ferox,Spain,Herptiles,alien,compre,Pre-Introduction,eCommerce,eCommerce,2018,2018-06-01T12:00:00Z,comment,UgwOL0b1jq2A-2LRtHt4AaABAg,,FALSE
LyTlWBXKtRw,2013-08-31T05:55:19Z,4655,70,0,39,Apalone_ferox,Spain,Herptiles,alien,acuario,Pre-Introduction,eCommerce,eCommerce,2018,2018-06-01T12:00:00Z,comment,UgwOL0b1jq2A-2LRtHt4AaABAg,,FALSE
LyTlWBXKtRw,2013-08-31T05:55:19Z,4655,70,0,39,Apalone_ferox,Spain,Herptiles,alien,acuario,Pre-Introduction,eCommerce,eCommerce,2018,2018-06-01T12:00:00Z,comment,UgwOL0b1jq2A-2LRtHt4AaABAg,,FALSE
LyTlWBXKtRw,2013-04-26T03:31:49Z,4655,70,0,39,Apalone_ferox,Spain,Herptiles,alien,comprar,Pre-Introduction,eCommerce,eCommerce,2018,2018-06-01T12:00:00Z,comment,Ugx49s6--jPoy5ZW9Yt4AaABAg,,FALSE
OWTqm3Mu9wE,2018-10-31T01:24:40Z,7925,108,3,18,Apalone_ferox,Spain,Herptiles,alien,acuario,Post-Introduction,eCommerce,eCommerce,2018,2018-06-01T12:00:00Z,comment,UgwMB_UWxsBUNONeXdB4AaABAg,,FALSE
OWTqm3Mu9wE,2019-06-02T21:22:56Z,7925,108,0,18,Apalone_ferox,Spain,Herptiles,alien,manejo,Post-Introduction,Detection,Detection,2018,2018-06-01T12:00:00Z,comment,UgwMB_UWxsBUNONeXdB4AaABAg.8n2ZDzvYPC48vgjTjhYYIn,UgwMB_UWxsBUNONeXdB4AaABAg,TRUE
3xykat9Ikck,2020-12-29T06:25:44Z,8243,114,0,28,Apalone_ferox,Spain,Herptiles,alien,pecera,Post-Introduction,eCommerce,eCommerce,2018,2018-06-01T12:00:00Z,comment,UgxoClVvX0oI-m5bQrZ4AaABAg,,FALSE
3xykat9Ikck,2016-08-19T02:42:34Z,8243,114,0,28,Apalone_ferox,Spain,Herptiles,alien,pecera,Pre-Introduction,eCommerce,eCommerce,2018,2018-06-01T12:00:00Z,comment,Ughskwkq1czoongCoAEC,,FALSE
3xykat9Ikck,2015-11-20T17:22:15Z,8243,114,0,28,Apalone_ferox,Spain,Herptiles,alien,acuario,Pre-Introduction,eCommerce,eCommerce,2018,2018-06-01T12:00:00Z,comment,UgioSZwWGm1scHgCoAEC,,FALSE
3xykat9Ikck,2015-04-09T20:50:58Z,8243,114,0,28,Apalone_ferox,Spain,Herptiles,alien,acuario,Pre-Introduction,eCommerce,eCommerce,2018,2018-06-01T12:00:00Z,comment,UggUsY1dfO7RaXgCoAEC,,FALSE
3xykat9Ikck,2015-04-09T17:33:05Z,8243,114,0,28,Apalone_ferox,Spain,Herptiles,alien,acuario,Pre-Introduction,eCommerce,eCommerce,2018,2018-06-01T12:00:00Z,comment,UghJ0dU6m_Hb43gCoAEC,,FALSE
3xykat9Ikck,2015-04-09T12:50:30Z,8243,114,0,28,Apalone_ferox,Spain,Herptiles,alien,acuario,Pre-Introduction,eCommerce,eCommerce,2018,2018-06-01T12:00:00Z,comment,UgiNR6nt5kvosngCoAEC,,FALSE
3xykat9Ikck,2015-04-09T17:38:17Z,8243,114,1,28,Apalone_ferox,Spain,Herptiles,alien,peligrosa,Pre-Introduction,Threat,Threat,2018,2018-06-01T12:00:00Z,comment,UghJ0dU6m_Hb43gCoAEC.7-H0Z7-9E197-H19Al3YCB,UghJ0dU6m_Hb43gCoAEC,TRUE
3sSlaZn9v7s,2015-05-17T23:08:18Z,3810,49,0,13,Apalone_ferox,Spain,Herptiles,alien,acuarios,Pre-Introduction,eCommerce,eCommerce,2018,2018-06-01T12:00:00Z,comment,UghmV_fzAom1cngCoAEC.8-Ghd6n3r4a7-H4M-MaCUj,UghmV_fzAom1cngCoAEC,TRUE
1SW4I5oAbrY,2022-02-07T00:03:07Z,23569,1506,0,107,Aratinga_jandaya,Spain,Birds,alien,gaiola,Post-Introduction,eCommerce,eCommerce,2008,2008-06-01T12:00:00Z,comment,Ugzgbs5wTJ5mvbPhSvh4AaABAg,,FALSE
1SW4I5oAbrY,2022-01-27T02:06:49Z,23569,1506,0,107,Aratinga_jandaya,Spain,Birds,alien,vender,Post-Introduction,eCommerce,eCommerce,2008,2008-06-01T12:00:00Z,comment,Ugz6yFHHFdnqwfZYs7N4AaABAg,,FALSE
1SW4I5oAbrY,2020-07-22T16:09:57Z,23569,1506,0,107,Aratinga_jandaya,Spain,Birds,alien,comprar,Post-Introduction,eCommerce,eCommerce,2008,2008-06-01T12:00:00Z,comment,UgxV12javJhAVOyWWa94AaABAg,,FALSE
1SW4I5oAbrY,2019-04-15T17:26:19Z,23569,1506,0,107,Aratinga_jandaya,Spain,Birds,alien,gaiola,Post-Introduction,eCommerce,eCommerce,2008,2008-06-01T12:00:00Z,comment,UgyCietfa8tfhIssw-B4AaABAg,,FALSE
1SW4I5oAbrY,2019-04-15T17:26:19Z,23569,1506,0,107,Aratinga_jandaya,Spain,Birds,alien,gaiola,Post-Introduction,eCommerce,eCommerce,2008,2008-06-01T12:00:00Z,comment,UgyCietfa8tfhIssw-B4AaABAg,,FALSE
1SW4I5oAbrY,2018-12-03T21:19:05Z,23569,1506,0,107,Aratinga_jandaya,Spain,Birds,alien,loja,Post-Introduction,eCommerce,eCommerce,2008,2008-06-01T12:00:00Z,comment,Ugx8gm5iqo92h8qrIEt4AaABAg,,FALSE
1SW4I5oAbrY,2018-12-03T09:19:27Z,23569,1506,0,107,Aratinga_jandaya,Spain,Birds,alien,loja,Post-Introduction,eCommerce,eCommerce,2008,2008-06-01T12:00:00Z,comment,Ugwx0HdzMunV0phvMfd4AaABAg,,FALSE
1SW4I5oAbrY,2018-12-03T09:19:27Z,23569,1506,0,107,Aratinga_jandaya,Spain,Birds,alien,preco,Post-Introduction,eCommerce,eCommerce,2008,2008-06-01T12:00:00Z,comment,Ugwx0HdzMunV0phvMfd4AaABAg,,FALSE
1SW4I5oAbrY,2018-12-02T19:28:39Z,23569,1506,0,107,Aratinga_jandaya,Spain,Birds,alien,comprar,Post-Introduction,eCommerce,eCommerce,2008,2008-06-01T12:00:00Z,comment,Ugzc0EP2YL5vb3eI1nh4AaABAg,,FALSE
1SW4I5oAbrY,2018-12-02T00:45:00Z,23569,1506,3,107,Aratinga_jandaya,Spain,Birds,alien,aquarios,Post-Introduction,eCommerce,eCommerce,2008,2008-06-01T12:00:00Z,comment,Ugw7g_JWQFOjyyjROKt4AaABAg,,FALSE
1SW4I5oAbrY,2018-12-01T21:14:52Z,23569,1506,0,107,Aratinga_jandaya,Spain,Birds,alien,loja,Post-Introduction,eCommerce,eCommerce,2008,2008-06-01T12:00:00Z,comment,UgxqFfaqUzCW7cvtEeR4AaABAg,,FALSE
mGXBJIpUEAI,2025-03-08T23:31:10Z,454,10,0,3,Aratinga_jandaya,Spain,Birds,alien,precio,Post-Introduction,eCommerce,eCommerce,2008,2008-06-01T12:00:00Z,comment,UgwVqjRGt3h8861QdSJ4AaABAg,,FALSE
mGXBJIpUEAI,2025-03-04T14:11:32Z,454,10,0,3,Aratinga_jandaya,Spain,Birds,alien,visto,Post-Introduction,Detection,Detection,2008,2008-06-01T12:00:00Z,comment,UgxS3Qdyo3tdV3nsOB94AaABAg,,FALSE
7GLcDLJc9d4,2017-11-28T08:52:33Z,1381,14,0,2,Balistoides_conspicillum,Spain,Fishes,uncertain,comprei,Post-Introduction,eCommerce,eCommerce,2012,2012-06-01T12:00:00Z,comment,UgzlQT7vxMAi1jYSTit4AaABAg.8_UeB3fRmEA8_Vbaa3_PHP,UgzlQT7vxMAi1jYSTit4AaABAg,TRUE
7GLcDLJc9d4,2017-11-28T08:52:33Z,1381,14,0,2,Balistoides_conspicillum,Spain,Fishes,uncertain,aquario,Post-Introduction,eCommerce,eCommerce,2012,2012-06-01T12:00:00Z,comment,UgzlQT7vxMAi1jYSTit4AaABAg.8_UeB3fRmEA8_Vbaa3_PHP,UgzlQT7vxMAi1jYSTit4AaABAg,TRUE
NkFFa6M5m6s,2023-10-22T23:29:46Z,17163,30,0,6,Belonochilus_numenius,Spain,Insects,established,plaga,Post-Introduction,Invasion,Invasion,2008,2008-06-01T12:00:00Z,comment,UgyXLzBHj6BOIFGAnQp4AaABAg,,FALSE
NkFFa6M5m6s,2023-10-22T23:29:46Z,17163,30,0,6,Belonochilus_numenius,Spain,Insects,established,visto,Post-Introduction,Detection,Detection,2008,2008-06-01T12:00:00Z,comment,UgyXLzBHj6BOIFGAnQp4AaABAg,,FALSE
NkFFa6M5m6s,2023-10-22T23:29:46Z,17163,30,0,6,Belonochilus_numenius,Spain,Insects,established,plaga,Post-Introduction,Invasion,Invasion,2008,2008-06-01T12:00:00Z,comment,UgyXLzBHj6BOIFGAnQp4AaABAg,,FALSE
NkFFa6M5m6s,2019-10-23T18:52:27Z,17163,30,1,6,Belonochilus_numenius,Spain,Insects,established,aparecieron,Post-Introduction,Detection,Detection,2008,2008-06-01T12:00:00Z,comment,UgyM1chccwAjgFAdvgx4AaABAg,,FALSE
SQbxXXZT6FQ,2022-04-06T04:35:03Z,238,27,1,12,Bemisia_tabaci,Spain,Insects,alien,plaga,Post-Introduction,Invasion,Invasion,2006,2006-06-01T12:00:00Z,comment,UgyWjiUSiRgiYGBU1MB4AaABAg,,FALSE
SQbxXXZT6FQ,2022-04-06T20:31:39Z,238,27,0,12,Bemisia_tabaci,Spain,Insects,alien,plaga,Post-Introduction,Invasion,Invasion,2006,2006-06-01T12:00:00Z,comment,UgzjC0CnETcI1Wb7KSt4AaABAg.9_Uyh04hW3N9_UzX7mCFiB,UgzjC0CnETcI1Wb7KSt4AaABAg,TRUE
SQbxXXZT6FQ,2022-04-06T04:48:19Z,238,27,1,12,Bemisia_tabaci,Spain,Insects,alien,plaga,Post-Introduction,Invasion,Invasion,2006,2006-06-01T12:00:00Z,comment,UgyWjiUSiRgiYGBU1MB4AaABAg.9_TH2ql6bux9_TI_-EaOJb,UgyWjiUSiRgiYGBU1MB4AaABAg,TRUE
SQbxXXZT6FQ,2022-04-06T04:48:19Z,238,27,1,12,Bemisia_tabaci,Spain,Insects,alien,plagas,Post-Introduction,Invasion,Invasion,2006,2006-06-01T12:00:00Z,comment,UgyWjiUSiRgiYGBU1MB4AaABAg.9_TH2ql6bux9_TI_-EaOJb,UgyWjiUSiRgiYGBU1MB4AaABAg,TRUE
SQbxXXZT6FQ,2022-04-06T04:48:19Z,238,27,1,12,Bemisia_tabaci,Spain,Insects,alien,aparece,Post-Introduction,Detection,Detection,2006,2006-06-01T12:00:00Z,comment,UgyWjiUSiRgiYGBU1MB4AaABAg.9_TH2ql6bux9_TI_-EaOJb,UgyWjiUSiRgiYGBU1MB4AaABAg,TRUE
SQbxXXZT6FQ,2022-04-06T04:48:19Z,238,27,1,12,Bemisia_tabaci,Spain,Insects,alien,plaga,Post-Introduction,Invasion,Invasion,2006,2006-06-01T12:00:00Z,comment,UgyWjiUSiRgiYGBU1MB4AaABAg.9_TH2ql6bux9_TI_-EaOJb,UgyWjiUSiRgiYGBU1MB4AaABAg,TRUE
SQbxXXZT6FQ,2022-04-06T04:48:19Z,238,27,1,12,Bemisia_tabaci,Spain,Insects,alien,plaga,Post-Introduction,Invasion,Invasion,2006,2006-06-01T12:00:00Z,comment,UgyWjiUSiRgiYGBU1MB4AaABAg.9_TH2ql6bux9_TI_-EaOJb,UgyWjiUSiRgiYGBU1MB4AaABAg,TRUE
SQbxXXZT6FQ,2022-04-06T04:48:19Z,238,27,1,12,Bemisia_tabaci,Spain,Insects,alien,plaga,Post-Introduction,Invasion,Invasion,2006,2006-06-01T12:00:00Z,comment,UgyWjiUSiRgiYGBU1MB4AaABAg.9_TH2ql6bux9_TI_-EaOJb,UgyWjiUSiRgiYGBU1MB4AaABAg,TRUE
SQbxXXZT6FQ,2022-04-06T04:48:19Z,238,27,1,12,Bemisia_tabaci,Spain,Insects,alien,manejo,Post-Introduction,Detection,Detection,2006,2006-06-01T12:00:00Z,comment,UgyWjiUSiRgiYGBU1MB4AaABAg.9_TH2ql6bux9_TI_-EaOJb,UgyWjiUSiRgiYGBU1MB4AaABAg,TRUE
SQbxXXZT6FQ,2022-04-06T04:48:19Z,238,27,1,12,Bemisia_tabaci,Spain,Insects,alien,manejo,Post-Introduction,Detection,Detection,2006,2006-06-01T12:00:00Z,comment,UgyWjiUSiRgiYGBU1MB4AaABAg.9_TH2ql6bux9_TI_-EaOJb,UgyWjiUSiRgiYGBU1MB4AaABAg,TRUE
SQbxXXZT6FQ,2022-04-06T05:11:05Z,238,27,1,12,Bemisia_tabaci,Spain,Insects,alien,control,Post-Introduction,Detection,Detection,2006,2006-06-01T12:00:00Z,comment,UgyWjiUSiRgiYGBU1MB4AaABAg.9_TH2ql6bux9_TLAkAO3xb,UgyWjiUSiRgiYGBU1MB4AaABAg,TRUE
SQbxXXZT6FQ,2022-04-06T05:11:05Z,238,27,1,12,Bemisia_tabaci,Spain,Insects,alien,seguimiento,Post-Introduction,Detection,Detection,2006,2006-06-01T12:00:00Z,comment,UgyWjiUSiRgiYGBU1MB4AaABAg.9_TH2ql6bux9_TLAkAO3xb,UgyWjiUSiRgiYGBU1MB4AaABAg,TRUE
SQbxXXZT6FQ,2022-04-06T12:51:42Z,238,27,1,12,Bemisia_tabaci,Spain,Insects,alien,seguimiento,Post-Introduction,Detection,Detection,2006,2006-06-01T12:00:00Z,comment,UgyWjiUSiRgiYGBU1MB4AaABAg.9_TH2ql6bux9_U9tNfeehQ,UgyWjiUSiRgiYGBU1MB4AaABAg,TRUE
SQbxXXZT6FQ,2022-04-06T12:51:42Z,238,27,1,12,Bemisia_tabaci,Spain,Insects,alien,aparece,Post-Introduction,Detection,Detection,2006,2006-06-01T12:00:00Z,comment,UgyWjiUSiRgiYGBU1MB4AaABAg.9_TH2ql6bux9_U9tNfeehQ,UgyWjiUSiRgiYGBU1MB4AaABAg,TRUE
1Rr-ocW6uWw,2025-08-09T15:12:59Z,734486,21296,0,362,Bemisia_tabaci,Spain,Insects,alien,trampas,Post-Introduction,Detection,Detection,2006,2006-06-01T12:00:00Z,comment,Ugwg1cpwRNhfGfk8O6Z4AaABAg,,FALSE
1Rr-ocW6uWw,2025-06-16T11:56:35Z,734486,21296,0,362,Bemisia_tabaci,Spain,Insects,alien,danino,Post-Introduction,Threat,Threat,2006,2006-06-01T12:00:00Z,comment,Ugyn6rJ7vmJANlD4t6V4AaABAg,,FALSE
1Rr-ocW6uWw,2025-06-10T03:09:21Z,734486,21296,0,362,Bemisia_tabaci,Spain,Insects,alien,plagas,Post-Introduction,Invasion,Invasion,2006,2006-06-01T12:00:00Z,comment,Ugzk0SdWdBduB5OJebt4AaABAg,,FALSE
1Rr-ocW6uWw,2025-06-10T03:09:21Z,734486,21296,0,362,Bemisia_tabaci,Spain,Insects,alien,control,Post-Introduction,Detection,Detection,2006,2006-06-01T12:00:00Z,comment,Ugzk0SdWdBduB5OJebt4AaABAg,,FALSE
1Rr-ocW6uWw,2024-02-22T02:22:56Z,734486,21296,0,362,Bemisia_tabaci,Spain,Insects,alien,trampas,Post-Introduction,Detection,Detection,2006,2006-06-01T12:00:00Z,comment,UgzUN2P6zRbbOxrsiwx4AaABAg,,FALSE
1Rr-ocW6uWw,2023-08-29T20:07:21Z,734486,21296,0,362,Bemisia_tabaci,Spain,Insects,alien,peligro,Post-Introduction,Threat,Threat,2006,2006-06-01T12:00:00Z,comment,Ugy9WeJIJU59FLT_9d54AaABAg,,FALSE
1Rr-ocW6uWw,2023-08-29T20:07:21Z,734486,21296,0,362,Bemisia_tabaci,Spain,Insects,alien,plaga,Post-Introduction,Invasion,Invasion,2006,2006-06-01T12:00:00Z,comment,Ugy9WeJIJU59FLT_9d54AaABAg,,FALSE
1Rr-ocW6uWw,2023-07-07T11:49:11Z,734486,21296,0,362,Bemisia_tabaci,Spain,Insects,alien,plaga,Post-Introduction,Invasion,Invasion,2006,2006-06-01T12:00:00Z,comment,Ugxw7gJSekCzcsf7WbB4AaABAg,,FALSE
1Rr-ocW6uWw,2023-02-23T13:50:38Z,734486,21296,0,362,Bemisia_tabaci,Spain,Insects,alien,plaga,Post-Introduction,Invasion,Invasion,2006,2006-06-01T12:00:00Z,comment,UgxJDoEemCxaytSUdMh4AaABAg,,FALSE
1Rr-ocW6uWw,2022-07-07T21:15:35Z,734486,21296,1,362,Bemisia_tabaci,Spain,Insects,alien,visto,Post-Introduction,Detection,Detection,2006,2006-06-01T12:00:00Z,comment,UgwAMTuiql11FlLPoTp4AaABAg,,FALSE
1Rr-ocW6uWw,2022-04-14T17:20:57Z,734486,21296,0,362,Bemisia_tabaci,Spain,Insects,alien,trampa,Post-Introduction,Detection,Detection,2006,2006-06-01T12:00:00Z,comment,Ugx0MdPDq3L7sUz2wb14AaABAg,,FALSE
1Rr-ocW6uWw,2022-03-27T08:48:14Z,734486,21296,4,362,Bemisia_tabaci,Spain,Insects,alien,trampas,Post-Introduction,Detection,Detection,2006,2006-06-01T12:00:00Z,comment,UgyODCQtEO85hkUTyol4AaABAg,,FALSE
1Rr-ocW6uWw,2021-10-02T20:03:21Z,734486,21296,0,362,Bemisia_tabaci,Spain,Insects,alien,mercado,Post-Introduction,eCommerce,eCommerce,2006,2006-06-01T12:00:00Z,comment,Ugzr_LlMWun7aXrDJRB4AaABAg,,FALSE
1Rr-ocW6uWw,2021-08-29T16:37:11Z,734486,21296,0,362,Bemisia_tabaci,Spain,Insects,alien,plaga,Post-Introduction,Invasion,Invasion,2006,2006-06-01T12:00:00Z,comment,UgxvH2K0ZVwTIIRsITl4AaABAg,,FALSE
1Rr-ocW6uWw,2021-05-26T17:12:28Z,734486,21296,1,362,Bemisia_tabaci,Spain,Insects,alien,plaga,Post-Introduction,Invasion,Invasion,2006,2006-06-01T12:00:00Z,comment,Ugw-K05h760rkw9loiN4AaABAg,,FALSE
1Rr-ocW6uWw,2021-04-29T00:42:12Z,734486,21296,4,362,Bemisia_tabaci,Spain,Insects,alien,plaga,Post-Introduction,Invasion,Invasion,2006,2006-06-01T12:00:00Z,comment,Ugw5DZO9oXqEqZDJWlp4AaABAg,,FALSE
1Rr-ocW6uWw,2021-04-29T00:42:12Z,734486,21296,4,362,Bemisia_tabaci,Spain,Insects,alien,plaga,Post-Introduction,Invasion,Invasion,2006,2006-06-01T12:00:00Z,comment,Ugw5DZO9oXqEqZDJWlp4AaABAg,,FALSE
1Rr-ocW6uWw,2021-04-29T00:42:12Z,734486,21296,4,362,Bemisia_tabaci,Spain,Insects,alien,visto,Post-Introduction,Detection,Detection,2006,2006-06-01T12:00:00Z,comment,Ugw5DZO9oXqEqZDJWlp4AaABAg,,FALSE
1Rr-ocW6uWw,2021-04-29T00:42:12Z,734486,21296,4,362,Bemisia_tabaci,Spain,Insects,alien,visto,Post-Introduction,Detection,Detection,2006,2006-06-01T12:00:00Z,comment,Ugw5DZO9oXqEqZDJWlp4AaABAg,,FALSE
1Rr-ocW6uWw,2021-04-22T20:26:03Z,734486,21296,0,362,Bemisia_tabaci,Spain,Insects,alien,caro,Post-Introduction,eCommerce,eCommerce,2006,2006-06-01T12:00:00Z,comment,UgyygojsYK6jDD8xJRh4AaABAg,,FALSE
1Rr-ocW6uWw,2021-04-11T14:37:47Z,734486,21296,0,362,Bemisia_tabaci,Spain,Insects,alien,control,Post-Introduction,Detection,Detection,2006,2006-06-01T12:00:00Z,comment,UgxsnOhR2fSDlo-oilV4AaABAg,,FALSE
1Rr-ocW6uWw,2021-04-10T15:19:35Z,734486,21296,0,362,Bemisia_tabaci,Spain,Insects,alien,trampas,Post-Introduction,Detection,Detection,2006,2006-06-01T12:00:00Z,comment,UgxCedYwTOc_SA-DhV54AaABAg,,FALSE
1Rr-ocW6uWw,2021-03-23T04:03:20Z,734486,21296,0,362,Bemisia_tabaci,Spain,Insects,alien,trampas,Post-Introduction,Detection,Detection,2006,2006-06-01T12:00:00Z,comment,UgytCSHGtGrWL8yrWZl4AaABAg,,FALSE
1Rr-ocW6uWw,2021-01-29T02:41:41Z,734486,21296,0,362,Bemisia_tabaci,Spain,Insects,alien,trampas,Post-Introduction,Detection,Detection,2006,2006-06-01T12:00:00Z,comment,UgxU44Z5wVN94BEgQ-54AaABAg,,FALSE
1Rr-ocW6uWw,2021-01-24T14:31:29Z,734486,21296,0,362,Bemisia_tabaci,Spain,Insects,alien,trampas,Post-Introduction,Detection,Detection,2006,2006-06-01T12:00:00Z,comment,UgwFvvluRi_Lhl85j3t4AaABAg,,FALSE
1Rr-ocW6uWw,2021-01-24T14:31:29Z,734486,21296,0,362,Bemisia_tabaci,Spain,Insects,alien,trampas,Post-Introduction,Detection,Detection,2006,2006-06-01T12:00:00Z,comment,UgwFvvluRi_Lhl85j3t4AaABAg,,FALSE
1Rr-ocW6uWw,2021-01-20T16:36:11Z,734486,21296,0,362,Bemisia_tabaci,Spain,Insects,alien,compre,Post-Introduction,eCommerce,eCommerce,2006,2006-06-01T12:00:00Z,comment,UgyZnzVZ9MSXCXPIQq54AaABAg,,FALSE
1Rr-ocW6uWw,2023-04-08T22:41:01Z,734486,21296,1,362,Bemisia_tabaci,Spain,Insects,alien,plaga,Post-Introduction,Invasion,Invasion,2006,2006-06-01T12:00:00Z,comment,UgxlzWxiX4Xz8RmFiXx4AaABAg.9oCUtJfcsDI9oGD3sOdIFf,UgxlzWxiX4Xz8RmFiXx4AaABAg,TRUE
1Rr-ocW6uWw,2022-11-06T18:11:04Z,734486,21296,0,362,Bemisia_tabaci,Spain,Insects,alien,peligroso,Post-Introduction,Threat,Threat,2006,2006-06-01T12:00:00Z,comment,UgwxNO79YdRHZopBGY14AaABAg.9i3gO6ZHx0g9i5lYp1jttg,UgwxNO79YdRHZopBGY14AaABAg,TRUE
1Rr-ocW6uWw,2022-11-06T18:11:04Z,734486,21296,0,362,Bemisia_tabaci,Spain,Insects,alien,riesgo,Post-Introduction,Threat,Threat,2006,2006-06-01T12:00:00Z,comment,UgwxNO79YdRHZopBGY14AaABAg.9i3gO6ZHx0g9i5lYp1jttg,UgwxNO79YdRHZopBGY14AaABAg,TRUE
1Rr-ocW6uWw,2021-05-30T22:16:38Z,734486,21296,0,362,Bemisia_tabaci,Spain,Insects,alien,plaga,Post-Introduction,Invasion,Invasion,2006,2006-06-01T12:00:00Z,comment,Ugw-K05h760rkw9loiN4AaABAg.9NoXKdueceR9NzNJyzNxo0,Ugw-K05h760rkw9loiN4AaABAg,TRUE
1Rr-ocW6uWw,2021-05-30T22:16:38Z,734486,21296,0,362,Bemisia_tabaci,Spain,Insects,alien,controlar,Post-Introduction,Detection,Detection,2006,2006-06-01T12:00:00Z,comment,Ugw-K05h760rkw9loiN4AaABAg.9NoXKdueceR9NzNJyzNxo0,Ugw-K05h760rkw9loiN4AaABAg,TRUE
1Rr-ocW6uWw,2021-03-25T22:33:43Z,734486,21296,0,362,Bemisia_tabaci,Spain,Insects,alien,plaga,Post-Introduction,Invasion,Invasion,2006,2006-06-01T12:00:00Z,comment,UgwLrP16VgquSNlj25B4AaABAg.9LHi1Zu85-b9LKSoJxgq0Q,UgwLrP16VgquSNlj25B4AaABAg,TRUE
1Rr-ocW6uWw,2021-03-25T22:33:43Z,734486,21296,0,362,Bemisia_tabaci,Spain,Insects,alien,plagas,Post-Introduction,Invasion,Invasion,2006,2006-06-01T12:00:00Z,comment,UgwLrP16VgquSNlj25B4AaABAg.9LHi1Zu85-b9LKSoJxgq0Q,UgwLrP16VgquSNlj25B4AaABAg,TRUE
1Rr-ocW6uWw,2021-02-09T08:55:14Z,734486,21296,0,362,Bemisia_tabaci,Spain,Insects,alien,trampas,Post-Introduction,Detection,Detection,2006,2006-06-01T12:00:00Z,comment,UgyHrnTFc2J4xBMxzkx4AaABAg.9JXE6teNrq89JXhA5ZVpgq,UgyHrnTFc2J4xBMxzkx4AaABAg,TRUE
1Rr-ocW6uWw,2020-09-22T03:13:29Z,734486,21296,1,362,Bemisia_tabaci,Spain,Insects,alien,precio,Post-Introduction,eCommerce,eCommerce,2006,2006-06-01T12:00:00Z,comment,Ugy7gTNm1VAQrf6J4GR4AaABAg,,FALSE
1Rr-ocW6uWw,2020-09-02T18:15:54Z,734486,21296,0,362,Bemisia_tabaci,Spain,Insects,alien,trampa,Post-Introduction,Detection,Detection,2006,2006-06-01T12:00:00Z,comment,UgytruXTv71fSthY_Gt4AaABAg,,FALSE
1Rr-ocW6uWw,2020-07-05T17:53:01Z,734486,21296,0,362,Bemisia_tabaci,Spain,Insects,alien,compre,Post-Introduction,eCommerce,eCommerce,2006,2006-06-01T12:00:00Z,comment,UgzpOYImb0HuyhIZwIZ4AaABAg,,FALSE
1Rr-ocW6uWw,2020-06-26T21:25:07Z,734486,21296,0,362,Bemisia_tabaci,Spain,Insects,alien,plaga,Post-Introduction,Invasion,Invasion,2006,2006-06-01T12:00:00Z,comment,UgzQ7Q218bP4fVcg-ux4AaABAg,,FALSE
1Rr-ocW6uWw,2020-04-26T03:36:07Z,734486,21296,0,362,Bemisia_tabaci,Spain,Insects,alien,controlar,Post-Introduction,Detection,Detection,2006,2006-06-01T12:00:00Z,comment,UgzCUBLyHcemXR5Af1V4AaABAg,,FALSE
1Rr-ocW6uWw,2020-01-22T20:24:08Z,734486,21296,0,362,Bemisia_tabaci,Spain,Insects,alien,atacando,Post-Introduction,Threat,Threat,2006,2006-06-01T12:00:00Z,comment,UgwJCL2E4OL-2E_PQsh4AaABAg,,FALSE
1Rr-ocW6uWw,2019-10-06T17:41:11Z,734486,21296,0,362,Bemisia_tabaci,Spain,Insects,alien,trampas,Post-Introduction,Detection,Detection,2006,2006-06-01T12:00:00Z,comment,UgzJDhFnj6gtGTHkTax4AaABAg,,FALSE
1Rr-ocW6uWw,2019-10-03T19:02:35Z,734486,21296,0,362,Bemisia_tabaci,Spain,Insects,alien,trampas,Post-Introduction,Detection,Detection,2006,2006-06-01T12:00:00Z,comment,Ugwb0mt_xSvr1CdJzNl4AaABAg,,FALSE
1Rr-ocW6uWw,2019-08-30T13:36:53Z,734486,21296,0,362,Bemisia_tabaci,Spain,Insects,alien,trampas,Post-Introduction,Detection,Detection,2006,2006-06-01T12:00:00Z,comment,UgwiDY39a-EC8DDi8Nt4AaABAg,,FALSE
1Rr-ocW6uWw,2019-08-11T15:48:53Z,734486,21296,38,362,Bemisia_tabaci,Spain,Insects,alien,plagas,Post-Introduction,Invasion,Invasion,2006,2006-06-01T12:00:00Z,comment,Ugw332KHBwO_zagLmyR4AaABAg,,FALSE
1Rr-ocW6uWw,2019-07-02T20:37:24Z,734486,21296,0,362,Bemisia_tabaci,Spain,Insects,alien,control,Post-Introduction,Detection,Detection,2006,2006-06-01T12:00:00Z,comment,UgzYBLgACTI83NTt8f54AaABAg,,FALSE
1Rr-ocW6uWw,2019-07-02T20:37:24Z,734486,21296,0,362,Bemisia_tabaci,Spain,Insects,alien,control,Post-Introduction,Detection,Detection,2006,2006-06-01T12:00:00Z,comment,UgzYBLgACTI83NTt8f54AaABAg,,FALSE
1Rr-ocW6uWw,2019-05-13T03:38:34Z,734486,21296,0,362,Bemisia_tabaci,Spain,Insects,alien,control,Post-Introduction,Detection,Detection,2006,2006-06-01T12:00:00Z,comment,Ugw4HDLeQaoYFWPIHUp4AaABAg,,FALSE
1Rr-ocW6uWw,2019-05-13T03:38:34Z,734486,21296,0,362,Bemisia_tabaci,Spain,Insects,alien,plaga,Post-Introduction,Invasion,Invasion,2006,2006-06-01T12:00:00Z,comment,Ugw4HDLeQaoYFWPIHUp4AaABAg,,FALSE
1Rr-ocW6uWw,2019-05-13T03:35:42Z,734486,21296,0,362,Bemisia_tabaci,Spain,Insects,alien,plaga,Post-Introduction,Invasion,Invasion,2006,2006-06-01T12:00:00Z,comment,UgzzPMzIOF7cta7zWeh4AaABAg,,FALSE
1Rr-ocW6uWw,2019-05-13T03:35:42Z,734486,21296,0,362,Bemisia_tabaci,Spain,Insects,alien,plaga,Post-Introduction,Invasion,Invasion,2006,2006-06-01T12:00:00Z,comment,UgzzPMzIOF7cta7zWeh4AaABAg,,FALSE
1Rr-ocW6uWw,2019-05-13T03:35:42Z,734486,21296,0,362,Bemisia_tabaci,Spain,Insects,alien,plaga,Post-Introduction,Invasion,Invasion,2006,2006-06-01T12:00:00Z,comment,UgzzPMzIOF7cta7zWeh4AaABAg,,FALSE
1Rr-ocW6uWw,2019-05-13T03:35:42Z,734486,21296,0,362,Bemisia_tabaci,Spain,Insects,alien,comprar,Post-Introduction,eCommerce,eCommerce,2006,2006-06-01T12:00:00Z,comment,UgzzPMzIOF7cta7zWeh4AaABAg,,FALSE
1Rr-ocW6uWw,2020-02-18T18:24:28Z,734486,21296,0,362,Bemisia_tabaci,Spain,Insects,alien,visto,Post-Introduction,Detection,Detection,2006,2006-06-01T12:00:00Z,comment,UgwJCL2E4OL-2E_PQsh4AaABAg.9469kj2oXTg95BTWw4i8QA,UgwJCL2E4OL-2E_PQsh4AaABAg,TRUE
1Rr-ocW6uWw,2020-02-28T15:05:00Z,734486,21296,0,362,Bemisia_tabaci,Spain,Insects,alien,descubierto,Post-Introduction,Detection,Detection,2006,2006-06-01T12:00:00Z,comment,UgwJCL2E4OL-2E_PQsh4AaABAg.9469kj2oXTg95_rdhOHq9n,UgwJCL2E4OL-2E_PQsh4AaABAg,TRUE
1Rr-ocW6uWw,2020-02-28T15:05:00Z,734486,21296,0,362,Bemisia_tabaci,Spain,Insects,alien,compre,Post-Introduction,eCommerce,eCommerce,2006,2006-06-01T12:00:00Z,comment,UgwJCL2E4OL-2E_PQsh4AaABAg.9469kj2oXTg95_rdhOHq9n,UgwJCL2E4OL-2E_PQsh4AaABAg,TRUE
1Rr-ocW6uWw,2020-02-28T15:05:00Z,734486,21296,0,362,Bemisia_tabaci,Spain,Insects,alien,plagas,Post-Introduction,Invasion,Invasion,2006,2006-06-01T12:00:00Z,comment,UgwJCL2E4OL-2E_PQsh4AaABAg.9469kj2oXTg95_rdhOHq9n,UgwJCL2E4OL-2E_PQsh4AaABAg,TRUE
1Rr-ocW6uWw,2020-04-23T08:20:01Z,734486,21296,1,362,Bemisia_tabaci,Spain,Insects,alien,plaga,Post-Introduction,Invasion,Invasion,2006,2006-06-01T12:00:00Z,comment,Ugw8uBHu-wKJr_rZp9d4AaABAg.8v-obvwpg9d97ml0d7w9tT,Ugw8uBHu-wKJr_rZp9d4AaABAg,TRUE
1Rr-ocW6uWw,2020-08-30T03:25:20Z,734486,21296,0,362,Bemisia_tabaci,Spain,Insects,alien,aparece,Post-Introduction,Detection,Detection,2006,2006-06-01T12:00:00Z,comment,Ugw8uBHu-wKJr_rZp9d4AaABAg.8v-obvwpg9d9CyOqCFvoFA,Ugw8uBHu-wKJr_rZp9d4AaABAg,TRUE
oFsPXVXOCr4,2025-12-12T17:31:26Z,23586,754,0,14,Bemisia_tabaci,Spain,Insects,alien,plaga,Post-Introduction,Invasion,Invasion,2006,2006-06-01T12:00:00Z,comment,UgyboRMGxGH4kjGJ4n94AaABAg,,FALSE
GW3a3jgH3kc,2021-05-14T20:12:56Z,56137,2577,0,159,Bemisia_tabaci,Spain,Insects,alien,comprar,Post-Introduction,eCommerce,eCommerce,2006,2006-06-01T12:00:00Z,comment,UgzOPBjDHzKRavx0oJR4AaABAg,,FALSE
GW3a3jgH3kc,2021-02-01T17:50:30Z,56137,2577,0,159,Bemisia_tabaci,Spain,Insects,alien,ataca,Post-Introduction,Threat,Threat,2006,2006-06-01T12:00:00Z,comment,UgxZrBalx6Rgh4ti5m94AaABAg,,FALSE
GW3a3jgH3kc,2021-01-27T14:11:25Z,56137,2577,0,159,Bemisia_tabaci,Spain,Insects,alien,plaga,Post-Introduction,Invasion,Invasion,2006,2006-06-01T12:00:00Z,comment,UgwEUoMI-57V0cPjKQt4AaABAg,,FALSE
GW3a3jgH3kc,2021-01-20T02:38:07Z,56137,2577,2,159,Bemisia_tabaci,Spain,Insects,alien,plagas,Post-Introduction,Invasion,Invasion,2006,2006-06-01T12:00:00Z,comment,UgzLY_VGFRPxDaD56nR4AaABAg,,FALSE
GW3a3jgH3kc,2021-01-17T01:51:52Z,56137,2577,0,159,Bemisia_tabaci,Spain,Insects,alien,encontre,Post-Introduction,Detection,Detection,2006,2006-06-01T12:00:00Z,comment,UgzUg4lzxN83yIuKoWB4AaABAg,,FALSE
GW3a3jgH3kc,2021-01-17T01:51:52Z,56137,2577,0,159,Bemisia_tabaci,Spain,Insects,alien,mercado,Post-Introduction,eCommerce,eCommerce,2006,2006-06-01T12:00:00Z,comment,UgzUg4lzxN83yIuKoWB4AaABAg,,FALSE
GW3a3jgH3kc,2021-01-15T08:36:13Z,56137,2577,0,159,Bemisia_tabaci,Spain,Insects,alien,visto,Post-Introduction,Detection,Detection,2006,2006-06-01T12:00:00Z,comment,UgzrwqgjesQR99BuduF4AaABAg,,FALSE
GW3a3jgH3kc,2021-01-14T23:44:04Z,56137,2577,1,159,Bemisia_tabaci,Spain,Insects,alien,invasora,Post-Introduction,Invasion,Invasion,2006,2006-06-01T12:00:00Z,comment,UgzlXtjPTbbie5QKNxt4AaABAg,,FALSE
GW3a3jgH3kc,2021-01-14T23:44:04Z,56137,2577,1,159,Bemisia_tabaci,Spain,Insects,alien,plaga,Post-Introduction,Invasion,Invasion,2006,2006-06-01T12:00:00Z,comment,UgzlXtjPTbbie5QKNxt4AaABAg,,FALSE
GW3a3jgH3kc,2021-01-14T22:44:07Z,56137,2577,0,159,Bemisia_tabaci,Spain,Insects,alien,vista,Post-Introduction,Detection,Detection,2006,2006-06-01T12:00:00Z,comment,Ugxel6cEUTwNsK4tEKZ4AaABAg,,FALSE
GW3a3jgH3kc,2021-01-14T22:44:07Z,56137,2577,0,159,Bemisia_tabaci,Spain,Insects,alien,comprar,Post-Introduction,eCommerce,eCommerce,2006,2006-06-01T12:00:00Z,comment,Ugxel6cEUTwNsK4tEKZ4AaABAg,,FALSE
GW3a3jgH3kc,2021-01-14T22:44:07Z,56137,2577,0,159,Bemisia_tabaci,Spain,Insects,alien,vista,Post-Introduction,Detection,Detection,2006,2006-06-01T12:00:00Z,comment,Ugxel6cEUTwNsK4tEKZ4AaABAg,,FALSE
GW3a3jgH3kc,2021-01-14T22:44:07Z,56137,2577,0,159,Bemisia_tabaci,Spain,Insects,alien,vistas,Post-Introduction,Detection,Detection,2006,2006-06-01T12:00:00Z,comment,Ugxel6cEUTwNsK4tEKZ4AaABAg,,FALSE
GW3a3jgH3kc,2021-01-14T17:28:00Z,56137,2577,3,159,Bemisia_tabaci,Spain,Insects,alien,reciente,Post-Introduction,Detection,Detection,2006,2006-06-01T12:00:00Z,comment,UgyQSUyQ4L6IzzG7yKV4AaABAg,,FALSE
GW3a3jgH3kc,2021-01-15T09:44:33Z,56137,2577,0,159,Bemisia_tabaci,Spain,Insects,alien,invasora,Post-Introduction,Invasion,Invasion,2006,2006-06-01T12:00:00Z,comment,UgzlXtjPTbbie5QKNxt4AaABAg.9IWLDJznmkX9IXPwQI4ZrI,UgzlXtjPTbbie5QKNxt4AaABAg,TRUE
GW3a3jgH3kc,2021-01-18T16:15:02Z,56137,2577,0,159,Bemisia_tabaci,Spain,Insects,alien,riesgo,Post-Introduction,Threat,Threat,2006,2006-06-01T12:00:00Z,comment,Ugxel6cEUTwNsK4tEKZ4AaABAg.9IWEME4h9zD9Ieq075HPoJ,Ugxel6cEUTwNsK4tEKZ4AaABAg,TRUE
GW3a3jgH3kc,2021-01-18T16:15:02Z,56137,2577,0,159,Bemisia_tabaci,Spain,Insects,alien,danino,Post-Introduction,Threat,Threat,2006,2006-06-01T12:00:00Z,comment,Ugxel6cEUTwNsK4tEKZ4AaABAg.9IWEME4h9zD9Ieq075HPoJ,Ugxel6cEUTwNsK4tEKZ4AaABAg,TRUE
GW3a3jgH3kc,2021-01-15T15:51:16Z,56137,2577,0,159,Bemisia_tabaci,Spain,Insects,alien,mercado,Post-Introduction,eCommerce,eCommerce,2006,2006-06-01T12:00:00Z,comment,UgyQSUyQ4L6IzzG7yKV4AaABAg.9IVfB-NnJtO9IY3uLXuCvu,UgyQSUyQ4L6IzzG7yKV4AaABAg,TRUE
GW3a3jgH3kc,2021-01-16T13:49:57Z,56137,2577,0,159,Bemisia_tabaci,Spain,Insects,alien,venta,Post-Introduction,eCommerce,eCommerce,2006,2006-06-01T12:00:00Z,comment,Ugxfg5rYcOUsHV3CAqB4AaABAg.9IVcfl04BxY9I_QofsW0Tx,Ugxfg5rYcOUsHV3CAqB4AaABAg,TRUE
GW3a3jgH3kc,2021-01-16T13:49:57Z,56137,2577,0,159,Bemisia_tabaci,Spain,Insects,alien,encontre,Post-Introduction,Detection,Detection,2006,2006-06-01T12:00:00Z,comment,Ugxfg5rYcOUsHV3CAqB4AaABAg.9IVcfl04BxY9I_QofsW0Tx,Ugxfg5rYcOUsHV3CAqB4AaABAg,TRUE
J2t0WElEqVY,2017-08-21T10:08:15Z,868594,19050,21,929,Bemisia_tabaci,Spain,Insects,alien,trampas,Post-Introduction,Detection,Detection,2006,2006-06-01T12:00:00Z,comment,UgyLrBiFqUGwL6ryVR94AaABAg,,FALSE
J2t0WElEqVY,2025-03-10T08:42:55Z,868594,19050,0,929,Bemisia_tabaci,Spain,Insects,alien,trampa,Post-Introduction,Detection,Detection,2006,2006-06-01T12:00:00Z,comment,UgzUvAA8BpUKkdlWMbt4AaABAg,,FALSE
J2t0WElEqVY,2024-11-23T00:52:02Z,868594,19050,0,929,Bemisia_tabaci,Spain,Insects,alien,tranpa,Post-Introduction,Detection,Detection,2006,2006-06-01T12:00:00Z,comment,UgyQWL18iUJBOJn5yPZ4AaABAg,,FALSE
J2t0WElEqVY,2024-11-23T00:52:02Z,868594,19050,0,929,Bemisia_tabaci,Spain,Insects,alien,plagas,Post-Introduction,Invasion,Invasion,2006,2006-06-01T12:00:00Z,comment,UgyQWL18iUJBOJn5yPZ4AaABAg,,FALSE
J2t0WElEqVY,2024-04-12T21:56:28Z,868594,19050,0,929,Bemisia_tabaci,Spain,Insects,alien,trampas,Post-Introduction,Detection,Detection,2006,2006-06-01T12:00:00Z,comment,Ugxb859wBoOLil02u2V4AaABAg,,FALSE
J2t0WElEqVY,2023-06-18T12:50:43Z,868594,19050,0,929,Bemisia_tabaci,Spain,Insects,alien,trampa,Post-Introduction,Detection,Detection,2006,2006-06-01T12:00:00Z,comment,UgwjjdA_nW_ahMVpDZB4AaABAg,,FALSE
J2t0WElEqVY,2023-04-13T09:55:51Z,868594,19050,0,929,Bemisia_tabaci,Spain,Insects,alien,visto,Post-Introduction,Detection,Detection,2006,2006-06-01T12:00:00Z,comment,UgzFRj-Wp-mKeHaHEBF4AaABAg,,FALSE
J2t0WElEqVY,2022-11-10T14:07:00Z,868594,19050,2,929,Bemisia_tabaci,Spain,Insects,alien,trampas,Post-Introduction,Detection,Detection,2006,2006-06-01T12:00:00Z,comment,UgyqDf4ItunhBPxweKR4AaABAg,,FALSE
J2t0WElEqVY,2022-09-23T09:38:04Z,868594,19050,0,929,Bemisia_tabaci,Spain,Insects,alien,plaga,Post-Introduction,Invasion,Invasion,2006,2006-06-01T12:00:00Z,comment,UgxFwWelPDOdQObt2OR4AaABAg,,FALSE
J2t0WElEqVY,2022-08-30T03:57:14Z,868594,19050,0,929,Bemisia_tabaci,Spain,Insects,alien,trampa,Post-Introduction,Detection,Detection,2006,2006-06-01T12:00:00Z,comment,Ugw9iJcD9dYe8i074Qd4AaABAg,,FALSE
J2t0WElEqVY,2022-02-20T22:39:48Z,868594,19050,0,929,Bemisia_tabaci,Spain,Insects,alien,trampas,Post-Introduction,Detection,Detection,2006,2006-06-01T12:00:00Z,comment,UgzBgvMqVm589Zd0ov54AaABAg,,FALSE
J2t0WElEqVY,2022-02-14T05:28:12Z,868594,19050,0,929,Bemisia_tabaci,Spain,Insects,alien,plaga,Post-Introduction,Invasion,Invasion,2006,2006-06-01T12:00:00Z,comment,UgxhBAX_cr5IQX29K0l4AaABAg,,FALSE
J2t0WElEqVY,2022-02-14T05:28:12Z,868594,19050,0,929,Bemisia_tabaci,Spain,Insects,alien,controlar,Post-Introduction,Detection,Detection,2006,2006-06-01T12:00:00Z,comment,UgxhBAX_cr5IQX29K0l4AaABAg,,FALSE
J2t0WElEqVY,2021-12-17T14:09:35Z,868594,19050,4,929,Bemisia_tabaci,Spain,Insects,alien,trampas,Post-Introduction,Detection,Detection,2006,2006-06-01T12:00:00Z,comment,UgzjInvmvMrqloudoZl4AaABAg,,FALSE
J2t0WElEqVY,2021-12-09T23:02:23Z,868594,19050,0,929,Bemisia_tabaci,Spain,Insects,alien,trampas,Post-Introduction,Detection,Detection,2006,2006-06-01T12:00:00Z,comment,UgzBczDruWuJUxU-elt4AaABAg,,FALSE
J2t0WElEqVY,2021-06-01T16:53:51Z,868594,19050,0,929,Bemisia_tabaci,Spain,Insects,alien,trampas,Post-Introduction,Detection,Detection,2006,2006-06-01T12:00:00Z,comment,Ugy0EqdAiHGFmC9S-w54AaABAg,,FALSE
J2t0WElEqVY,2021-04-06T14:44:40Z,868594,19050,0,929,Bemisia_tabaci,Spain,Insects,alien,trampa,Post-Introduction,Detection,Detection,2006,2006-06-01T12:00:00Z,comment,Ugz6WrZ4WSQQkGrsQJh4AaABAg,,FALSE
J2t0WElEqVY,2021-03-24T01:17:11Z,868594,19050,0,929,Bemisia_tabaci,Spain,Insects,alien,trampa,Post-Introduction,Detection,Detection,2006,2006-06-01T12:00:00Z,comment,UgyBn4-y0V1AbXjPgwh4AaABAg,,FALSE
J2t0WElEqVY,2021-03-10T20:20:34Z,868594,19050,0,929,Bemisia_tabaci,Spain,Insects,alien,trampas,Post-Introduction,Detection,Detection,2006,2006-06-01T12:00:00Z,comment,UgyZfSNAVUmxbkd_HJ54AaABAg,,FALSE
J2t0WElEqVY,2021-03-07T20:57:13Z,868594,19050,0,929,Bemisia_tabaci,Spain,Insects,alien,cara,Post-Introduction,eCommerce,eCommerce,2006,2006-06-01T12:00:00Z,comment,UgzWRfI0s6RmBbvPE5V4AaABAg,,FALSE
J2t0WElEqVY,2021-03-04T22:34:31Z,868594,19050,0,929,Bemisia_tabaci,Spain,Insects,alien,descubrimiento,Post-Introduction,Detection,Detection,2006,2006-06-01T12:00:00Z,comment,Ugy3NwU5khGKKqszw554AaABAg,,FALSE
J2t0WElEqVY,2021-02-26T17:34:35Z,868594,19050,0,929,Bemisia_tabaci,Spain,Insects,alien,trampa,Post-Introduction,Detection,Detection,2006,2006-06-01T12:00:00Z,comment,UgwZpkTovBTv8EHscxx4AaABAg,,FALSE
J2t0WElEqVY,2021-02-26T17:34:35Z,868594,19050,0,929,Bemisia_tabaci,Spain,Insects,alien,epidemia,Post-Introduction,Threat,Threat,2006,2006-06-01T12:00:00Z,comment,UgwZpkTovBTv8EHscxx4AaABAg,,FALSE
J2t0WElEqVY,2021-02-23T23:31:54Z,868594,19050,0,929,Bemisia_tabaci,Spain,Insects,alien,trampa,Post-Introduction,Detection,Detection,2006,2006-06-01T12:00:00Z,comment,UgzwV1XesjRxE_0JHM94AaABAg,,FALSE
J2t0WElEqVY,2020-12-12T22:30:44Z,868594,19050,0,929,Bemisia_tabaci,Spain,Insects,alien,trampas,Post-Introduction,Detection,Detection,2006,2006-06-01T12:00:00Z,comment,UgyLrBiFqUGwL6ryVR94AaABAg.8WWpZRHk9NU9HBEaSbsgaK,UgyLrBiFqUGwL6ryVR94AaABAg,TRUE
J2t0WElEqVY,2020-11-24T00:21:55Z,868594,19050,0,929,Bemisia_tabaci,Spain,Insects,alien,trampas,Post-Introduction,Detection,Detection,2006,2006-06-01T12:00:00Z,comment,UgxgOLzCHt68ie0PdBl4AaABAg,,FALSE
J2t0WElEqVY,2020-10-14T18:26:17Z,868594,19050,0,929,Bemisia_tabaci,Spain,Insects,alien,trampa,Post-Introduction,Detection,Detection,2006,2006-06-01T12:00:00Z,comment,UgyonmTjMe80CjRM2Fp4AaABAg,,FALSE
J2t0WElEqVY,2020-10-12T00:59:01Z,868594,19050,1,929,Bemisia_tabaci,Spain,Insects,alien,compre,Post-Introduction,eCommerce,eCommerce,2006,2006-06-01T12:00:00Z,comment,UgwanEF2NOiF5bQcI8F4AaABAg,,FALSE
J2t0WElEqVY,2020-08-27T00:35:35Z,868594,19050,0,929,Bemisia_tabaci,Spain,Insects,alien,trampa,Post-Introduction,Detection,Detection,2006,2006-06-01T12:00:00Z,comment,UgxYHayzwfpv26x72JZ4AaABAg,,FALSE
J2t0WElEqVY,2020-08-26T23:31:54Z,868594,19050,0,929,Bemisia_tabaci,Spain,Insects,alien,trampa,Post-Introduction,Detection,Detection,2006,2006-06-01T12:00:00Z,comment,Ugw55fRFG8WX8udg6QV4AaABAg,,FALSE
J2t0WElEqVY,2020-07-06T23:45:28Z,868594,19050,0,929,Bemisia_tabaci,Spain,Insects,alien,trampas,Post-Introduction,Detection,Detection,2006,2006-06-01T12:00:00Z,comment,UgwwgYrZBSgo8NFWl4x4AaABAg,,FALSE
J2t0WElEqVY,2020-06-07T09:11:38Z,868594,19050,0,929,Bemisia_tabaci,Spain,Insects,alien,trampa,Post-Introduction,Detection,Detection,2006,2006-06-01T12:00:00Z,comment,UgxZP-pzHSpD5gVeeCh4AaABAg,,FALSE
J2t0WElEqVY,2020-05-14T19:08:49Z,868594,19050,0,929,Bemisia_tabaci,Spain,Insects,alien,riesgo,Post-Introduction,Threat,Threat,2006,2006-06-01T12:00:00Z,comment,Ugy6B0X2VcU3WXSDOaJ4AaABAg,,FALSE
J2t0WElEqVY,2020-05-12T00:08:37Z,868594,19050,0,929,Bemisia_tabaci,Spain,Insects,alien,trampa,Post-Introduction,Detection,Detection,2006,2006-06-01T12:00:00Z,comment,UgzgQfaBGgLyJvI7JoJ4AaABAg,,FALSE
J2t0WElEqVY,2020-05-08T16:28:13Z,868594,19050,0,929,Bemisia_tabaci,Spain,Insects,alien,plaga,Post-Introduction,Invasion,Invasion,2006,2006-06-01T12:00:00Z,comment,UgzxlX9uzeGOu6BEzIR4AaABAg,,FALSE
J2t0WElEqVY,2020-04-27T02:34:14Z,868594,19050,0,929,Bemisia_tabaci,Spain,Insects,alien,ataca,Post-Introduction,Threat,Threat,2006,2006-06-01T12:00:00Z,comment,UgwWtNCC1ajK3pxxmYF4AaABAg,,FALSE
J2t0WElEqVY,2020-04-27T02:34:14Z,868594,19050,0,929,Bemisia_tabaci,Spain,Insects,alien,ataca,Post-Introduction,Threat,Threat,2006,2006-06-01T12:00:00Z,comment,UgwWtNCC1ajK3pxxmYF4AaABAg,,FALSE
J2t0WElEqVY,2020-04-20T14:17:22Z,868594,19050,0,929,Bemisia_tabaci,Spain,Insects,alien,trampas,Post-Introduction,Detection,Detection,2006,2006-06-01T12:00:00Z,comment,UgwWBDv_Pkf_cHFn5Fh4AaABAg,,FALSE
J2t0WElEqVY,2020-04-16T01:15:32Z,868594,19050,10,929,Bemisia_tabaci,Spain,Insects,alien,atacado,Post-Introduction,Threat,Threat,2006,2006-06-01T12:00:00Z,comment,UgzH0qNOQ62F6o4Q5ix4AaABAg,,FALSE
J2t0WElEqVY,2020-04-12T19:48:36Z,868594,19050,0,929,Bemisia_tabaci,Spain,Insects,alien,plaga,Post-Introduction,Invasion,Invasion,2006,2006-06-01T12:00:00Z,comment,Ugyh-dMyEfzsnzKd9qR4AaABAg,,FALSE
J2t0WElEqVY,2020-04-12T19:48:36Z,868594,19050,0,929,Bemisia_tabaci,Spain,Insects,alien,plaga,Post-Introduction,Invasion,Invasion,2006,2006-06-01T12:00:00Z,comment,Ugyh-dMyEfzsnzKd9qR4AaABAg,,FALSE
J2t0WElEqVY,2020-04-01T02:46:09Z,868594,19050,0,929,Bemisia_tabaci,Spain,Insects,alien,trampas,Post-Introduction,Detection,Detection,2006,2006-06-01T12:00:00Z,comment,UgzaGC4FrE4y2ahV28t4AaABAg,,FALSE
J2t0WElEqVY,2020-03-19T05:09:53Z,868594,19050,0,929,Bemisia_tabaci,Spain,Insects,alien,trampas,Post-Introduction,Detection,Detection,2006,2006-06-01T12:00:00Z,comment,UgwoT2cjJKHavXU3VF14AaABAg,,FALSE
J2t0WElEqVY,2019-10-16T01:30:04Z,868594,19050,0,929,Bemisia_tabaci,Spain,Insects,alien,trampa,Post-Introduction,Detection,Detection,2006,2006-06-01T12:00:00Z,comment,Ugx0cQiDs9-u5EaAXyd4AaABAg,,FALSE
J2t0WElEqVY,2019-08-08T18:20:55Z,868594,19050,0,929,Bemisia_tabaci,Spain,Insects,alien,nocivo,Post-Introduction,Threat,Threat,2006,2006-06-01T12:00:00Z,comment,Ugz2HFW6NJ__2Os0Kd54AaABAg,,FALSE
J2t0WElEqVY,2019-07-28T15:32:20Z,868594,19050,0,929,Bemisia_tabaci,Spain,Insects,alien,compre,Post-Introduction,eCommerce,eCommerce,2006,2006-06-01T12:00:00Z,comment,UgxhyoUrwiTT-R3RILh4AaABAg,,FALSE
J2t0WElEqVY,2019-06-16T00:17:22Z,868594,19050,0,929,Bemisia_tabaci,Spain,Insects,alien,plaga,Post-Introduction,Invasion,Invasion,2006,2006-06-01T12:00:00Z,comment,Ugwzf7YqK1ChKOL_D1x4AaABAg,,FALSE
J2t0WElEqVY,2019-05-01T13:11:06Z,868594,19050,0,929,Bemisia_tabaci,Spain,Insects,alien,trampas,Post-Introduction,Detection,Detection,2006,2006-06-01T12:00:00Z,comment,UgwVfvyuFoH0xqMtYPt4AaABAg,,FALSE
J2t0WElEqVY,2019-03-24T14:49:40Z,868594,19050,0,929,Bemisia_tabaci,Spain,Insects,alien,trampa,Post-Introduction,Detection,Detection,2006,2006-06-01T12:00:00Z,comment,UgwWUre-7iPJeAwASnJ4AaABAg,,FALSE
J2t0WElEqVY,2019-03-04T12:52:31Z,868594,19050,0,929,Bemisia_tabaci,Spain,Insects,alien,plaga,Post-Introduction,Invasion,Invasion,2006,2006-06-01T12:00:00Z,comment,Ugy7L4-36Z04rv5pIXJ4AaABAg,,FALSE
J2t0WElEqVY,2019-03-03T18:27:54Z,868594,19050,0,929,Bemisia_tabaci,Spain,Insects,alien,trampas,Post-Introduction,Detection,Detection,2006,2006-06-01T12:00:00Z,comment,UgxgvpX27lLasramU9J4AaABAg,,FALSE
J2t0WElEqVY,2019-02-06T19:26:13Z,868594,19050,0,929,Bemisia_tabaci,Spain,Insects,alien,trampas,Post-Introduction,Detection,Detection,2006,2006-06-01T12:00:00Z,comment,UgxlLZ8tNjzQ5ru5Aw54AaABAg,,FALSE
J2t0WElEqVY,2025-01-10T00:26:21Z,868594,19050,0,929,Bemisia_tabaci,Spain,Insects,alien,plaga,Post-Introduction,Invasion,Invasion,2006,2006-06-01T12:00:00Z,comment,UgwanEF2NOiF5bQcI8F4AaABAg.9EgrH90q0IcAD5VT-Ud7sw,UgwanEF2NOiF5bQcI8F4AaABAg,TRUE
J2t0WElEqVY,2025-01-10T00:26:21Z,868594,19050,0,929,Bemisia_tabaci,Spain,Insects,alien,plagas,Post-Introduction,Invasion,Invasion,2006,2006-06-01T12:00:00Z,comment,UgwanEF2NOiF5bQcI8F4AaABAg.9EgrH90q0IcAD5VT-Ud7sw,UgwanEF2NOiF5bQcI8F4AaABAg,TRUE
J2t0WElEqVY,2025-01-10T00:26:21Z,868594,19050,0,929,Bemisia_tabaci,Spain,Insects,alien,trampas,Post-Introduction,Detection,Detection,2006,2006-06-01T12:00:00Z,comment,UgwanEF2NOiF5bQcI8F4AaABAg.9EgrH90q0IcAD5VT-Ud7sw,UgwanEF2NOiF5bQcI8F4AaABAg,TRUE
J2t0WElEqVY,2019-08-12T11:37:38Z,868594,19050,0,929,Bemisia_tabaci,Spain,Insects,alien,toxicidad,Post-Introduction,Threat,Threat,2006,2006-06-01T12:00:00Z,comment,Ugz2HFW6NJ__2Os0Kd54AaABAg.8yNvu6yJp4c8yXVw-g40Ch,Ugz2HFW6NJ__2Os0Kd54AaABAg,TRUE
ftUa6Mo4oJE,2021-05-28T16:04:55Z,149548,4464,21,404,Bemisia_tabaci,Spain,Insects,alien,comprar,Post-Introduction,eCommerce,eCommerce,2006,2006-06-01T12:00:00Z,comment,UgxDsKy4BRY0Tkv2Y2h4AaABAg,,FALSE
ftUa6Mo4oJE,2021-05-28T16:04:55Z,149548,4464,21,404,Bemisia_tabaci,Spain,Insects,alien,precios,Post-Introduction,eCommerce,eCommerce,2006,2006-06-01T12:00:00Z,comment,UgxDsKy4BRY0Tkv2Y2h4AaABAg,,FALSE
ftUa6Mo4oJE,2025-02-20T12:35:46Z,149548,4464,0,404,Bemisia_tabaci,Spain,Insects,alien,visto,Post-Introduction,Detection,Detection,2006,2006-06-01T12:00:00Z,comment,UgxvyEZRaC383J1NOrN4AaABAg,,FALSE
ftUa6Mo4oJE,2023-04-13T02:18:52Z,149548,4464,0,404,Bemisia_tabaci,Spain,Insects,alien,plaga,Post-Introduction,Invasion,Invasion,2006,2006-06-01T12:00:00Z,comment,UgydGs_KwA8DfmuQYGx4AaABAg,,FALSE
ftUa6Mo4oJE,2023-04-13T02:18:52Z,149548,4464,0,404,Bemisia_tabaci,Spain,Insects,alien,plaga,Post-Introduction,Invasion,Invasion,2006,2006-06-01T12:00:00Z,comment,UgydGs_KwA8DfmuQYGx4AaABAg,,FALSE
ftUa6Mo4oJE,2023-04-13T02:18:52Z,149548,4464,0,404,Bemisia_tabaci,Spain,Insects,alien,caro,Post-Introduction,eCommerce,eCommerce,2006,2006-06-01T12:00:00Z,comment,UgydGs_KwA8DfmuQYGx4AaABAg,,FALSE
ftUa6Mo4oJE,2023-04-13T02:18:52Z,149548,4464,0,404,Bemisia_tabaci,Spain,Insects,alien,plaga,Post-Introduction,Invasion,Invasion,2006,2006-06-01T12:00:00Z,comment,UgydGs_KwA8DfmuQYGx4AaABAg,,FALSE
ftUa6Mo4oJE,2023-04-13T02:18:52Z,149548,4464,0,404,Bemisia_tabaci,Spain,Insects,alien,plagas,Post-Introduction,Invasion,Invasion,2006,2006-06-01T12:00:00Z,comment,UgydGs_KwA8DfmuQYGx4AaABAg,,FALSE
ftUa6Mo4oJE,2023-04-13T02:18:52Z,149548,4464,0,404,Bemisia_tabaci,Spain,Insects,alien,tienda,Post-Introduction,eCommerce,eCommerce,2006,2006-06-01T12:00:00Z,comment,UgydGs_KwA8DfmuQYGx4AaABAg,,FALSE
ftUa6Mo4oJE,2023-04-13T02:18:52Z,149548,4464,0,404,Bemisia_tabaci,Spain,Insects,alien,visto,Post-Introduction,Detection,Detection,2006,2006-06-01T12:00:00Z,comment,UgydGs_KwA8DfmuQYGx4AaABAg,,FALSE
ftUa6Mo4oJE,2023-02-21T00:08:30Z,149548,4464,0,404,Bemisia_tabaci,Spain,Insects,alien,trampa,Post-Introduction,Detection,Detection,2006,2006-06-01T12:00:00Z,comment,UgxJhH5_aVOdJbrigUh4AaABAg,,FALSE
ftUa6Mo4oJE,2022-10-09T19:09:12Z,149548,4464,0,404,Bemisia_tabaci,Spain,Insects,alien,aparezca,Post-Introduction,Detection,Detection,2006,2006-06-01T12:00:00Z,comment,UgyI-5PeBcKhrA6K9xh4AaABAg,,FALSE
ftUa6Mo4oJE,2022-10-09T19:09:12Z,149548,4464,0,404,Bemisia_tabaci,Spain,Insects,alien,aparecer,Post-Introduction,Detection,Detection,2006,2006-06-01T12:00:00Z,comment,UgyI-5PeBcKhrA6K9xh4AaABAg,,FALSE
ftUa6Mo4oJE,2022-09-27T16:12:38Z,149548,4464,0,404,Bemisia_tabaci,Spain,Insects,alien,plaga,Post-Introduction,Invasion,Invasion,2006,2006-06-01T12:00:00Z,comment,UgwnUyAchhAamjlcuN14AaABAg,,FALSE
ftUa6Mo4oJE,2022-04-29T03:56:16Z,149548,4464,0,404,Bemisia_tabaci,Spain,Insects,alien,plaga,Post-Introduction,Invasion,Invasion,2006,2006-06-01T12:00:00Z,comment,UgzQMGprpCACXghbVQ94AaABAg,,FALSE
ftUa6Mo4oJE,2022-04-07T16:46:58Z,149548,4464,0,404,Bemisia_tabaci,Spain,Insects,alien,control,Post-Introduction,Detection,Detection,2006,2006-06-01T12:00:00Z,comment,Ugx0I5SGOwcLzh99hpp4AaABAg,,FALSE
ftUa6Mo4oJE,2021-08-02T19:33:23Z,149548,4464,0,404,Bemisia_tabaci,Spain,Insects,alien,ataca,Post-Introduction,Threat,Threat,2006,2006-06-01T12:00:00Z,comment,Ugxw9n7HKL31_7o511Z4AaABAg,,FALSE
ftUa6Mo4oJE,2024-03-18T10:38:27Z,149548,4464,1,404,Bemisia_tabaci,Spain,Insects,alien,veneno,Post-Introduction,Threat,Threat,2006,2006-06-01T12:00:00Z,comment,Ugz2mqELZlxqvCGMgU94AaABAg.A154BaBpDfsA17GcMxVyVU,Ugz2mqELZlxqvCGMgU94AaABAg,TRUE
ftUa6Mo4oJE,2023-08-13T13:01:09Z,149548,4464,0,404,Bemisia_tabaci,Spain,Insects,alien,plagas,Post-Introduction,Invasion,Invasion,2006,2006-06-01T12:00:00Z,comment,UgzQpKMm8vSQr3jGT9l4AaABAg.9tKTMRyjR689tMBepp_wmv,UgzQpKMm8vSQr3jGT9l4AaABAg,TRUE
ftUa6Mo4oJE,2023-08-14T12:28:30Z,149548,4464,2,404,Bemisia_tabaci,Spain,Insects,alien,dinero,Post-Introduction,eCommerce,eCommerce,2006,2006-06-01T12:00:00Z,comment,UgzQpKMm8vSQr3jGT9l4AaABAg.9tKTMRyjR689tOhic91__c,UgzQpKMm8vSQr3jGT9l4AaABAg,TRUE
ftUa6Mo4oJE,2023-04-13T09:49:43Z,149548,4464,1,404,Bemisia_tabaci,Spain,Insects,alien,plaga,Post-Introduction,Invasion,Invasion,2006,2006-06-01T12:00:00Z,comment,UgydGs_KwA8DfmuQYGx4AaABAg.9oQuAt4NUAt9oRhm1wwzRR,UgydGs_KwA8DfmuQYGx4AaABAg,TRUE
ftUa6Mo4oJE,2023-03-31T16:56:16Z,149548,4464,1,404,Bemisia_tabaci,Spain,Insects,alien,plagas,Post-Introduction,Invasion,Invasion,2006,2006-06-01T12:00:00Z,comment,Ugwmwl4Nm_GlZWrkaB94AaABAg.9nvqv7jszis9nw-Fl2lPTn,Ugwmwl4Nm_GlZWrkaB94AaABAg,TRUE
ftUa6Mo4oJE,2023-03-31T21:21:52Z,149548,4464,0,404,Bemisia_tabaci,Spain,Insects,alien,prohibida,Post-Introduction,eCommerce,eCommerce,2006,2006-06-01T12:00:00Z,comment,Ugwmwl4Nm_GlZWrkaB94AaABAg.9nvqv7jszis9nwTe8cAWNd,Ugwmwl4Nm_GlZWrkaB94AaABAg,TRUE
ftUa6Mo4oJE,2023-01-21T14:25:24Z,149548,4464,1,404,Bemisia_tabaci,Spain,Insects,alien,plagas,Post-Introduction,Invasion,Invasion,2006,2006-06-01T12:00:00Z,comment,Ugx1w2zBzcnFDpcgYzx4AaABAg.9l79wtPFUYp9l938TMOKll,Ugx1w2zBzcnFDpcgYzx4AaABAg,TRUE
ftUa6Mo4oJE,2023-01-21T14:25:24Z,149548,4464,1,404,Bemisia_tabaci,Spain,Insects,alien,trampas,Post-Introduction,Detection,Detection,2006,2006-06-01T12:00:00Z,comment,Ugx1w2zBzcnFDpcgYzx4AaABAg.9l79wtPFUYp9l938TMOKll,Ugx1w2zBzcnFDpcgYzx4AaABAg,TRUE
ftUa6Mo4oJE,2022-09-27T16:23:34Z,149548,4464,1,404,Bemisia_tabaci,Spain,Insects,alien,plaga,Post-Introduction,Invasion,Invasion,2006,2006-06-01T12:00:00Z,comment,UgwnUyAchhAamjlcuN14AaABAg.9gUZCMHGxCZ9gU_SON47XW,UgwnUyAchhAamjlcuN14AaABAg,TRUE
ftUa6Mo4oJE,2022-09-27T16:23:34Z,149548,4464,1,404,Bemisia_tabaci,Spain,Insects,alien,plaga,Post-Introduction,Invasion,Invasion,2006,2006-06-01T12:00:00Z,comment,UgwnUyAchhAamjlcuN14AaABAg.9gUZCMHGxCZ9gU_SON47XW,UgwnUyAchhAamjlcuN14AaABAg,TRUE
ftUa6Mo4oJE,2022-07-07T12:52:08Z,149548,4464,1,404,Bemisia_tabaci,Spain,Insects,alien,danina,Post-Introduction,Threat,Threat,2006,2006-06-01T12:00:00Z,comment,UgxlWuzltPqVJ6MErE54AaABAg.9d9XyS1HLjL9dB344qixVT,UgxlWuzltPqVJ6MErE54AaABAg,TRUE
ftUa6Mo4oJE,2022-06-08T21:27:13Z,149548,4464,1,404,Bemisia_tabaci,Spain,Insects,alien,visto,Post-Introduction,Detection,Detection,2006,2006-06-01T12:00:00Z,comment,UgwvcTwdgS5DsfNdrYh4AaABAg.9c16LPCHsYy9c1IyHFhvea,UgwvcTwdgS5DsfNdrYh4AaABAg,TRUE
ftUa6Mo4oJE,2022-05-15T19:24:55Z,149548,4464,0,404,Bemisia_tabaci,Spain,Insects,alien,comprar,Post-Introduction,eCommerce,eCommerce,2006,2006-06-01T12:00:00Z,comment,Ugw9xP4xNq4jL2qukId4AaABAg.9b0B2Yoq2L-9b3HtVvzbFP,Ugw9xP4xNq4jL2qukId4AaABAg,TRUE
ftUa6Mo4oJE,2022-04-29T07:02:54Z,149548,4464,0,404,Bemisia_tabaci,Spain,Insects,alien,plaga,Post-Introduction,Invasion,Invasion,2006,2006-06-01T12:00:00Z,comment,UgzQMGprpCACXghbVQ94AaABAg.9aOQtrcb6zq9aOlFrt-qs-,UgzQMGprpCACXghbVQ94AaABAg,TRUE
ftUa6Mo4oJE,2022-04-28T07:36:41Z,149548,4464,0,404,Bemisia_tabaci,Spain,Insects,alien,encontre,Post-Introduction,Detection,Detection,2006,2006-06-01T12:00:00Z,comment,UgyhsBmQwWHquRkT7qB4AaABAg.9aME1M7UUOd9aMFKOWc_JB,UgyhsBmQwWHquRkT7qB4AaABAg,TRUE
ftUa6Mo4oJE,2022-04-15T08:58:31Z,149548,4464,0,404,Bemisia_tabaci,Spain,Insects,alien,plaga,Post-Introduction,Invasion,Invasion,2006,2006-06-01T12:00:00Z,comment,UgxxjW1yj_tzk0VpXPd4AaABAg.9_pjrmNiaG29_pvMN6XUgc,UgxxjW1yj_tzk0VpXPd4AaABAg,TRUE
ftUa6Mo4oJE,2022-04-13T07:02:34Z,149548,4464,0,404,Bemisia_tabaci,Spain,Insects,alien,trampa,Post-Introduction,Detection,Detection,2006,2006-06-01T12:00:00Z,comment,UgyQTElvmbz7qXPf9Wt4AaABAg.9_kZHJ7aAGa9_kZVMK4Mob,UgyQTElvmbz7qXPf9Wt4AaABAg,TRUE
ftUa6Mo4oJE,2022-01-16T10:37:27Z,149548,4464,0,404,Bemisia_tabaci,Spain,Insects,alien,plagas,Post-Introduction,Invasion,Invasion,2006,2006-06-01T12:00:00Z,comment,UgyVR0AGhOr5ih69oPV4AaABAg.9XFepjH73Zh9XFvw9Wx3Bi,UgyVR0AGhOr5ih69oPV4AaABAg,TRUE
ftUa6Mo4oJE,2021-09-18T21:54:16Z,149548,4464,0,404,Bemisia_tabaci,Spain,Insects,alien,plaga,Post-Introduction,Invasion,Invasion,2006,2006-06-01T12:00:00Z,comment,UgzM-X1WqVZteJj8kU94AaABAg.9SQy3XdQxxz9SS9-H9HOdv,UgzM-X1WqVZteJj8kU94AaABAg,TRUE
ftUa6Mo4oJE,2021-08-10T16:31:53Z,149548,4464,1,404,Bemisia_tabaci,Spain,Insects,alien,trampas,Post-Introduction,Detection,Detection,2006,2006-06-01T12:00:00Z,comment,UgzBeaM9NHTxZB-LVtZ4AaABAg.9Qrp7EDWv_M9Qs95y4icRB,UgzBeaM9NHTxZB-LVtZ4AaABAg,TRUE
ftUa6Mo4oJE,2021-07-16T06:37:40Z,149548,4464,0,404,Bemisia_tabaci,Spain,Insects,alien,plaga,Post-Introduction,Invasion,Invasion,2006,2006-06-01T12:00:00Z,comment,UgxMey4I_j26-fHEljR4AaABAg.9PpefeK_ZrS9PqiDvnQxrA,UgxMey4I_j26-fHEljR4AaABAg,TRUE
ftUa6Mo4oJE,2021-06-30T19:04:07Z,149548,4464,1,404,Bemisia_tabaci,Spain,Insects,alien,atacando,Post-Introduction,Threat,Threat,2006,2006-06-01T12:00:00Z,comment,Ugzb7EKtOU94x96e-sJ4AaABAg,,FALSE
ftUa6Mo4oJE,2021-05-28T16:04:55Z,149548,4464,21,404,Bemisia_tabaci,Spain,Insects,alien,comprar,Post-Introduction,eCommerce,eCommerce,2006,2006-06-01T12:00:00Z,comment,UgxDsKy4BRY0Tkv2Y2h4AaABAg,,FALSE
ftUa6Mo4oJE,2021-05-28T16:04:55Z,149548,4464,21,404,Bemisia_tabaci,Spain,Insects,alien,precios,Post-Introduction,eCommerce,eCommerce,2006,2006-06-01T12:00:00Z,comment,UgxDsKy4BRY0Tkv2Y2h4AaABAg,,FALSE
ftUa6Mo4oJE,2021-03-11T05:25:21Z,149548,4464,0,404,Bemisia_tabaci,Spain,Insects,alien,trampas,Post-Introduction,Detection,Detection,2006,2006-06-01T12:00:00Z,comment,Ugx8Iu3-2bIPtTkmbm94AaABAg,,FALSE
ftUa6Mo4oJE,2020-10-02T14:23:26Z,149548,4464,6,404,Bemisia_tabaci,Spain,Insects,alien,plagas,Post-Introduction,Invasion,Invasion,2006,2006-06-01T12:00:00Z,comment,Ugx8Vi0VZ0G0xjPMund4AaABAg,,FALSE
ftUa6Mo4oJE,2020-10-02T14:23:26Z,149548,4464,6,404,Bemisia_tabaci,Spain,Insects,alien,plagas,Post-Introduction,Invasion,Invasion,2006,2006-06-01T12:00:00Z,comment,Ugx8Vi0VZ0G0xjPMund4AaABAg,,FALSE
ftUa6Mo4oJE,2020-10-02T04:50:44Z,149548,4464,3,404,Bemisia_tabaci,Spain,Insects,alien,plaga,Post-Introduction,Invasion,Invasion,2006,2006-06-01T12:00:00Z,comment,UgybYVgcZF4armZWsVl4AaABAg,,FALSE
ftUa6Mo4oJE,2020-10-02T04:50:44Z,149548,4464,3,404,Bemisia_tabaci,Spain,Insects,alien,atacado,Post-Introduction,Threat,Threat,2006,2006-06-01T12:00:00Z,comment,UgybYVgcZF4armZWsVl4AaABAg,,FALSE
ftUa6Mo4oJE,2020-10-02T02:47:25Z,149548,4464,1,404,Bemisia_tabaci,Spain,Insects,alien,plagas,Post-Introduction,Invasion,Invasion,2006,2006-06-01T12:00:00Z,comment,UgxR3YDDAKTHVvROM614AaABAg,,FALSE
ftUa6Mo4oJE,2020-09-30T20:05:04Z,149548,4464,2,404,Bemisia_tabaci,Spain,Insects,alien,compre,Post-Introduction,eCommerce,eCommerce,2006,2006-06-01T12:00:00Z,comment,UgyJdZgkpSc-2LIPs1Z4AaABAg,,FALSE
ftUa6Mo4oJE,2020-09-30T20:05:04Z,149548,4464,2,404,Bemisia_tabaci,Spain,Insects,alien,tienda,Post-Introduction,eCommerce,eCommerce,2006,2006-06-01T12:00:00Z,comment,UgyJdZgkpSc-2LIPs1Z4AaABAg,,FALSE
ftUa6Mo4oJE,2020-09-30T20:05:04Z,149548,4464,2,404,Bemisia_tabaci,Spain,Insects,alien,cara,Post-Introduction,eCommerce,eCommerce,2006,2006-06-01T12:00:00Z,comment,UgyJdZgkpSc-2LIPs1Z4AaABAg,,FALSE
ftUa6Mo4oJE,2020-09-30T18:20:56Z,149548,4464,4,404,Bemisia_tabaci,Spain,Insects,alien,plaga,Post-Introduction,Invasion,Invasion,2006,2006-06-01T12:00:00Z,comment,UgwSJpEJOe5tFmn4ywZ4AaABAg,,FALSE
ftUa6Mo4oJE,2020-09-30T17:02:31Z,149548,4464,8,404,Bemisia_tabaci,Spain,Insects,alien,plaga,Post-Introduction,Invasion,Invasion,2006,2006-06-01T12:00:00Z,comment,Ugz8_AwFlhu53sWc3yF4AaABAg,,FALSE
ftUa6Mo4oJE,2020-09-30T17:02:31Z,149548,4464,8,404,Bemisia_tabaci,Spain,Insects,alien,comprado,Post-Introduction,eCommerce,eCommerce,2006,2006-06-01T12:00:00Z,comment,Ugz8_AwFlhu53sWc3yF4AaABAg,,FALSE
ftUa6Mo4oJE,2020-09-30T17:02:31Z,149548,4464,8,404,Bemisia_tabaci,Spain,Insects,alien,comprado,Post-Introduction,eCommerce,eCommerce,2006,2006-06-01T12:00:00Z,comment,Ugz8_AwFlhu53sWc3yF4AaABAg,,FALSE
ftUa6Mo4oJE,2021-07-02T07:47:57Z,149548,4464,1,404,Bemisia_tabaci,Spain,Insects,alien,plaga,Post-Introduction,Invasion,Invasion,2006,2006-06-01T12:00:00Z,comment,Ugzb7EKtOU94x96e-sJ4AaABAg.9PDqw3a8g5w9PHn8R6H3qV,Ugzb7EKtOU94x96e-sJ4AaABAg,TRUE
ftUa6Mo4oJE,2022-09-27T16:21:17Z,149548,4464,0,404,Bemisia_tabaci,Spain,Insects,alien,plaga,Post-Introduction,Invasion,Invasion,2006,2006-06-01T12:00:00Z,comment,Ugzb7EKtOU94x96e-sJ4AaABAg.9PDqw3a8g5w9gU_BdgK7ng,Ugzb7EKtOU94x96e-sJ4AaABAg,TRUE
ftUa6Mo4oJE,2021-03-11T10:09:16Z,149548,4464,1,404,Bemisia_tabaci,Spain,Insects,alien,trampas,Post-Introduction,Detection,Detection,2006,2006-06-01T12:00:00Z,comment,Ugx8Iu3-2bIPtTkmbm94AaABAg.9Kj_-AHJ4ah9Kk4UZzIkbh,Ugx8Iu3-2bIPtTkmbm94AaABAg,TRUE
ftUa6Mo4oJE,2020-10-02T22:02:50Z,149548,4464,0,404,Bemisia_tabaci,Spain,Insects,alien,descubrimiento,Post-Introduction,Detection,Detection,2006,2006-06-01T12:00:00Z,comment,UgzvcVkRbsLuorXtYP14AaABAg.9EJfobJMjz59EKMxuHLcI3,UgzvcVkRbsLuorXtYP14AaABAg,TRUE
ftUa6Mo4oJE,2020-10-02T13:35:45Z,149548,4464,1,404,Bemisia_tabaci,Spain,Insects,alien,precio,Post-Introduction,eCommerce,eCommerce,2006,2006-06-01T12:00:00Z,comment,UgwD7JpcwdXRPkQz7FF4AaABAg.9EJOidGONXr9EJSvuNp1hn,UgwD7JpcwdXRPkQz7FF4AaABAg,TRUE
ftUa6Mo4oJE,2020-10-02T13:49:59Z,149548,4464,1,404,Bemisia_tabaci,Spain,Insects,alien,plagas,Post-Introduction,Invasion,Invasion,2006,2006-06-01T12:00:00Z,comment,UgxR3YDDAKTHVvROM614AaABAg.9EIIjO_raOg9EJUZDR-HEh,UgxR3YDDAKTHVvROM614AaABAg,TRUE
ftUa6Mo4oJE,2020-10-01T06:45:58Z,149548,4464,0,404,Bemisia_tabaci,Spain,Insects,alien,plaga,Post-Introduction,Invasion,Invasion,2006,2006-06-01T12:00:00Z,comment,Ugy79o52AYxVDN9716d4AaABAg.9EFt0TuXCj09EG9EjhajKg,Ugy79o52AYxVDN9716d4AaABAg,TRUE
ftUa6Mo4oJE,2020-10-01T06:45:58Z,149548,4464,0,404,Bemisia_tabaci,Spain,Insects,alien,control,Post-Introduction,Detection,Detection,2006,2006-06-01T12:00:00Z,comment,Ugy79o52AYxVDN9716d4AaABAg.9EFt0TuXCj09EG9EjhajKg,Ugy79o52AYxVDN9716d4AaABAg,TRUE
ftUa6Mo4oJE,2020-10-01T06:45:58Z,149548,4464,0,404,Bemisia_tabaci,Spain,Insects,alien,introduccion,Post-Introduction,Invasion,Invasion,2006,2006-06-01T12:00:00Z,comment,Ugy79o52AYxVDN9716d4AaABAg.9EFt0TuXCj09EG9EjhajKg,Ugy79o52AYxVDN9716d4AaABAg,TRUE
ftUa6Mo4oJE,2020-10-01T06:45:58Z,149548,4464,0,404,Bemisia_tabaci,Spain,Insects,alien,control,Post-Introduction,Detection,Detection,2006,2006-06-01T12:00:00Z,comment,Ugy79o52AYxVDN9716d4AaABAg.9EFt0TuXCj09EG9EjhajKg,Ugy79o52AYxVDN9716d4AaABAg,TRUE
ftUa6Mo4oJE,2020-10-01T07:27:39Z,149548,4464,0,404,Bemisia_tabaci,Spain,Insects,alien,control,Post-Introduction,Detection,Detection,2006,2006-06-01T12:00:00Z,comment,Ugy79o52AYxVDN9716d4AaABAg.9EFt0TuXCj09EGE-zHJiLJ,Ugy79o52AYxVDN9716d4AaABAg,TRUE
ftUa6Mo4oJE,2020-10-01T06:35:21Z,149548,4464,1,404,Bemisia_tabaci,Spain,Insects,alien,plagas,Post-Introduction,Invasion,Invasion,2006,2006-06-01T12:00:00Z,comment,Ugxp47M6fZw2ZGArVtZ4AaABAg.9EFmzHCBrHx9EG80wrbkth,Ugxp47M6fZw2ZGArVtZ4AaABAg,TRUE
ftUa6Mo4oJE,2020-10-04T01:26:54Z,149548,4464,0,404,Bemisia_tabaci,Spain,Insects,alien,visto,Post-Introduction,Detection,Detection,2006,2006-06-01T12:00:00Z,comment,UgxalrzJjFF1sscGSP94AaABAg.9EFagDAKM2j9ENJ6NjVlx0,UgxalrzJjFF1sscGSP94AaABAg,TRUE
ftUa6Mo4oJE,2020-10-01T07:59:26Z,149548,4464,1,404,Bemisia_tabaci,Spain,Insects,alien,plaga,Post-Introduction,Invasion,Invasion,2006,2006-06-01T12:00:00Z,comment,UgxFfOpaGdNmc3rLGMp4AaABAg.9EFAV6d3nWj9EGHdqYQTJg,UgxFfOpaGdNmc3rLGMp4AaABAg,TRUE
ftUa6Mo4oJE,2020-09-30T20:28:09Z,149548,4464,0,404,Bemisia_tabaci,Spain,Insects,alien,tienda,Post-Introduction,eCommerce,eCommerce,2006,2006-06-01T12:00:00Z,comment,UgyJdZgkpSc-2LIPs1Z4AaABAg.9EF-tZ3Va2q9EF2XcvHtps,UgyJdZgkpSc-2LIPs1Z4AaABAg,TRUE
ftUa6Mo4oJE,2020-09-30T20:28:09Z,149548,4464,0,404,Bemisia_tabaci,Spain,Insects,alien,tienda,Post-Introduction,eCommerce,eCommerce,2006,2006-06-01T12:00:00Z,comment,UgyJdZgkpSc-2LIPs1Z4AaABAg.9EF-tZ3Va2q9EF2XcvHtps,UgyJdZgkpSc-2LIPs1Z4AaABAg,TRUE
ftUa6Mo4oJE,2020-09-30T20:28:09Z,149548,4464,0,404,Bemisia_tabaci,Spain,Insects,alien,comprado,Post-Introduction,eCommerce,eCommerce,2006,2006-06-01T12:00:00Z,comment,UgyJdZgkpSc-2LIPs1Z4AaABAg.9EF-tZ3Va2q9EF2XcvHtps,UgyJdZgkpSc-2LIPs1Z4AaABAg,TRUE
ftUa6Mo4oJE,2022-11-14T02:49:38Z,149548,4464,2,404,Bemisia_tabaci,Spain,Insects,alien,compre,Post-Introduction,eCommerce,eCommerce,2006,2006-06-01T12:00:00Z,comment,Ugz8_AwFlhu53sWc3yF4AaABAg.9EEg-X2rJEJ9iOiSydUYqy,Ugz8_AwFlhu53sWc3yF4AaABAg,TRUE
ftUa6Mo4oJE,2021-02-16T10:11:04Z,149548,4464,1,404,Bemisia_tabaci,Spain,Insects,alien,barato,Post-Introduction,eCommerce,eCommerce,2006,2006-06-01T12:00:00Z,comment,UgwqFCwjqL-EVpVDUpx4AaABAg.9EEc0Ak4fhX9JorPhCl96q,UgwqFCwjqL-EVpVDUpx4AaABAg,TRUE
vL9TvnbnBBY,2023-10-08T10:49:26Z,2221,127,0,31,Bemisia_tabaci,Spain,Insects,alien,dinero,Post-Introduction,eCommerce,eCommerce,2006,2006-06-01T12:00:00Z,comment,UgyeKxkeirLKp3IyzIF4AaABAg,,FALSE
vL9TvnbnBBY,2023-08-07T17:38:02Z,2221,127,0,31,Bemisia_tabaci,Spain,Insects,alien,visto,Post-Introduction,Detection,Detection,2006,2006-06-01T12:00:00Z,comment,UgwnrDYRD2k_Gi9EY2Z4AaABAg,,FALSE
vL9TvnbnBBY,2022-06-30T14:19:23Z,2221,127,0,31,Bemisia_tabaci,Spain,Insects,alien,compre,Post-Introduction,eCommerce,eCommerce,2006,2006-06-01T12:00:00Z,comment,UgxMiIdK0HaXAIVCLL54AaABAg,,FALSE
vL9TvnbnBBY,2022-05-28T17:58:16Z,2221,127,0,31,Bemisia_tabaci,Spain,Insects,alien,plaga,Post-Introduction,Invasion,Invasion,2006,2006-06-01T12:00:00Z,comment,Ugz1muNjcEKNd2PWfwp4AaABAg,,FALSE
vL9TvnbnBBY,2022-04-07T23:23:55Z,2221,127,0,31,Bemisia_tabaci,Spain,Insects,alien,aparecido,Post-Introduction,Detection,Detection,2006,2006-06-01T12:00:00Z,comment,UgxaHmipPbUgLcv6Hsh4AaABAg,,FALSE
vL9TvnbnBBY,2022-04-07T13:34:18Z,2221,127,0,31,Bemisia_tabaci,Spain,Insects,alien,visto,Post-Introduction,Detection,Detection,2006,2006-06-01T12:00:00Z,comment,Ugz-kjyGtLjgLHpdTd14AaABAg.9_UmrGq32az9_WoZKDWRVh,Ugz-kjyGtLjgLHpdTd14AaABAg,TRUE
feTjM3z3eDk,2023-07-30T22:51:01Z,2773,111,1,195,Bemisia_tabaci,Spain,Insects,alien,visto,Post-Introduction,Detection,Detection,2006,2006-06-01T12:00:00Z,comment,UgzksrkKItIsQmiwlcd4AaABAg,,FALSE
feTjM3z3eDk,2023-07-30T06:59:07Z,2773,111,2,195,Bemisia_tabaci,Spain,Insects,alien,plagas,Post-Introduction,Invasion,Invasion,2006,2006-06-01T12:00:00Z,comment,Ugwz5qihyg5K0F3NqUN4AaABAg,,FALSE
feTjM3z3eDk,2023-07-29T15:50:06Z,2773,111,2,195,Bemisia_tabaci,Spain,Insects,alien,plagas,Post-Introduction,Invasion,Invasion,2006,2006-06-01T12:00:00Z,comment,UgxsxOl7_djJ0ZBbbkt4AaABAg,,FALSE
feTjM3z3eDk,2023-07-29T11:07:39Z,2773,111,3,195,Bemisia_tabaci,Spain,Insects,alien,plaga,Post-Introduction,Invasion,Invasion,2006,2006-06-01T12:00:00Z,comment,UgxSZs2LUtUo-qCery14AaABAg,,FALSE
feTjM3z3eDk,2023-07-29T11:07:39Z,2773,111,3,195,Bemisia_tabaci,Spain,Insects,alien,alerta,Post-Introduction,Detection,Detection,2006,2006-06-01T12:00:00Z,comment,UgxSZs2LUtUo-qCery14AaABAg,,FALSE
feTjM3z3eDk,2023-07-29T06:09:38Z,2773,111,1,195,Bemisia_tabaci,Spain,Insects,alien,visto,Post-Introduction,Detection,Detection,2006,2006-06-01T12:00:00Z,comment,Ugw20JY8t1RPdz-KeAZ4AaABAg,,FALSE
feTjM3z3eDk,2023-07-28T23:02:01Z,2773,111,1,195,Bemisia_tabaci,Spain,Insects,alien,ataca,Post-Introduction,Threat,Threat,2006,2006-06-01T12:00:00Z,comment,UgycDv9VWR0XAMP1sKV4AaABAg,,FALSE
feTjM3z3eDk,2023-09-11T16:49:56Z,2773,111,0,195,Bemisia_tabaci,Spain,Insects,alien,plagas,Post-Introduction,Invasion,Invasion,2006,2006-06-01T12:00:00Z,comment,UgzYCvKpYf60Fc8G4yF4AaABAg.9uVDph2o0N39uXGtmiIXw9,UgzYCvKpYf60Fc8G4yF4AaABAg,TRUE
feTjM3z3eDk,2023-07-31T16:57:23Z,2773,111,0,195,Bemisia_tabaci,Spain,Insects,alien,plagas,Post-Introduction,Invasion,Invasion,2006,2006-06-01T12:00:00Z,comment,Ugx9Cfrhnz5fJvKuC9h4AaABAg.9snbydxsna29sq8Mmdums4,Ugx9Cfrhnz5fJvKuC9h4AaABAg,TRUE
feTjM3z3eDk,2023-07-29T16:11:20Z,2773,111,0,195,Bemisia_tabaci,Spain,Insects,alien,plagas,Post-Introduction,Invasion,Invasion,2006,2006-06-01T12:00:00Z,comment,UgxsxOl7_djJ0ZBbbkt4AaABAg.9sks4CUUyIc9skuVj7W5Bc,UgxsxOl7_djJ0ZBbbkt4AaABAg,TRUE
feTjM3z3eDk,2023-07-29T11:36:38Z,2773,111,1,195,Bemisia_tabaci,Spain,Insects,alien,plagas,Post-Introduction,Invasion,Invasion,2006,2006-06-01T12:00:00Z,comment,UgxSZs2LUtUo-qCery14AaABAg.9skMkON5n7u9skQ3jXBKOn,UgxSZs2LUtUo-qCery14AaABAg,TRUE
feTjM3z3eDk,2023-07-29T11:36:38Z,2773,111,1,195,Bemisia_tabaci,Spain,Insects,alien,presente,Post-Introduction,Invasion,Invasion,2006,2006-06-01T12:00:00Z,comment,UgxSZs2LUtUo-qCery14AaABAg.9skMkON5n7u9skQ3jXBKOn,UgxSZs2LUtUo-qCery14AaABAg,TRUE
feTjM3z3eDk,2023-07-29T16:01:58Z,2773,111,0,195,Bemisia_tabaci,Spain,Insects,alien,ataca,Post-Introduction,Threat,Threat,2006,2006-06-01T12:00:00Z,comment,UgycDv9VWR0XAMP1sKV4AaABAg.9sj3higdVDw9sktR4Or_zd,UgycDv9VWR0XAMP1sKV4AaABAg,TRUE
feTjM3z3eDk,2023-07-29T16:07:14Z,2773,111,1,195,Bemisia_tabaci,Spain,Insects,alien,comprar,Post-Introduction,eCommerce,eCommerce,2006,2006-06-01T12:00:00Z,comment,UgycDv9VWR0XAMP1sKV4AaABAg.9sj3higdVDw9sku1hmvQYG,UgycDv9VWR0XAMP1sKV4AaABAg,TRUE
feTjM3z3eDk,2023-07-29T16:09:05Z,2773,111,1,195,Bemisia_tabaci,Spain,Insects,alien,plagas,Post-Introduction,Invasion,Invasion,2006,2006-06-01T12:00:00Z,comment,UgxQOJRAlGMwv_2GjO14AaABAg.9siyX5uyhk09skuFHJhjHc,UgxQOJRAlGMwv_2GjO14AaABAg,TRUE
mc2CYl3Seog,2025-05-12T11:07:06Z,1793,55,0,1,Bemisia_tabaci,Spain,Insects,alien,precio,Post-Introduction,eCommerce,eCommerce,2006,2006-06-01T12:00:00Z,comment,Ugx45VU_HXC4MZv1KAB4AaABAg,,FALSE
meiLTgm66aI,2020-06-01T09:22:48Z,817590,19070,41,700,Bemisia_tabaci,Spain,Insects,alien,plagas,Post-Introduction,Invasion,Invasion,2006,2006-06-01T12:00:00Z,comment,UgzXz9xJFQQsCR4C6cZ4AaABAg,,FALSE
meiLTgm66aI,2024-08-16T01:04:35Z,817590,19070,2,700,Bemisia_tabaci,Spain,Insects,alien,controlado,Post-Introduction,Detection,Detection,2006,2006-06-01T12:00:00Z,comment,Ugy5x9kOpZhsw03VGnl4AaABAg,,FALSE
meiLTgm66aI,2024-07-21T08:26:13Z,817590,19070,0,700,Bemisia_tabaci,Spain,Insects,alien,plaga,Post-Introduction,Invasion,Invasion,2006,2006-06-01T12:00:00Z,comment,UgyypduuOavn1EHDDMB4AaABAg,,FALSE
meiLTgm66aI,2024-06-17T00:28:04Z,817590,19070,0,700,Bemisia_tabaci,Spain,Insects,alien,tienda,Post-Introduction,eCommerce,eCommerce,2006,2006-06-01T12:00:00Z,comment,UgxZYxZmtx-Yb5GQCLl4AaABAg,,FALSE
meiLTgm66aI,2024-06-07T18:51:30Z,817590,19070,0,700,Bemisia_tabaci,Spain,Insects,alien,danino,Post-Introduction,Threat,Threat,2006,2006-06-01T12:00:00Z,comment,UgxZeSA0Ft9sD_ln6ZJ4AaABAg,,FALSE
meiLTgm66aI,2024-04-04T15:46:23Z,817590,19070,0,700,Bemisia_tabaci,Spain,Insects,alien,plagas,Post-Introduction,Invasion,Invasion,2006,2006-06-01T12:00:00Z,comment,UgzJEM__-MabVe8KH7J4AaABAg,,FALSE
meiLTgm66aI,2024-02-01T09:16:37Z,817590,19070,0,700,Bemisia_tabaci,Spain,Insects,alien,plaga,Post-Introduction,Invasion,Invasion,2006,2006-06-01T12:00:00Z,comment,Ugzylsn9jGEQCZf8Xn14AaABAg,,FALSE
meiLTgm66aI,2023-09-12T12:29:15Z,817590,19070,0,700,Bemisia_tabaci,Spain,Insects,alien,plagas,Post-Introduction,Invasion,Invasion,2006,2006-06-01T12:00:00Z,comment,UgyrdDQ18A2pZ-uWHUJ4AaABAg,,FALSE
meiLTgm66aI,2023-07-08T14:53:06Z,817590,19070,0,700,Bemisia_tabaci,Spain,Insects,alien,plaga,Post-Introduction,Invasion,Invasion,2006,2006-06-01T12:00:00Z,comment,UgwL4Z5WKwYvLyuqY-N4AaABAg,,FALSE
meiLTgm66aI,2022-10-31T15:09:18Z,817590,19070,0,700,Bemisia_tabaci,Spain,Insects,alien,euros,Post-Introduction,eCommerce,eCommerce,2006,2006-06-01T12:00:00Z,comment,UgzusoHDH6nl1vm3tK54AaABAg,,FALSE
meiLTgm66aI,2022-10-24T19:59:28Z,817590,19070,21,700,Bemisia_tabaci,Spain,Insects,alien,visto,Post-Introduction,Detection,Detection,2006,2006-06-01T12:00:00Z,comment,UgygvqtgNu8ioqkNRa94AaABAg,,FALSE
meiLTgm66aI,2022-09-07T20:09:56Z,817590,19070,0,700,Bemisia_tabaci,Spain,Insects,alien,visto,Post-Introduction,Detection,Detection,2006,2006-06-01T12:00:00Z,comment,UgyfyMCxXctReXI6NVh4AaABAg,,FALSE
meiLTgm66aI,2022-08-29T23:25:33Z,817590,19070,0,700,Bemisia_tabaci,Spain,Insects,alien,compre,Post-Introduction,eCommerce,eCommerce,2006,2006-06-01T12:00:00Z,comment,UgzO99FdSdSSRJZxQH94AaABAg,,FALSE
meiLTgm66aI,2022-05-18T07:38:55Z,817590,19070,0,700,Bemisia_tabaci,Spain,Insects,alien,plaga,Post-Introduction,Invasion,Invasion,2006,2006-06-01T12:00:00Z,comment,Ugy8IMuahNzFh19Js1J4AaABAg,,FALSE
meiLTgm66aI,2022-04-30T07:42:53Z,817590,19070,0,700,Bemisia_tabaci,Spain,Insects,alien,plagas,Post-Introduction,Invasion,Invasion,2006,2006-06-01T12:00:00Z,comment,Ugwkfjudkw1Elk0w6Pt4AaABAg,,FALSE
meiLTgm66aI,2021-05-05T07:39:37Z,817590,19070,2,700,Bemisia_tabaci,Spain,Insects,alien,plaga,Post-Introduction,Invasion,Invasion,2006,2006-06-01T12:00:00Z,comment,UgzXz9xJFQQsCR4C6cZ4AaABAg.99MICch-Z4y9MxR4asK8JS,UgzXz9xJFQQsCR4C6cZ4AaABAg,TRUE
meiLTgm66aI,2025-05-26T17:08:09Z,817590,19070,0,700,Bemisia_tabaci,Spain,Insects,alien,controlado,Post-Introduction,Detection,Detection,2006,2006-06-01T12:00:00Z,comment,UgzcIt6O-0xZaWu4JbB4AaABAg.ABW62Mp67u-AIaUDPzuaoI,UgzcIt6O-0xZaWu4JbB4AaABAg,TRUE
meiLTgm66aI,2021-10-20T11:23:55Z,817590,19070,16,700,Bemisia_tabaci,Spain,Insects,alien,observado,Post-Introduction,Detection,Detection,2006,2006-06-01T12:00:00Z,comment,UgwZ325lKFoUqVy9bf14AaABAg,,FALSE
meiLTgm66aI,2021-08-27T12:33:01Z,817590,19070,1,700,Bemisia_tabaci,Spain,Insects,alien,descubrimiento,Post-Introduction,Detection,Detection,2006,2006-06-01T12:00:00Z,comment,Ugwx7sid0u6-kd8ZQGF4AaABAg,,FALSE
meiLTgm66aI,2021-07-25T07:34:17Z,817590,19070,0,700,Bemisia_tabaci,Spain,Insects,alien,visto,Post-Introduction,Detection,Detection,2006,2006-06-01T12:00:00Z,comment,Ugz0rH6Ugc6gM1EfqRt4AaABAg,,FALSE
meiLTgm66aI,2021-07-25T07:34:17Z,817590,19070,0,700,Bemisia_tabaci,Spain,Insects,alien,visto,Post-Introduction,Detection,Detection,2006,2006-06-01T12:00:00Z,comment,Ugz0rH6Ugc6gM1EfqRt4AaABAg,,FALSE
meiLTgm66aI,2021-07-25T07:34:17Z,817590,19070,0,700,Bemisia_tabaci,Spain,Insects,alien,visto,Post-Introduction,Detection,Detection,2006,2006-06-01T12:00:00Z,comment,Ugz0rH6Ugc6gM1EfqRt4AaABAg,,FALSE
meiLTgm66aI,2021-06-19T15:15:56Z,817590,19070,0,700,Bemisia_tabaci,Spain,Insects,alien,plaga,Post-Introduction,Invasion,Invasion,2006,2006-06-01T12:00:00Z,comment,UgxVwFuDzsemiFpTMKx4AaABAg,,FALSE
meiLTgm66aI,2021-04-28T20:20:40Z,817590,19070,0,700,Bemisia_tabaci,Spain,Insects,alien,visto,Post-Introduction,Detection,Detection,2006,2006-06-01T12:00:00Z,comment,Ugxyddwg5KPZduoABKB4AaABAg,,FALSE
meiLTgm66aI,2021-04-28T20:20:40Z,817590,19070,0,700,Bemisia_tabaci,Spain,Insects,alien,visto,Post-Introduction,Detection,Detection,2006,2006-06-01T12:00:00Z,comment,Ugxyddwg5KPZduoABKB4AaABAg,,FALSE
meiLTgm66aI,2021-04-09T11:09:19Z,817590,19070,0,700,Bemisia_tabaci,Spain,Insects,alien,compre,Post-Introduction,eCommerce,eCommerce,2006,2006-06-01T12:00:00Z,comment,Ugw4QEPt2dPIpzSmkBp4AaABAg,,FALSE
meiLTgm66aI,2021-04-01T20:33:17Z,817590,19070,0,700,Bemisia_tabaci,Spain,Insects,alien,comprado,Post-Introduction,eCommerce,eCommerce,2006,2006-06-01T12:00:00Z,comment,Ugxaue3Lv2qs4hVNysN4AaABAg,,FALSE
meiLTgm66aI,2021-03-25T16:08:25Z,817590,19070,0,700,Bemisia_tabaci,Spain,Insects,alien,aparecer,Post-Introduction,Detection,Detection,2006,2006-06-01T12:00:00Z,comment,Ugyjge-nQo8vBwKnAMp4AaABAg,,FALSE
meiLTgm66aI,2021-03-05T17:31:27Z,817590,19070,3,700,Bemisia_tabaci,Spain,Insects,alien,reproduciendose,Post-Introduction,Invasion,Invasion,2006,2006-06-01T12:00:00Z,comment,UgyMNbk1e3AsodLJdgd4AaABAg,,FALSE
meiLTgm66aI,2021-03-05T17:31:27Z,817590,19070,3,700,Bemisia_tabaci,Spain,Insects,alien,invasion,Post-Introduction,Invasion,Invasion,2006,2006-06-01T12:00:00Z,comment,UgyMNbk1e3AsodLJdgd4AaABAg,,FALSE
meiLTgm66aI,2021-01-28T09:48:47Z,817590,19070,0,700,Bemisia_tabaci,Spain,Insects,alien,plaga,Post-Introduction,Invasion,Invasion,2006,2006-06-01T12:00:00Z,comment,Ugx02lO25_t6uokM0254AaABAg,,FALSE
meiLTgm66aI,2021-01-28T09:48:47Z,817590,19070,0,700,Bemisia_tabaci,Spain,Insects,alien,plaga,Post-Introduction,Invasion,Invasion,2006,2006-06-01T12:00:00Z,comment,Ugx02lO25_t6uokM0254AaABAg,,FALSE
j0V7f-2U2oQ,2023-02-12T16:39:54Z,1516,25,0,2,Bemisia_tabaci,Spain,Insects,alien,visto,Post-Introduction,Detection,Detection,2006,2006-06-01T12:00:00Z,comment,UgyADCIHn0k7IN78HA14AaABAg,,FALSE
5k7q7SWwdq4,2018-02-02T16:10:52Z,18166,72,2,8,Bemisia_tabaci,Spain,Insects,alien,trampas,Post-Introduction,Detection,Detection,2006,2006-06-01T12:00:00Z,comment,Ugw3dfDJ_L-wDsPdhzx4AaABAg,,FALSE
5k7q7SWwdq4,2018-03-05T15:22:01Z,18166,72,2,8,Bemisia_tabaci,Spain,Insects,alien,trampas,Post-Introduction,Detection,Detection,2006,2006-06-01T12:00:00Z,comment,UgiKTMgAk_ci3ngCoAEC.8UvQfAUuHMT8dQ4H2SQUYo,UgiKTMgAk_ci3ngCoAEC,TRUE
jOi7GPnHg04,2023-09-22T21:10:40Z,5579,306,1,39,Bemisia_tabaci,Spain,Insects,alien,compre,Post-Introduction,eCommerce,eCommerce,2006,2006-06-01T12:00:00Z,comment,UgyFh0I-o8yI2j-aq3J4AaABAg,,FALSE
jOi7GPnHg04,2023-09-22T21:10:40Z,5579,306,1,39,Bemisia_tabaci,Spain,Insects,alien,visto,Post-Introduction,Detection,Detection,2006,2006-06-01T12:00:00Z,comment,UgyFh0I-o8yI2j-aq3J4AaABAg,,FALSE
jOi7GPnHg04,2022-05-26T19:28:50Z,5579,306,2,39,Bemisia_tabaci,Spain,Insects,alien,vender,Post-Introduction,eCommerce,eCommerce,2006,2006-06-01T12:00:00Z,comment,Ugxtdo7GCK_W3Z3yKvN4AaABAg,,FALSE
jOi7GPnHg04,2022-05-26T12:41:19Z,5579,306,1,39,Bemisia_tabaci,Spain,Insects,alien,plaga,Post-Introduction,Invasion,Invasion,2006,2006-06-01T12:00:00Z,comment,UgzDIIe5NFcTDqMCM2Z4AaABAg,,FALSE
jOi7GPnHg04,2022-05-26T05:29:20Z,5579,306,2,39,Bemisia_tabaci,Spain,Insects,alien,manejo,Post-Introduction,Detection,Detection,2006,2006-06-01T12:00:00Z,comment,Ugz53U4_3NqQEWiPVMh4AaABAg,,FALSE
jOi7GPnHg04,2022-05-25T23:35:10Z,5579,306,2,39,Bemisia_tabaci,Spain,Insects,alien,vista,Post-Introduction,Detection,Detection,2006,2006-06-01T12:00:00Z,comment,UgxsqwqSL1ga89majN94AaABAg,,FALSE
jOi7GPnHg04,2024-01-14T22:24:14Z,5579,306,0,39,Bemisia_tabaci,Spain,Insects,alien,plaga,Post-Introduction,Invasion,Invasion,2006,2006-06-01T12:00:00Z,comment,UgzY8uVkO7vad0zEqhB4AaABAg.9zYdlkvc7H59zZjWk-2h-w,UgzY8uVkO7vad0zEqhB4AaABAg,TRUE
jOi7GPnHg04,2024-01-14T22:24:14Z,5579,306,0,39,Bemisia_tabaci,Spain,Insects,alien,controlada,Post-Introduction,Detection,Detection,2006,2006-06-01T12:00:00Z,comment,UgzY8uVkO7vad0zEqhB4AaABAg.9zYdlkvc7H59zZjWk-2h-w,UgzY8uVkO7vad0zEqhB4AaABAg,TRUE
jOi7GPnHg04,2024-01-14T22:24:14Z,5579,306,0,39,Bemisia_tabaci,Spain,Insects,alien,plaga,Post-Introduction,Invasion,Invasion,2006,2006-06-01T12:00:00Z,comment,UgzY8uVkO7vad0zEqhB4AaABAg.9zYdlkvc7H59zZjWk-2h-w,UgzY8uVkO7vad0zEqhB4AaABAg,TRUE
jOi7GPnHg04,2023-10-07T21:41:29Z,5579,306,0,39,Bemisia_tabaci,Spain,Insects,alien,visto,Post-Introduction,Detection,Detection,2006,2006-06-01T12:00:00Z,comment,UgyFh0I-o8yI2j-aq3J4AaABAg.9uz3U6us8zu9v_jvx1dvrP,UgyFh0I-o8yI2j-aq3J4AaABAg,TRUE
jOi7GPnHg04,2023-03-24T19:41:30Z,5579,306,0,39,Bemisia_tabaci,Spain,Insects,alien,plaga,Post-Introduction,Invasion,Invasion,2006,2006-06-01T12:00:00Z,comment,UgxcXznkyRDiAxTYe0d4AaABAg.9ne7gnYvivs9neGatJaIBA,UgxcXznkyRDiAxTYe0d4AaABAg,TRUE
jOi7GPnHg04,2023-03-24T20:04:34Z,5579,306,0,39,Bemisia_tabaci,Spain,Insects,alien,aparece,Post-Introduction,Detection,Detection,2006,2006-06-01T12:00:00Z,comment,UgxcXznkyRDiAxTYe0d4AaABAg.9ne7gnYvivs9neJEsFNPWh,UgxcXznkyRDiAxTYe0d4AaABAg,TRUE
jOi7GPnHg04,2022-05-26T21:31:09Z,5579,306,1,39,Bemisia_tabaci,Spain,Insects,alien,plagas,Post-Introduction,Invasion,Invasion,2006,2006-06-01T12:00:00Z,comment,UgwMgyMj9qY5ul_Ql5Z4AaABAg.9bVUJGZn3wS9bVq4lPuITf,UgwMgyMj9qY5ul_Ql5Z4AaABAg,TRUE
jOi7GPnHg04,2022-05-26T21:23:14Z,5579,306,0,39,Bemisia_tabaci,Spain,Insects,alien,rebajas,Post-Introduction,eCommerce,eCommerce,2006,2006-06-01T12:00:00Z,comment,UgzDIIe5NFcTDqMCM2Z4AaABAg.9bUtS4JLDh09bVpAgd1qIQ,UgzDIIe5NFcTDqMCM2Z4AaABAg,TRUE
tx1toY5RVnk,2020-08-22T18:52:01Z,28280,189,0,6,Bemisia_tabaci,Spain,Insects,alien,veneno,Post-Introduction,Threat,Threat,2006,2006-06-01T12:00:00Z,comment,UgwKqK_fMU5JyVknxpF4AaABAg,,FALSE
tx1toY5RVnk,2019-08-22T14:34:38Z,28280,189,2,6,Bemisia_tabaci,Spain,Insects,alien,plaga,Post-Introduction,Invasion,Invasion,2006,2006-06-01T12:00:00Z,comment,Ugyip-zdYlbfqbDvtaF4AaABAg,,FALSE
tx1toY5RVnk,2019-08-22T14:34:38Z,28280,189,2,6,Bemisia_tabaci,Spain,Insects,alien,plaga,Post-Introduction,Invasion,Invasion,2006,2006-06-01T12:00:00Z,comment,Ugyip-zdYlbfqbDvtaF4AaABAg,,FALSE
y54e1pFbfK4,2021-01-29T11:05:44Z,2286,51,1,20,Bemisia_tabaci,Spain,Insects,alien,plagas,Post-Introduction,Invasion,Invasion,2006,2006-06-01T12:00:00Z,comment,Ugzf9IOB9rJrmW3GA3J4AaABAg,,FALSE
gzQB2RvHhOs,2025-07-08T15:05:40Z,1840050,39799,0,1791,Bemisia_tabaci,Spain,Insects,alien,plagas,Post-Introduction,Invasion,Invasion,2006,2006-06-01T12:00:00Z,comment,UgzXFu88BOReYZcBq3d4AaABAg,,FALSE
gzQB2RvHhOs,2025-04-09T07:00:09Z,1840050,39799,0,1791,Bemisia_tabaci,Spain,Insects,alien,visto,Post-Introduction,Detection,Detection,2006,2006-06-01T12:00:00Z,comment,UgyFDx81G8i-sLynEKp4AaABAg,,FALSE
gzQB2RvHhOs,2024-05-23T00:58:35Z,1840050,39799,0,1791,Bemisia_tabaci,Spain,Insects,alien,cara,Post-Introduction,eCommerce,eCommerce,2006,2006-06-01T12:00:00Z,comment,UgxfmBFvYcBk7rEs5mB4AaABAg,,FALSE
gzQB2RvHhOs,2022-07-01T15:50:52Z,1840050,39799,0,1791,Bemisia_tabaci,Spain,Insects,alien,comprar,Post-Introduction,eCommerce,eCommerce,2006,2006-06-01T12:00:00Z,comment,UgzSud74WKtnfoSvLe54AaABAg,,FALSE
gzQB2RvHhOs,2022-05-27T10:33:02Z,1840050,39799,0,1791,Bemisia_tabaci,Spain,Insects,alien,plaga,Post-Introduction,Invasion,Invasion,2006,2006-06-01T12:00:00Z,comment,UgywG1EoHiGvtH_8t7F4AaABAg,,FALSE
gzQB2RvHhOs,2022-05-08T09:51:33Z,1840050,39799,0,1791,Bemisia_tabaci,Spain,Insects,alien,aparecer,Post-Introduction,Detection,Detection,2006,2006-06-01T12:00:00Z,comment,UgwMHtudFCnElES-Xnt4AaABAg,,FALSE
gzQB2RvHhOs,2022-04-27T05:48:17Z,1840050,39799,0,1791,Bemisia_tabaci,Spain,Insects,alien,control,Post-Introduction,Detection,Detection,2006,2006-06-01T12:00:00Z,comment,UgwaDhXvushan-V7Dkx4AaABAg,,FALSE
gzQB2RvHhOs,2022-04-27T05:48:17Z,1840050,39799,0,1791,Bemisia_tabaci,Spain,Insects,alien,plagas,Post-Introduction,Invasion,Invasion,2006,2006-06-01T12:00:00Z,comment,UgwaDhXvushan-V7Dkx4AaABAg,,FALSE
gzQB2RvHhOs,2022-04-13T02:29:53Z,1840050,39799,0,1791,Bemisia_tabaci,Spain,Insects,alien,plaga,Post-Introduction,Invasion,Invasion,2006,2006-06-01T12:00:00Z,comment,Ugy5-4gl0xuy3Tl0pbR4AaABAg,,FALSE
gzQB2RvHhOs,2022-03-28T02:18:09Z,1840050,39799,0,1791,Bemisia_tabaci,Spain,Insects,alien,plagas,Post-Introduction,Invasion,Invasion,2006,2006-06-01T12:00:00Z,comment,UgygDniw_AcD2t5hVZl4AaABAg,,FALSE
gzQB2RvHhOs,2022-03-07T13:20:12Z,1840050,39799,0,1791,Bemisia_tabaci,Spain,Insects,alien,encontrado,Post-Introduction,Detection,Detection,2006,2006-06-01T12:00:00Z,comment,UgyKRJYox1nEr1G9eSp4AaABAg,,FALSE
gzQB2RvHhOs,2022-03-07T13:20:12Z,1840050,39799,0,1791,Bemisia_tabaci,Spain,Insects,alien,atacado,Post-Introduction,Threat,Threat,2006,2006-06-01T12:00:00Z,comment,UgyKRJYox1nEr1G9eSp4AaABAg,,FALSE
gzQB2RvHhOs,2022-01-28T17:02:26Z,1840050,39799,0,1791,Bemisia_tabaci,Spain,Insects,alien,plaga,Post-Introduction,Invasion,Invasion,2006,2006-06-01T12:00:00Z,comment,Ugx09WxpbmALhX__zPJ4AaABAg,,FALSE
gzQB2RvHhOs,2022-01-28T17:02:26Z,1840050,39799,0,1791,Bemisia_tabaci,Spain,Insects,alien,plaga,Post-Introduction,Invasion,Invasion,2006,2006-06-01T12:00:00Z,comment,Ugx09WxpbmALhX__zPJ4AaABAg,,FALSE
gzQB2RvHhOs,2024-05-28T09:44:23Z,1840050,39799,1,1791,Bemisia_tabaci,Spain,Insects,alien,plaga,Post-Introduction,Invasion,Invasion,2006,2006-06-01T12:00:00Z,comment,UgxfmBFvYcBk7rEs5mB4AaABAg.A3lAj73cgH4A3yzsUuEVWa,UgxfmBFvYcBk7rEs5mB4AaABAg,TRUE
gzQB2RvHhOs,2024-01-28T10:15:36Z,1840050,39799,0,1791,Bemisia_tabaci,Spain,Insects,alien,compra,Post-Introduction,eCommerce,eCommerce,2006,2006-06-01T12:00:00Z,comment,Ugy48skq_6Eh3JKsgjZ4AaABAg.A-4rwuBnb8cA-6UGEfhtaH,Ugy48skq_6Eh3JKsgjZ4AaABAg,TRUE
gzQB2RvHhOs,2022-02-03T04:50:11Z,1840050,39799,0,1791,Bemisia_tabaci,Spain,Insects,alien,plaga,Post-Introduction,Invasion,Invasion,2006,2006-06-01T12:00:00Z,comment,Ugx09WxpbmALhX__zPJ4AaABAg.9XkWXHzZqvU9XyeVOmaRlI,Ugx09WxpbmALhX__zPJ4AaABAg,TRUE
gzQB2RvHhOs,2021-09-13T23:31:34Z,1840050,39799,0,1791,Bemisia_tabaci,Spain,Insects,alien,plagas,Post-Introduction,Invasion,Invasion,2006,2006-06-01T12:00:00Z,comment,UgyP2x44fbmW3Ub9PIl4AaABAg,,FALSE
gzQB2RvHhOs,2021-08-28T04:39:43Z,1840050,39799,7,1791,Bemisia_tabaci,Spain,Insects,alien,plaga,Post-Introduction,Invasion,Invasion,2006,2006-06-01T12:00:00Z,comment,UgyXn4HDOOJchm0W_xB4AaABAg,,FALSE
gzQB2RvHhOs,2021-05-01T16:00:32Z,1840050,39799,0,1791,Bemisia_tabaci,Spain,Insects,alien,plaga,Post-Introduction,Invasion,Invasion,2006,2006-06-01T12:00:00Z,comment,UgysekYciVnlfBt4HVN4AaABAg,,FALSE
gzQB2RvHhOs,2021-04-18T18:26:39Z,1840050,39799,0,1791,Bemisia_tabaci,Spain,Insects,alien,plagas,Post-Introduction,Invasion,Invasion,2006,2006-06-01T12:00:00Z,comment,UgxxOOMwawr1bCLpabZ4AaABAg,,FALSE
gzQB2RvHhOs,2021-03-27T17:59:35Z,1840050,39799,4,1791,Bemisia_tabaci,Spain,Insects,alien,plaga,Post-Introduction,Invasion,Invasion,2006,2006-06-01T12:00:00Z,comment,Ugwf_-e5nxVysVYcGNl4AaABAg,,FALSE
gzQB2RvHhOs,2021-03-20T17:30:39Z,1840050,39799,8,1791,Bemisia_tabaci,Spain,Insects,alien,plaga,Post-Introduction,Invasion,Invasion,2006,2006-06-01T12:00:00Z,comment,UgwUSGJvntD1q2wZnEF4AaABAg,,FALSE
gzQB2RvHhOs,2021-03-01T18:40:21Z,1840050,39799,0,1791,Bemisia_tabaci,Spain,Insects,alien,plagas,Post-Introduction,Invasion,Invasion,2006,2006-06-01T12:00:00Z,comment,UgzaErt84WxyZu3kScd4AaABAg,,FALSE
gzQB2RvHhOs,2021-02-03T05:36:54Z,1840050,39799,2,1791,Bemisia_tabaci,Spain,Insects,alien,plagas,Post-Introduction,Invasion,Invasion,2006,2006-06-01T12:00:00Z,comment,UgzXiVnWBtedcPURB8p4AaABAg,,FALSE
gzQB2RvHhOs,2021-01-14T22:20:45Z,1840050,39799,0,1791,Bemisia_tabaci,Spain,Insects,alien,comprar,Post-Introduction,eCommerce,eCommerce,2006,2006-06-01T12:00:00Z,comment,UgxKjA3G2MxjfgljfdV4AaABAg,,FALSE
gzQB2RvHhOs,2022-09-08T20:15:04Z,1840050,39799,0,1791,Bemisia_tabaci,Spain,Insects,alien,ataca,Post-Introduction,Threat,Threat,2006,2006-06-01T12:00:00Z,comment,Ugwf_-e5nxVysVYcGNl4AaABAg.9LP71Iv6Lj69fj3qKnSp47,Ugwf_-e5nxVysVYcGNl4AaABAg,TRUE
Xo8gwIt1H5c,2018-06-12T15:15:24Z,119172,793,6,42,Bemisia_tabaci,Spain,Insects,alien,plagas,Post-Introduction,Invasion,Invasion,2006,2006-06-01T12:00:00Z,comment,UgyFAOVg5jyJjj-aTit4AaABAg,,FALSE
Xo8gwIt1H5c,2018-06-12T15:15:24Z,119172,793,6,42,Bemisia_tabaci,Spain,Insects,alien,control,Post-Introduction,Detection,Detection,2006,2006-06-01T12:00:00Z,comment,UgyFAOVg5jyJjj-aTit4AaABAg,,FALSE
Xo8gwIt1H5c,2018-06-12T15:15:24Z,119172,793,6,42,Bemisia_tabaci,Spain,Insects,alien,plaga,Post-Introduction,Invasion,Invasion,2006,2006-06-01T12:00:00Z,comment,UgyFAOVg5jyJjj-aTit4AaABAg,,FALSE
Xo8gwIt1H5c,2018-04-11T21:01:26Z,119172,793,0,42,Bemisia_tabaci,Spain,Insects,alien,comprar,Post-Introduction,eCommerce,eCommerce,2006,2006-06-01T12:00:00Z,comment,UgxY3_Fqu5gK1x_V92J4AaABAg,,FALSE
Xo8gwIt1H5c,2024-01-26T22:16:18Z,119172,793,0,42,Bemisia_tabaci,Spain,Insects,alien,controlar,Post-Introduction,Detection,Detection,2006,2006-06-01T12:00:00Z,comment,UgxKJJBVc19q9eTGRn14AaABAg.9P_fLY22zEbA-2c965g2eB,UgxKJJBVc19q9eTGRn14AaABAg,TRUE
Xo8gwIt1H5c,2021-03-24T06:49:58Z,119172,793,0,42,Bemisia_tabaci,Spain,Insects,alien,registro,Post-Introduction,Detection,Detection,2006,2006-06-01T12:00:00Z,comment,UgyFAOVg5jyJjj-aTit4AaABAg.8hOzD5pMm-j9LGC0ID_ylG,UgyFAOVg5jyJjj-aTit4AaABAg,TRUE
Xo8gwIt1H5c,2024-01-26T22:28:06Z,119172,793,0,42,Bemisia_tabaci,Spain,Insects,alien,plagas,Post-Introduction,Invasion,Invasion,2006,2006-06-01T12:00:00Z,comment,UgwjEx6T-u8b55REB454AaABAg.8hIY_JfO1VjA-2dVVB9mi3,UgwjEx6T-u8b55REB454AaABAg,TRUE
Xo8gwIt1H5c,2024-01-26T22:28:06Z,119172,793,0,42,Bemisia_tabaci,Spain,Insects,alien,control,Post-Introduction,Detection,Detection,2006,2006-06-01T12:00:00Z,comment,UgwjEx6T-u8b55REB454AaABAg.8hIY_JfO1VjA-2dVVB9mi3,UgwjEx6T-u8b55REB454AaABAg,TRUE
Xo8gwIt1H5c,2024-01-26T22:28:06Z,119172,793,0,42,Bemisia_tabaci,Spain,Insects,alien,plagas,Post-Introduction,Invasion,Invasion,2006,2006-06-01T12:00:00Z,comment,UgwjEx6T-u8b55REB454AaABAg.8hIY_JfO1VjA-2dVVB9mi3,UgwjEx6T-u8b55REB454AaABAg,TRUE
Xo8gwIt1H5c,2024-01-26T22:28:06Z,119172,793,0,42,Bemisia_tabaci,Spain,Insects,alien,plagas,Post-Introduction,Invasion,Invasion,2006,2006-06-01T12:00:00Z,comment,UgwjEx6T-u8b55REB454AaABAg.8hIY_JfO1VjA-2dVVB9mi3,UgwjEx6T-u8b55REB454AaABAg,TRUE
Xo8gwIt1H5c,2024-01-26T22:28:06Z,119172,793,0,42,Bemisia_tabaci,Spain,Insects,alien,control,Post-Introduction,Detection,Detection,2006,2006-06-01T12:00:00Z,comment,UgwjEx6T-u8b55REB454AaABAg.8hIY_JfO1VjA-2dVVB9mi3,UgwjEx6T-u8b55REB454AaABAg,TRUE
Xo8gwIt1H5c,2024-01-26T22:28:06Z,119172,793,0,42,Bemisia_tabaci,Spain,Insects,alien,precio,Post-Introduction,eCommerce,eCommerce,2006,2006-06-01T12:00:00Z,comment,UgwjEx6T-u8b55REB454AaABAg.8hIY_JfO1VjA-2dVVB9mi3,UgwjEx6T-u8b55REB454AaABAg,TRUE
Xo8gwIt1H5c,2018-06-12T15:24:22Z,119172,793,1,42,Bemisia_tabaci,Spain,Insects,alien,plagas,Post-Introduction,Invasion,Invasion,2006,2006-06-01T12:00:00Z,comment,UgxY3_Fqu5gK1x_V92J4AaABAg.8euxXGM9Ay88hP-EqX_saA,UgxY3_Fqu5gK1x_V92J4AaABAg,TRUE
z7IwedDStBU,2022-05-08T11:36:08Z,3942,57,2,19,Branta_canadensis,Portugal,Birds,established,peligroso,Post-Introduction,Threat,Threat,2008,2008-06-01T12:00:00Z,comment,UgxwKnz3onrZPmDcTch4AaABAg,,FALSE
z7IwedDStBU,2022-05-08T11:49:36Z,3942,57,0,19,Branta_canadensis,Portugal,Birds,established,peligro,Post-Introduction,Threat,Threat,2008,2008-06-01T12:00:00Z,comment,UgxwKnz3onrZPmDcTch4AaABAg.9alQfzi_lIc9alSDdQ6NZT,UgxwKnz3onrZPmDcTch4AaABAg,TRUE
h_QLPNwhMkI,2019-06-25T12:14:33Z,1290,12,1,2,Caloenas_nicobarica,Spain,Birds,casual,comercio,Post-Introduction,eCommerce,eCommerce,2008,2008-06-01T12:00:00Z,comment,Ugz74Yjy9GOBAPGPk-94AaABAg.8wTWylR20vk8waz-PFVZZX,Ugz74Yjy9GOBAPGPk-94AaABAg,TRUE
h_QLPNwhMkI,2019-06-25T12:14:33Z,1290,12,1,2,Caloenas_nicobarica,Spain,Birds,casual,prohibido,Post-Introduction,eCommerce,eCommerce,2008,2008-06-01T12:00:00Z,comment,Ugz74Yjy9GOBAPGPk-94AaABAg.8wTWylR20vk8waz-PFVZZX,Ugz74Yjy9GOBAPGPk-94AaABAg,TRUE
xTvCdIY3_2c,2018-01-15T05:57:25Z,617,12,0,3,Caprella_scaura,Spain,Crustaceans,alien,pecera,Post-Introduction,eCommerce,eCommerce,2009,2009-06-01T12:00:00Z,comment,UgxBBoDYb_-mEopzBUR4AaABAg.8bQSux0yuz68bQthxSZnjC,UgxBBoDYb_-mEopzBUR4AaABAg,TRUE
kgCcXRbNaL8,2024-03-11T11:04:47Z,13348,322,0,40,Ceratitis_capitata,Spain,Insects,established,registro,Post-Introduction,Detection,Detection,2006,2006-06-01T12:00:00Z,comment,UgxIfbDNc-CXKWkrbDZ4AaABAg,,FALSE
kgCcXRbNaL8,2023-09-03T21:22:06Z,13348,322,1,40,Ceratitis_capitata,Spain,Insects,established,trampas,Post-Introduction,Detection,Detection,2006,2006-06-01T12:00:00Z,comment,UgyiZu-ob_6fXMId-pJ4AaABAg,,FALSE
kgCcXRbNaL8,2024-04-07T17:28:27Z,13348,322,0,40,Ceratitis_capitata,Spain,Insects,established,dispersion,Post-Introduction,Invasion,Invasion,2006,2006-06-01T12:00:00Z,comment,Ugzt4Nlnc90ANEjFuQ94AaABAg.A1wTU7-rqu1A1wVRtJN5Zz,Ugzt4Nlnc90ANEjFuQ94AaABAg,TRUE
kgCcXRbNaL8,2023-09-03T21:25:54Z,13348,322,0,40,Ceratitis_capitata,Spain,Insects,established,trampas,Post-Introduction,Detection,Detection,2006,2006-06-01T12:00:00Z,comment,UgyiZu-ob_6fXMId-pJ4AaABAg.9uD9gHSM4uQ9uDA72421YY,UgyiZu-ob_6fXMId-pJ4AaABAg,TRUE
VczxTnLhJhU,2024-07-10T21:41:51Z,58279,385,1,23,Ceratitis_capitata,Spain,Insects,established,plaga,Post-Introduction,Invasion,Invasion,2006,2006-06-01T12:00:00Z,comment,UgxJR0k7As33LJRrYmF4AaABAg,,FALSE
VczxTnLhJhU,2022-07-09T02:45:22Z,58279,385,0,23,Ceratitis_capitata,Spain,Insects,established,trampas,Post-Introduction,Detection,Detection,2006,2006-06-01T12:00:00Z,comment,Ugzots41F3rKIyXgfhZ4AaABAg,,FALSE
VczxTnLhJhU,2019-10-08T20:12:21Z,58279,385,0,23,Ceratitis_capitata,Spain,Insects,established,trampa,Post-Introduction,Detection,Detection,2006,2006-06-01T12:00:00Z,comment,UgwyfK67iFrkRUKqSUN4AaABAg,,FALSE
VczxTnLhJhU,2019-10-08T20:12:21Z,58279,385,0,23,Ceratitis_capitata,Spain,Insects,established,mercado,Post-Introduction,eCommerce,eCommerce,2006,2006-06-01T12:00:00Z,comment,UgwyfK67iFrkRUKqSUN4AaABAg,,FALSE
VczxTnLhJhU,2015-04-10T22:16:54Z,58279,385,3,23,Ceratitis_capitata,Spain,Insects,established,plaga,Post-Introduction,Invasion,Invasion,2006,2006-06-01T12:00:00Z,comment,UghbnBC47wmkoHgCoAEC,,FALSE
VczxTnLhJhU,2015-04-10T22:16:54Z,58279,385,3,23,Ceratitis_capitata,Spain,Insects,established,mercado,Post-Introduction,eCommerce,eCommerce,2006,2006-06-01T12:00:00Z,comment,UghbnBC47wmkoHgCoAEC,,FALSE
VczxTnLhJhU,2022-05-06T12:06:04Z,58279,385,0,23,Ceratitis_capitata,Spain,Insects,established,visto,Post-Introduction,Detection,Detection,2006,2006-06-01T12:00:00Z,comment,UgyPwWncJ8M-9Qti9nB4AaABAg.9JPPagBWqrA9agKWRfIW4a,UgyPwWncJ8M-9Qti9nB4AaABAg,TRUE
zLvNc_hE1ag,2025-02-17T07:20:37Z,34047,532,1,90,Ceratitis_capitata,Spain,Insects,established,trampa,Post-Introduction,Detection,Detection,2006,2006-06-01T12:00:00Z,comment,UgyWTSMf_w0N3HCkk9x4AaABAg,,FALSE
zLvNc_hE1ag,2024-05-06T20:57:29Z,34047,532,1,90,Ceratitis_capitata,Spain,Insects,established,trampa,Post-Introduction,Detection,Detection,2006,2006-06-01T12:00:00Z,comment,UgzxgIHE7rLR3Pi6zn54AaABAg,,FALSE
zLvNc_hE1ag,2024-04-27T14:59:15Z,34047,532,1,90,Ceratitis_capitata,Spain,Insects,established,trampas,Post-Introduction,Detection,Detection,2006,2006-06-01T12:00:00Z,comment,UgxcomfmdumWtefljXd4AaABAg,,FALSE
zLvNc_hE1ag,2024-04-27T14:55:24Z,34047,532,0,90,Ceratitis_capitata,Spain,Insects,established,trampas,Post-Introduction,Detection,Detection,2006,2006-06-01T12:00:00Z,comment,UgzHARsv-iF_jFNNIId4AaABAg,,FALSE
zLvNc_hE1ag,2024-04-27T14:55:24Z,34047,532,0,90,Ceratitis_capitata,Spain,Insects,established,trampas,Post-Introduction,Detection,Detection,2006,2006-06-01T12:00:00Z,comment,UgzHARsv-iF_jFNNIId4AaABAg,,FALSE
zLvNc_hE1ag,2024-04-23T20:29:07Z,34047,532,1,90,Ceratitis_capitata,Spain,Insects,established,trampa,Post-Introduction,Detection,Detection,2006,2006-06-01T12:00:00Z,comment,UgynmsqyWyC1Gw20dHJ4AaABAg,,FALSE
zLvNc_hE1ag,2024-04-21T16:28:45Z,34047,532,1,90,Ceratitis_capitata,Spain,Insects,established,ataca,Post-Introduction,Threat,Threat,2006,2006-06-01T12:00:00Z,comment,UgxAH58kp_su5B_3oBN4AaABAg,,FALSE
zLvNc_hE1ag,2023-05-11T23:29:23Z,34047,532,1,90,Ceratitis_capitata,Spain,Insects,established,ataca,Post-Introduction,Threat,Threat,2006,2006-06-01T12:00:00Z,comment,UgyXduXRukGGH8_rV9V4AaABAg,,FALSE
zLvNc_hE1ag,2023-03-11T16:53:23Z,34047,532,1,90,Ceratitis_capitata,Spain,Insects,established,compre,Post-Introduction,eCommerce,eCommerce,2006,2006-06-01T12:00:00Z,comment,UgxJI1NcTdvVxKWjOw94AaABAg,,FALSE
zLvNc_hE1ag,2022-05-01T05:23:26Z,34047,532,1,90,Ceratitis_capitata,Spain,Insects,established,trampas,Post-Introduction,Detection,Detection,2006,2006-06-01T12:00:00Z,comment,UgzpVbIftvfi8p5YjLp4AaABAg,,FALSE
zLvNc_hE1ag,2021-11-19T19:37:30Z,34047,532,1,90,Ceratitis_capitata,Spain,Insects,established,visto,Post-Introduction,Detection,Detection,2006,2006-06-01T12:00:00Z,comment,UgyXlb1btaNabn9ADnN4AaABAg,,FALSE
zLvNc_hE1ag,2021-11-19T19:37:30Z,34047,532,1,90,Ceratitis_capitata,Spain,Insects,established,trampa,Post-Introduction,Detection,Detection,2006,2006-06-01T12:00:00Z,comment,UgyXlb1btaNabn9ADnN4AaABAg,,FALSE
zLvNc_hE1ag,2021-11-15T19:47:20Z,34047,532,1,90,Ceratitis_capitata,Spain,Insects,established,trampas,Post-Introduction,Detection,Detection,2006,2006-06-01T12:00:00Z,comment,UgxusWZPCG5alJEvRa14AaABAg,,FALSE
zLvNc_hE1ag,2021-11-13T13:40:06Z,34047,532,1,90,Ceratitis_capitata,Spain,Insects,established,plagas,Post-Introduction,Invasion,Invasion,2006,2006-06-01T12:00:00Z,comment,UgxTbsASq93GX_wJvYt4AaABAg,,FALSE
zLvNc_hE1ag,2021-11-13T13:11:56Z,34047,532,1,90,Ceratitis_capitata,Spain,Insects,established,trampa,Post-Introduction,Detection,Detection,2006,2006-06-01T12:00:00Z,comment,UgzxI0pZu6DOOBmSg-J4AaABAg,,FALSE
zLvNc_hE1ag,2021-11-13T12:49:38Z,34047,532,1,90,Ceratitis_capitata,Spain,Insects,established,trampa,Post-Introduction,Detection,Detection,2006,2006-06-01T12:00:00Z,comment,UgwQL0L5o5XzWL_JbjV4AaABAg,,FALSE
zLvNc_hE1ag,2021-11-13T11:36:02Z,34047,532,3,90,Ceratitis_capitata,Spain,Insects,established,trampa,Post-Introduction,Detection,Detection,2006,2006-06-01T12:00:00Z,comment,UgwN62hwx7t_04dcJpN4AaABAg,,FALSE
zLvNc_hE1ag,2024-04-24T08:50:06Z,34047,532,0,90,Ceratitis_capitata,Spain,Insects,established,plaga,Post-Introduction,Invasion,Invasion,2006,2006-06-01T12:00:00Z,comment,UgynmsqyWyC1Gw20dHJ4AaABAg.A2a0q5-p-P1A2bLdAUD4CL,UgynmsqyWyC1Gw20dHJ4AaABAg,TRUE
zLvNc_hE1ag,2024-04-27T15:00:38Z,34047,532,0,90,Ceratitis_capitata,Spain,Insects,established,trampas,Post-Introduction,Detection,Detection,2006,2006-06-01T12:00:00Z,comment,UgxJI1NcTdvVxKWjOw94AaABAg.9n7V15_d9xnA2jjQgCVx-7,UgxJI1NcTdvVxKWjOw94AaABAg,TRUE
zLvNc_hE1ag,2021-11-20T12:11:22Z,34047,532,0,90,Ceratitis_capitata,Spain,Insects,established,trampa,Post-Introduction,Detection,Detection,2006,2006-06-01T12:00:00Z,comment,UgyXlb1btaNabn9ADnN4AaABAg.9UwYcqv__7E9UyKN81HOE6,UgyXlb1btaNabn9ADnN4AaABAg,TRUE
zLvNc_hE1ag,2021-11-20T12:11:22Z,34047,532,0,90,Ceratitis_capitata,Spain,Insects,established,barata,Post-Introduction,eCommerce,eCommerce,2006,2006-06-01T12:00:00Z,comment,UgyXlb1btaNabn9ADnN4AaABAg.9UwYcqv__7E9UyKN81HOE6,UgyXlb1btaNabn9ADnN4AaABAg,TRUE
zLvNc_hE1ag,2021-11-17T11:14:34Z,34047,532,0,90,Ceratitis_capitata,Spain,Insects,established,trampas,Post-Introduction,Detection,Detection,2006,2006-06-01T12:00:00Z,comment,UgzNnj_-BSe2ow9o9Lt4AaABAg.9Uq8zJi-a-w9UqVUTBFjLm,UgzNnj_-BSe2ow9o9Lt4AaABAg,TRUE
zLvNc_hE1ag,2021-11-16T11:42:44Z,34047,532,0,90,Ceratitis_capitata,Spain,Insects,established,barato,Post-Introduction,eCommerce,eCommerce,2006,2006-06-01T12:00:00Z,comment,UgzayffZkFjANOBGkZJ4AaABAg.9UmpNnpJIT09Unyuw5d3lw,UgzayffZkFjANOBGkZJ4AaABAg,TRUE
zLvNc_hE1ag,2021-11-15T19:55:29Z,34047,532,1,90,Ceratitis_capitata,Spain,Insects,established,dinero,Post-Introduction,eCommerce,eCommerce,2006,2006-06-01T12:00:00Z,comment,UgxusWZPCG5alJEvRa14AaABAg.9UmG_LkXMje9UmHW5qUcXO,UgxusWZPCG5alJEvRa14AaABAg,TRUE
zLvNc_hE1ag,2021-11-15T11:54:36Z,34047,532,0,90,Ceratitis_capitata,Spain,Insects,established,ataca,Post-Introduction,Threat,Threat,2006,2006-06-01T12:00:00Z,comment,UgyL_cy8nynvMij0m094AaABAg.9UjvzvFAtMS9UlQU-xCgci,UgyL_cy8nynvMij0m094AaABAg,TRUE
zLvNc_hE1ag,2021-11-13T17:33:53Z,34047,532,1,90,Ceratitis_capitata,Spain,Insects,established,comprar,Post-Introduction,eCommerce,eCommerce,2006,2006-06-01T12:00:00Z,comment,UgxTbsASq93GX_wJvYt4AaABAg.9UgSxuxRpjK9UgsiFi0zCG,UgxTbsASq93GX_wJvYt4AaABAg,TRUE
zLvNc_hE1ag,2021-11-13T17:37:16Z,34047,532,1,90,Ceratitis_capitata,Spain,Insects,established,trampa,Post-Introduction,Detection,Detection,2006,2006-06-01T12:00:00Z,comment,UgzxI0pZu6DOOBmSg-J4AaABAg.9UgPjZbSsc39Ugt6-Uhh8L,UgzxI0pZu6DOOBmSg-J4AaABAg,TRUE
zLvNc_hE1ag,2021-11-13T17:37:16Z,34047,532,1,90,Ceratitis_capitata,Spain,Insects,established,trampas,Post-Introduction,Detection,Detection,2006,2006-06-01T12:00:00Z,comment,UgzxI0pZu6DOOBmSg-J4AaABAg.9UgPjZbSsc39Ugt6-Uhh8L,UgzxI0pZu6DOOBmSg-J4AaABAg,TRUE
zLvNc_hE1ag,2021-11-13T12:39:35Z,34047,532,1,90,Ceratitis_capitata,Spain,Insects,established,trampa,Post-Introduction,Detection,Detection,2006,2006-06-01T12:00:00Z,comment,UgywGgaBQE1rzNUwi_N4AaABAg.9UgI8XmdfFr9UgM1j0q3mM,UgywGgaBQE1rzNUwi_N4AaABAg,TRUE
zLvNc_hE1ag,2021-11-13T11:42:23Z,34047,532,1,90,Ceratitis_capitata,Spain,Insects,established,dinero,Post-Introduction,eCommerce,eCommerce,2006,2006-06-01T12:00:00Z,comment,UgwN62hwx7t_04dcJpN4AaABAg.9UgElBHxn0J9UgFUlii5LL,UgwN62hwx7t_04dcJpN4AaABAg,TRUE
26Ov7u4xX9E,2022-05-22T19:09:05Z,1315,,1,2,Ceratitis_capitata,Spain,Insects,established,peligrosa,Post-Introduction,Threat,Threat,2006,2006-06-01T12:00:00Z,comment,UgwwSDx2GV5Voli3nTJ4AaABAg,,FALSE
26Ov7u4xX9E,2022-05-22T19:09:05Z,1315,,1,2,Ceratitis_capitata,Spain,Insects,established,plaga,Post-Introduction,Invasion,Invasion,2006,2006-06-01T12:00:00Z,comment,UgwwSDx2GV5Voli3nTJ4AaABAg,,FALSE
26Ov7u4xX9E,2022-05-22T19:09:05Z,1315,,1,2,Ceratitis_capitata,Spain,Insects,established,captura,Post-Introduction,Detection,Detection,2006,2006-06-01T12:00:00Z,comment,UgwwSDx2GV5Voli3nTJ4AaABAg,,FALSE
26Ov7u4xX9E,2022-05-22T19:09:05Z,1315,,1,2,Ceratitis_capitata,Spain,Insects,established,control,Post-Introduction,Detection,Detection,2006,2006-06-01T12:00:00Z,comment,UgwwSDx2GV5Voli3nTJ4AaABAg,,FALSE
26Ov7u4xX9E,2022-05-24T10:22:39Z,1315,,0,2,Ceratitis_capitata,Spain,Insects,established,danina,Post-Introduction,Threat,Threat,2006,2006-06-01T12:00:00Z,comment,UgwwSDx2GV5Voli3nTJ4AaABAg.9bLHddUoNc39bPUzmNZvXx,UgwwSDx2GV5Voli3nTJ4AaABAg,TRUE
7VdgX7gGBoY,2025-08-27T18:28:53Z,102199,3504,0,258,Ceratitis_capitata,Spain,Insects,established,trampa,Post-Introduction,Detection,Detection,2006,2006-06-01T12:00:00Z,comment,UgxQpgEgNTlRtkcd-bB4AaABAg,,FALSE
7VdgX7gGBoY,2025-08-21T10:26:47Z,102199,3504,1,258,Ceratitis_capitata,Spain,Insects,established,controlado,Post-Introduction,Detection,Detection,2006,2006-06-01T12:00:00Z,comment,UgxoSMFyAzMcl8nZVFB4AaABAg,,FALSE
7VdgX7gGBoY,2025-08-17T17:17:39Z,102199,3504,1,258,Ceratitis_capitata,Spain,Insects,established,trampas,Post-Introduction,Detection,Detection,2006,2006-06-01T12:00:00Z,comment,UgwykMExcWllYdeW0tV4AaABAg,,FALSE
7VdgX7gGBoY,2025-07-03T19:26:11Z,102199,3504,4,258,Ceratitis_capitata,Spain,Insects,established,trampas,Post-Introduction,Detection,Detection,2006,2006-06-01T12:00:00Z,comment,Ugw73AOBRseMXzJW-x94AaABAg,,FALSE
7VdgX7gGBoY,2025-06-03T20:38:36Z,102199,3504,2,258,Ceratitis_capitata,Spain,Insects,established,visto,Post-Introduction,Detection,Detection,2006,2006-06-01T12:00:00Z,comment,UgxdnosJJo0u7Il0hsZ4AaABAg,,FALSE
7VdgX7gGBoY,2025-06-03T20:38:36Z,102199,3504,2,258,Ceratitis_capitata,Spain,Insects,established,visto,Post-Introduction,Detection,Detection,2006,2006-06-01T12:00:00Z,comment,UgxdnosJJo0u7Il0hsZ4AaABAg,,FALSE
7VdgX7gGBoY,2025-03-04T23:59:46Z,102199,3504,0,258,Ceratitis_capitata,Spain,Insects,established,trampas,Post-Introduction,Detection,Detection,2006,2006-06-01T12:00:00Z,comment,Ugx-HEBrXkyI1-LvYu14AaABAg,,FALSE
7VdgX7gGBoY,2025-02-09T11:18:08Z,102199,3504,3,258,Ceratitis_capitata,Spain,Insects,established,control,Post-Introduction,Detection,Detection,2006,2006-06-01T12:00:00Z,comment,UgzB5rgswNNHdtPOx_94AaABAg,,FALSE
7VdgX7gGBoY,2025-01-10T19:57:21Z,102199,3504,0,258,Ceratitis_capitata,Spain,Insects,established,vender,Post-Introduction,eCommerce,eCommerce,2006,2006-06-01T12:00:00Z,comment,UgycgqmVQviEujKIqAp4AaABAg,,FALSE
7VdgX7gGBoY,2024-11-29T04:30:58Z,102199,3504,0,258,Ceratitis_capitata,Spain,Insects,established,trampas,Post-Introduction,Detection,Detection,2006,2006-06-01T12:00:00Z,comment,Ugz4iScQdk2N7t5_ZcB4AaABAg.AB9wD1Lw2YMABPn3sLvvsX,Ugz4iScQdk2N7t5_ZcB4AaABAg,TRUE
7VdgX7gGBoY,2024-09-30T21:42:06Z,102199,3504,0,258,Ceratitis_capitata,Spain,Insects,established,trampas,Post-Introduction,Detection,Detection,2006,2006-06-01T12:00:00Z,comment,UgzSeRwLwxwlvnDd-yB4AaABAg,,FALSE
7VdgX7gGBoY,2024-09-02T06:38:34Z,102199,3504,1,258,Ceratitis_capitata,Spain,Insects,established,visto,Post-Introduction,Detection,Detection,2006,2006-06-01T12:00:00Z,comment,UgzYSyqz718txBaTaXx4AaABAg,,FALSE
7VdgX7gGBoY,2024-08-21T08:10:23Z,102199,3504,3,258,Ceratitis_capitata,Spain,Insects,established,vender,Post-Introduction,eCommerce,eCommerce,2006,2006-06-01T12:00:00Z,comment,UgyQS_ilKszDXQvnko54AaABAg,,FALSE
7VdgX7gGBoY,2024-08-03T16:25:03Z,102199,3504,0,258,Ceratitis_capitata,Spain,Insects,established,controlar,Post-Introduction,Detection,Detection,2006,2006-06-01T12:00:00Z,comment,Ugw87HRs28JtWEpLpWB4AaABAg,,FALSE
7VdgX7gGBoY,2024-08-03T09:07:08Z,102199,3504,2,258,Ceratitis_capitata,Spain,Insects,established,barato,Post-Introduction,eCommerce,eCommerce,2006,2006-06-01T12:00:00Z,comment,Ugz6xXtwsnDN-lpLmsJ4AaABAg,,FALSE
7VdgX7gGBoY,2024-07-26T01:55:03Z,102199,3504,1,258,Ceratitis_capitata,Spain,Insects,established,capturas,Post-Introduction,Detection,Detection,2006,2006-06-01T12:00:00Z,comment,UgxGEMLWeWWL6OHQfmF4AaABAg,,FALSE
7VdgX7gGBoY,2024-07-25T17:11:47Z,102199,3504,4,258,Ceratitis_capitata,Spain,Insects,established,ataca,Post-Introduction,Threat,Threat,2006,2006-06-01T12:00:00Z,comment,UgwcmYAYaN2GVu3ZnNN4AaABAg,,FALSE
7VdgX7gGBoY,2024-07-25T17:11:47Z,102199,3504,4,258,Ceratitis_capitata,Spain,Insects,established,trampa,Post-Introduction,Detection,Detection,2006,2006-06-01T12:00:00Z,comment,UgwcmYAYaN2GVu3ZnNN4AaABAg,,FALSE
7VdgX7gGBoY,2024-07-23T22:03:37Z,102199,3504,0,258,Ceratitis_capitata,Spain,Insects,established,trampes,Post-Introduction,Detection,Detection,2006,2006-06-01T12:00:00Z,comment,Ugx6UhGHIZz2JtqtX954AaABAg,,FALSE
7VdgX7gGBoY,2024-07-17T15:34:35Z,102199,3504,35,258,Ceratitis_capitata,Spain,Insects,established,trampa,Post-Introduction,Detection,Detection,2006,2006-06-01T12:00:00Z,comment,UgzxB01geHn2VAS6wJB4AaABAg,,FALSE
7VdgX7gGBoY,2024-09-30T19:39:00Z,102199,3504,0,258,Ceratitis_capitata,Spain,Insects,established,plaga,Post-Introduction,Invasion,Invasion,2006,2006-06-01T12:00:00Z,comment,Ugw16IKYSuZkiqVNCMl4AaABAg.A90qF1eo1rhA90vI0cMwp0,Ugw16IKYSuZkiqVNCMl4AaABAg,TRUE
7VdgX7gGBoY,2024-08-21T08:33:01Z,102199,3504,1,258,Ceratitis_capitata,Spain,Insects,established,venta,Post-Introduction,eCommerce,eCommerce,2006,2006-06-01T12:00:00Z,comment,UgyQS_ilKszDXQvnko54AaABAg.A7OggOxspSBA7OjHCXGVEs,UgyQS_ilKszDXQvnko54AaABAg,TRUE
7VdgX7gGBoY,2024-07-23T14:17:31Z,102199,3504,1,258,Ceratitis_capitata,Spain,Insects,established,barato,Post-Introduction,eCommerce,eCommerce,2006,2006-06-01T12:00:00Z,comment,UgzrK3mGlN2PbNa0f8x4AaABAg.A6Edy7QUik0A6Efe2xmXhK,UgzrK3mGlN2PbNa0f8x4AaABAg,TRUE
7VdgX7gGBoY,2024-07-23T17:21:57Z,102199,3504,5,258,Ceratitis_capitata,Spain,Insects,established,trampas,Post-Introduction,Detection,Detection,2006,2006-06-01T12:00:00Z,comment,UgzrK3mGlN2PbNa0f8x4AaABAg.A6Edy7QUik0A6F-ktBVSR_,UgzrK3mGlN2PbNa0f8x4AaABAg,TRUE
FiF2zKXkT8M,2023-01-23T18:09:08Z,548,4,0,1,Ceratitis_capitata,Spain,Insects,established,trampas,Post-Introduction,Detection,Detection,2006,2006-06-01T12:00:00Z,comment,Ugx2aCLifKLP2TeaBSh4AaABAg,,FALSE
Jzsi_Nubvps,2012-10-07T13:03:31Z,3501,2,0,3,Cherax_quadricarinatus,Spain,Crustaceans,alien,pecera,Pre-Introduction,eCommerce,eCommerce,2013,2013-06-01T12:00:00Z,comment,UgwomUEyvYVesFySWJN4AaABAg,,FALSE
Jzsi_Nubvps,2012-06-30T18:21:57Z,3501,2,0,3,Cherax_quadricarinatus,Spain,Crustaceans,alien,acuario,Pre-Introduction,eCommerce,eCommerce,2013,2013-06-01T12:00:00Z,comment,UgxMAzDJhwKiL3Q5pGp4AaABAg,,FALSE
vEFiV78cZpQ,2018-02-21T05:30:22Z,936,6,0,3,Cherax_quadricarinatus,Spain,Crustaceans,alien,acuario,Post-Introduction,eCommerce,eCommerce,2013,2013-06-01T12:00:00Z,comment,UgwipdWRocMnPVJmHRR4AaABAg,,FALSE
a7GhKQpizVE,2018-01-21T15:01:03Z,91772,423,2,64,Cherax_quadricarinatus,Spain,Crustaceans,alien,comprei,Post-Introduction,eCommerce,eCommerce,2013,2013-06-01T12:00:00Z,comment,UgyNBWh6Vv0BwL6SsYp4AaABAg,,FALSE
a7GhKQpizVE,2017-12-29T12:13:49Z,91772,423,1,64,Cherax_quadricarinatus,Spain,Crustaceans,alien,aquario,Post-Introduction,eCommerce,eCommerce,2013,2013-06-01T12:00:00Z,comment,UgyilpzPq--Klpgo0p14AaABAg,,FALSE
a7GhKQpizVE,2017-06-25T13:46:43Z,91772,423,8,64,Cherax_quadricarinatus,Spain,Crustaceans,alien,aquario,Post-Introduction,eCommerce,eCommerce,2013,2013-06-01T12:00:00Z,comment,UgjYk5nIgPImnHgCoAEC,,FALSE
a7GhKQpizVE,2016-11-13T21:12:04Z,91772,423,0,64,Cherax_quadricarinatus,Spain,Crustaceans,alien,comprar,Post-Introduction,eCommerce,eCommerce,2013,2013-06-01T12:00:00Z,comment,UghIGIuMh8k7kXgCoAEC,,FALSE
a7GhKQpizVE,2015-12-09T22:15:56Z,91772,423,2,64,Cherax_quadricarinatus,Spain,Crustaceans,alien,aquario,Post-Introduction,eCommerce,eCommerce,2013,2013-06-01T12:00:00Z,comment,Ugg67oBpJX5fQHgCoAEC,,FALSE
a7GhKQpizVE,2015-09-20T22:56:41Z,91772,423,1,64,Cherax_quadricarinatus,Spain,Crustaceans,alien,atacando,Post-Introduction,Threat,Threat,2013,2013-06-01T12:00:00Z,comment,UgjCYuK0F0Mxf3gCoAEC,,FALSE
a7GhKQpizVE,2015-09-20T22:56:41Z,91772,423,1,64,Cherax_quadricarinatus,Spain,Crustaceans,alien,apareceram,Post-Introduction,Detection,Detection,2013,2013-06-01T12:00:00Z,comment,UgjCYuK0F0Mxf3gCoAEC,,FALSE
a7GhKQpizVE,2015-04-19T16:55:12Z,91772,423,1,64,Cherax_quadricarinatus,Spain,Crustaceans,alien,cara,Post-Introduction,eCommerce,eCommerce,2013,2013-06-01T12:00:00Z,comment,Ugjc2nQIc9ItiXgCoAEC,,FALSE
a7GhKQpizVE,2015-04-19T16:55:12Z,91772,423,1,64,Cherax_quadricarinatus,Spain,Crustaceans,alien,aquario,Post-Introduction,eCommerce,eCommerce,2013,2013-06-01T12:00:00Z,comment,Ugjc2nQIc9ItiXgCoAEC,,FALSE
a7GhKQpizVE,2014-12-08T12:47:23Z,91772,423,1,64,Cherax_quadricarinatus,Spain,Crustaceans,alien,ataca,Post-Introduction,Threat,Threat,2013,2013-06-01T12:00:00Z,comment,UgjkfxQ3teF7GHgCoAEC,,FALSE
a7GhKQpizVE,2014-12-08T12:47:23Z,91772,423,1,64,Cherax_quadricarinatus,Spain,Crustaceans,alien,comprei,Post-Introduction,eCommerce,eCommerce,2013,2013-06-01T12:00:00Z,comment,UgjkfxQ3teF7GHgCoAEC,,FALSE
a7GhKQpizVE,2014-12-08T12:47:23Z,91772,423,1,64,Cherax_quadricarinatus,Spain,Crustaceans,alien,aquario,Post-Introduction,eCommerce,eCommerce,2013,2013-06-01T12:00:00Z,comment,UgjkfxQ3teF7GHgCoAEC,,FALSE
a7GhKQpizVE,2014-11-09T20:27:08Z,91772,423,1,64,Cherax_quadricarinatus,Spain,Crustaceans,alien,aquario,Post-Introduction,eCommerce,eCommerce,2013,2013-06-01T12:00:00Z,comment,Ugh770h-Gun313gCoAEC,,FALSE
a7GhKQpizVE,2017-03-25T16:51:13Z,91772,423,3,64,Cherax_quadricarinatus,Spain,Crustaceans,alien,aquario,Post-Introduction,eCommerce,eCommerce,2013,2013-06-01T12:00:00Z,comment,UggZ_0LLppn63HgCoAEC.8Od9UWvDucU8QXtEPioyKr,UggZ_0LLppn63HgCoAEC,TRUE
a7GhKQpizVE,2017-03-25T16:51:13Z,91772,423,3,64,Cherax_quadricarinatus,Spain,Crustaceans,alien,aquario,Post-Introduction,eCommerce,eCommerce,2013,2013-06-01T12:00:00Z,comment,UggZ_0LLppn63HgCoAEC.8Od9UWvDucU8QXtEPioyKr,UggZ_0LLppn63HgCoAEC,TRUE
a7GhKQpizVE,2017-03-25T16:51:13Z,91772,423,3,64,Cherax_quadricarinatus,Spain,Crustaceans,alien,aquario,Post-Introduction,eCommerce,eCommerce,2013,2013-06-01T12:00:00Z,comment,UggZ_0LLppn63HgCoAEC.8Od9UWvDucU8QXtEPioyKr,UggZ_0LLppn63HgCoAEC,TRUE
a7GhKQpizVE,2015-09-21T01:17:19Z,91772,423,0,64,Cherax_quadricarinatus,Spain,Crustaceans,alien,aquario,Post-Introduction,eCommerce,eCommerce,2013,2013-06-01T12:00:00Z,comment,UgjCYuK0F0Mxf3gCoAEC.84LBG97Hq8s7-HGeE7Neiz,UgjCYuK0F0Mxf3gCoAEC,TRUE
a7GhKQpizVE,2016-09-22T23:01:00Z,91772,423,2,64,Cherax_quadricarinatus,Spain,Crustaceans,alien,comprar,Post-Introduction,eCommerce,eCommerce,2013,2013-06-01T12:00:00Z,comment,UgjCYuK0F0Mxf3gCoAEC.84LBG97Hq8s8J8lHoGdlxh,UgjCYuK0F0Mxf3gCoAEC,TRUE
a7GhKQpizVE,2015-04-21T23:40:04Z,91772,423,1,64,Cherax_quadricarinatus,Spain,Crustaceans,alien,cara,Post-Introduction,eCommerce,eCommerce,2013,2013-06-01T12:00:00Z,comment,Ugjc2nQIc9ItiXgCoAEC.7z8-TrtpiXB7-MtUCRC3C6,Ugjc2nQIc9ItiXgCoAEC,TRUE
a7GhKQpizVE,2014-11-01T13:30:15Z,91772,423,0,64,Cherax_quadricarinatus,Spain,Crustaceans,alien,cara,Post-Introduction,eCommerce,eCommerce,2013,2013-06-01T12:00:00Z,comment,UggCIZUb8CYMrHgCoAEC.7-H0Z7-M-o27-ILIfRSx-d,UggCIZUb8CYMrHgCoAEC,TRUE
a7GhKQpizVE,2014-11-01T13:30:15Z,91772,423,0,64,Cherax_quadricarinatus,Spain,Crustaceans,alien,mercado,Post-Introduction,eCommerce,eCommerce,2013,2013-06-01T12:00:00Z,comment,UggCIZUb8CYMrHgCoAEC.7-H0Z7-M-o27-ILIfRSx-d,UggCIZUb8CYMrHgCoAEC,TRUE
a7GhKQpizVE,2014-11-01T13:30:15Z,91772,423,0,64,Cherax_quadricarinatus,Spain,Crustaceans,alien,comprei,Post-Introduction,eCommerce,eCommerce,2013,2013-06-01T12:00:00Z,comment,UggCIZUb8CYMrHgCoAEC.7-H0Z7-M-o27-ILIfRSx-d,UggCIZUb8CYMrHgCoAEC,TRUE
a7GhKQpizVE,2014-07-16T14:50:06Z,91772,423,0,64,Cherax_quadricarinatus,Spain,Crustaceans,alien,aquario,Post-Introduction,eCommerce,eCommerce,2013,2013-06-01T12:00:00Z,comment,UggE3jrFwSh87HgCoAEC.7-H0Z7-Mf2-7-zZ7ACzXQ2,UggE3jrFwSh87HgCoAEC,TRUE
nIzote_JcnE,2025-06-13T13:07:34Z,30449,1438,0,92,Cherax_quadricarinatus,Spain,Crustaceans,alien,plaga,Post-Introduction,Invasion,Invasion,2013,2013-06-01T12:00:00Z,comment,UgwjBcTwsk0I7FGGsFl4AaABAg,,FALSE
nIzote_JcnE,2025-05-25T16:22:33Z,30449,1438,0,92,Cherax_quadricarinatus,Spain,Crustaceans,alien,mercado,Post-Introduction,eCommerce,eCommerce,2013,2013-06-01T12:00:00Z,comment,Ugx_LS7_5mIPRekXxlt4AaABAg,,FALSE
nIzote_JcnE,2025-05-25T16:22:33Z,30449,1438,0,92,Cherax_quadricarinatus,Spain,Crustaceans,alien,acuario,Post-Introduction,eCommerce,eCommerce,2013,2013-06-01T12:00:00Z,comment,Ugx_LS7_5mIPRekXxlt4AaABAg,,FALSE
nIzote_JcnE,2023-10-07T22:00:18Z,30449,1438,0,92,Cherax_quadricarinatus,Spain,Crustaceans,alien,compre,Post-Introduction,eCommerce,eCommerce,2013,2013-06-01T12:00:00Z,comment,Ugw6Uw6LM1PmMllkJWx4AaABAg,,FALSE
nIzote_JcnE,2023-10-07T22:00:18Z,30449,1438,0,92,Cherax_quadricarinatus,Spain,Crustaceans,alien,tienda,Post-Introduction,eCommerce,eCommerce,2013,2013-06-01T12:00:00Z,comment,Ugw6Uw6LM1PmMllkJWx4AaABAg,,FALSE
nIzote_JcnE,2023-09-09T21:30:12Z,30449,1438,1,92,Cherax_quadricarinatus,Spain,Crustaceans,alien,acuario,Post-Introduction,eCommerce,eCommerce,2013,2013-06-01T12:00:00Z,comment,UgzNCpJQcgK-YFgpP8N4AaABAg,,FALSE
nIzote_JcnE,2022-11-18T13:43:38Z,30449,1438,0,92,Cherax_quadricarinatus,Spain,Crustaceans,alien,encontre,Post-Introduction,Detection,Detection,2013,2013-06-01T12:00:00Z,comment,UgwSCswZ7cVCkDUEIT14AaABAg,,FALSE
nIzote_JcnE,2022-11-18T13:43:38Z,30449,1438,0,92,Cherax_quadricarinatus,Spain,Crustaceans,alien,cara,Post-Introduction,eCommerce,eCommerce,2013,2013-06-01T12:00:00Z,comment,UgwSCswZ7cVCkDUEIT14AaABAg,,FALSE
nIzote_JcnE,2022-11-17T16:10:56Z,30449,1438,3,92,Cherax_quadricarinatus,Spain,Crustaceans,alien,pecera,Post-Introduction,eCommerce,eCommerce,2013,2013-06-01T12:00:00Z,comment,UgzzyF5sDPZ02vWnr9x4AaABAg,,FALSE
nIzote_JcnE,2022-11-17T04:22:11Z,30449,1438,0,92,Cherax_quadricarinatus,Spain,Crustaceans,alien,acuarios,Post-Introduction,eCommerce,eCommerce,2013,2013-06-01T12:00:00Z,comment,Ugx8Ve3osat0e35cwvt4AaABAg,,FALSE
nIzote_JcnE,2022-10-29T09:33:38Z,30449,1438,0,92,Cherax_quadricarinatus,Spain,Crustaceans,alien,acuario,Post-Introduction,eCommerce,eCommerce,2013,2013-06-01T12:00:00Z,comment,UgwCSK4rbyoPoDFll4J4AaABAg,,FALSE
nIzote_JcnE,2022-10-21T19:44:35Z,30449,1438,2,92,Cherax_quadricarinatus,Spain,Crustaceans,alien,acuarios,Post-Introduction,eCommerce,eCommerce,2013,2013-06-01T12:00:00Z,comment,Ugy4o9G2JF57DaEQHE14AaABAg,,FALSE
nIzote_JcnE,2022-10-21T14:28:37Z,30449,1438,2,92,Cherax_quadricarinatus,Spain,Crustaceans,alien,visto,Post-Introduction,Detection,Detection,2013,2013-06-01T12:00:00Z,comment,Ugw5NKnQsYKntuzesf14AaABAg,,FALSE
nIzote_JcnE,2022-10-21T14:28:37Z,30449,1438,2,92,Cherax_quadricarinatus,Spain,Crustaceans,alien,costo,Post-Introduction,eCommerce,eCommerce,2013,2013-06-01T12:00:00Z,comment,Ugw5NKnQsYKntuzesf14AaABAg,,FALSE
nIzote_JcnE,2022-10-21T14:28:37Z,30449,1438,2,92,Cherax_quadricarinatus,Spain,Crustaceans,alien,cara,Post-Introduction,eCommerce,eCommerce,2013,2013-06-01T12:00:00Z,comment,Ugw5NKnQsYKntuzesf14AaABAg,,FALSE
nIzote_JcnE,2022-10-20T17:09:36Z,30449,1438,8,92,Cherax_quadricarinatus,Spain,Crustaceans,alien,acuarios,Post-Introduction,eCommerce,eCommerce,2013,2013-06-01T12:00:00Z,comment,UgxC_eV7ImrirxfdJO14AaABAg,,FALSE
nIzote_JcnE,2022-10-19T20:19:21Z,30449,1438,0,92,Cherax_quadricarinatus,Spain,Crustaceans,alien,tienda,Post-Introduction,eCommerce,eCommerce,2013,2013-06-01T12:00:00Z,comment,UgwRCMph-Zv3_5aNwMN4AaABAg,,FALSE
nIzote_JcnE,2022-10-19T15:09:45Z,30449,1438,0,92,Cherax_quadricarinatus,Spain,Crustaceans,alien,acuarios,Post-Introduction,eCommerce,eCommerce,2013,2013-06-01T12:00:00Z,comment,UgwBf2b8Dvewsavv_ix4AaABAg,,FALSE
nIzote_JcnE,2022-10-19T15:09:45Z,30449,1438,0,92,Cherax_quadricarinatus,Spain,Crustaceans,alien,acuarios,Post-Introduction,eCommerce,eCommerce,2013,2013-06-01T12:00:00Z,comment,UgwBf2b8Dvewsavv_ix4AaABAg,,FALSE
nIzote_JcnE,2022-10-19T15:01:25Z,30449,1438,0,92,Cherax_quadricarinatus,Spain,Crustaceans,alien,acuario,Post-Introduction,eCommerce,eCommerce,2013,2013-06-01T12:00:00Z,comment,UgwWigPFtidB_AV3ZzN4AaABAg,,FALSE
nIzote_JcnE,2022-10-19T13:23:57Z,30449,1438,0,92,Cherax_quadricarinatus,Spain,Crustaceans,alien,comprar,Post-Introduction,eCommerce,eCommerce,2013,2013-06-01T12:00:00Z,comment,UgwMwLU9GzakmTmhDuR4AaABAg,,FALSE
nIzote_JcnE,2022-10-19T13:23:57Z,30449,1438,0,92,Cherax_quadricarinatus,Spain,Crustaceans,alien,pecera,Post-Introduction,eCommerce,eCommerce,2013,2013-06-01T12:00:00Z,comment,UgwMwLU9GzakmTmhDuR4AaABAg,,FALSE
nIzote_JcnE,2022-10-19T12:51:29Z,30449,1438,2,92,Cherax_quadricarinatus,Spain,Crustaceans,alien,comprado,Post-Introduction,eCommerce,eCommerce,2013,2013-06-01T12:00:00Z,comment,Ugw-GG_ENC5gHnOAQ-p4AaABAg,,FALSE
nIzote_JcnE,2022-10-19T12:51:29Z,30449,1438,2,92,Cherax_quadricarinatus,Spain,Crustaceans,alien,mercado,Post-Introduction,eCommerce,eCommerce,2013,2013-06-01T12:00:00Z,comment,Ugw-GG_ENC5gHnOAQ-p4AaABAg,,FALSE
nIzote_JcnE,2022-11-14T13:05:46Z,30449,1438,0,92,Cherax_quadricarinatus,Spain,Crustaceans,alien,acuarios,Post-Introduction,eCommerce,eCommerce,2013,2013-06-01T12:00:00Z,comment,Ugx84bkWEhM-9ZYEC0N4AaABAg.9iFQiBMXNEH9iPoygdest_,Ugx84bkWEhM-9ZYEC0N4AaABAg,TRUE
nIzote_JcnE,2022-11-14T14:16:23Z,30449,1438,0,92,Cherax_quadricarinatus,Spain,Crustaceans,alien,acuario,Post-Introduction,eCommerce,eCommerce,2013,2013-06-01T12:00:00Z,comment,UgwCSK4rbyoPoDFll4J4AaABAg.9hlEyxE7kl-9iPx2rb6sCW,UgwCSK4rbyoPoDFll4J4AaABAg,TRUE
nIzote_JcnE,2022-10-19T13:24:33Z,30449,1438,0,92,Cherax_quadricarinatus,Spain,Crustaceans,alien,pecera,Post-Introduction,eCommerce,eCommerce,2013,2013-06-01T12:00:00Z,comment,UgwMwLU9GzakmTmhDuR4AaABAg.9hMuO5Kd1K69hMuSSLzKCI,UgwMwLU9GzakmTmhDuR4AaABAg,TRUE
nIzote_JcnE,2022-10-27T22:12:47Z,30449,1438,2,92,Cherax_quadricarinatus,Spain,Crustaceans,alien,tienda,Post-Introduction,eCommerce,eCommerce,2013,2013-06-01T12:00:00Z,comment,UgzguN3hs1hjTvtuig54AaABAg.9hMZzkhIrce9hhSGSZVUDl,UgzguN3hs1hjTvtuig54AaABAg,TRUE
fi3R0hhNRPI,2022-08-08T16:28:04Z,20452,319,1,61,Cherax_quadricarinatus,Spain,Crustaceans,alien,acuario,Post-Introduction,eCommerce,eCommerce,2013,2013-06-01T12:00:00Z,comment,UgyaW5UrqQ-0yXgckWB4AaABAg,,FALSE
fi3R0hhNRPI,2021-04-04T14:26:42Z,20452,319,1,61,Cherax_quadricarinatus,Spain,Crustaceans,alien,comprar,Post-Introduction,eCommerce,eCommerce,2013,2013-06-01T12:00:00Z,comment,UgyHIxDyOro2y_oiwI94AaABAg,,FALSE
fi3R0hhNRPI,2019-12-06T11:33:57Z,20452,319,0,61,Cherax_quadricarinatus,Spain,Crustaceans,alien,visto,Post-Introduction,Detection,Detection,2013,2013-06-01T12:00:00Z,comment,Ugzritqq7RBvuUKf_pB4AaABAg,,FALSE
fi3R0hhNRPI,2019-12-06T11:29:33Z,20452,319,1,61,Cherax_quadricarinatus,Spain,Crustaceans,alien,visto,Post-Introduction,Detection,Detection,2013,2013-06-01T12:00:00Z,comment,UgyR9PXU6E4Xf0R97Np4AaABAg,,FALSE
fi3R0hhNRPI,2022-10-17T19:19:50Z,20452,319,1,61,Cherax_quadricarinatus,Spain,Crustaceans,alien,acuarios,Post-Introduction,eCommerce,eCommerce,2013,2013-06-01T12:00:00Z,comment,Ugx-w2Ya13AZq-h_tdV4AaABAg.9hG0rOwcKrg9hIOWun2DNn,Ugx-w2Ya13AZq-h_tdV4AaABAg,TRUE
fi3R0hhNRPI,2022-08-17T05:59:02Z,20452,319,0,61,Cherax_quadricarinatus,Spain,Crustaceans,alien,acuario,Post-Introduction,eCommerce,eCommerce,2013,2013-06-01T12:00:00Z,comment,UgzhT53rqkAjl0mTAyh4AaABAg.9eny9h7TBJs9eotOKT-esi,UgzhT53rqkAjl0mTAyh4AaABAg,TRUE
fi3R0hhNRPI,2022-08-08T18:33:25Z,20452,319,0,61,Cherax_quadricarinatus,Spain,Crustaceans,alien,acuario,Post-Introduction,eCommerce,eCommerce,2013,2013-06-01T12:00:00Z,comment,UgyaW5UrqQ-0yXgckWB4AaABAg.9eTqD_uWl-B9eU3Zgi4iNH,UgyaW5UrqQ-0yXgckWB4AaABAg,TRUE
fi3R0hhNRPI,2021-11-12T22:11:52Z,20452,319,0,61,Cherax_quadricarinatus,Spain,Crustaceans,alien,mascota,Post-Introduction,eCommerce,eCommerce,2013,2013-06-01T12:00:00Z,comment,UgxR9h1feS3MoHVhQKF4AaABAg.9UeAbd5RsNv9UenjGd8aqc,UgxR9h1feS3MoHVhQKF4AaABAg,TRUE
fi3R0hhNRPI,2021-04-04T21:22:16Z,20452,319,0,61,Cherax_quadricarinatus,Spain,Crustaceans,alien,tienda,Post-Introduction,eCommerce,eCommerce,2013,2013-06-01T12:00:00Z,comment,UgyHIxDyOro2y_oiwI94AaABAg.9LiL12kV8M89Lj4_oTtMSk,UgyHIxDyOro2y_oiwI94AaABAg,TRUE
fi3R0hhNRPI,2020-10-25T14:07:30Z,20452,319,1,61,Cherax_quadricarinatus,Spain,Crustaceans,alien,compre,Post-Introduction,eCommerce,eCommerce,2013,2013-06-01T12:00:00Z,comment,UgxMY39qIj9VmSTZpbN4AaABAg.9F9sy5_JU469FEjqag7y9G,UgxMY39qIj9VmSTZpbN4AaABAg,TRUE
fi3R0hhNRPI,2019-12-06T16:01:04Z,20452,319,2,61,Cherax_quadricarinatus,Spain,Crustaceans,alien,acuario,Post-Introduction,eCommerce,eCommerce,2013,2013-06-01T12:00:00Z,comment,UgyR9PXU6E4Xf0R97Np4AaABAg.92CBDBxsDEU92CfHr1k5jb,UgyR9PXU6E4Xf0R97Np4AaABAg,TRUE
fi3R0hhNRPI,2019-12-06T16:01:04Z,20452,319,2,61,Cherax_quadricarinatus,Spain,Crustaceans,alien,acuario,Post-Introduction,eCommerce,eCommerce,2013,2013-06-01T12:00:00Z,comment,UgyR9PXU6E4Xf0R97Np4AaABAg.92CBDBxsDEU92CfHr1k5jb,UgyR9PXU6E4Xf0R97Np4AaABAg,TRUE
fi3R0hhNRPI,2019-12-06T16:01:04Z,20452,319,2,61,Cherax_quadricarinatus,Spain,Crustaceans,alien,invasora,Post-Introduction,Invasion,Invasion,2013,2013-06-01T12:00:00Z,comment,UgyR9PXU6E4Xf0R97Np4AaABAg.92CBDBxsDEU92CfHr1k5jb,UgyR9PXU6E4Xf0R97Np4AaABAg,TRUE
fi3R0hhNRPI,2019-12-06T16:01:04Z,20452,319,2,61,Cherax_quadricarinatus,Spain,Crustaceans,alien,prohibida,Post-Introduction,eCommerce,eCommerce,2013,2013-06-01T12:00:00Z,comment,UgyR9PXU6E4Xf0R97Np4AaABAg.92CBDBxsDEU92CfHr1k5jb,UgyR9PXU6E4Xf0R97Np4AaABAg,TRUE
fi3R0hhNRPI,2019-12-06T19:51:49Z,20452,319,1,61,Cherax_quadricarinatus,Spain,Crustaceans,alien,comprar,Post-Introduction,eCommerce,eCommerce,2013,2013-06-01T12:00:00Z,comment,UgyR9PXU6E4Xf0R97Np4AaABAg.92CBDBxsDEU92D4guYpkdK,UgyR9PXU6E4Xf0R97Np4AaABAg,TRUE
fi3R0hhNRPI,2019-12-06T19:51:49Z,20452,319,1,61,Cherax_quadricarinatus,Spain,Crustaceans,alien,tienda,Post-Introduction,eCommerce,eCommerce,2013,2013-06-01T12:00:00Z,comment,UgyR9PXU6E4Xf0R97Np4AaABAg.92CBDBxsDEU92D4guYpkdK,UgyR9PXU6E4Xf0R97Np4AaABAg,TRUE
V5HeskiLNRY,2025-03-08T20:03:22Z,5035,129,2,3,Cherax_quadricarinatus,Spain,Crustaceans,alien,mascota,Post-Introduction,eCommerce,eCommerce,2013,2013-06-01T12:00:00Z,comment,Ugy_GXmOjJRD35ORARJ4AaABAg,,FALSE
V5HeskiLNRY,2025-03-08T18:07:04Z,5035,129,2,3,Cherax_quadricarinatus,Spain,Crustaceans,alien,dinero,Post-Introduction,eCommerce,eCommerce,2013,2013-06-01T12:00:00Z,comment,Ugx_JOBpV75Xa8RFcOx4AaABAg,,FALSE
ha_3287Ltdo,2024-12-27T15:00:44Z,2513,72,1,62,Cherax_quadricarinatus,Spain,Crustaceans,alien,pecera,Post-Introduction,eCommerce,eCommerce,2013,2013-06-01T12:00:00Z,comment,Ugwd3Qc8XzCiabFuOWN4AaABAg,,FALSE
ha_3287Ltdo,2020-11-04T20:26:49Z,2513,72,4,62,Cherax_quadricarinatus,Spain,Crustaceans,alien,visto,Post-Introduction,Detection,Detection,2013,2013-06-01T12:00:00Z,comment,UgxJKi8JJ0eqcCQfC2F4AaABAg,,FALSE
ha_3287Ltdo,2024-12-27T18:47:03Z,2513,72,0,62,Cherax_quadricarinatus,Spain,Crustaceans,alien,acuarios,Post-Introduction,eCommerce,eCommerce,2013,2013-06-01T12:00:00Z,comment,Ugwd3Qc8XzCiabFuOWN4AaABAg.ACZ0Oz-9-1GACZQIZD5ixS,Ugwd3Qc8XzCiabFuOWN4AaABAg,TRUE
ha_3287Ltdo,2021-12-10T17:53:33Z,2513,72,1,62,Cherax_quadricarinatus,Spain,Crustaceans,alien,acuarios,Post-Introduction,eCommerce,eCommerce,2013,2013-06-01T12:00:00Z,comment,UgyaX9118vWxf2smC0N4AaABAg.9Vm3UzBZ1S99VmRQr8oC8y,UgyaX9118vWxf2smC0N4AaABAg,TRUE
ha_3287Ltdo,2020-11-04T20:41:14Z,2513,72,0,62,Cherax_quadricarinatus,Spain,Crustaceans,alien,visto,Post-Introduction,Detection,Detection,2013,2013-06-01T12:00:00Z,comment,Ugw6zObkkvrSgPN1Top4AaABAg.9Fe9swLnrcB9FeBr8ajr0s,Ugw6zObkkvrSgPN1Top4AaABAg,TRUE
ha_3287Ltdo,2020-11-04T20:44:29Z,2513,72,1,62,Cherax_quadricarinatus,Spain,Crustaceans,alien,acuarios,Post-Introduction,eCommerce,eCommerce,2013,2013-06-01T12:00:00Z,comment,Ugz9ZXP_jN5NQrvlrgl4AaABAg.9Fe7uYlDIw29FeCDyzatZ7,Ugz9ZXP_jN5NQrvlrgl4AaABAg,TRUE
ha_3287Ltdo,2020-11-04T20:44:29Z,2513,72,1,62,Cherax_quadricarinatus,Spain,Crustaceans,alien,acuarios,Post-Introduction,eCommerce,eCommerce,2013,2013-06-01T12:00:00Z,comment,Ugz9ZXP_jN5NQrvlrgl4AaABAg.9Fe7uYlDIw29FeCDyzatZ7,Ugz9ZXP_jN5NQrvlrgl4AaABAg,TRUE
ha_3287Ltdo,2020-11-04T20:44:29Z,2513,72,1,62,Cherax_quadricarinatus,Spain,Crustaceans,alien,acuario,Post-Introduction,eCommerce,eCommerce,2013,2013-06-01T12:00:00Z,comment,Ugz9ZXP_jN5NQrvlrgl4AaABAg.9Fe7uYlDIw29FeCDyzatZ7,Ugz9ZXP_jN5NQrvlrgl4AaABAg,TRUE
ha_3287Ltdo,2020-11-10T12:10:04Z,2513,72,2,62,Cherax_quadricarinatus,Spain,Crustaceans,alien,vista,Post-Introduction,Detection,Detection,2013,2013-06-01T12:00:00Z,comment,Ugz9ZXP_jN5NQrvlrgl4AaABAg.9Fe7uYlDIw29Fsj7WXH3ZG,Ugz9ZXP_jN5NQrvlrgl4AaABAg,TRUE
kt67JMxUzUU,2024-02-10T22:50:14Z,17991,818,2,49,Cherax_quadricarinatus,Spain,Crustaceans,alien,acuario,Post-Introduction,eCommerce,eCommerce,2013,2013-06-01T12:00:00Z,comment,UgzRuME0SQV2BrC2cz54AaABAg,,FALSE
kt67JMxUzUU,2023-08-03T01:35:30Z,17991,818,1,49,Cherax_quadricarinatus,Spain,Crustaceans,alien,pecera,Post-Introduction,eCommerce,eCommerce,2013,2013-06-01T12:00:00Z,comment,Ugx9FeJSRdSUNQmChTR4AaABAg,,FALSE
kt67JMxUzUU,2023-04-19T07:03:53Z,17991,818,0,49,Cherax_quadricarinatus,Spain,Crustaceans,alien,tienda,Post-Introduction,eCommerce,eCommerce,2013,2013-06-01T12:00:00Z,comment,UgwZHr7Px18LrMMwMBB4AaABAg.9oflB69BwUF9ofrZjllQhs,UgwZHr7Px18LrMMwMBB4AaABAg,TRUE
kt67JMxUzUU,2023-04-20T02:29:32Z,17991,818,1,49,Cherax_quadricarinatus,Spain,Crustaceans,alien,encontre,Post-Introduction,Detection,Detection,2013,2013-06-01T12:00:00Z,comment,UgwZHr7Px18LrMMwMBB4AaABAg.9oflB69BwUF9ohwy4zY_Zv,UgwZHr7Px18LrMMwMBB4AaABAg,TRUE
kt67JMxUzUU,2023-04-20T02:30:36Z,17991,818,1,49,Cherax_quadricarinatus,Spain,Crustaceans,alien,encontre,Post-Introduction,Detection,Detection,2013,2013-06-01T12:00:00Z,comment,UgwZHr7Px18LrMMwMBB4AaABAg.9oflB69BwUF9ohx4z0azsa,UgwZHr7Px18LrMMwMBB4AaABAg,TRUE
kt67JMxUzUU,2022-07-28T05:14:27Z,17991,818,1,49,Cherax_quadricarinatus,Spain,Crustaceans,alien,mascota,Post-Introduction,eCommerce,eCommerce,2013,2013-06-01T12:00:00Z,comment,Ugy0WfXpM3UHt23gTQB4AaABAg.9e-i8FCTZFm9e0JOEEys08,Ugy0WfXpM3UHt23gTQB4AaABAg,TRUE
zs-D1BSIt2g,2010-07-25T03:51:06Z,13355,5,0,3,Cherax_quadricarinatus,Spain,Crustaceans,alien,pecera,Pre-Introduction,eCommerce,eCommerce,2013,2013-06-01T12:00:00Z,comment,UgyaK0p7x0WAixDjLBl4AaABAg,,FALSE
zs-D1BSIt2g,2010-07-25T03:51:06Z,13355,5,0,3,Cherax_quadricarinatus,Spain,Crustaceans,alien,pecera,Pre-Introduction,eCommerce,eCommerce,2013,2013-06-01T12:00:00Z,comment,UgyaK0p7x0WAixDjLBl4AaABAg,,FALSE
zs-D1BSIt2g,2009-06-26T18:28:48Z,13355,5,0,3,Cherax_quadricarinatus,Spain,Crustaceans,alien,acuario,Pre-Introduction,eCommerce,eCommerce,2013,2013-06-01T12:00:00Z,comment,UgyySZMQ_lOl4Z6dBhB4AaABAg,,FALSE
UJmHjErwpog,2015-12-22T12:30:55Z,4080,66,0,51,Cherax_quadricarinatus,Spain,Crustaceans,alien,acuario,Post-Introduction,eCommerce,eCommerce,2013,2013-06-01T12:00:00Z,comment,UghenfmrwfA_iXgCoAEC,,FALSE
UJmHjErwpog,2015-12-22T12:30:55Z,4080,66,0,51,Cherax_quadricarinatus,Spain,Crustaceans,alien,acuario,Post-Introduction,eCommerce,eCommerce,2013,2013-06-01T12:00:00Z,comment,UghenfmrwfA_iXgCoAEC,,FALSE
UJmHjErwpog,2015-12-22T12:30:55Z,4080,66,0,51,Cherax_quadricarinatus,Spain,Crustaceans,alien,sobrepoblacion,Post-Introduction,Threat,Threat,2013,2013-06-01T12:00:00Z,comment,UghenfmrwfA_iXgCoAEC,,FALSE
UJmHjErwpog,2015-12-22T21:50:56Z,4080,66,0,51,Cherax_quadricarinatus,Spain,Crustaceans,alien,acuarios,Post-Introduction,eCommerce,eCommerce,2013,2013-06-01T12:00:00Z,comment,Ugjov-LtHFKwXXgCoAEC.884BplVIEPN884Xeyme2qg,Ugjov-LtHFKwXXgCoAEC,TRUE
UJmHjErwpog,2015-12-22T15:37:16Z,4080,66,0,51,Cherax_quadricarinatus,Spain,Crustaceans,alien,acuarios,Post-Introduction,eCommerce,eCommerce,2013,2013-06-01T12:00:00Z,comment,UgjApKXi7arADHgCoAEC.883ouZpqKXm883ruBRuK0n,UgjApKXi7arADHgCoAEC,TRUE
UJmHjErwpog,2015-12-22T14:25:08Z,4080,66,0,51,Cherax_quadricarinatus,Spain,Crustaceans,alien,acuario,Post-Introduction,eCommerce,eCommerce,2013,2013-06-01T12:00:00Z,comment,UggsFnNK7uGTpHgCoAEC.883jYr4nI2G883jdq0WC9f,UggsFnNK7uGTpHgCoAEC,TRUE
UJmHjErwpog,2015-12-22T15:39:13Z,4080,66,0,51,Cherax_quadricarinatus,Spain,Crustaceans,alien,acuario,Post-Introduction,eCommerce,eCommerce,2013,2013-06-01T12:00:00Z,comment,UggsFnNK7uGTpHgCoAEC.883jYr4nI2G883s7Xxo2IU,UggsFnNK7uGTpHgCoAEC,TRUE
UJmHjErwpog,2015-12-22T14:26:23Z,4080,66,0,51,Cherax_quadricarinatus,Spain,Crustaceans,alien,acuario,Post-Introduction,eCommerce,eCommerce,2013,2013-06-01T12:00:00Z,comment,Ugj04TRK4Vaw3XgCoAEC.883jXrqxNHR883jn411Xnx,Ugj04TRK4Vaw3XgCoAEC,TRUE
UJmHjErwpog,2015-12-22T14:26:00Z,4080,66,0,51,Cherax_quadricarinatus,Spain,Crustaceans,alien,acuarios,Post-Introduction,eCommerce,eCommerce,2013,2013-06-01T12:00:00Z,comment,UgiAuBBY-uhyK3gCoAEC.883jS9dfccz883jkAu0vEU,UgiAuBBY-uhyK3gCoAEC,TRUE
UJmHjErwpog,2015-12-22T12:35:08Z,4080,66,0,51,Cherax_quadricarinatus,Spain,Crustaceans,alien,acuario,Post-Introduction,eCommerce,eCommerce,2013,2013-06-01T12:00:00Z,comment,UghenfmrwfA_iXgCoAEC.883X_KMb04_883Y3FrOH_H,UghenfmrwfA_iXgCoAEC,TRUE
HYyXRARxKm8,2025-01-08T12:17:21Z,11346,72,1,10,Cydalima_perspectalis,Spain,Insects,established,riesgo,Post-Introduction,Threat,Threat,2014,2014-06-01T12:00:00Z,comment,UgzvGbgm7luoiKQD2ax4AaABAg,,FALSE
HYyXRARxKm8,2025-01-08T12:17:21Z,11346,72,1,10,Cydalima_perspectalis,Spain,Insects,established,observado,Post-Introduction,Detection,Detection,2014,2014-06-01T12:00:00Z,comment,UgzvGbgm7luoiKQD2ax4AaABAg,,FALSE
HYyXRARxKm8,2025-01-08T12:17:21Z,11346,72,1,10,Cydalima_perspectalis,Spain,Insects,established,visto,Post-Introduction,Detection,Detection,2014,2014-06-01T12:00:00Z,comment,UgzvGbgm7luoiKQD2ax4AaABAg,,FALSE
HYyXRARxKm8,2017-05-20T22:49:37Z,11346,72,1,10,Cydalima_perspectalis,Spain,Insects,established,plaga,Post-Introduction,Invasion,Invasion,2014,2014-06-01T12:00:00Z,comment,UgidRyFl-3c4uXgCoAEC,,FALSE
HYyXRARxKm8,2015-04-29T21:22:08Z,11346,72,0,10,Cydalima_perspectalis,Spain,Insects,established,plaga,Post-Introduction,Invasion,Invasion,2014,2014-06-01T12:00:00Z,comment,Ugg-u5jWm9_sbHgCoAEC,,FALSE
HYyXRARxKm8,2015-04-29T21:22:08Z,11346,72,0,10,Cydalima_perspectalis,Spain,Insects,established,observado,Post-Introduction,Detection,Detection,2014,2014-06-01T12:00:00Z,comment,Ugg-u5jWm9_sbHgCoAEC,,FALSE
HYyXRARxKm8,2015-04-29T21:22:08Z,11346,72,0,10,Cydalima_perspectalis,Spain,Insects,established,alerta,Post-Introduction,Detection,Detection,2014,2014-06-01T12:00:00Z,comment,Ugg-u5jWm9_sbHgCoAEC,,FALSE
HYyXRARxKm8,2015-04-30T17:34:15Z,11346,72,0,10,Cydalima_perspectalis,Spain,Insects,established,plaga,Post-Introduction,Invasion,Invasion,2014,2014-06-01T12:00:00Z,comment,Ugg-u5jWm9_sbHgCoAEC.7zYDyfI6-Ba7-JBGt_RYZi,Ugg-u5jWm9_sbHgCoAEC,TRUE
9CYtWd--2nw,2024-06-05T17:00:31Z,430,3,0,1,Diadema_antillarum,Canary Islands,Non-arthropod invertebrates,alien,controlar,Post-Introduction,Detection,Detection,2006,2006-06-01T12:00:00Z,comment,Ugxz5oeV1pG9Ll2XTaF4AaABAg,,FALSE
9CYtWd--2nw,2024-06-05T17:00:31Z,430,3,0,1,Diadema_antillarum,Canary Islands,Non-arthropod invertebrates,alien,propagacion,Post-Introduction,Invasion,Invasion,2006,2006-06-01T12:00:00Z,comment,Ugxz5oeV1pG9Ll2XTaF4AaABAg,,FALSE
FvxSNrrSX2g,2010-08-02T04:41:10Z,996,1,0,1,Diadema_antillarum,Canary Islands,Non-arthropod invertebrates,alien,invasion,Post-Introduction,Invasion,Invasion,2006,2006-06-01T12:00:00Z,comment,Ugz83fkP-jv8oDEhE6J4AaABAg,,FALSE
7R4IxTBQe_k,2019-05-28T06:20:01Z,506,14,1,9,Geranoaetus_melanoleucus,Spain,Birds,alien,cetreria,Post-Introduction,eCommerce,eCommerce,2009,2009-06-01T12:00:00Z,comment,Ugw955W6ih0NQE_gwCx4AaABAg.8vMbarBiUWZ8vTFAAQM5dF,Ugw955W6ih0NQE_gwCx4AaABAg,TRUE
qk3WMm7grpQ,2020-03-31T17:10:09Z,13307,46,2,10,Glycaspis_brimblecombei,Spain,Insects,established,plaga,Post-Introduction,Invasion,Invasion,2007,2007-06-01T12:00:00Z,comment,UgyAGTgHdFBgw-QdEDt4AaABAg,,FALSE
qk3WMm7grpQ,2017-03-12T12:17:55Z,13307,46,0,10,Glycaspis_brimblecombei,Spain,Insects,established,plaga,Post-Introduction,Invasion,Invasion,2007,2007-06-01T12:00:00Z,comment,UgjSDGLrhqbk83gCoAEC,,FALSE
qk3WMm7grpQ,2012-04-18T16:44:17Z,13307,46,0,10,Glycaspis_brimblecombei,Spain,Insects,established,plaga,Post-Introduction,Invasion,Invasion,2007,2007-06-01T12:00:00Z,comment,UgwHI4CO6I_tjpaKn6J4AaABAg,,FALSE
qk3WMm7grpQ,2012-04-17T20:16:24Z,13307,46,0,10,Glycaspis_brimblecombei,Spain,Insects,established,plaga,Post-Introduction,Invasion,Invasion,2007,2007-06-01T12:00:00Z,comment,Ugz0kyXTZ73RPYcbskx4AaABAg,,FALSE
qk3WMm7grpQ,2012-04-17T20:16:24Z,13307,46,0,10,Glycaspis_brimblecombei,Spain,Insects,established,controlar,Post-Introduction,Detection,Detection,2007,2007-06-01T12:00:00Z,comment,Ugz0kyXTZ73RPYcbskx4AaABAg,,FALSE
qk3WMm7grpQ,2012-04-17T20:16:24Z,13307,46,0,10,Glycaspis_brimblecombei,Spain,Insects,established,plaga,Post-Introduction,Invasion,Invasion,2007,2007-06-01T12:00:00Z,comment,Ugz0kyXTZ73RPYcbskx4AaABAg,,FALSE
qk3WMm7grpQ,2018-05-09T19:58:08Z,13307,46,2,10,Glycaspis_brimblecombei,Spain,Insects,established,manejo,Post-Introduction,Detection,Detection,2007,2007-06-01T12:00:00Z,comment,UgjSDGLrhqbk83gCoAEC.8Q-vcKfjY5E8g1wYA8YyRS,UgjSDGLrhqbk83gCoAEC,TRUE
qk3WMm7grpQ,2020-04-16T18:34:55Z,13307,46,0,10,Glycaspis_brimblecombei,Spain,Insects,established,plaga,Post-Introduction,Invasion,Invasion,2007,2007-06-01T12:00:00Z,comment,UgjSDGLrhqbk83gCoAEC.8Q-vcKfjY5E97WppDoAUXa,UgjSDGLrhqbk83gCoAEC,TRUE
NnRbU1O3kD4,2024-10-23T19:33:38Z,1414,42,0,9,Glycaspis_brimblecombei,Spain,Insects,established,vist,Post-Introduction,Detection,Detection,2007,2007-06-01T12:00:00Z,comment,Ugz_upyzD6cXyE_IrXZ4AaABAg,,FALSE
NnRbU1O3kD4,2024-11-23T08:30:03Z,1414,42,0,9,Glycaspis_brimblecombei,Spain,Insects,established,plagas,Post-Introduction,Invasion,Invasion,2007,2007-06-01T12:00:00Z,comment,UgwRoRFTXvx8UuiMwG14AaABAg.AB9ku2UyyNsABAlekFot0J,UgwRoRFTXvx8UuiMwG14AaABAg,TRUE
UL5nryggmdg,2024-09-09T19:12:40Z,849,3,0,3,Glycaspis_brimblecombei,Spain,Insects,established,plaga,Post-Introduction,Invasion,Invasion,2007,2007-06-01T12:00:00Z,comment,Ugzp8QiWv76bqmsjkFV4AaABAg,,FALSE
DKIDY4ARI_w,2021-08-22T18:57:33Z,4284,111,0,10,Graptemys_pseudogeographica,Portugal,Herptiles,established,terrario,Post-Introduction,eCommerce,eCommerce,2013,2013-06-01T12:00:00Z,comment,Ugw0K6H8s42vwXNjQZx4AaABAg,,FALSE
DKIDY4ARI_w,2021-05-29T20:14:09Z,4284,111,0,10,Graptemys_pseudogeographica,Portugal,Herptiles,established,terrario,Post-Introduction,eCommerce,eCommerce,2013,2013-06-01T12:00:00Z,comment,Ugyz3NRSYrktkSkhuJF4AaABAg,,FALSE
DKIDY4ARI_w,2021-05-29T20:14:09Z,4284,111,0,10,Graptemys_pseudogeographica,Portugal,Herptiles,established,terrario,Post-Introduction,eCommerce,eCommerce,2013,2013-06-01T12:00:00Z,comment,Ugyz3NRSYrktkSkhuJF4AaABAg,,FALSE
DKIDY4ARI_w,2021-05-21T16:31:12Z,4284,111,1,10,Graptemys_pseudogeographica,Portugal,Herptiles,established,precio,Post-Introduction,eCommerce,eCommerce,2013,2013-06-01T12:00:00Z,comment,Ugy7e4bdnoVm2wL5zk14AaABAg,,FALSE
DKIDY4ARI_w,2021-09-04T21:02:19Z,4284,111,0,10,Graptemys_pseudogeographica,Portugal,Herptiles,established,compre,Post-Introduction,eCommerce,eCommerce,2013,2013-06-01T12:00:00Z,comment,Ugy7e4bdnoVm2wL5zk14AaABAg.9Nb_d0SpZZE9Rt-v_-wLg3,Ugy7e4bdnoVm2wL5zk14AaABAg,TRUE
DKIDY4ARI_w,2021-09-04T21:02:19Z,4284,111,0,10,Graptemys_pseudogeographica,Portugal,Herptiles,established,tienda,Post-Introduction,eCommerce,eCommerce,2013,2013-06-01T12:00:00Z,comment,Ugy7e4bdnoVm2wL5zk14AaABAg.9Nb_d0SpZZE9Rt-v_-wLg3,Ugy7e4bdnoVm2wL5zk14AaABAg,TRUE
feR7BtVuhOg,2018-06-27T00:54:00Z,11204,107,0,26,Graptemys_pseudogeographica,Portugal,Herptiles,established,costo,Post-Introduction,eCommerce,eCommerce,2013,2013-06-01T12:00:00Z,comment,UgxynEZYdkm0Xrw7RIh4AaABAg,,FALSE
feR7BtVuhOg,2018-04-01T02:04:28Z,11204,107,0,26,Graptemys_pseudogeographica,Portugal,Herptiles,established,comprar,Post-Introduction,eCommerce,eCommerce,2013,2013-06-01T12:00:00Z,comment,Ugw9Hi9er5d2Z3eBBmx4AaABAg,,FALSE
feR7BtVuhOg,2018-02-04T01:21:56Z,11204,107,0,26,Graptemys_pseudogeographica,Portugal,Herptiles,established,comprar,Post-Introduction,eCommerce,eCommerce,2013,2013-06-01T12:00:00Z,comment,Ugx4cVQyf9w3wmefm6h4AaABAg,,FALSE
feR7BtVuhOg,2017-03-17T14:43:46Z,11204,107,0,26,Graptemys_pseudogeographica,Portugal,Herptiles,established,comprado,Post-Introduction,eCommerce,eCommerce,2013,2013-06-01T12:00:00Z,comment,Ugha1VvxYXLp2ngCoAEC,,FALSE
feR7BtVuhOg,2018-06-27T07:49:26Z,11204,107,0,26,Graptemys_pseudogeographica,Portugal,Herptiles,established,euros,Post-Introduction,eCommerce,eCommerce,2013,2013-06-01T12:00:00Z,comment,UgxynEZYdkm0Xrw7RIh4AaABAg.8hz3Z7mYgGv8hzo5zdzmzt,UgxynEZYdkm0Xrw7RIh4AaABAg,TRUE
feR7BtVuhOg,2018-04-02T04:05:08Z,11204,107,0,26,Graptemys_pseudogeographica,Portugal,Herptiles,established,pecera,Post-Introduction,eCommerce,eCommerce,2013,2013-06-01T12:00:00Z,comment,Ugw9Hi9er5d2Z3eBBmx4AaABAg.8eUAT9mH2cl8eWy3poHLgn,Ugw9Hi9er5d2Z3eBBmx4AaABAg,TRUE
feR7BtVuhOg,2018-04-09T03:01:43Z,11204,107,0,26,Graptemys_pseudogeographica,Portugal,Herptiles,established,pecera,Post-Introduction,eCommerce,eCommerce,2013,2013-06-01T12:00:00Z,comment,Ugw9Hi9er5d2Z3eBBmx4AaABAg.8eUAT9mH2cl8ensNVKtYmU,Ugw9Hi9er5d2Z3eBBmx4AaABAg,TRUE
feR7BtVuhOg,2018-04-08T05:06:58Z,11204,107,0,26,Graptemys_pseudogeographica,Portugal,Herptiles,established,compre,Post-Introduction,eCommerce,eCommerce,2013,2013-06-01T12:00:00Z,comment,Ugha1VvxYXLp2ngCoAEC.8QD3HyRn-YU8elWuzmZPtH,Ugha1VvxYXLp2ngCoAEC,TRUE
feR7BtVuhOg,2016-02-22T07:26:56Z,11204,107,0,26,Graptemys_pseudogeographica,Portugal,Herptiles,established,visto,Post-Introduction,Detection,Detection,2013,2013-06-01T12:00:00Z,comment,Ugiczvrnz76h8HgCoAEC.8AYAiOPfg2C8AYd45CBXw4,Ugiczvrnz76h8HgCoAEC,TRUE
feR7BtVuhOg,2016-02-22T07:26:56Z,11204,107,0,26,Graptemys_pseudogeographica,Portugal,Herptiles,established,visto,Post-Introduction,Detection,Detection,2013,2013-06-01T12:00:00Z,comment,Ugiczvrnz76h8HgCoAEC.8AYAiOPfg2C8AYd45CBXw4,Ugiczvrnz76h8HgCoAEC,TRUE
lmZUu0y5atc,2019-07-10T20:47:20Z,3228,112,2,49,Graptemys_pseudogeographica,Portugal,Herptiles,established,acuario,Post-Introduction,eCommerce,eCommerce,2013,2013-06-01T12:00:00Z,comment,UgzuP82fXT-BW5HzqF54AaABAg,,FALSE
lmZUu0y5atc,2019-07-10T16:26:17Z,3228,112,0,49,Graptemys_pseudogeographica,Portugal,Herptiles,established,encontre,Post-Introduction,Detection,Detection,2013,2013-06-01T12:00:00Z,comment,Ugzi6HZ_5cJqLnqGr0F4AaABAg,,FALSE
WOIDQyQj2Jg,2022-06-27T23:14:15Z,11024,280,0,86,Graptemys_pseudogeographica,Portugal,Herptiles,established,aquario,Post-Introduction,eCommerce,eCommerce,2013,2013-06-01T12:00:00Z,comment,UgzA1d_dWTd0N4D7nHB4AaABAg,,FALSE
WOIDQyQj2Jg,2022-06-18T09:49:38Z,11024,280,0,86,Graptemys_pseudogeographica,Portugal,Herptiles,established,acuario,Post-Introduction,eCommerce,eCommerce,2013,2013-06-01T12:00:00Z,comment,UgyHA4HX7zKzCNxuXhB4AaABAg,,FALSE
WOIDQyQj2Jg,2020-08-13T21:14:23Z,11024,280,1,86,Graptemys_pseudogeographica,Portugal,Herptiles,established,acuario,Post-Introduction,eCommerce,eCommerce,2013,2013-06-01T12:00:00Z,comment,UgyqFSxY9MoDn-0W6M14AaABAg,,FALSE
WOIDQyQj2Jg,2020-08-13T21:14:23Z,11024,280,1,86,Graptemys_pseudogeographica,Portugal,Herptiles,established,pecera,Post-Introduction,eCommerce,eCommerce,2013,2013-06-01T12:00:00Z,comment,UgyqFSxY9MoDn-0W6M14AaABAg,,FALSE
WOIDQyQj2Jg,2020-07-27T14:25:48Z,11024,280,1,86,Graptemys_pseudogeographica,Portugal,Herptiles,established,acuario,Post-Introduction,eCommerce,eCommerce,2013,2013-06-01T12:00:00Z,comment,UgyFgpe-_LdIrNVMOYd4AaABAg,,FALSE
WOIDQyQj2Jg,2020-04-30T05:07:50Z,11024,280,0,86,Graptemys_pseudogeographica,Portugal,Herptiles,established,acuario,Post-Introduction,eCommerce,eCommerce,2013,2013-06-01T12:00:00Z,comment,Ugz8bKmlJdjpYkRf3Q54AaABAg,,FALSE
WOIDQyQj2Jg,2018-03-23T20:47:12Z,11024,280,3,86,Graptemys_pseudogeographica,Portugal,Herptiles,established,acuario,Post-Introduction,eCommerce,eCommerce,2013,2013-06-01T12:00:00Z,comment,UgyNnpcLUInA3thrY-p4AaABAg,,FALSE
WOIDQyQj2Jg,2022-04-09T18:43:36Z,11024,280,1,86,Graptemys_pseudogeographica,Portugal,Herptiles,established,acuario,Post-Introduction,eCommerce,eCommerce,2013,2013-06-01T12:00:00Z,comment,UgyrJIIRR47Yj_qVT654AaABAg.9_aeiYxJmly9_bWYUXSube,UgyrJIIRR47Yj_qVT654AaABAg,TRUE
WOIDQyQj2Jg,2022-04-09T22:22:07Z,11024,280,0,86,Graptemys_pseudogeographica,Portugal,Herptiles,established,visto,Post-Introduction,Detection,Detection,2013,2013-06-01T12:00:00Z,comment,UgyrJIIRR47Yj_qVT654AaABAg.9_aeiYxJmly9_buYssVllG,UgyrJIIRR47Yj_qVT654AaABAg,TRUE
WOIDQyQj2Jg,2020-12-07T08:41:34Z,11024,280,3,86,Graptemys_pseudogeographica,Portugal,Herptiles,established,peligroso,Post-Introduction,Threat,Threat,2013,2013-06-01T12:00:00Z,comment,Ugz6kUnotTMYRMli4vh4AaABAg.9GwTVsVHfLw9Gxsj41O9gJ,Ugz6kUnotTMYRMli4vh4AaABAg,TRUE
WOIDQyQj2Jg,2020-08-14T16:09:46Z,11024,280,2,86,Graptemys_pseudogeographica,Portugal,Herptiles,established,acuario,Post-Introduction,eCommerce,eCommerce,2013,2013-06-01T12:00:00Z,comment,UgyqFSxY9MoDn-0W6M14AaABAg.9CJXfJXlKFh9CLZb4JDzbF,UgyqFSxY9MoDn-0W6M14AaABAg,TRUE
WOIDQyQj2Jg,2018-08-01T16:34:44Z,11024,280,1,86,Graptemys_pseudogeographica,Portugal,Herptiles,established,euros,Post-Introduction,eCommerce,eCommerce,2013,2013-06-01T12:00:00Z,comment,Ugz1hNQauY4kCP1yT854AaABAg.8jOyosrsTIP8jPs21Bo6GN,Ugz1hNQauY4kCP1yT854AaABAg,TRUE
vIi1JzIoyK8,2019-09-29T05:50:47Z,9307,179,2,11,Graptemys_pseudogeographica,Portugal,Herptiles,established,costo,Post-Introduction,eCommerce,eCommerce,2013,2013-06-01T12:00:00Z,comment,Ugzo7MXuu8OKe1uGxPB4AaABAg,,FALSE
sqye4P0Rygs,2023-07-12T21:18:28Z,12471,117,1,60,Graptemys_pseudogeographica,Portugal,Herptiles,established,comprei,Post-Introduction,eCommerce,eCommerce,2013,2013-06-01T12:00:00Z,comment,UgzShySuT0FC_gmvFb14AaABAg,,FALSE
sqye4P0Rygs,2023-07-12T21:18:28Z,12471,117,1,60,Graptemys_pseudogeographica,Portugal,Herptiles,established,vender,Post-Introduction,eCommerce,eCommerce,2013,2013-06-01T12:00:00Z,comment,UgzShySuT0FC_gmvFb14AaABAg,,FALSE
sqye4P0Rygs,2023-07-12T21:18:28Z,12471,117,1,60,Graptemys_pseudogeographica,Portugal,Herptiles,established,aquario,Post-Introduction,eCommerce,eCommerce,2013,2013-06-01T12:00:00Z,comment,UgzShySuT0FC_gmvFb14AaABAg,,FALSE
sqye4P0Rygs,2023-07-12T21:18:28Z,12471,117,1,60,Graptemys_pseudogeographica,Portugal,Herptiles,established,compra,Post-Introduction,eCommerce,eCommerce,2013,2013-06-01T12:00:00Z,comment,UgzShySuT0FC_gmvFb14AaABAg,,FALSE
sqye4P0Rygs,2023-07-12T21:18:28Z,12471,117,1,60,Graptemys_pseudogeographica,Portugal,Herptiles,established,aquario,Post-Introduction,eCommerce,eCommerce,2013,2013-06-01T12:00:00Z,comment,UgzShySuT0FC_gmvFb14AaABAg,,FALSE
sqye4P0Rygs,2022-01-20T21:25:02Z,12471,117,1,60,Graptemys_pseudogeographica,Portugal,Herptiles,established,comprar,Post-Introduction,eCommerce,eCommerce,2013,2013-06-01T12:00:00Z,comment,UgwyRQ-n-PuVNRwRWpl4AaABAg,,FALSE
sqye4P0Rygs,2021-06-20T16:47:35Z,12471,117,0,60,Graptemys_pseudogeographica,Portugal,Herptiles,established,comprada,Post-Introduction,eCommerce,eCommerce,2013,2013-06-01T12:00:00Z,comment,UgwQ1AXxF9LtKGk4zAF4AaABAg,,FALSE
sqye4P0Rygs,2017-09-11T21:38:25Z,12471,117,2,60,Graptemys_pseudogeographica,Portugal,Herptiles,established,loja,Post-Introduction,eCommerce,eCommerce,2013,2013-06-01T12:00:00Z,comment,UgzQZ8IQP-9jaAOmfnx4AaABAg,,FALSE
sqye4P0Rygs,2017-09-11T21:38:25Z,12471,117,2,60,Graptemys_pseudogeographica,Portugal,Herptiles,established,comprei,Post-Introduction,eCommerce,eCommerce,2013,2013-06-01T12:00:00Z,comment,UgzQZ8IQP-9jaAOmfnx4AaABAg,,FALSE
sqye4P0Rygs,2017-09-11T21:38:25Z,12471,117,2,60,Graptemys_pseudogeographica,Portugal,Herptiles,established,comprei,Post-Introduction,eCommerce,eCommerce,2013,2013-06-01T12:00:00Z,comment,UgzQZ8IQP-9jaAOmfnx4AaABAg,,FALSE
sqye4P0Rygs,2017-09-11T21:38:25Z,12471,117,2,60,Graptemys_pseudogeographica,Portugal,Herptiles,established,recentemente,Post-Introduction,Detection,Detection,2013,2013-06-01T12:00:00Z,comment,UgzQZ8IQP-9jaAOmfnx4AaABAg,,FALSE
sqye4P0Rygs,2017-09-11T21:38:25Z,12471,117,2,60,Graptemys_pseudogeographica,Portugal,Herptiles,established,comprei,Post-Introduction,eCommerce,eCommerce,2013,2013-06-01T12:00:00Z,comment,UgzQZ8IQP-9jaAOmfnx4AaABAg,,FALSE
sqye4P0Rygs,2017-09-11T21:38:25Z,12471,117,2,60,Graptemys_pseudogeographica,Portugal,Herptiles,established,aquario,Post-Introduction,eCommerce,eCommerce,2013,2013-06-01T12:00:00Z,comment,UgzQZ8IQP-9jaAOmfnx4AaABAg,,FALSE
sqye4P0Rygs,2017-09-11T21:38:25Z,12471,117,2,60,Graptemys_pseudogeographica,Portugal,Herptiles,established,loja,Post-Introduction,eCommerce,eCommerce,2013,2013-06-01T12:00:00Z,comment,UgzQZ8IQP-9jaAOmfnx4AaABAg,,FALSE
sqye4P0Rygs,2017-09-11T21:38:25Z,12471,117,2,60,Graptemys_pseudogeographica,Portugal,Herptiles,established,visto,Post-Introduction,Detection,Detection,2013,2013-06-01T12:00:00Z,comment,UgzQZ8IQP-9jaAOmfnx4AaABAg,,FALSE
sqye4P0Rygs,2017-09-11T21:38:25Z,12471,117,2,60,Graptemys_pseudogeographica,Portugal,Herptiles,established,cara,Post-Introduction,eCommerce,eCommerce,2013,2013-06-01T12:00:00Z,comment,UgzQZ8IQP-9jaAOmfnx4AaABAg,,FALSE
sqye4P0Rygs,2017-09-11T21:38:25Z,12471,117,2,60,Graptemys_pseudogeographica,Portugal,Herptiles,established,comprar,Post-Introduction,eCommerce,eCommerce,2013,2013-06-01T12:00:00Z,comment,UgzQZ8IQP-9jaAOmfnx4AaABAg,,FALSE
sqye4P0Rygs,2017-09-11T21:38:25Z,12471,117,2,60,Graptemys_pseudogeographica,Portugal,Herptiles,established,aquario,Post-Introduction,eCommerce,eCommerce,2013,2013-06-01T12:00:00Z,comment,UgzQZ8IQP-9jaAOmfnx4AaABAg,,FALSE
sqye4P0Rygs,2017-09-11T21:38:25Z,12471,117,2,60,Graptemys_pseudogeographica,Portugal,Herptiles,established,comprei,Post-Introduction,eCommerce,eCommerce,2013,2013-06-01T12:00:00Z,comment,UgzQZ8IQP-9jaAOmfnx4AaABAg,,FALSE
sqye4P0Rygs,2017-09-11T21:38:25Z,12471,117,2,60,Graptemys_pseudogeographica,Portugal,Herptiles,established,aquario,Post-Introduction,eCommerce,eCommerce,2013,2013-06-01T12:00:00Z,comment,UgzQZ8IQP-9jaAOmfnx4AaABAg,,FALSE
sqye4P0Rygs,2017-09-11T21:38:25Z,12471,117,2,60,Graptemys_pseudogeographica,Portugal,Herptiles,established,aquario,Post-Introduction,eCommerce,eCommerce,2013,2013-06-01T12:00:00Z,comment,UgzQZ8IQP-9jaAOmfnx4AaABAg,,FALSE
sqye4P0Rygs,2017-09-11T21:38:25Z,12471,117,2,60,Graptemys_pseudogeographica,Portugal,Herptiles,established,aquario,Post-Introduction,eCommerce,eCommerce,2013,2013-06-01T12:00:00Z,comment,UgzQZ8IQP-9jaAOmfnx4AaABAg,,FALSE
sqye4P0Rygs,2017-09-11T21:38:25Z,12471,117,2,60,Graptemys_pseudogeographica,Portugal,Herptiles,established,comprei,Post-Introduction,eCommerce,eCommerce,2013,2013-06-01T12:00:00Z,comment,UgzQZ8IQP-9jaAOmfnx4AaABAg,,FALSE
sqye4P0Rygs,2017-08-10T23:56:01Z,12471,117,1,60,Graptemys_pseudogeographica,Portugal,Herptiles,established,dinheiro,Post-Introduction,eCommerce,eCommerce,2013,2013-06-01T12:00:00Z,comment,UgyWS89ccjExrfiDNVx4AaABAg,,FALSE
sqye4P0Rygs,2017-08-10T23:56:01Z,12471,117,1,60,Graptemys_pseudogeographica,Portugal,Herptiles,established,aquario,Post-Introduction,eCommerce,eCommerce,2013,2013-06-01T12:00:00Z,comment,UgyWS89ccjExrfiDNVx4AaABAg,,FALSE
sqye4P0Rygs,2017-08-10T23:56:01Z,12471,117,1,60,Graptemys_pseudogeographica,Portugal,Herptiles,established,aquario,Post-Introduction,eCommerce,eCommerce,2013,2013-06-01T12:00:00Z,comment,UgyWS89ccjExrfiDNVx4AaABAg,,FALSE
sqye4P0Rygs,2017-06-21T16:16:52Z,12471,117,0,60,Graptemys_pseudogeographica,Portugal,Herptiles,established,comprei,Post-Introduction,eCommerce,eCommerce,2013,2013-06-01T12:00:00Z,comment,Ugg5pC-01o73UHgCoAEC,,FALSE
sqye4P0Rygs,2017-06-21T16:16:52Z,12471,117,0,60,Graptemys_pseudogeographica,Portugal,Herptiles,established,aquario,Post-Introduction,eCommerce,eCommerce,2013,2013-06-01T12:00:00Z,comment,Ugg5pC-01o73UHgCoAEC,,FALSE
sqye4P0Rygs,2017-06-21T16:16:52Z,12471,117,0,60,Graptemys_pseudogeographica,Portugal,Herptiles,established,aquario,Post-Introduction,eCommerce,eCommerce,2013,2013-06-01T12:00:00Z,comment,Ugg5pC-01o73UHgCoAEC,,FALSE
sqye4P0Rygs,2017-06-21T16:16:52Z,12471,117,0,60,Graptemys_pseudogeographica,Portugal,Herptiles,established,aquario,Post-Introduction,eCommerce,eCommerce,2013,2013-06-01T12:00:00Z,comment,Ugg5pC-01o73UHgCoAEC,,FALSE
sqye4P0Rygs,2022-08-29T09:52:48Z,12471,117,0,60,Graptemys_pseudogeographica,Portugal,Herptiles,established,vendida,Post-Introduction,eCommerce,eCommerce,2013,2013-06-01T12:00:00Z,comment,Ugz9KDBvt8o5mRuVbEh4AaABAg.9fEnBIDXMYV9fJCfxRi_ew,Ugz9KDBvt8o5mRuVbEh4AaABAg,TRUE
sqye4P0Rygs,2022-08-29T09:52:48Z,12471,117,0,60,Graptemys_pseudogeographica,Portugal,Herptiles,established,comprar,Post-Introduction,eCommerce,eCommerce,2013,2013-06-01T12:00:00Z,comment,Ugz9KDBvt8o5mRuVbEh4AaABAg.9fEnBIDXMYV9fJCfxRi_ew,Ugz9KDBvt8o5mRuVbEh4AaABAg,TRUE
sqye4P0Rygs,2022-08-29T09:52:48Z,12471,117,0,60,Graptemys_pseudogeographica,Portugal,Herptiles,established,aquario,Post-Introduction,eCommerce,eCommerce,2013,2013-06-01T12:00:00Z,comment,Ugz9KDBvt8o5mRuVbEh4AaABAg.9fEnBIDXMYV9fJCfxRi_ew,Ugz9KDBvt8o5mRuVbEh4AaABAg,TRUE
sqye4P0Rygs,2022-08-29T09:52:48Z,12471,117,0,60,Graptemys_pseudogeographica,Portugal,Herptiles,established,compre,Post-Introduction,eCommerce,eCommerce,2013,2013-06-01T12:00:00Z,comment,Ugz9KDBvt8o5mRuVbEh4AaABAg.9fEnBIDXMYV9fJCfxRi_ew,Ugz9KDBvt8o5mRuVbEh4AaABAg,TRUE
sqye4P0Rygs,2022-08-29T09:52:48Z,12471,117,0,60,Graptemys_pseudogeographica,Portugal,Herptiles,established,comprar,Post-Introduction,eCommerce,eCommerce,2013,2013-06-01T12:00:00Z,comment,Ugz9KDBvt8o5mRuVbEh4AaABAg.9fEnBIDXMYV9fJCfxRi_ew,Ugz9KDBvt8o5mRuVbEh4AaABAg,TRUE
sqye4P0Rygs,2022-01-21T10:32:59Z,12471,117,2,60,Graptemys_pseudogeographica,Portugal,Herptiles,established,loja,Post-Introduction,eCommerce,eCommerce,2013,2013-06-01T12:00:00Z,comment,UgwyRQ-n-PuVNRwRWpl4AaABAg.9XRODj5t8q_9XSnOmkKyJW,UgwyRQ-n-PuVNRwRWpl4AaABAg,TRUE
sqye4P0Rygs,2021-06-20T22:23:07Z,12471,117,0,60,Graptemys_pseudogeographica,Portugal,Herptiles,established,aquario,Post-Introduction,eCommerce,eCommerce,2013,2013-06-01T12:00:00Z,comment,UgwQ1AXxF9LtKGk4zAF4AaABAg.9OorMG8YIt39OpSknx8MGF,UgwQ1AXxF9LtKGk4zAF4AaABAg,TRUE
sqye4P0Rygs,2017-11-17T12:01:00Z,12471,117,0,60,Graptemys_pseudogeographica,Portugal,Herptiles,established,vender,Post-Introduction,eCommerce,eCommerce,2013,2013-06-01T12:00:00Z,comment,UgyudoikffpsnmqxBWp4AaABAg.8_2ZnYPl2M98_3cQHWg3pL,UgyudoikffpsnmqxBWp4AaABAg,TRUE
sqye4P0Rygs,2017-09-11T22:04:44Z,12471,117,0,60,Graptemys_pseudogeographica,Portugal,Herptiles,established,dinheiro,Post-Introduction,eCommerce,eCommerce,2013,2013-06-01T12:00:00Z,comment,UgzQZ8IQP-9jaAOmfnx4AaABAg.8XO8Ek27OLG8XOBFVoh2I0,UgzQZ8IQP-9jaAOmfnx4AaABAg,TRUE
sqye4P0Rygs,2017-09-11T22:04:44Z,12471,117,0,60,Graptemys_pseudogeographica,Portugal,Herptiles,established,visto,Post-Introduction,Detection,Detection,2013,2013-06-01T12:00:00Z,comment,UgzQZ8IQP-9jaAOmfnx4AaABAg.8XO8Ek27OLG8XOBFVoh2I0,UgzQZ8IQP-9jaAOmfnx4AaABAg,TRUE
sqye4P0Rygs,2017-09-11T22:04:44Z,12471,117,0,60,Graptemys_pseudogeographica,Portugal,Herptiles,established,perigoso,Post-Introduction,Threat,Threat,2013,2013-06-01T12:00:00Z,comment,UgzQZ8IQP-9jaAOmfnx4AaABAg.8XO8Ek27OLG8XOBFVoh2I0,UgzQZ8IQP-9jaAOmfnx4AaABAg,TRUE
sqye4P0Rygs,2017-09-11T22:04:44Z,12471,117,0,60,Graptemys_pseudogeographica,Portugal,Herptiles,established,aquario,Post-Introduction,eCommerce,eCommerce,2013,2013-06-01T12:00:00Z,comment,UgzQZ8IQP-9jaAOmfnx4AaABAg.8XO8Ek27OLG8XOBFVoh2I0,UgzQZ8IQP-9jaAOmfnx4AaABAg,TRUE
sqye4P0Rygs,2017-09-11T22:04:44Z,12471,117,0,60,Graptemys_pseudogeographica,Portugal,Herptiles,established,aquario,Post-Introduction,eCommerce,eCommerce,2013,2013-06-01T12:00:00Z,comment,UgzQZ8IQP-9jaAOmfnx4AaABAg.8XO8Ek27OLG8XOBFVoh2I0,UgzQZ8IQP-9jaAOmfnx4AaABAg,TRUE
sqye4P0Rygs,2017-09-11T22:36:31Z,12471,117,0,60,Graptemys_pseudogeographica,Portugal,Herptiles,established,loja,Post-Introduction,eCommerce,eCommerce,2013,2013-06-01T12:00:00Z,comment,UgzQZ8IQP-9jaAOmfnx4AaABAg.8XO8Ek27OLG8XOEtFzGQ2c,UgzQZ8IQP-9jaAOmfnx4AaABAg,TRUE
sqye4P0Rygs,2017-09-11T22:36:31Z,12471,117,0,60,Graptemys_pseudogeographica,Portugal,Herptiles,established,preco,Post-Introduction,eCommerce,eCommerce,2013,2013-06-01T12:00:00Z,comment,UgzQZ8IQP-9jaAOmfnx4AaABAg.8XO8Ek27OLG8XOEtFzGQ2c,UgzQZ8IQP-9jaAOmfnx4AaABAg,TRUE
sqye4P0Rygs,2017-09-11T22:36:31Z,12471,117,0,60,Graptemys_pseudogeographica,Portugal,Herptiles,established,aquarios,Post-Introduction,eCommerce,eCommerce,2013,2013-06-01T12:00:00Z,comment,UgzQZ8IQP-9jaAOmfnx4AaABAg.8XO8Ek27OLG8XOEtFzGQ2c,UgzQZ8IQP-9jaAOmfnx4AaABAg,TRUE
sqye4P0Rygs,2017-09-11T22:36:31Z,12471,117,0,60,Graptemys_pseudogeographica,Portugal,Herptiles,established,aquario,Post-Introduction,eCommerce,eCommerce,2013,2013-06-01T12:00:00Z,comment,UgzQZ8IQP-9jaAOmfnx4AaABAg.8XO8Ek27OLG8XOEtFzGQ2c,UgzQZ8IQP-9jaAOmfnx4AaABAg,TRUE
sqye4P0Rygs,2017-09-11T22:36:31Z,12471,117,0,60,Graptemys_pseudogeographica,Portugal,Herptiles,established,visto,Post-Introduction,Detection,Detection,2013,2013-06-01T12:00:00Z,comment,UgzQZ8IQP-9jaAOmfnx4AaABAg.8XO8Ek27OLG8XOEtFzGQ2c,UgzQZ8IQP-9jaAOmfnx4AaABAg,TRUE
sqye4P0Rygs,2017-09-11T22:36:31Z,12471,117,0,60,Graptemys_pseudogeographica,Portugal,Herptiles,established,comprar,Post-Introduction,eCommerce,eCommerce,2013,2013-06-01T12:00:00Z,comment,UgzQZ8IQP-9jaAOmfnx4AaABAg.8XO8Ek27OLG8XOEtFzGQ2c,UgzQZ8IQP-9jaAOmfnx4AaABAg,TRUE
sqye4P0Rygs,2017-09-11T22:36:31Z,12471,117,0,60,Graptemys_pseudogeographica,Portugal,Herptiles,established,comprar,Post-Introduction,eCommerce,eCommerce,2013,2013-06-01T12:00:00Z,comment,UgzQZ8IQP-9jaAOmfnx4AaABAg.8XO8Ek27OLG8XOEtFzGQ2c,UgzQZ8IQP-9jaAOmfnx4AaABAg,TRUE
sqye4P0Rygs,2017-09-11T22:36:31Z,12471,117,0,60,Graptemys_pseudogeographica,Portugal,Herptiles,established,comprei,Post-Introduction,eCommerce,eCommerce,2013,2013-06-01T12:00:00Z,comment,UgzQZ8IQP-9jaAOmfnx4AaABAg.8XO8Ek27OLG8XOEtFzGQ2c,UgzQZ8IQP-9jaAOmfnx4AaABAg,TRUE
sqye4P0Rygs,2017-09-11T22:36:31Z,12471,117,0,60,Graptemys_pseudogeographica,Portugal,Herptiles,established,aquario,Post-Introduction,eCommerce,eCommerce,2013,2013-06-01T12:00:00Z,comment,UgzQZ8IQP-9jaAOmfnx4AaABAg.8XO8Ek27OLG8XOEtFzGQ2c,UgzQZ8IQP-9jaAOmfnx4AaABAg,TRUE
sqye4P0Rygs,2017-09-11T22:36:31Z,12471,117,0,60,Graptemys_pseudogeographica,Portugal,Herptiles,established,comprei,Post-Introduction,eCommerce,eCommerce,2013,2013-06-01T12:00:00Z,comment,UgzQZ8IQP-9jaAOmfnx4AaABAg.8XO8Ek27OLG8XOEtFzGQ2c,UgzQZ8IQP-9jaAOmfnx4AaABAg,TRUE
sqye4P0Rygs,2017-09-11T22:36:31Z,12471,117,0,60,Graptemys_pseudogeographica,Portugal,Herptiles,established,visto,Post-Introduction,Detection,Detection,2013,2013-06-01T12:00:00Z,comment,UgzQZ8IQP-9jaAOmfnx4AaABAg.8XO8Ek27OLG8XOEtFzGQ2c,UgzQZ8IQP-9jaAOmfnx4AaABAg,TRUE
sqye4P0Rygs,2017-09-11T22:57:22Z,12471,117,1,60,Graptemys_pseudogeographica,Portugal,Herptiles,established,barato,Post-Introduction,eCommerce,eCommerce,2013,2013-06-01T12:00:00Z,comment,UgzQZ8IQP-9jaAOmfnx4AaABAg.8XO8Ek27OLG8XOHH-eYOWa,UgzQZ8IQP-9jaAOmfnx4AaABAg,TRUE
sqye4P0Rygs,2017-09-11T22:57:22Z,12471,117,1,60,Graptemys_pseudogeographica,Portugal,Herptiles,established,comprei,Post-Introduction,eCommerce,eCommerce,2013,2013-06-01T12:00:00Z,comment,UgzQZ8IQP-9jaAOmfnx4AaABAg.8XO8Ek27OLG8XOHH-eYOWa,UgzQZ8IQP-9jaAOmfnx4AaABAg,TRUE
sqye4P0Rygs,2017-09-11T22:57:22Z,12471,117,1,60,Graptemys_pseudogeographica,Portugal,Herptiles,established,aquario,Post-Introduction,eCommerce,eCommerce,2013,2013-06-01T12:00:00Z,comment,UgzQZ8IQP-9jaAOmfnx4AaABAg.8XO8Ek27OLG8XOHH-eYOWa,UgzQZ8IQP-9jaAOmfnx4AaABAg,TRUE
sqye4P0Rygs,2017-09-11T22:57:22Z,12471,117,1,60,Graptemys_pseudogeographica,Portugal,Herptiles,established,aquarios,Post-Introduction,eCommerce,eCommerce,2013,2013-06-01T12:00:00Z,comment,UgzQZ8IQP-9jaAOmfnx4AaABAg.8XO8Ek27OLG8XOHH-eYOWa,UgzQZ8IQP-9jaAOmfnx4AaABAg,TRUE
sqye4P0Rygs,2017-09-11T22:57:22Z,12471,117,1,60,Graptemys_pseudogeographica,Portugal,Herptiles,established,aquario,Post-Introduction,eCommerce,eCommerce,2013,2013-06-01T12:00:00Z,comment,UgzQZ8IQP-9jaAOmfnx4AaABAg.8XO8Ek27OLG8XOHH-eYOWa,UgzQZ8IQP-9jaAOmfnx4AaABAg,TRUE
sqye4P0Rygs,2017-09-11T22:57:22Z,12471,117,1,60,Graptemys_pseudogeographica,Portugal,Herptiles,established,controlado,Post-Introduction,Detection,Detection,2013,2013-06-01T12:00:00Z,comment,UgzQZ8IQP-9jaAOmfnx4AaABAg.8XO8Ek27OLG8XOHH-eYOWa,UgzQZ8IQP-9jaAOmfnx4AaABAg,TRUE
sqye4P0Rygs,2017-08-11T11:51:42Z,12471,117,1,60,Graptemys_pseudogeographica,Portugal,Herptiles,established,comprar,Post-Introduction,eCommerce,eCommerce,2013,2013-06-01T12:00:00Z,comment,UgyWS89ccjExrfiDNVx4AaABAg.8W5zYTFLEEs8W7GSOJRNRt,UgyWS89ccjExrfiDNVx4AaABAg,TRUE
sqye4P0Rygs,2017-08-11T11:51:42Z,12471,117,1,60,Graptemys_pseudogeographica,Portugal,Herptiles,established,barato,Post-Introduction,eCommerce,eCommerce,2013,2013-06-01T12:00:00Z,comment,UgyWS89ccjExrfiDNVx4AaABAg.8W5zYTFLEEs8W7GSOJRNRt,UgyWS89ccjExrfiDNVx4AaABAg,TRUE
sqye4P0Rygs,2017-08-11T11:51:42Z,12471,117,1,60,Graptemys_pseudogeographica,Portugal,Herptiles,established,aquario,Post-Introduction,eCommerce,eCommerce,2013,2013-06-01T12:00:00Z,comment,UgyWS89ccjExrfiDNVx4AaABAg.8W5zYTFLEEs8W7GSOJRNRt,UgyWS89ccjExrfiDNVx4AaABAg,TRUE
sqye4P0Rygs,2017-06-21T16:31:05Z,12471,117,0,60,Graptemys_pseudogeographica,Portugal,Herptiles,established,aquario,Post-Introduction,eCommerce,eCommerce,2013,2013-06-01T12:00:00Z,comment,Ugg5pC-01o73UHgCoAEC.8U4QFtKvepK8U4RsymGiQU,Ugg5pC-01o73UHgCoAEC,TRUE
sqye4P0Rygs,2017-06-21T16:31:05Z,12471,117,0,60,Graptemys_pseudogeographica,Portugal,Herptiles,established,aquarios,Post-Introduction,eCommerce,eCommerce,2013,2013-06-01T12:00:00Z,comment,Ugg5pC-01o73UHgCoAEC.8U4QFtKvepK8U4RsymGiQU,Ugg5pC-01o73UHgCoAEC,TRUE
sqye4P0Rygs,2017-06-21T16:39:48Z,12471,117,1,60,Graptemys_pseudogeographica,Portugal,Herptiles,established,compra,Post-Introduction,eCommerce,eCommerce,2013,2013-06-01T12:00:00Z,comment,Ugg5pC-01o73UHgCoAEC.8U4QFtKvepK8U4SsozmXN9,Ugg5pC-01o73UHgCoAEC,TRUE
sqye4P0Rygs,2017-06-21T16:43:16Z,12471,117,0,60,Graptemys_pseudogeographica,Portugal,Herptiles,established,aquario,Post-Introduction,eCommerce,eCommerce,2013,2013-06-01T12:00:00Z,comment,Ugg5pC-01o73UHgCoAEC.8U4QFtKvepK8U4THGe0b8-,Ugg5pC-01o73UHgCoAEC,TRUE
sqye4P0Rygs,2017-06-21T16:43:16Z,12471,117,0,60,Graptemys_pseudogeographica,Portugal,Herptiles,established,aquario,Post-Introduction,eCommerce,eCommerce,2013,2013-06-01T12:00:00Z,comment,Ugg5pC-01o73UHgCoAEC.8U4QFtKvepK8U4THGe0b8-,Ugg5pC-01o73UHgCoAEC,TRUE
sqye4P0Rygs,2017-06-21T16:43:16Z,12471,117,0,60,Graptemys_pseudogeographica,Portugal,Herptiles,established,aquario,Post-Introduction,eCommerce,eCommerce,2013,2013-06-01T12:00:00Z,comment,Ugg5pC-01o73UHgCoAEC.8U4QFtKvepK8U4THGe0b8-,Ugg5pC-01o73UHgCoAEC,TRUE
sqye4P0Rygs,2017-04-19T12:23:49Z,12471,117,0,60,Graptemys_pseudogeographica,Portugal,Herptiles,established,visto,Post-Introduction,Detection,Detection,2013,2013-06-01T12:00:00Z,comment,UgiEfuyYPkMuQngCoAEC.8RXXEsAtD_m8RXmVpFp6wQ,UgiEfuyYPkMuQngCoAEC,TRUE
nDwHDFvPxfs,2021-07-09T22:53:23Z,1135,17,0,2,Graptemys_pseudogeographica,Portugal,Herptiles,established,adotar,Post-Introduction,eCommerce,eCommerce,2013,2013-06-01T12:00:00Z,comment,UgwJlXi7qws_bZacv-p4AaABAg,,FALSE
nDwHDFvPxfs,2021-07-09T22:53:23Z,1135,17,0,2,Graptemys_pseudogeographica,Portugal,Herptiles,established,aquarios,Post-Introduction,eCommerce,eCommerce,2013,2013-06-01T12:00:00Z,comment,UgwJlXi7qws_bZacv-p4AaABAg,,FALSE
nDwHDFvPxfs,2021-07-10T10:32:39Z,1135,17,0,2,Graptemys_pseudogeographica,Portugal,Herptiles,established,aquario,Post-Introduction,eCommerce,eCommerce,2013,2013-06-01T12:00:00Z,comment,UgwJlXi7qws_bZacv-p4AaABAg.9PaRK6EgGIP9PbgLlCrwjn,UgwJlXi7qws_bZacv-p4AaABAg,TRUE
nDwHDFvPxfs,2021-07-10T10:32:39Z,1135,17,0,2,Graptemys_pseudogeographica,Portugal,Herptiles,established,comprar,Post-Introduction,eCommerce,eCommerce,2013,2013-06-01T12:00:00Z,comment,UgwJlXi7qws_bZacv-p4AaABAg.9PaRK6EgGIP9PbgLlCrwjn,UgwJlXi7qws_bZacv-p4AaABAg,TRUE
12TLxE23c6A,2022-10-26T22:29:47Z,6605,67,0,22,Graptemys_pseudogeographica,Portugal,Herptiles,established,compra,Post-Introduction,eCommerce,eCommerce,2013,2013-06-01T12:00:00Z,comment,UgzXKA47Ste-2g1pME54AaABAg,,FALSE
12TLxE23c6A,2017-11-17T12:01:41Z,6605,67,0,22,Graptemys_pseudogeographica,Portugal,Herptiles,established,comprei,Post-Introduction,eCommerce,eCommerce,2013,2013-06-01T12:00:00Z,comment,UgzAVAqCRTSH5ldMkoh4AaABAg.8_2YioKDc7v8_3cVBY9nXr,UgzAVAqCRTSH5ldMkoh4AaABAg,TRUE
12TLxE23c6A,2017-11-17T12:01:41Z,6605,67,0,22,Graptemys_pseudogeographica,Portugal,Herptiles,established,loja,Post-Introduction,eCommerce,eCommerce,2013,2013-06-01T12:00:00Z,comment,UgzAVAqCRTSH5ldMkoh4AaABAg.8_2YioKDc7v8_3cVBY9nXr,UgzAVAqCRTSH5ldMkoh4AaABAg,TRUE
12TLxE23c6A,2022-01-24T13:42:41Z,6605,67,0,22,Graptemys_pseudogeographica,Portugal,Herptiles,established,loja,Post-Introduction,eCommerce,eCommerce,2013,2013-06-01T12:00:00Z,comment,UgzAVAqCRTSH5ldMkoh4AaABAg.8_2YioKDc7v9X_rUpNt72m,UgzAVAqCRTSH5ldMkoh4AaABAg,TRUE
G27lCsANFeQ,2017-04-17T01:05:49Z,973,7,0,15,Graptemys_pseudogeographica,Portugal,Herptiles,established,mascota,Post-Introduction,eCommerce,eCommerce,2013,2013-06-01T12:00:00Z,comment,Ugh1WwjrjHfLD3gCoAEC,,FALSE
G27lCsANFeQ,2014-11-19T09:43:06Z,973,7,0,15,Graptemys_pseudogeographica,Portugal,Herptiles,established,acuario,Post-Introduction,eCommerce,eCommerce,2013,2013-06-01T12:00:00Z,comment,UggeuQnaGzApJngCoAEC.7-H0Z7-LZeS7-Iek9CRTHY,UggeuQnaGzApJngCoAEC,TRUE
jfMfGTdFfw0,2023-05-26T02:00:18Z,6981,401,0,9,Graptemys_pseudogeographica,Portugal,Herptiles,established,invasoras,Post-Introduction,Invasion,Invasion,2013,2013-06-01T12:00:00Z,comment,UgwuZbglv3IPa8o9WTh4AaABAg.9prGGXBxbMT9q9aE_RjoQm,UgwuZbglv3IPa8o9WTh4AaABAg,TRUE
jfMfGTdFfw0,2023-05-26T02:00:18Z,6981,401,0,9,Graptemys_pseudogeographica,Portugal,Herptiles,established,prohibido,Post-Introduction,eCommerce,eCommerce,2013,2013-06-01T12:00:00Z,comment,UgwuZbglv3IPa8o9WTh4AaABAg.9prGGXBxbMT9q9aE_RjoQm,UgwuZbglv3IPa8o9WTh4AaABAg,TRUE
jfMfGTdFfw0,2023-06-28T12:57:23Z,6981,401,0,9,Graptemys_pseudogeographica,Portugal,Herptiles,established,invasora,Post-Introduction,Invasion,Invasion,2013,2013-06-01T12:00:00Z,comment,UgwuZbglv3IPa8o9WTh4AaABAg.9prGGXBxbMT9rVjeyrwWEq,UgwuZbglv3IPa8o9WTh4AaABAg,TRUE
jfMfGTdFfw0,2025-11-20T22:38:42Z,6981,401,0,9,Graptemys_pseudogeographica,Portugal,Herptiles,established,invasoras,Post-Introduction,Invasion,Invasion,2013,2013-06-01T12:00:00Z,comment,UgwuZbglv3IPa8o9WTh4AaABAg.9prGGXBxbMTAPlPY95l198,UgwuZbglv3IPa8o9WTh4AaABAg,TRUE
jfMfGTdFfw0,2025-11-20T22:38:42Z,6981,401,0,9,Graptemys_pseudogeographica,Portugal,Herptiles,established,hibridacion,Post-Introduction,Threat,Threat,2013,2013-06-01T12:00:00Z,comment,UgwuZbglv3IPa8o9WTh4AaABAg.9prGGXBxbMTAPlPY95l198,UgwuZbglv3IPa8o9WTh4AaABAg,TRUE
jfMfGTdFfw0,2025-11-20T22:38:42Z,6981,401,0,9,Graptemys_pseudogeographica,Portugal,Herptiles,established,comprar,Post-Introduction,eCommerce,eCommerce,2013,2013-06-01T12:00:00Z,comment,UgwuZbglv3IPa8o9WTh4AaABAg.9prGGXBxbMTAPlPY95l198,UgwuZbglv3IPa8o9WTh4AaABAg,TRUE
5TkQa-3mV9A,2016-06-19T06:32:05Z,1762,17,0,38,Graptemys_pseudogeographica,Portugal,Herptiles,established,pecera,Post-Introduction,eCommerce,eCommerce,2013,2013-06-01T12:00:00Z,comment,UggyBdHJF00uxngCoAEC,,FALSE
5TkQa-3mV9A,2015-12-13T00:00:57Z,1762,17,0,38,Graptemys_pseudogeographica,Portugal,Herptiles,established,acuario,Post-Introduction,eCommerce,eCommerce,2013,2013-06-01T12:00:00Z,comment,UghlzdV9mHg4H3gCoAEC.87fyzt-YEI487g0aV5JHJc,UghlzdV9mHg4H3gCoAEC,TRUE
Yc0FnEdyzM4,2014-11-12T07:13:20Z,5539,30,0,19,Graptemys_pseudogeographica,Portugal,Herptiles,established,riesgo,Post-Introduction,Threat,Threat,2013,2013-06-01T12:00:00Z,comment,UghQMVtK5pIprXgCoAEC,,FALSE
Yc0FnEdyzM4,2016-08-22T23:02:35Z,5539,30,0,19,Graptemys_pseudogeographica,Portugal,Herptiles,established,caro,Post-Introduction,eCommerce,eCommerce,2013,2013-06-01T12:00:00Z,comment,Ughm3eyIbv5rq3gCoAEC.8CubbdkRGqD8HtwpJiylV1,Ughm3eyIbv5rq3gCoAEC,TRUE
YnDVnmEW0OQ,2023-08-24T07:30:10Z,550,21,0,10,Grus_canadensis,Spain,Birds,casual,encontre,Post-Introduction,Detection,Detection,2011,2011-06-01T12:00:00Z,comment,UgyfMnYNGoN8jK7VzAN4AaABAg,,FALSE
YnDVnmEW0OQ,2023-08-25T07:39:27Z,550,21,0,10,Grus_canadensis,Spain,Birds,casual,observado,Post-Introduction,Detection,Detection,2011,2011-06-01T12:00:00Z,comment,UgyfMnYNGoN8jK7VzAN4AaABAg.9tmvXCGXWCR9tpWO4PUNOf,UgyfMnYNGoN8jK7VzAN4AaABAg,TRUE
YnDVnmEW0OQ,2023-08-23T11:49:44Z,550,21,0,10,Grus_canadensis,Spain,Birds,casual,caro,Post-Introduction,eCommerce,eCommerce,2011,2011-06-01T12:00:00Z,comment,Ugxmb8iya0oGfwxQPHh4AaABAg.9tkZH7ZWdGk9tkoRY1y0p2,Ugxmb8iya0oGfwxQPHh4AaABAg,TRUE
YnDVnmEW0OQ,2023-08-23T11:49:44Z,550,21,0,10,Grus_canadensis,Spain,Birds,casual,caro,Post-Introduction,eCommerce,eCommerce,2011,2011-06-01T12:00:00Z,comment,Ugxmb8iya0oGfwxQPHh4AaABAg.9tkZH7ZWdGk9tkoRY1y0p2,Ugxmb8iya0oGfwxQPHh4AaABAg,TRUE
oQn2NFt2K1Q,2025-10-22T01:10:28Z,40260,116,0,18,Haemorhous_mexicanus,Spain,Birds,casual,comprado,Post-Introduction,eCommerce,eCommerce,2016,2016-06-01T12:00:00Z,comment,UgxEJYJhitymqkC27094AaABAg,,FALSE
oQn2NFt2K1Q,2016-10-19T22:54:17Z,40260,116,0,18,Haemorhous_mexicanus,Spain,Birds,casual,venda,Post-Introduction,eCommerce,eCommerce,2016,2016-06-01T12:00:00Z,comment,UgjVtKYgTovc83gCoAEC,,FALSE
HXljKweTo6w,2025-11-08T05:45:24Z,4399,121,0,11,Halyomorpha_halys,Spain,Insects,alien,visto,Post-Introduction,Detection,Detection,2016,2016-06-01T12:00:00Z,comment,UgwyRCyTQVssvn8EYSl4AaABAg,,FALSE
HXljKweTo6w,2024-10-16T08:33:23Z,4399,121,0,11,Halyomorpha_halys,Spain,Insects,alien,veneno,Post-Introduction,Threat,Threat,2016,2016-06-01T12:00:00Z,comment,Ugwh5iy5Gwu_uGhfrSx4AaABAg,,FALSE
HXljKweTo6w,2024-10-16T14:17:16Z,4399,121,0,11,Halyomorpha_halys,Spain,Insects,alien,veneno,Post-Introduction,Threat,Threat,2016,2016-06-01T12:00:00Z,comment,Ugwh5iy5Gwu_uGhfrSx4AaABAg.A9dvpvu-UNyA9eYBYnSgQ3,Ugwh5iy5Gwu_uGhfrSx4AaABAg,TRUE
HXljKweTo6w,2025-03-23T20:26:28Z,4399,121,0,11,Halyomorpha_halys,Spain,Insects,alien,aparecido,Post-Introduction,Detection,Detection,2016,2016-06-01T12:00:00Z,comment,UgyrHYV1Se54XfJcUN54AaABAg.A9cOeV-gQX1AG121x7FORV,UgyrHYV1Se54XfJcUN54AaABAg,TRUE
XEUr2wOpUio,2023-03-25T10:39:55Z,2122,13,0,1,Halyomorpha_halys,Spain,Insects,alien,plaga,Post-Introduction,Invasion,Invasion,2016,2016-06-01T12:00:00Z,comment,UgxU2OPMTlweIBZQS394AaABAg,,FALSE
XEUr2wOpUio,2023-03-25T10:39:55Z,2122,13,0,1,Halyomorpha_halys,Spain,Insects,alien,veneno,Post-Introduction,Threat,Threat,2016,2016-06-01T12:00:00Z,comment,UgxU2OPMTlweIBZQS394AaABAg,,FALSE
XEUr2wOpUio,2023-03-25T10:39:55Z,2122,13,0,1,Halyomorpha_halys,Spain,Insects,alien,coste,Post-Introduction,eCommerce,eCommerce,2016,2016-06-01T12:00:00Z,comment,UgxU2OPMTlweIBZQS394AaABAg,,FALSE
XEUr2wOpUio,2023-03-25T10:39:55Z,2122,13,0,1,Halyomorpha_halys,Spain,Insects,alien,peligroso,Post-Introduction,Threat,Threat,2016,2016-06-01T12:00:00Z,comment,UgxU2OPMTlweIBZQS394AaABAg,,FALSE
XEUr2wOpUio,2023-03-25T10:39:55Z,2122,13,0,1,Halyomorpha_halys,Spain,Insects,alien,plaga,Post-Introduction,Invasion,Invasion,2016,2016-06-01T12:00:00Z,comment,UgxU2OPMTlweIBZQS394AaABAg,,FALSE
XEUr2wOpUio,2023-03-25T10:39:55Z,2122,13,0,1,Halyomorpha_halys,Spain,Insects,alien,plaga,Post-Introduction,Invasion,Invasion,2016,2016-06-01T12:00:00Z,comment,UgxU2OPMTlweIBZQS394AaABAg,,FALSE
XEUr2wOpUio,2023-03-25T10:39:55Z,2122,13,0,1,Halyomorpha_halys,Spain,Insects,alien,dinero,Post-Introduction,eCommerce,eCommerce,2016,2016-06-01T12:00:00Z,comment,UgxU2OPMTlweIBZQS394AaABAg,,FALSE
wSN81sDFgBw,2024-06-15T15:33:12Z,4643,39,0,5,Halyomorpha_halys,Spain,Insects,alien,encontre,Post-Introduction,Detection,Detection,2016,2016-06-01T12:00:00Z,comment,UgwLCajcz8JBOqhBwpN4AaABAg,,FALSE
goCEJHq6ndk,2013-07-22T02:04:39Z,16240,33,2,23,Halyomorpha_halys,Spain,Insects,alien,peligroso,Pre-Introduction,Threat,Threat,2016,2016-06-01T12:00:00Z,comment,UgxJYxXDR5MnOc_K44l4AaABAg,,FALSE
goCEJHq6ndk,2012-03-06T15:55:40Z,16240,33,3,23,Halyomorpha_halys,Spain,Insects,alien,perjudicial,Pre-Introduction,Threat,Threat,2016,2016-06-01T12:00:00Z,comment,UgyF1KjCNJ4BW2zfmnt4AaABAg,,FALSE
goCEJHq6ndk,2018-08-03T03:40:27Z,16240,33,0,23,Halyomorpha_halys,Spain,Insects,alien,peligrosa,Post-Introduction,Threat,Threat,2016,2016-06-01T12:00:00Z,comment,UgxJYxXDR5MnOc_K44l4AaABAg.8Gc69daailC8jTd0ekPxLz,UgxJYxXDR5MnOc_K44l4AaABAg,TRUE
EyY0ctHlcBQ,2022-10-03T14:16:18Z,24975,98,0,17,Halyomorpha_halys,Spain,Insects,alien,peligro,Post-Introduction,Threat,Threat,2016,2016-06-01T12:00:00Z,comment,UgykcAIXZHGI0NY8jYt4AaABAg,,FALSE
EyY0ctHlcBQ,2021-12-11T18:01:02Z,24975,98,0,17,Halyomorpha_halys,Spain,Insects,alien,venenosa,Post-Introduction,Threat,Threat,2016,2016-06-01T12:00:00Z,comment,UgwQgi2FB5fqXYrgfot4AaABAg,,FALSE
EyY0ctHlcBQ,2021-12-11T18:01:02Z,24975,98,0,17,Halyomorpha_halys,Spain,Insects,alien,plaga,Post-Introduction,Invasion,Invasion,2016,2016-06-01T12:00:00Z,comment,UgwQgi2FB5fqXYrgfot4AaABAg,,FALSE
EyY0ctHlcBQ,2021-11-14T16:51:05Z,24975,98,3,17,Halyomorpha_halys,Spain,Insects,alien,plagas,Post-Introduction,Invasion,Invasion,2016,2016-06-01T12:00:00Z,comment,UgwTxmvRJCxXldhbtHR4AaABAg,,FALSE
EyY0ctHlcBQ,2021-11-13T16:35:26Z,24975,98,1,17,Halyomorpha_halys,Spain,Insects,alien,invasion,Post-Introduction,Invasion,Invasion,2016,2016-06-01T12:00:00Z,comment,UgziHueQDxGh-bPU7bt4AaABAg,,FALSE
EyY0ctHlcBQ,2021-11-12T12:55:49Z,24975,98,0,17,Halyomorpha_halys,Spain,Insects,alien,plaga,Post-Introduction,Invasion,Invasion,2016,2016-06-01T12:00:00Z,comment,Ugz0jf4JiurZVoPI0Q14AaABAg,,FALSE
ilqk3EGfEvM,2025-04-28T02:13:39Z,8277,171,0,7,Lagocephalus_sceleratus,Spain,Fishes,uncertain,veneno,Post-Introduction,Threat,Threat,2014,2014-06-01T12:00:00Z,comment,Ugz1y6xPzMwpi0wRDWh4AaABAg,,FALSE
2Kikcyfmn9g,2024-04-07T03:37:11Z,593,16,1,4,Leptoglossus_occidentalis,Portugal,Insects,alien,invasora,Post-Introduction,Invasion,Invasion,2010,2010-06-01T12:00:00Z,comment,UgwP6bpFwwClhf8zU_Z4AaABAg.A1uPuao4b4DA1v0JQVUMJi,UgwP6bpFwwClhf8zU_Z4AaABAg,TRUE
FDBd741PDa0,2025-07-18T23:05:32Z,1745,19,0,3,Leptoglossus_occidentalis,Portugal,Insects,alien,plaga,Post-Introduction,Invasion,Invasion,2010,2010-06-01T12:00:00Z,comment,UgyUeUko2mlmzaXJOxV4AaABAg.A0q8vzLWu63AKjaFIkjMGT,UgyUeUko2mlmzaXJOxV4AaABAg,TRUE
5W8GG4bh-PE,2022-04-14T20:56:06Z,7328,36,0,4,Lonchura_oryzivora,Portugal,Birds,alien,encontre,Post-Introduction,Detection,Detection,2010,2010-06-01T12:00:00Z,comment,Ugz_76NNQlYiubsz3TJ4AaABAg,,FALSE
kjHJE5gipYs,2016-11-13T23:56:20Z,11087,46,1,16,Lonchura_oryzivora,Portugal,Birds,alien,jaula,Post-Introduction,eCommerce,eCommerce,2010,2010-06-01T12:00:00Z,comment,Ugjkw7RcU1sW0ngCoAEC,,FALSE
kjHJE5gipYs,2021-12-22T14:05:20Z,11087,46,0,16,Lonchura_oryzivora,Portugal,Birds,alien,mascota,Post-Introduction,eCommerce,eCommerce,2010,2010-06-01T12:00:00Z,comment,UgiG2-gYZhBNlngCoAEC.8IyWl1--ybZ9WFvqomq8_Q,UgiG2-gYZhBNlngCoAEC,TRUE
pDcGQmI_7Uk,2019-06-05T00:05:54Z,5761,39,0,27,Mauremys_reevesii,Spain,Herptiles,alien,acuario,Post-Introduction,eCommerce,eCommerce,2016,2016-06-01T12:00:00Z,comment,Ugwyxdex7cDcuERvq3V4AaABAg,,FALSE
pDcGQmI_7Uk,2018-02-27T13:18:38Z,5761,39,0,27,Mauremys_reevesii,Spain,Herptiles,alien,cara,Post-Introduction,eCommerce,eCommerce,2016,2016-06-01T12:00:00Z,comment,UgxSRX53ZXfKVFc_u_N4AaABAg,,FALSE
pDcGQmI_7Uk,2015-09-05T10:28:32Z,5761,39,0,27,Mauremys_reevesii,Spain,Herptiles,alien,acuario,Pre-Introduction,eCommerce,eCommerce,2016,2016-06-01T12:00:00Z,comment,Ugiaw_zgm76U2ngCoAEC.83gl-ZsDmJH7-IUGwlU5b8,Ugiaw_zgm76U2ngCoAEC,TRUE
RU40mYN_PYw,2019-09-18T09:54:01Z,3551,114,0,37,Mauremys_reevesii,Spain,Herptiles,alien,compra,Post-Introduction,eCommerce,eCommerce,2016,2016-06-01T12:00:00Z,comment,Ugx1kxUyJiUtis6dBrd4AaABAg,,FALSE
RU40mYN_PYw,2019-09-18T11:10:22Z,3551,114,0,37,Mauremys_reevesii,Spain,Herptiles,alien,tienda,Post-Introduction,eCommerce,eCommerce,2016,2016-06-01T12:00:00Z,comment,Ugx1kxUyJiUtis6dBrd4AaABAg.9-0aUPOs_Ae9-0jDcFOlzU,Ugx1kxUyJiUtis6dBrd4AaABAg,TRUE
2-nezBeCSNg,2020-04-30T14:34:34Z,839,28,0,17,Mauremys_reevesii,Spain,Herptiles,alien,peligro,Post-Introduction,Threat,Threat,2016,2016-06-01T12:00:00Z,comment,UgyBKDHa1w6m9G8wCBR4AaABAg,,FALSE
2-nezBeCSNg,2020-04-30T14:34:34Z,839,28,0,17,Mauremys_reevesii,Spain,Herptiles,alien,extincion,Post-Introduction,Threat,Threat,2016,2016-06-01T12:00:00Z,comment,UgyBKDHa1w6m9G8wCBR4AaABAg,,FALSE
2-nezBeCSNg,2020-04-30T14:43:26Z,839,28,0,17,Mauremys_reevesii,Spain,Herptiles,alien,peligro,Post-Introduction,Threat,Threat,2016,2016-06-01T12:00:00Z,comment,UgzdcMrSh3vdvXlw6aV4AaABAg.984SgwDCJdP984TT56QepN,UgzdcMrSh3vdvXlw6aV4AaABAg,TRUE
2-nezBeCSNg,2020-04-30T14:43:26Z,839,28,0,17,Mauremys_reevesii,Spain,Herptiles,alien,extincion,Post-Introduction,Threat,Threat,2016,2016-06-01T12:00:00Z,comment,UgzdcMrSh3vdvXlw6aV4AaABAg.984SgwDCJdP984TT56QepN,UgzdcMrSh3vdvXlw6aV4AaABAg,TRUE
2-nezBeCSNg,2020-04-30T14:43:26Z,839,28,0,17,Mauremys_reevesii,Spain,Herptiles,alien,encontrado,Post-Introduction,Detection,Detection,2016,2016-06-01T12:00:00Z,comment,UgzdcMrSh3vdvXlw6aV4AaABAg.984SgwDCJdP984TT56QepN,UgzdcMrSh3vdvXlw6aV4AaABAg,TRUE
2-nezBeCSNg,2020-04-30T14:43:26Z,839,28,0,17,Mauremys_reevesii,Spain,Herptiles,alien,prohibida,Post-Introduction,eCommerce,eCommerce,2016,2016-06-01T12:00:00Z,comment,UgzdcMrSh3vdvXlw6aV4AaABAg.984SgwDCJdP984TT56QepN,UgzdcMrSh3vdvXlw6aV4AaABAg,TRUE
2-nezBeCSNg,2020-04-30T14:43:26Z,839,28,0,17,Mauremys_reevesii,Spain,Herptiles,alien,encontramos,Post-Introduction,Detection,Detection,2016,2016-06-01T12:00:00Z,comment,UgzdcMrSh3vdvXlw6aV4AaABAg.984SgwDCJdP984TT56QepN,UgzdcMrSh3vdvXlw6aV4AaABAg,TRUE
mB9B4wWlEak,2020-04-26T03:21:44Z,7420,49,0,26,Mauremys_reevesii,Spain,Herptiles,alien,comprado,Post-Introduction,eCommerce,eCommerce,2016,2016-06-01T12:00:00Z,comment,UgxHVdwhbVxXrRSpJtZ4AaABAg,,FALSE
mB9B4wWlEak,2020-04-26T03:21:44Z,7420,49,0,26,Mauremys_reevesii,Spain,Herptiles,alien,acuario,Post-Introduction,eCommerce,eCommerce,2016,2016-06-01T12:00:00Z,comment,UgxHVdwhbVxXrRSpJtZ4AaABAg,,FALSE
mB9B4wWlEak,2016-10-21T18:59:46Z,7420,49,0,26,Mauremys_reevesii,Spain,Herptiles,alien,visto,Post-Introduction,Detection,Detection,2016,2016-06-01T12:00:00Z,comment,UgiSwtBNRPYpWXgCoAEC,,FALSE
Qxhlv5e2ZV0,2015-06-25T17:12:50Z,2993,37,0,5,Mauremys_reevesii,Spain,Herptiles,alien,comprar,Pre-Introduction,eCommerce,eCommerce,2016,2016-06-01T12:00:00Z,comment,UghzZaovRvgMrHgCoAEC,,FALSE
xbm3Aa_LSbQ,2017-09-17T19:00:37Z,3799,119,0,61,Mauremys_reevesii,Spain,Herptiles,alien,aquario,Post-Introduction,eCommerce,eCommerce,2016,2016-06-01T12:00:00Z,comment,Ugy2Y6MWe5ShWBK9Ym54AaABAg,,FALSE
xbm3Aa_LSbQ,2019-07-20T21:54:03Z,3799,119,0,61,Mauremys_reevesii,Spain,Herptiles,alien,acuario,Post-Introduction,eCommerce,eCommerce,2016,2016-06-01T12:00:00Z,comment,UgxuP18iZSnz8Dul4jB4AaABAg.8x_ozj6P9dq8xcOBY1n4S7,UgxuP18iZSnz8Dul4jB4AaABAg,TRUE
xbm3Aa_LSbQ,2017-09-20T22:20:05Z,3799,119,0,61,Mauremys_reevesii,Spain,Herptiles,alien,riesgo,Post-Introduction,Threat,Threat,2016,2016-06-01T12:00:00Z,comment,Ugzhx8Wb6z5A9q0Ht6N4AaABAg.8XkLKlJVbni8XkO9p6vuNN,Ugzhx8Wb6z5A9q0Ht6N4AaABAg,TRUE
xbm3Aa_LSbQ,2017-10-19T16:12:09Z,3799,119,0,61,Mauremys_reevesii,Spain,Herptiles,alien,peligroso,Post-Introduction,Threat,Threat,2016,2016-06-01T12:00:00Z,comment,Ugzhx8Wb6z5A9q0Ht6N4AaABAg.8XkLKlJVbni8YuP6L4S7RE,Ugzhx8Wb6z5A9q0Ht6N4AaABAg,TRUE
xbm3Aa_LSbQ,2017-09-17T21:01:03Z,3799,119,0,61,Mauremys_reevesii,Spain,Herptiles,alien,pecera,Post-Introduction,eCommerce,eCommerce,2016,2016-06-01T12:00:00Z,comment,UgwcnaZeeY7w1EcY1mF4AaABAg.8XcRZrmlyd88XcWjJNoIkb,UgwcnaZeeY7w1EcY1mF4AaABAg,TRUE
xbm3Aa_LSbQ,2017-09-17T19:49:30Z,3799,119,0,61,Mauremys_reevesii,Spain,Herptiles,alien,acuario,Post-Introduction,eCommerce,eCommerce,2016,2016-06-01T12:00:00Z,comment,Ugx1bumIkU3BeFjZvvh4AaABAg.8XcOEBKp35M8XcOYCVUBux,Ugx1bumIkU3BeFjZvvh4AaABAg,TRUE
xbm3Aa_LSbQ,2017-09-17T19:21:47Z,3799,119,0,61,Mauremys_reevesii,Spain,Herptiles,alien,exotica,Post-Introduction,Invasion,Invasion,2016,2016-06-01T12:00:00Z,comment,Ugy2Y6MWe5ShWBK9Ym54AaABAg.8XcIxAc3OIj8XcLNEy1eZO,Ugy2Y6MWe5ShWBK9Ym54AaABAg,TRUE
xbm3Aa_LSbQ,2017-09-17T20:46:47Z,3799,119,0,61,Mauremys_reevesii,Spain,Herptiles,alien,exotica,Post-Introduction,Invasion,Invasion,2016,2016-06-01T12:00:00Z,comment,Ugy2Y6MWe5ShWBK9Ym54AaABAg.8XcIxAc3OIj8XcV5p0XiRq,Ugy2Y6MWe5ShWBK9Ym54AaABAg,TRUE
xbm3Aa_LSbQ,2017-09-17T20:51:53Z,3799,119,0,61,Mauremys_reevesii,Spain,Herptiles,alien,acuarios,Post-Introduction,eCommerce,eCommerce,2016,2016-06-01T12:00:00Z,comment,Ugy2Y6MWe5ShWBK9Ym54AaABAg.8XcIxAc3OIj8XcVg7E0z7d,Ugy2Y6MWe5ShWBK9Ym54AaABAg,TRUE
4TF8VXr-AGI,2015-09-03T13:33:54Z,10398,65,0,33,Mauremys_reevesii,Spain,Herptiles,alien,tienda,Pre-Introduction,eCommerce,eCommerce,2016,2016-06-01T12:00:00Z,comment,UgjwXQYszAS77HgCoAEC,,FALSE
4TF8VXr-AGI,2015-09-03T22:03:38Z,10398,65,0,33,Mauremys_reevesii,Spain,Herptiles,alien,tienda,Pre-Introduction,eCommerce,eCommerce,2016,2016-06-01T12:00:00Z,comment,UgjBb5SLIPAqMHgCoAEC.83ddPfRBec57-HgpF8OpJ6,UgjBb5SLIPAqMHgCoAEC,TRUE
4TF8VXr-AGI,2015-09-03T22:03:38Z,10398,65,0,33,Mauremys_reevesii,Spain,Herptiles,alien,comprar,Pre-Introduction,eCommerce,eCommerce,2016,2016-06-01T12:00:00Z,comment,UgjBb5SLIPAqMHgCoAEC.83ddPfRBec57-HgpF8OpJ6,UgjBb5SLIPAqMHgCoAEC,TRUE
ITiOQIYGBSs,2024-04-22T16:43:31Z,2456,45,0,12,Mauremys_reevesii,Spain,Herptiles,alien,invasora,Post-Introduction,Invasion,Invasion,2016,2016-06-01T12:00:00Z,comment,Ugx97kEKg2Oj0YMZenx4AaABAg,,FALSE
ITiOQIYGBSs,2024-04-22T16:43:31Z,2456,45,0,12,Mauremys_reevesii,Spain,Herptiles,alien,visto,Post-Introduction,Detection,Detection,2016,2016-06-01T12:00:00Z,comment,Ugx97kEKg2Oj0YMZenx4AaABAg,,FALSE
ITiOQIYGBSs,2024-04-22T16:43:31Z,2456,45,0,12,Mauremys_reevesii,Spain,Herptiles,alien,visto,Post-Introduction,Detection,Detection,2016,2016-06-01T12:00:00Z,comment,Ugx97kEKg2Oj0YMZenx4AaABAg,,FALSE
ITiOQIYGBSs,2022-07-05T16:21:04Z,2456,45,0,12,Mauremys_reevesii,Spain,Herptiles,alien,adoptado,Post-Introduction,eCommerce,eCommerce,2016,2016-06-01T12:00:00Z,comment,Ugz_xnLrvTMzAGtLPRp4AaABAg,,FALSE
ITiOQIYGBSs,2022-05-10T10:24:06Z,2456,45,0,12,Mauremys_reevesii,Spain,Herptiles,alien,visto,Post-Introduction,Detection,Detection,2016,2016-06-01T12:00:00Z,comment,UgyYsIJJDLUvS2WWFZx4AaABAg,,FALSE
ITiOQIYGBSs,2022-05-10T10:24:06Z,2456,45,0,12,Mauremys_reevesii,Spain,Herptiles,alien,adoptar,Post-Introduction,eCommerce,eCommerce,2016,2016-06-01T12:00:00Z,comment,UgyYsIJJDLUvS2WWFZx4AaABAg,,FALSE
ITiOQIYGBSs,2022-05-10T10:24:06Z,2456,45,0,12,Mauremys_reevesii,Spain,Herptiles,alien,adoptar,Post-Introduction,eCommerce,eCommerce,2016,2016-06-01T12:00:00Z,comment,UgyYsIJJDLUvS2WWFZx4AaABAg,,FALSE
ITiOQIYGBSs,2022-03-27T08:20:20Z,2456,45,0,12,Mauremys_reevesii,Spain,Herptiles,alien,encontre,Post-Introduction,Detection,Detection,2016,2016-06-01T12:00:00Z,comment,UgyLkvopUQRz4iGFcq94AaABAg,,FALSE
ITiOQIYGBSs,2022-07-05T16:37:09Z,2456,45,0,12,Mauremys_reevesii,Spain,Herptiles,alien,prohibida,Post-Introduction,eCommerce,eCommerce,2016,2016-06-01T12:00:00Z,comment,UgyYsIJJDLUvS2WWFZx4AaABAg.9aqS15rpkWQ9d6JETYo8cM,UgyYsIJJDLUvS2WWFZx4AaABAg,TRUE
ITiOQIYGBSs,2022-03-27T13:52:15Z,2456,45,0,12,Mauremys_reevesii,Spain,Herptiles,alien,adopcion,Post-Introduction,eCommerce,eCommerce,2016,2016-06-01T12:00:00Z,comment,UgyLkvopUQRz4iGFcq94AaABAg.9_3vt6PlMjC9_4Ws5EZD-y,UgyLkvopUQRz4iGFcq94AaABAg,TRUE
gkqX0wtYuN0,2021-01-04T01:41:20Z,6452,181,1,54,Mauremys_reevesii,Spain,Herptiles,alien,acuario,Post-Introduction,eCommerce,eCommerce,2016,2016-06-01T12:00:00Z,comment,UgzcZVSGNummpWuBrr54AaABAg,,FALSE
gkqX0wtYuN0,2020-04-18T22:49:57Z,6452,181,0,54,Mauremys_reevesii,Spain,Herptiles,alien,visto,Post-Introduction,Detection,Detection,2016,2016-06-01T12:00:00Z,comment,UgxDY6UP0QGOXJuYNN54AaABAg,,FALSE
gkqX0wtYuN0,2020-04-18T22:49:57Z,6452,181,0,54,Mauremys_reevesii,Spain,Herptiles,alien,compre,Post-Introduction,eCommerce,eCommerce,2016,2016-06-01T12:00:00Z,comment,UgxDY6UP0QGOXJuYNN54AaABAg,,FALSE
gkqX0wtYuN0,2020-04-18T22:49:57Z,6452,181,0,54,Mauremys_reevesii,Spain,Herptiles,alien,acuario,Post-Introduction,eCommerce,eCommerce,2016,2016-06-01T12:00:00Z,comment,UgxDY6UP0QGOXJuYNN54AaABAg,,FALSE
gkqX0wtYuN0,2020-04-18T22:49:57Z,6452,181,0,54,Mauremys_reevesii,Spain,Herptiles,alien,compre,Post-Introduction,eCommerce,eCommerce,2016,2016-06-01T12:00:00Z,comment,UgxDY6UP0QGOXJuYNN54AaABAg,,FALSE
gkqX0wtYuN0,2020-04-18T22:49:57Z,6452,181,0,54,Mauremys_reevesii,Spain,Herptiles,alien,controlar,Post-Introduction,Detection,Detection,2016,2016-06-01T12:00:00Z,comment,UgxDY6UP0QGOXJuYNN54AaABAg,,FALSE
gkqX0wtYuN0,2019-12-23T21:07:40Z,6452,181,0,54,Mauremys_reevesii,Spain,Herptiles,alien,comercio,Post-Introduction,eCommerce,eCommerce,2016,2016-06-01T12:00:00Z,comment,UgyIs2YSF_sNxvu6DmZ4AaABAg,,FALSE
gkqX0wtYuN0,2019-06-02T11:00:06Z,6452,181,2,54,Mauremys_reevesii,Spain,Herptiles,alien,acuario,Post-Introduction,eCommerce,eCommerce,2016,2016-06-01T12:00:00Z,comment,UgyZ85RxsPAUKA9z71p4AaABAg,,FALSE
gkqX0wtYuN0,2019-06-01T16:53:23Z,6452,181,1,54,Mauremys_reevesii,Spain,Herptiles,alien,visto,Post-Introduction,Detection,Detection,2016,2016-06-01T12:00:00Z,comment,UgzulBXYOe9DmXVcdu94AaABAg,,FALSE
gkqX0wtYuN0,2019-06-01T14:11:02Z,6452,181,1,54,Mauremys_reevesii,Spain,Herptiles,alien,acuario,Post-Introduction,eCommerce,eCommerce,2016,2016-06-01T12:00:00Z,comment,Ugz7hxq1ESeiqYRoH9F4AaABAg,,FALSE
gkqX0wtYuN0,2019-06-03T08:42:10Z,6452,181,0,54,Mauremys_reevesii,Spain,Herptiles,alien,visto,Post-Introduction,Detection,Detection,2016,2016-06-01T12:00:00Z,comment,UgzBMWj0ONfihLChmoV4AaABAg.8vcyGfomt6b8vhxCYQTiGl,UgzBMWj0ONfihLChmoV4AaABAg,TRUE
gkqX0wtYuN0,2019-06-02T13:20:12Z,6452,181,1,54,Mauremys_reevesii,Spain,Herptiles,alien,visto,Post-Introduction,Detection,Detection,2016,2016-06-01T12:00:00Z,comment,Ugx4iMDjh4xrEavdK1x4AaABAg.8vfqg9vcGws8vfsE5_J5t7,Ugx4iMDjh4xrEavdK1x4AaABAg,TRUE
gkqX0wtYuN0,2019-06-02T11:04:06Z,6452,181,1,54,Mauremys_reevesii,Spain,Herptiles,alien,tienda,Post-Introduction,eCommerce,eCommerce,2016,2016-06-01T12:00:00Z,comment,UgyZ85RxsPAUKA9z71p4AaABAg.8vfcBsMI5rV8vfceAFZwvT,UgyZ85RxsPAUKA9z71p4AaABAg,TRUE
DXuCCqL-_B4,2020-01-25T13:08:54Z,658,35,0,14,Mauremys_reevesii,Spain,Herptiles,alien,mascota,Post-Introduction,eCommerce,eCommerce,2016,2016-06-01T12:00:00Z,comment,UgyjS_HGY2fD0D1jBux4AaABAg.94CxlKRF26l94D6KfehTH5,UgyjS_HGY2fD0D1jBux4AaABAg,TRUE
UkEd6ICtoBc,2024-07-22T20:51:17Z,6547,90,0,54,Mauremys_sinensis,Spain,Herptiles,alien,acuario,Post-Introduction,eCommerce,eCommerce,2014,2014-06-01T12:00:00Z,comment,UgzURd9pokjLtW0YbW54AaABAg,,FALSE
UkEd6ICtoBc,2023-10-05T20:01:38Z,6547,90,0,54,Mauremys_sinensis,Spain,Herptiles,alien,mascota,Post-Introduction,eCommerce,eCommerce,2014,2014-06-01T12:00:00Z,comment,UgxuNTtdL2zy6ZRGIMN4AaABAg,,FALSE
UkEd6ICtoBc,2023-10-05T20:01:38Z,6547,90,0,54,Mauremys_sinensis,Spain,Herptiles,alien,vista,Post-Introduction,Detection,Detection,2014,2014-06-01T12:00:00Z,comment,UgxuNTtdL2zy6ZRGIMN4AaABAg,,FALSE
UkEd6ICtoBc,2021-06-15T20:06:26Z,6547,90,0,54,Mauremys_sinensis,Spain,Herptiles,alien,hibridacion,Post-Introduction,Threat,Threat,2014,2014-06-01T12:00:00Z,comment,UgyyfcFhE3Q83T7zvpF4AaABAg,,FALSE
UkEd6ICtoBc,2021-02-18T13:39:33Z,6547,90,2,54,Mauremys_sinensis,Spain,Herptiles,alien,acuario,Post-Introduction,eCommerce,eCommerce,2014,2014-06-01T12:00:00Z,comment,Ugw5NEhOitODUzfAr7N4AaABAg,,FALSE
UkEd6ICtoBc,2020-09-21T22:50:34Z,6547,90,3,54,Mauremys_sinensis,Spain,Herptiles,alien,terrario,Post-Introduction,eCommerce,eCommerce,2014,2014-06-01T12:00:00Z,comment,Ugw5J5rBwQ25qCZB7Xp4AaABAg,,FALSE
UkEd6ICtoBc,2020-07-02T11:53:37Z,6547,90,3,54,Mauremys_sinensis,Spain,Herptiles,alien,costo,Post-Introduction,eCommerce,eCommerce,2014,2014-06-01T12:00:00Z,comment,UgwRkAznCXDeOgdb-NV4AaABAg,,FALSE
UkEd6ICtoBc,2020-07-02T11:53:37Z,6547,90,3,54,Mauremys_sinensis,Spain,Herptiles,alien,costo,Post-Introduction,eCommerce,eCommerce,2014,2014-06-01T12:00:00Z,comment,UgwRkAznCXDeOgdb-NV4AaABAg,,FALSE
UkEd6ICtoBc,2020-05-15T20:13:46Z,6547,90,11,54,Mauremys_sinensis,Spain,Herptiles,alien,compre,Post-Introduction,eCommerce,eCommerce,2014,2014-06-01T12:00:00Z,comment,Ugw6zhljULiXJ_Rz0yJ4AaABAg,,FALSE
UkEd6ICtoBc,2021-06-12T20:28:26Z,6547,90,1,54,Mauremys_sinensis,Spain,Herptiles,alien,terrario,Post-Introduction,eCommerce,eCommerce,2014,2014-06-01T12:00:00Z,comment,UgwkYiHp-hJgKKvQafh4AaABAg.9Njgps_1sLb9OVeGunlXtb,UgwkYiHp-hJgKKvQafh4AaABAg,TRUE
UkEd6ICtoBc,2021-06-12T20:28:26Z,6547,90,1,54,Mauremys_sinensis,Spain,Herptiles,alien,acuario,Post-Introduction,eCommerce,eCommerce,2014,2014-06-01T12:00:00Z,comment,UgwkYiHp-hJgKKvQafh4AaABAg.9Njgps_1sLb9OVeGunlXtb,UgwkYiHp-hJgKKvQafh4AaABAg,TRUE
UkEd6ICtoBc,2021-09-15T12:56:37Z,6547,90,0,54,Mauremys_sinensis,Spain,Herptiles,alien,adoptar,Post-Introduction,eCommerce,eCommerce,2014,2014-06-01T12:00:00Z,comment,UgxqnYxGWb7uDXtwAAd4AaABAg.9LQcYOgiPgw9SJT4pmJ-1G,UgxqnYxGWb7uDXtwAAd4AaABAg,TRUE
UkEd6ICtoBc,2021-09-15T12:56:37Z,6547,90,0,54,Mauremys_sinensis,Spain,Herptiles,alien,acuario,Post-Introduction,eCommerce,eCommerce,2014,2014-06-01T12:00:00Z,comment,UgxqnYxGWb7uDXtwAAd4AaABAg.9LQcYOgiPgw9SJT4pmJ-1G,UgxqnYxGWb7uDXtwAAd4AaABAg,TRUE
UkEd6ICtoBc,2020-06-07T20:59:36Z,6547,90,0,54,Mauremys_sinensis,Spain,Herptiles,alien,tienda,Post-Introduction,eCommerce,eCommerce,2014,2014-06-01T12:00:00Z,comment,UgwRDKIpzOdJ4rkEJFp4AaABAg.98ggE3FhtjU99bziTnTR5L,UgwRDKIpzOdJ4rkEJFp4AaABAg,TRUE
UkEd6ICtoBc,2020-06-07T21:17:26Z,6547,90,0,54,Mauremys_sinensis,Spain,Herptiles,alien,mascota,Post-Introduction,eCommerce,eCommerce,2014,2014-06-01T12:00:00Z,comment,UgwRDKIpzOdJ4rkEJFp4AaABAg.98ggE3FhtjU99c0l2lm3zX,UgwRDKIpzOdJ4rkEJFp4AaABAg,TRUE
UkEd6ICtoBc,2020-06-07T21:17:26Z,6547,90,0,54,Mauremys_sinensis,Spain,Herptiles,alien,riesgo,Post-Introduction,Threat,Threat,2014,2014-06-01T12:00:00Z,comment,UgwRDKIpzOdJ4rkEJFp4AaABAg.98ggE3FhtjU99c0l2lm3zX,UgwRDKIpzOdJ4rkEJFp4AaABAg,TRUE
UkEd6ICtoBc,2020-06-07T21:17:26Z,6547,90,0,54,Mauremys_sinensis,Spain,Herptiles,alien,contagio,Post-Introduction,Threat,Threat,2014,2014-06-01T12:00:00Z,comment,UgwRDKIpzOdJ4rkEJFp4AaABAg.98ggE3FhtjU99c0l2lm3zX,UgwRDKIpzOdJ4rkEJFp4AaABAg,TRUE
GWdFKd9DYsU,2020-01-10T13:38:18Z,14909,24,0,2,Mnemiopsis_leidyi,Spain,Non-arthropod invertebrates,established,alien,Post-Introduction,Invasion,Invasion,2009,2009-06-01T12:00:00Z,comment,UgzPd-rpP7KB8nJjfud4AaABAg,,FALSE
GWdFKd9DYsU,2020-01-10T13:38:18Z,14909,24,0,2,Mnemiopsis_leidyi,Spain,Non-arthropod invertebrates,established,alien,Post-Introduction,Invasion,Invasion,2009,2009-06-01T12:00:00Z,comment,UgzPd-rpP7KB8nJjfud4AaABAg,,FALSE
Aiuz7tB6lno,2024-07-26T03:48:42Z,9524,751,3,28,Paratrechina_jaegerskioeldi,Portugal,Insects,established,extendido,Post-Introduction,Invasion,Invasion,2012,2012-06-01T12:00:00Z,comment,UgwwSAHje0bUSyqcPRN4AaABAg,,FALSE
Aiuz7tB6lno,2024-07-28T06:44:58Z,9524,751,2,28,Paratrechina_jaegerskioeldi,Portugal,Insects,established,extendido,Post-Introduction,Invasion,Invasion,2012,2012-06-01T12:00:00Z,comment,UgwwSAHje0bUSyqcPRN4AaABAg.A6LH3yp8GvEA6QjprLqjzU,UgwwSAHje0bUSyqcPRN4AaABAg,TRUE
Aiuz7tB6lno,2024-07-28T06:44:58Z,9524,751,2,28,Paratrechina_jaegerskioeldi,Portugal,Insects,established,extension,Post-Introduction,Invasion,Invasion,2012,2012-06-01T12:00:00Z,comment,UgwwSAHje0bUSyqcPRN4AaABAg.A6LH3yp8GvEA6QjprLqjzU,UgwwSAHje0bUSyqcPRN4AaABAg,TRUE
Aiuz7tB6lno,2025-01-07T01:01:15Z,9524,751,0,28,Paratrechina_jaegerskioeldi,Portugal,Insects,established,visto,Post-Introduction,Detection,Detection,2012,2012-06-01T12:00:00Z,comment,UgyIBnFRtK1TWavcYK14AaABAg.A6JNQrhrl-lACyq40AbmqD,UgyIBnFRtK1TWavcYK14AaABAg,TRUE
Aiuz7tB6lno,2025-02-22T18:12:51Z,9524,751,0,28,Paratrechina_jaegerskioeldi,Portugal,Insects,established,extendido,Post-Introduction,Invasion,Invasion,2012,2012-06-01T12:00:00Z,comment,UgyIBnFRtK1TWavcYK14AaABAg.A6JNQrhrl-lAEr7guzJLnT,UgyIBnFRtK1TWavcYK14AaABAg,TRUE
Aiuz7tB6lno,2025-02-22T18:12:51Z,9524,751,0,28,Paratrechina_jaegerskioeldi,Portugal,Insects,established,extendido,Post-Introduction,Invasion,Invasion,2012,2012-06-01T12:00:00Z,comment,UgyIBnFRtK1TWavcYK14AaABAg.A6JNQrhrl-lAEr7guzJLnT,UgyIBnFRtK1TWavcYK14AaABAg,TRUE
Aiuz7tB6lno,2024-07-28T06:35:11Z,9524,751,1,28,Paratrechina_jaegerskioeldi,Portugal,Insects,established,plaga,Post-Introduction,Invasion,Invasion,2012,2012-06-01T12:00:00Z,comment,UgxtK1l4sHhN_Kp0yst4AaABAg.A6JN8BDruFAA6QiiAz1zAD,UgxtK1l4sHhN_Kp0yst4AaABAg,TRUE
NB2zdNWPFzE,2025-05-29T14:58:14Z,6154,81,0,4,Paratrechina_jaegerskioeldi,Portugal,Insects,established,letal,Post-Introduction,Threat,Threat,2012,2012-06-01T12:00:00Z,comment,UgytdU6FW61UbVRPTyN4AaABAg,,FALSE
iRgJ04t7LEQ,2024-03-24T16:00:04Z,2099,22,1,9,Paratrechina_jaegerskioeldi,Portugal,Insects,established,plagas,Post-Introduction,Invasion,Invasion,2012,2012-06-01T12:00:00Z,comment,Ugz1uC9iMdcxF8t_nxl4AaABAg,,FALSE
mrqr_1pRFUo,2024-05-19T19:13:23Z,81,12,0,1,Paratrechina_jaegerskioeldi,Portugal,Insects,established,amenaza,Post-Introduction,Threat,Threat,2012,2012-06-01T12:00:00Z,comment,UgznezyQMqu2iXBx9-x4AaABAg,,FALSE
_HU-WEP6Gxs,2020-07-18T14:36:57Z,709,48,1,14,Paratrechina_jaegerskioeldi,Portugal,Insects,established,terrario,Post-Introduction,eCommerce,eCommerce,2012,2012-06-01T12:00:00Z,comment,Ugy7NILdUXh-GgMUba14AaABAg,,FALSE
_HU-WEP6Gxs,2019-09-14T20:15:58Z,709,48,0,14,Paratrechina_jaegerskioeldi,Portugal,Insects,established,visto,Post-Introduction,Detection,Detection,2012,2012-06-01T12:00:00Z,comment,UgwWa_MdTKVGs62MZw14AaABAg,,FALSE
_HU-WEP6Gxs,2019-09-14T20:23:38Z,709,48,1,14,Paratrechina_jaegerskioeldi,Portugal,Insects,established,comprar,Post-Introduction,eCommerce,eCommerce,2012,2012-06-01T12:00:00Z,comment,UgwWa_MdTKVGs62MZw14AaABAg.8zsPUCUphQr8zsQMIVtnE6,UgwWa_MdTKVGs62MZw14AaABAg,TRUE
iQpwfAFZKak,2020-11-19T05:35:14Z,2514,72,0,28,Paratrechina_jaegerskioeldi,Portugal,Insects,established,invasoras,Post-Introduction,Invasion,Invasion,2012,2012-06-01T12:00:00Z,comment,UgxTbLofqlxNUlnI24x4AaABAg,,FALSE
iQpwfAFZKak,2020-05-18T01:26:49Z,2514,72,0,28,Paratrechina_jaegerskioeldi,Portugal,Insects,established,encontre,Post-Introduction,Detection,Detection,2012,2012-06-01T12:00:00Z,comment,UgyQliZTqwbXVTniARt4AaABAg,,FALSE
iQpwfAFZKak,2020-11-19T13:33:59Z,2514,72,0,28,Paratrechina_jaegerskioeldi,Portugal,Insects,established,invasora,Post-Introduction,Invasion,Invasion,2012,2012-06-01T12:00:00Z,comment,UgxTbLofqlxNUlnI24x4AaABAg.9GEC5VwNAgb9GF2swtjcxy,UgxTbLofqlxNUlnI24x4AaABAg,TRUE
iQpwfAFZKak,2019-07-01T21:21:40Z,2514,72,1,28,Paratrechina_jaegerskioeldi,Portugal,Insects,established,tienda,Post-Introduction,eCommerce,eCommerce,2012,2012-06-01T12:00:00Z,comment,Ugw2slvlYZTUlU6sHvt4AaABAg.8wrP1kTuzdw8wrPNpJnP77,Ugw2slvlYZTUlU6sHvt4AaABAg,TRUE
vqRQpwHUXbo,2020-03-19T08:35:18Z,1434,43,0,11,Pelodiscus_sinensis,Portugal,Herptiles,alien,acuario,Post-Introduction,eCommerce,eCommerce,2019,2019-06-01T12:00:00Z,comment,UgyRieSwuSCNB_sBcuV4AaABAg,,FALSE
vqRQpwHUXbo,2019-05-24T17:09:10Z,1434,43,0,11,Pelodiscus_sinensis,Portugal,Herptiles,alien,tienda,Pre-Introduction,eCommerce,eCommerce,2019,2019-06-01T12:00:00Z,comment,UgytACa9Z8cWyCZwwZp4AaABAg,,FALSE
vqRQpwHUXbo,2019-05-24T18:07:18Z,1434,43,1,11,Pelodiscus_sinensis,Portugal,Herptiles,alien,acuario,Pre-Introduction,eCommerce,eCommerce,2019,2019-06-01T12:00:00Z,comment,UgzUKMOJG4JE8_5Rolp4AaABAg.8vKC03z60UJ8vKCvxzc04V,UgzUKMOJG4JE8_5Rolp4AaABAg,TRUE
4zqbuSXlsy0,2012-11-07T21:25:55Z,2562,5,0,3,Pelodiscus_sinensis,Portugal,Herptiles,alien,visto,Pre-Introduction,Detection,Detection,2019,2019-06-01T12:00:00Z,comment,Ugxh_mzs5dyA7G8um9h4AaABAg,,FALSE
elWQy4ImUCg,2019-05-20T13:24:12Z,1571,19,1,2,Perca_fluviatilis,Portugal,Fishes,established,comprar,Post-Introduction,eCommerce,eCommerce,2015,2015-06-01T12:00:00Z,comment,UgzvwlYnnn2GwAuj0Nh4AaABAg,,FALSE
Tzoip14mpes,2020-04-15T21:03:01Z,2554,48,3,16,Perca_fluviatilis,Portugal,Fishes,established,captura,Post-Introduction,Detection,Detection,2015,2015-06-01T12:00:00Z,comment,UgyWv-7ArSIPv3qBQ-F4AaABAg,,FALSE
Tzoip14mpes,2020-04-15T19:05:06Z,2554,48,1,16,Perca_fluviatilis,Portugal,Fishes,established,reciente,Post-Introduction,Detection,Detection,2015,2015-06-01T12:00:00Z,comment,UgyprQmZxeNraOzB7Md4AaABAg.97UInzFSP9z97UJUMpM69E,UgyprQmZxeNraOzB7Md4AaABAg,TRUE
2rOiw2jZR7w,2024-04-23T21:37:53Z,828,27,0,26,Perca_fluviatilis,Portugal,Fishes,established,caro,Post-Introduction,eCommerce,eCommerce,2015,2015-06-01T12:00:00Z,comment,UgwB_e4y7HeM5hiUv-F4AaABAg,,FALSE
2rOiw2jZR7w,2024-12-06T22:46:50Z,828,27,0,26,Perca_fluviatilis,Portugal,Fishes,established,caro,Post-Introduction,eCommerce,eCommerce,2015,2015-06-01T12:00:00Z,comment,UgxfeYROsWo1pKO03Vp4AaABAg.ABilKMkzCo7ABim2NtnuuQ,UgxfeYROsWo1pKO03Vp4AaABAg,TRUE
2rOiw2jZR7w,2024-04-26T22:15:22Z,828,27,1,26,Perca_fluviatilis,Portugal,Fishes,established,capturas,Post-Introduction,Detection,Detection,2015,2015-06-01T12:00:00Z,comment,UgwdtQPsFaizOhWhXFp4AaABAg.A2aYchrPmGBA2hwNqaeXyI,UgwdtQPsFaizOhWhXFp4AaABAg,TRUE
2rOiw2jZR7w,2024-04-26T22:25:39Z,828,27,0,26,Perca_fluviatilis,Portugal,Fishes,established,caro,Post-Introduction,eCommerce,eCommerce,2015,2015-06-01T12:00:00Z,comment,UgwNNh_UY1mKsOVVhu54AaABAg.A2a5Vhfi1uIA2hxZF3TUrl,UgwNNh_UY1mKsOVVhu54AaABAg,TRUE
L4mh404huZo,2022-11-23T21:28:24Z,645,22,1,16,Perca_fluviatilis,Portugal,Fishes,established,caro,Post-Introduction,eCommerce,eCommerce,2015,2015-06-01T12:00:00Z,comment,Ugxh4A_QV5p1oN6jfMx4AaABAg.9imbzOfPcb69imtdtnlwdU,Ugxh4A_QV5p1oN6jfMx4AaABAg,TRUE
L4mh404huZo,2022-11-22T23:16:13Z,645,22,0,16,Perca_fluviatilis,Portugal,Fishes,established,caro,Post-Introduction,eCommerce,eCommerce,2015,2015-06-01T12:00:00Z,comment,Ugw6qZG_dWmA3yGVobd4AaABAg.9ikV-84i6gs9ikWBhYWFHZ,Ugw6qZG_dWmA3yGVobd4AaABAg,TRUE
7et5FszBQcE,2022-10-22T16:23:54Z,285,18,0,14,Perca_fluviatilis,Portugal,Fishes,established,caro,Post-Introduction,eCommerce,eCommerce,2015,2015-06-01T12:00:00Z,comment,UgwzZr4qGGgjkDLSpT54AaABAg.9hUKILvfceU9hUxMiPPuef,UgwzZr4qGGgjkDLSpT54AaABAg,TRUE
I50REG4V6Ag,2024-12-22T19:45:56Z,396,27,0,21,Perca_fluviatilis,Portugal,Fishes,established,caro,Post-Introduction,eCommerce,eCommerce,2015,2015-06-01T12:00:00Z,comment,UgxThA-0j4enc3WA8ZR4AaABAg,,FALSE
I50REG4V6Ag,2025-03-01T17:21:40Z,396,27,0,21,Perca_fluviatilis,Portugal,Fishes,established,caro,Post-Introduction,eCommerce,eCommerce,2015,2015-06-01T12:00:00Z,comment,UgwwDa28XBBI-YdPT9V4AaABAg.AF81ik90K_JAF83PBeCmy-,UgwwDa28XBBI-YdPT9V4AaABAg,TRUE
I50REG4V6Ag,2024-12-22T22:37:54Z,396,27,0,21,Perca_fluviatilis,Portugal,Fishes,established,encontramos,Post-Introduction,Detection,Detection,2015,2015-06-01T12:00:00Z,comment,UgxThA-0j4enc3WA8ZR4AaABAg.ACMe3MhT-DJACMxjyTHplD,UgxThA-0j4enc3WA8ZR4AaABAg,TRUE
I50REG4V6Ag,2024-12-21T18:37:39Z,396,27,0,21,Perca_fluviatilis,Portugal,Fishes,established,caro,Post-Introduction,eCommerce,eCommerce,2015,2015-06-01T12:00:00Z,comment,UgzaMzcK8ec2YpPsQsJ4AaABAg.ACFgwwPfSPaACJxSMsy62Y,UgzaMzcK8ec2YpPsQsJ4AaABAg,TRUE
I50REG4V6Ag,2024-12-18T18:07:48Z,396,27,0,21,Perca_fluviatilis,Portugal,Fishes,established,caro,Post-Introduction,eCommerce,eCommerce,2015,2015-06-01T12:00:00Z,comment,UgyZd6bnOeTlij6o_Dl4AaABAg.ACB3b2Gi49fACCAeCdfrY3,UgyZd6bnOeTlij6o_Dl4AaABAg,TRUE
I50REG4V6Ag,2024-12-18T18:11:10Z,396,27,0,21,Perca_fluviatilis,Portugal,Fishes,established,caro,Post-Introduction,eCommerce,eCommerce,2015,2015-06-01T12:00:00Z,comment,UgwFweomU-rLJ5xZHg54AaABAg.AC9pAdyjak4ACCB1rsGT4o,UgwFweomU-rLJ5xZHg54AaABAg,TRUE
g2CY-T4EGjQ,2022-06-08T05:59:56Z,908,19,0,11,Perca_fluviatilis,Portugal,Fishes,established,capturar,Post-Introduction,Detection,Detection,2015,2015-06-01T12:00:00Z,comment,UgyVsJnA_D34qJdz8gd4AaABAg,,FALSE
g2CY-T4EGjQ,2022-06-07T20:05:14Z,908,19,1,11,Perca_fluviatilis,Portugal,Fishes,established,invasoras,Post-Introduction,Invasion,Invasion,2015,2015-06-01T12:00:00Z,comment,UgzkfWKng8kK62wqoFV4AaABAg,,FALSE
g2CY-T4EGjQ,2022-06-10T21:49:12Z,908,19,0,11,Perca_fluviatilis,Portugal,Fishes,established,caro,Post-Introduction,eCommerce,eCommerce,2015,2015-06-01T12:00:00Z,comment,UgxVEoSB0sADlX1q4iR4AaABAg.9c6NiubCm729c6V473OLt_,UgxVEoSB0sADlX1q4iR4AaABAg,TRUE
g2CY-T4EGjQ,2022-06-07T20:29:04Z,908,19,0,11,Perca_fluviatilis,Portugal,Fishes,established,caro,Post-Introduction,eCommerce,eCommerce,2015,2015-06-01T12:00:00Z,comment,UgzkfWKng8kK62wqoFV4AaABAg.9bz_mwpZIFA9bzcWTubX2f,UgzkfWKng8kK62wqoFV4AaABAg,TRUE
SbRJ-GyVwY4,2022-06-15T08:28:41Z,884,20,0,12,Perca_fluviatilis,Portugal,Fishes,established,capturas,Post-Introduction,Detection,Detection,2015,2015-06-01T12:00:00Z,comment,UgxpChe8ijhDlnS6E-l4AaABAg,,FALSE
SbRJ-GyVwY4,2022-06-15T08:28:41Z,884,20,0,12,Perca_fluviatilis,Portugal,Fishes,established,captura,Post-Introduction,Detection,Detection,2015,2015-06-01T12:00:00Z,comment,UgxpChe8ijhDlnS6E-l4AaABAg,,FALSE
SbRJ-GyVwY4,2022-06-15T08:49:01Z,884,20,1,12,Perca_fluviatilis,Portugal,Fishes,established,caro,Post-Introduction,eCommerce,eCommerce,2015,2015-06-01T12:00:00Z,comment,UgxpChe8ijhDlnS6E-l4AaABAg.9cHwRGMDKEq9cHylCFiRjw,UgxpChe8ijhDlnS6E-l4AaABAg,TRUE
SbRJ-GyVwY4,2022-06-14T21:12:19Z,884,20,1,12,Perca_fluviatilis,Portugal,Fishes,established,caro,Post-Introduction,eCommerce,eCommerce,2015,2015-06-01T12:00:00Z,comment,UgzH5nE_5XWR5wwq0Nt4AaABAg.9cGhUbHQaRh9cGj1MYMpnP,UgzH5nE_5XWR5wwq0Nt4AaABAg,TRUE
SbRJ-GyVwY4,2022-06-14T20:43:41Z,884,20,0,12,Perca_fluviatilis,Portugal,Fishes,established,caro,Post-Introduction,eCommerce,eCommerce,2015,2015-06-01T12:00:00Z,comment,Ugw4tFp70tPx83oCppZ4AaABAg.9cGarI_OQQG9cGfkhUGonM,Ugw4tFp70tPx83oCppZ4AaABAg,TRUE
c_uw_13XCSY,2024-12-23T11:29:48Z,137,22,1,10,Perca_fluviatilis,Portugal,Fishes,established,caro,Post-Introduction,eCommerce,eCommerce,2015,2015-06-01T12:00:00Z,comment,UgxYCzNInAfLhVEA3ad4AaABAg.ACN53FHSEYBACOL4WgY3gl,UgxYCzNInAfLhVEA3ad4AaABAg,TRUE
Y7tnHlZK7Qc,2022-07-19T22:49:48Z,244,21,0,12,Perca_fluviatilis,Portugal,Fishes,established,caro,Post-Introduction,eCommerce,eCommerce,2015,2015-06-01T12:00:00Z,comment,UgxW-z5qETNf4-MXAiF4AaABAg.9dfw7NH4dse9dg1-yyVdXo,UgxW-z5qETNf4-MXAiF4AaABAg,TRUE
3XwNFjo1YQE,2024-12-10T18:36:33Z,221,23,0,20,Perca_fluviatilis,Portugal,Fishes,established,caro,Post-Introduction,eCommerce,eCommerce,2015,2015-06-01T12:00:00Z,comment,Ugyuxp7TDR-AUbzk5WV4AaABAg.ABsbujGrQzmABsc_glOhZR,Ugyuxp7TDR-AUbzk5WV4AaABAg,TRUE
a5JAOUJ1Ujs,2019-11-11T22:20:35Z,559,19,1,6,Perca_fluviatilis,Portugal,Fishes,established,capturas,Post-Introduction,Detection,Detection,2015,2015-06-01T12:00:00Z,comment,UgzOy5TU0nRGRa_ZN8V4AaABAg,,FALSE
kHvQk-VdLzo,2020-10-18T06:58:36Z,585,33,1,20,Perca_fluviatilis,Portugal,Fishes,established,visto,Post-Introduction,Detection,Detection,2015,2015-06-01T12:00:00Z,comment,Ugzlj4oDyy4FYL0u0dZ4AaABAg,,FALSE
kHvQk-VdLzo,2020-10-17T17:07:17Z,585,33,1,20,Perca_fluviatilis,Portugal,Fishes,established,capturas,Post-Introduction,Detection,Detection,2015,2015-06-01T12:00:00Z,comment,UgyEhRdkJR9ilaQzCFl4AaABAg,,FALSE
YRVyf4OXhzo,2024-10-27T14:55:35Z,2143,62,1,43,Perca_fluviatilis,Portugal,Fishes,established,captura,Post-Introduction,Detection,Detection,2015,2015-06-01T12:00:00Z,comment,UgxkNFQXfKLTYqLD5z94AaABAg,,FALSE
YRVyf4OXhzo,2024-11-27T20:48:23Z,2143,62,1,43,Perca_fluviatilis,Portugal,Fishes,established,capturados,Post-Introduction,Detection,Detection,2015,2015-06-01T12:00:00Z,comment,UgxkNFQXfKLTYqLD5z94AaABAg.AA5wJoaAVdiABMOKvwt58X,UgxkNFQXfKLTYqLD5z94AaABAg,TRUE
obBV0XkH9UU,2024-06-10T16:01:26Z,225168,3886,3,98,Phthorimaea_absoluta,Spain,Insects,established,trampa,Post-Introduction,Detection,Detection,2006,2006-06-01T12:00:00Z,comment,UgwZWbgivYRR67ltbuR4AaABAg,,FALSE
obBV0XkH9UU,2024-06-10T16:01:26Z,225168,3886,3,98,Phthorimaea_absoluta,Spain,Insects,established,trampa,Post-Introduction,Detection,Detection,2006,2006-06-01T12:00:00Z,comment,UgwZWbgivYRR67ltbuR4AaABAg,,FALSE
obBV0XkH9UU,2024-05-21T20:44:47Z,225168,3886,3,98,Phthorimaea_absoluta,Spain,Insects,established,epidemia,Post-Introduction,Threat,Threat,2006,2006-06-01T12:00:00Z,comment,UgwT69yy8nr66Rs-kJh4AaABAg,,FALSE
obBV0XkH9UU,2024-05-21T20:44:47Z,225168,3886,3,98,Phthorimaea_absoluta,Spain,Insects,established,costo,Post-Introduction,eCommerce,eCommerce,2006,2006-06-01T12:00:00Z,comment,UgwT69yy8nr66Rs-kJh4AaABAg,,FALSE
obBV0XkH9UU,2024-04-26T15:25:37Z,225168,3886,0,98,Phthorimaea_absoluta,Spain,Insects,established,trampa,Post-Introduction,Detection,Detection,2006,2006-06-01T12:00:00Z,comment,UgyIxTED3hrRNUAYNpx4AaABAg,,FALSE
obBV0XkH9UU,2023-06-02T19:32:04Z,225168,3886,3,98,Phthorimaea_absoluta,Spain,Insects,established,compre,Post-Introduction,eCommerce,eCommerce,2006,2006-06-01T12:00:00Z,comment,Ugz8gL9m2D5oCv18KTt4AaABAg,,FALSE
obBV0XkH9UU,2023-06-02T19:32:04Z,225168,3886,3,98,Phthorimaea_absoluta,Spain,Insects,established,trampa,Post-Introduction,Detection,Detection,2006,2006-06-01T12:00:00Z,comment,Ugz8gL9m2D5oCv18KTt4AaABAg,,FALSE
obBV0XkH9UU,2022-08-03T16:25:01Z,225168,3886,1,98,Phthorimaea_absoluta,Spain,Insects,established,comprado,Post-Introduction,eCommerce,eCommerce,2006,2006-06-01T12:00:00Z,comment,UgzlSidQ3lW9lcPYO-p4AaABAg,,FALSE
obBV0XkH9UU,2022-08-03T16:25:01Z,225168,3886,1,98,Phthorimaea_absoluta,Spain,Insects,established,trampa,Post-Introduction,Detection,Detection,2006,2006-06-01T12:00:00Z,comment,UgzlSidQ3lW9lcPYO-p4AaABAg,,FALSE
obBV0XkH9UU,2024-06-03T11:46:39Z,225168,3886,1,98,Phthorimaea_absoluta,Spain,Insects,established,trampas,Post-Introduction,Detection,Detection,2006,2006-06-01T12:00:00Z,comment,UgyIxTED3hrRNUAYNpx4AaABAg.A2hCUpTfDjBA4DedHG22yq,UgyIxTED3hrRNUAYNpx4AaABAg,TRUE
obBV0XkH9UU,2024-06-03T11:46:39Z,225168,3886,1,98,Phthorimaea_absoluta,Spain,Insects,established,oferta,Post-Introduction,eCommerce,eCommerce,2006,2006-06-01T12:00:00Z,comment,UgyIxTED3hrRNUAYNpx4AaABAg.A2hCUpTfDjBA4DedHG22yq,UgyIxTED3hrRNUAYNpx4AaABAg,TRUE
obBV0XkH9UU,2024-03-14T19:10:41Z,225168,3886,0,98,Phthorimaea_absoluta,Spain,Insects,established,trampa,Post-Introduction,Detection,Detection,2006,2006-06-01T12:00:00Z,comment,UgyC_xGeULQyFFLZZW14AaABAg.A0vnx7IHkWmA0yt3bOhNLZ,UgyC_xGeULQyFFLZZW14AaABAg,TRUE
obBV0XkH9UU,2023-07-09T08:37:19Z,225168,3886,0,98,Phthorimaea_absoluta,Spain,Insects,established,aparecer,Post-Introduction,Detection,Detection,2006,2006-06-01T12:00:00Z,comment,UgxSjf2jaE1Vt4E9KiF4AaABAg.9rnSvDbqT7R9rwadtS1D_h,UgxSjf2jaE1Vt4E9KiF4AaABAg,TRUE
obBV0XkH9UU,2022-07-22T18:52:26Z,225168,3886,4,98,Phthorimaea_absoluta,Spain,Insects,established,vista,Post-Introduction,Detection,Detection,2006,2006-06-01T12:00:00Z,comment,UgxhD_3DEMgMYCh84dx4AaABAg.9dn5K2bg3Rd9dnKE8TgKEG,UgxhD_3DEMgMYCh84dx4AaABAg,TRUE
obBV0XkH9UU,2022-07-22T18:52:26Z,225168,3886,4,98,Phthorimaea_absoluta,Spain,Insects,established,presente,Post-Introduction,Invasion,Invasion,2006,2006-06-01T12:00:00Z,comment,UgxhD_3DEMgMYCh84dx4AaABAg.9dn5K2bg3Rd9dnKE8TgKEG,UgxhD_3DEMgMYCh84dx4AaABAg,TRUE
obBV0XkH9UU,2022-07-19T20:54:27Z,225168,3886,0,98,Phthorimaea_absoluta,Spain,Insects,established,comprar,Post-Introduction,eCommerce,eCommerce,2006,2006-06-01T12:00:00Z,comment,UgzcT_BcTspIP2fqKid4AaABAg.9dfcGs6J0cR9dfooAXJBoi,UgzcT_BcTspIP2fqKid4AaABAg,TRUE
obBV0XkH9UU,2022-07-19T21:26:51Z,225168,3886,1,98,Phthorimaea_absoluta,Spain,Insects,established,controlada,Post-Introduction,Detection,Detection,2006,2006-06-01T12:00:00Z,comment,UgzcT_BcTspIP2fqKid4AaABAg.9dfcGs6J0cR9dfsWR6y4ze,UgzcT_BcTspIP2fqKid4AaABAg,TRUE
obBV0XkH9UU,2022-07-19T11:38:01Z,225168,3886,0,98,Phthorimaea_absoluta,Spain,Insects,established,comprar,Post-Introduction,eCommerce,eCommerce,2006,2006-06-01T12:00:00Z,comment,UgxCFVXtQxNFCIfzKZh4AaABAg.9ddPfKs-Yqj9dep7gWvnbw,UgxCFVXtQxNFCIfzKZh4AaABAg,TRUE
obBV0XkH9UU,2022-07-19T11:38:01Z,225168,3886,0,98,Phthorimaea_absoluta,Spain,Insects,established,trampas,Post-Introduction,Detection,Detection,2006,2006-06-01T12:00:00Z,comment,UgxCFVXtQxNFCIfzKZh4AaABAg.9ddPfKs-Yqj9dep7gWvnbw,UgxCFVXtQxNFCIfzKZh4AaABAg,TRUE
obBV0XkH9UU,2022-07-16T16:27:49Z,225168,3886,0,98,Phthorimaea_absoluta,Spain,Insects,established,controlar,Post-Introduction,Detection,Detection,2006,2006-06-01T12:00:00Z,comment,UgxKrXmjDYFLwdazyGl4AaABAg.9dYGGWGEBvM9dYbugI-ClI,UgxKrXmjDYFLwdazyGl4AaABAg,TRUE
H3bN3VfXHlg,2021-05-20T19:23:08Z,77656,919,1,47,Phthorimaea_absoluta,Spain,Insects,established,trampas,Post-Introduction,Detection,Detection,2006,2006-06-01T12:00:00Z,comment,UgyZp8AEeK9aI-G5HCt4AaABAg,,FALSE
H3bN3VfXHlg,2021-03-08T19:37:58Z,77656,919,0,47,Phthorimaea_absoluta,Spain,Insects,established,comprar,Post-Introduction,eCommerce,eCommerce,2006,2006-06-01T12:00:00Z,comment,UgxU8WSKbsRAh3YbasZ4AaABAg,,FALSE
H3bN3VfXHlg,2020-11-18T15:07:24Z,77656,919,0,47,Phthorimaea_absoluta,Spain,Insects,established,compra,Post-Introduction,eCommerce,eCommerce,2006,2006-06-01T12:00:00Z,comment,UgxsOZckVv0y15_9cZZ4AaABAg,,FALSE
H3bN3VfXHlg,2020-06-01T09:03:18Z,77656,919,6,47,Phthorimaea_absoluta,Spain,Insects,established,trampas,Post-Introduction,Detection,Detection,2006,2006-06-01T12:00:00Z,comment,UgzhgqtQ4ooHIltJMR54AaABAg,,FALSE
H3bN3VfXHlg,2020-06-01T09:03:18Z,77656,919,6,47,Phthorimaea_absoluta,Spain,Insects,established,trampas,Post-Introduction,Detection,Detection,2006,2006-06-01T12:00:00Z,comment,UgzhgqtQ4ooHIltJMR54AaABAg,,FALSE
H3bN3VfXHlg,2020-05-10T19:52:06Z,77656,919,1,47,Phthorimaea_absoluta,Spain,Insects,established,trampa,Post-Introduction,Detection,Detection,2006,2006-06-01T12:00:00Z,comment,Ugwdn8As6xnoe5RPDcF4AaABAg,,FALSE
H3bN3VfXHlg,2019-07-03T15:41:00Z,77656,919,0,47,Phthorimaea_absoluta,Spain,Insects,established,trampa,Post-Introduction,Detection,Detection,2006,2006-06-01T12:00:00Z,comment,UgwnR3LRe7BUggx9lth4AaABAg,,FALSE
H3bN3VfXHlg,2019-05-27T15:58:25Z,77656,919,2,47,Phthorimaea_absoluta,Spain,Insects,established,encontre,Post-Introduction,Detection,Detection,2006,2006-06-01T12:00:00Z,comment,UgxUOJ1R7BN4yucD2qB4AaABAg,,FALSE
H3bN3VfXHlg,2019-05-21T18:51:17Z,77656,919,0,47,Phthorimaea_absoluta,Spain,Insects,established,plaga,Post-Introduction,Invasion,Invasion,2006,2006-06-01T12:00:00Z,comment,Ugzsy8gAH5yt4R3RPOx4AaABAg,,FALSE
H3bN3VfXHlg,2020-06-10T21:35:44Z,77656,919,1,47,Phthorimaea_absoluta,Spain,Insects,established,ataca,Post-Introduction,Threat,Threat,2006,2006-06-01T12:00:00Z,comment,UgyEKfrSwXy4mm4KjAZ4AaABAg.99dneUT7LXl99jmEhtX7ck,UgyEKfrSwXy4mm4KjAZ4AaABAg,TRUE
H3bN3VfXHlg,2020-06-01T17:44:34Z,77656,919,0,47,Phthorimaea_absoluta,Spain,Insects,established,trampas,Post-Introduction,Detection,Detection,2006,2006-06-01T12:00:00Z,comment,UgzhgqtQ4ooHIltJMR54AaABAg.99MFynPY2kn99NBcg3hTCc,UgzhgqtQ4ooHIltJMR54AaABAg,TRUE
H3bN3VfXHlg,2020-06-01T17:44:34Z,77656,919,0,47,Phthorimaea_absoluta,Spain,Insects,established,controlar,Post-Introduction,Detection,Detection,2006,2006-06-01T12:00:00Z,comment,UgzhgqtQ4ooHIltJMR54AaABAg.99MFynPY2kn99NBcg3hTCc,UgzhgqtQ4ooHIltJMR54AaABAg,TRUE
H3bN3VfXHlg,2020-06-01T17:44:34Z,77656,919,0,47,Phthorimaea_absoluta,Spain,Insects,established,trampas,Post-Introduction,Detection,Detection,2006,2006-06-01T12:00:00Z,comment,UgzhgqtQ4ooHIltJMR54AaABAg.99MFynPY2kn99NBcg3hTCc,UgzhgqtQ4ooHIltJMR54AaABAg,TRUE
H3bN3VfXHlg,2019-07-10T22:04:41Z,77656,919,0,47,Phthorimaea_absoluta,Spain,Insects,established,prohibido,Post-Introduction,eCommerce,eCommerce,2006,2006-06-01T12:00:00Z,comment,UgwYfVau2m0nV1Tipyh4AaABAg.8xD78Zs0CLp8xDeSnWthWz,UgwYfVau2m0nV1Tipyh4AaABAg,TRUE
H3bN3VfXHlg,2019-07-07T22:59:24Z,77656,919,1,47,Phthorimaea_absoluta,Spain,Insects,established,ataca,Post-Introduction,Threat,Threat,2006,2006-06-01T12:00:00Z,comment,UgyWfqk4dJPLLz1_S0l4AaABAg.8x3Pmxtd9178x61KsExK_3,UgyWfqk4dJPLLz1_S0l4AaABAg,TRUE
H3bN3VfXHlg,2019-07-04T15:05:14Z,77656,919,0,47,Phthorimaea_absoluta,Spain,Insects,established,trampa,Post-Introduction,Detection,Detection,2006,2006-06-01T12:00:00Z,comment,UgwnR3LRe7BUggx9lth4AaABAg.8wvwzM2X5gb8wySgKWFtnG,UgwnR3LRe7BUggx9lth4AaABAg,TRUE
H3bN3VfXHlg,2019-07-04T15:05:14Z,77656,919,0,47,Phthorimaea_absoluta,Spain,Insects,established,trampa,Post-Introduction,Detection,Detection,2006,2006-06-01T12:00:00Z,comment,UgwnR3LRe7BUggx9lth4AaABAg.8wvwzM2X5gb8wySgKWFtnG,UgwnR3LRe7BUggx9lth4AaABAg,TRUE
H3bN3VfXHlg,2019-07-04T15:05:14Z,77656,919,0,47,Phthorimaea_absoluta,Spain,Insects,established,plaga,Post-Introduction,Invasion,Invasion,2006,2006-06-01T12:00:00Z,comment,UgwnR3LRe7BUggx9lth4AaABAg.8wvwzM2X5gb8wySgKWFtnG,UgwnR3LRe7BUggx9lth4AaABAg,TRUE
H3bN3VfXHlg,2019-07-04T15:05:14Z,77656,919,0,47,Phthorimaea_absoluta,Spain,Insects,established,establecida,Post-Introduction,Invasion,Invasion,2006,2006-06-01T12:00:00Z,comment,UgwnR3LRe7BUggx9lth4AaABAg.8wvwzM2X5gb8wySgKWFtnG,UgwnR3LRe7BUggx9lth4AaABAg,TRUE
H3bN3VfXHlg,2019-05-21T19:15:01Z,77656,919,2,47,Phthorimaea_absoluta,Spain,Insects,established,trampa,Post-Introduction,Detection,Detection,2006,2006-06-01T12:00:00Z,comment,Ugzsy8gAH5yt4R3RPOx4AaABAg.8vCZ_UhfBZN8vCbIKdAZ5r,Ugzsy8gAH5yt4R3RPOx4AaABAg,TRUE
H3bN3VfXHlg,2019-05-08T17:55:38Z,77656,919,1,47,Phthorimaea_absoluta,Spain,Insects,established,tienda,Post-Introduction,eCommerce,eCommerce,2006,2006-06-01T12:00:00Z,comment,UgzLGz-v4iyVlyIjH7N4AaABAg.8ufPJTj56z_8ufzsVh94nn,UgzLGz-v4iyVlyIjH7N4AaABAg,TRUE
H3bN3VfXHlg,2019-03-02T11:32:30Z,77656,919,1,47,Phthorimaea_absoluta,Spain,Insects,established,trampa,Post-Introduction,Detection,Detection,2006,2006-06-01T12:00:00Z,comment,Ugzxb0ux3ESiIswkKKR4AaABAg.8rwxk-Bzt3R8rymlmkh2rU,Ugzxb0ux3ESiIswkKKR4AaABAg,TRUE
H3bN3VfXHlg,2019-03-11T17:25:39Z,77656,919,0,47,Phthorimaea_absoluta,Spain,Insects,established,compra,Post-Introduction,eCommerce,eCommerce,2006,2006-06-01T12:00:00Z,comment,Ugzxb0ux3ESiIswkKKR4AaABAg.8rwxk-Bzt3R8sLaL6k4C5r,Ugzxb0ux3ESiIswkKKR4AaABAg,TRUE
H3bN3VfXHlg,2019-03-11T20:16:29Z,77656,919,0,47,Phthorimaea_absoluta,Spain,Insects,established,comprado,Post-Introduction,eCommerce,eCommerce,2006,2006-06-01T12:00:00Z,comment,Ugzxb0ux3ESiIswkKKR4AaABAg.8rwxk-Bzt3R8sLttKHK5tj,Ugzxb0ux3ESiIswkKKR4AaABAg,TRUE
H3bN3VfXHlg,2019-03-11T20:16:29Z,77656,919,0,47,Phthorimaea_absoluta,Spain,Insects,established,tienda,Post-Introduction,eCommerce,eCommerce,2006,2006-06-01T12:00:00Z,comment,Ugzxb0ux3ESiIswkKKR4AaABAg.8rwxk-Bzt3R8sLttKHK5tj,Ugzxb0ux3ESiIswkKKR4AaABAg,TRUE
H3bN3VfXHlg,2019-03-11T20:16:29Z,77656,919,0,47,Phthorimaea_absoluta,Spain,Insects,established,comprado,Post-Introduction,eCommerce,eCommerce,2006,2006-06-01T12:00:00Z,comment,Ugzxb0ux3ESiIswkKKR4AaABAg.8rwxk-Bzt3R8sLttKHK5tj,Ugzxb0ux3ESiIswkKKR4AaABAg,TRUE
H3bN3VfXHlg,2019-03-11T20:16:29Z,77656,919,0,47,Phthorimaea_absoluta,Spain,Insects,established,tienda,Post-Introduction,eCommerce,eCommerce,2006,2006-06-01T12:00:00Z,comment,Ugzxb0ux3ESiIswkKKR4AaABAg.8rwxk-Bzt3R8sLttKHK5tj,Ugzxb0ux3ESiIswkKKR4AaABAg,TRUE
H3bN3VfXHlg,2019-03-11T20:16:29Z,77656,919,0,47,Phthorimaea_absoluta,Spain,Insects,established,comprar,Post-Introduction,eCommerce,eCommerce,2006,2006-06-01T12:00:00Z,comment,Ugzxb0ux3ESiIswkKKR4AaABAg.8rwxk-Bzt3R8sLttKHK5tj,Ugzxb0ux3ESiIswkKKR4AaABAg,TRUE
H3bN3VfXHlg,2019-03-11T20:16:29Z,77656,919,0,47,Phthorimaea_absoluta,Spain,Insects,established,trampas,Post-Introduction,Detection,Detection,2006,2006-06-01T12:00:00Z,comment,Ugzxb0ux3ESiIswkKKR4AaABAg.8rwxk-Bzt3R8sLttKHK5tj,Ugzxb0ux3ESiIswkKKR4AaABAg,TRUE
IPv2OH48cSA,2024-07-26T09:43:47Z,63085,2473,8,126,Phthorimaea_absoluta,Spain,Insects,established,peligrosa,Post-Introduction,Threat,Threat,2006,2006-06-01T12:00:00Z,comment,UgwjMjRn5O7KrmQYXfx4AaABAg,,FALSE
IPv2OH48cSA,2025-07-20T11:42:21Z,63085,2473,1,126,Phthorimaea_absoluta,Spain,Insects,established,toxicidad,Post-Introduction,Threat,Threat,2006,2006-06-01T12:00:00Z,comment,Ugw8RfOQNJttorWKSZZ4AaABAg,,FALSE
IPv2OH48cSA,2025-06-22T14:47:22Z,63085,2473,0,126,Phthorimaea_absoluta,Spain,Insects,established,venenoso,Post-Introduction,Threat,Threat,2006,2006-06-01T12:00:00Z,comment,UgzLxjSl1ZBFRcctYSR4AaABAg,,FALSE
IPv2OH48cSA,2024-10-24T04:57:00Z,63085,2473,1,126,Phthorimaea_absoluta,Spain,Insects,established,compre,Post-Introduction,eCommerce,eCommerce,2006,2006-06-01T12:00:00Z,comment,Ugy1ppK37joalXmsMwx4AaABAg,,FALSE
IPv2OH48cSA,2024-10-20T12:51:06Z,63085,2473,0,126,Phthorimaea_absoluta,Spain,Insects,established,plaga,Post-Introduction,Invasion,Invasion,2006,2006-06-01T12:00:00Z,comment,Ugy4aph5Wf_QpgteNTN4AaABAg,,FALSE
IPv2OH48cSA,2024-07-01T00:08:14Z,63085,2473,0,126,Phthorimaea_absoluta,Spain,Insects,established,venenosa,Post-Introduction,Threat,Threat,2006,2006-06-01T12:00:00Z,comment,UgxOyxp2Eu8flYigGxR4AaABAg,,FALSE
IPv2OH48cSA,2024-06-14T16:08:42Z,63085,2473,1,126,Phthorimaea_absoluta,Spain,Insects,established,reciente,Post-Introduction,Detection,Detection,2006,2006-06-01T12:00:00Z,comment,UgyogxRfWXsL8OMpK2R4AaABAg,,FALSE
IPv2OH48cSA,2024-06-09T11:44:47Z,63085,2473,1,126,Phthorimaea_absoluta,Spain,Insects,established,toxica,Post-Introduction,Threat,Threat,2006,2006-06-01T12:00:00Z,comment,Ugxv81NMhMvdhCUyJpd4AaABAg,,FALSE
IPv2OH48cSA,2023-09-12T18:39:44Z,63085,2473,0,126,Phthorimaea_absoluta,Spain,Insects,established,venenosa,Post-Introduction,Threat,Threat,2006,2006-06-01T12:00:00Z,comment,UgxvE2-ctIAt0z9UdFh4AaABAg,,FALSE
IPv2OH48cSA,2023-08-14T17:59:27Z,63085,2473,0,126,Phthorimaea_absoluta,Spain,Insects,established,venenosa,Post-Introduction,Threat,Threat,2006,2006-06-01T12:00:00Z,comment,UgzptKvqd_oDWIn9tRp4AaABAg,,FALSE
IPv2OH48cSA,2023-07-27T18:07:50Z,63085,2473,1,126,Phthorimaea_absoluta,Spain,Insects,established,venenosa,Post-Introduction,Threat,Threat,2006,2006-06-01T12:00:00Z,comment,Ugyfh8BWhplKVa6kT0l4AaABAg,,FALSE
IPv2OH48cSA,2023-07-27T18:07:50Z,63085,2473,1,126,Phthorimaea_absoluta,Spain,Insects,established,toxica,Post-Introduction,Threat,Threat,2006,2006-06-01T12:00:00Z,comment,Ugyfh8BWhplKVa6kT0l4AaABAg,,FALSE
IPv2OH48cSA,2023-07-20T17:50:08Z,63085,2473,0,126,Phthorimaea_absoluta,Spain,Insects,established,venenosa,Post-Introduction,Threat,Threat,2006,2006-06-01T12:00:00Z,comment,UgzSJ7Cj2R1lBUOxpSd4AaABAg,,FALSE
IPv2OH48cSA,2023-07-20T17:50:08Z,63085,2473,0,126,Phthorimaea_absoluta,Spain,Insects,established,venenosa,Post-Introduction,Threat,Threat,2006,2006-06-01T12:00:00Z,comment,UgzSJ7Cj2R1lBUOxpSd4AaABAg,,FALSE
IPv2OH48cSA,2023-07-19T22:27:18Z,63085,2473,1,126,Phthorimaea_absoluta,Spain,Insects,established,venenosa,Post-Introduction,Threat,Threat,2006,2006-06-01T12:00:00Z,comment,UgxyMdOcrClvoKMnfqN4AaABAg,,FALSE
IPv2OH48cSA,2023-07-19T19:16:16Z,63085,2473,2,126,Phthorimaea_absoluta,Spain,Insects,established,toxica,Post-Introduction,Threat,Threat,2006,2006-06-01T12:00:00Z,comment,Ugy2PM_vq2YxttmCNph4AaABAg,,FALSE
IPv2OH48cSA,2023-07-18T21:26:01Z,63085,2473,2,126,Phthorimaea_absoluta,Spain,Insects,established,venenosa,Post-Introduction,Threat,Threat,2006,2006-06-01T12:00:00Z,comment,UgweZSus4TJSzehtd354AaABAg,,FALSE
IPv2OH48cSA,2023-07-18T16:25:32Z,63085,2473,7,126,Phthorimaea_absoluta,Spain,Insects,established,visto,Post-Introduction,Detection,Detection,2006,2006-06-01T12:00:00Z,comment,UgzgLosrvPE5YW8VGud4AaABAg,,FALSE
IPv2OH48cSA,2023-07-18T16:25:32Z,63085,2473,7,126,Phthorimaea_absoluta,Spain,Insects,established,veneno,Post-Introduction,Threat,Threat,2006,2006-06-01T12:00:00Z,comment,UgzgLosrvPE5YW8VGud4AaABAg,,FALSE
IPv2OH48cSA,2023-07-18T16:10:50Z,63085,2473,0,126,Phthorimaea_absoluta,Spain,Insects,established,venenoso,Post-Introduction,Threat,Threat,2006,2006-06-01T12:00:00Z,comment,UgxIPi0s8PscQ-X_n_N4AaABAg,,FALSE
IPv2OH48cSA,2024-10-24T09:00:16Z,63085,2473,0,126,Phthorimaea_absoluta,Spain,Insects,established,plaga,Post-Introduction,Invasion,Invasion,2006,2006-06-01T12:00:00Z,comment,Ugy1ppK37joalXmsMwx4AaABAg.A9y8R3s1X-xA9y_GpVQYlE,Ugy1ppK37joalXmsMwx4AaABAg,TRUE
IPv2OH48cSA,2024-10-24T09:00:16Z,63085,2473,0,126,Phthorimaea_absoluta,Spain,Insects,established,controlar,Post-Introduction,Detection,Detection,2006,2006-06-01T12:00:00Z,comment,Ugy1ppK37joalXmsMwx4AaABAg.A9y8R3s1X-xA9y_GpVQYlE,Ugy1ppK37joalXmsMwx4AaABAg,TRUE
IPv2OH48cSA,2024-07-01T20:59:03Z,63085,2473,0,126,Phthorimaea_absoluta,Spain,Insects,established,nativa,Post-Introduction,Invasion,Invasion,2006,2006-06-01T12:00:00Z,comment,UgyehcD-eNlgctn1efp4AaABAg.A4OkDh_ilpMA5Mk6c52mGM,UgyehcD-eNlgctn1efp4AaABAg,TRUE
IPv2OH48cSA,2023-07-20T15:57:02Z,63085,2473,0,126,Phthorimaea_absoluta,Spain,Insects,established,plaga,Post-Introduction,Invasion,Invasion,2006,2006-06-01T12:00:00Z,comment,UgzgLosrvPE5YW8VGud4AaABAg.9sJbNzWn59R9sOhi3rGjee,UgzgLosrvPE5YW8VGud4AaABAg,TRUE
TTCIw5oMlLg,2017-08-01T19:28:06Z,2942,52,1,25,Phthorimaea_absoluta,Spain,Insects,established,ataca,Post-Introduction,Threat,Threat,2006,2006-06-01T12:00:00Z,comment,UgjEFCbxCQ_tUXgCoAEC,,FALSE
TTCIw5oMlLg,2017-08-01T19:28:06Z,2942,52,1,25,Phthorimaea_absoluta,Spain,Insects,established,visto,Post-Introduction,Detection,Detection,2006,2006-06-01T12:00:00Z,comment,UgjEFCbxCQ_tUXgCoAEC,,FALSE
TTCIw5oMlLg,2017-08-01T19:28:06Z,2942,52,1,25,Phthorimaea_absoluta,Spain,Insects,established,plaga,Post-Introduction,Invasion,Invasion,2006,2006-06-01T12:00:00Z,comment,UgjEFCbxCQ_tUXgCoAEC,,FALSE
TTCIw5oMlLg,2017-08-01T19:28:06Z,2942,52,1,25,Phthorimaea_absoluta,Spain,Insects,established,controlar,Post-Introduction,Detection,Detection,2006,2006-06-01T12:00:00Z,comment,UgjEFCbxCQ_tUXgCoAEC,,FALSE
TTCIw5oMlLg,2017-08-01T19:28:06Z,2942,52,1,25,Phthorimaea_absoluta,Spain,Insects,established,plaga,Post-Introduction,Invasion,Invasion,2006,2006-06-01T12:00:00Z,comment,UgjEFCbxCQ_tUXgCoAEC,,FALSE
TTCIw5oMlLg,2017-07-31T17:39:54Z,2942,52,1,25,Phthorimaea_absoluta,Spain,Insects,established,plaga,Post-Introduction,Invasion,Invasion,2006,2006-06-01T12:00:00Z,comment,UgjAx3Wxy0vTtXgCoAEC,,FALSE
TTCIw5oMlLg,2017-07-28T03:21:06Z,2942,52,0,25,Phthorimaea_absoluta,Spain,Insects,established,plagas,Post-Introduction,Invasion,Invasion,2006,2006-06-01T12:00:00Z,comment,Ugjb2W7pqWHMUHgCoAEC,,FALSE
TTCIw5oMlLg,2017-07-27T15:18:14Z,2942,52,2,25,Phthorimaea_absoluta,Spain,Insects,established,plaga,Post-Introduction,Invasion,Invasion,2006,2006-06-01T12:00:00Z,comment,UgjzsJHaAOh0dXgCoAEC,,FALSE
TTCIw5oMlLg,2017-07-27T14:46:40Z,2942,52,1,25,Phthorimaea_absoluta,Spain,Insects,established,plaga,Post-Introduction,Invasion,Invasion,2006,2006-06-01T12:00:00Z,comment,UgjORe9RuSrkungCoAEC,,FALSE
TTCIw5oMlLg,2017-07-27T12:13:13Z,2942,52,2,25,Phthorimaea_absoluta,Spain,Insects,established,plaga,Post-Introduction,Invasion,Invasion,2006,2006-06-01T12:00:00Z,comment,Ugi-m8ClMuIdEHgCoAEC,,FALSE
TTCIw5oMlLg,2017-07-27T12:13:13Z,2942,52,2,25,Phthorimaea_absoluta,Spain,Insects,established,trampas,Post-Introduction,Detection,Detection,2006,2006-06-01T12:00:00Z,comment,Ugi-m8ClMuIdEHgCoAEC,,FALSE
TTCIw5oMlLg,2017-08-02T02:57:32Z,2942,52,1,25,Phthorimaea_absoluta,Spain,Insects,established,riesgo,Post-Introduction,Threat,Threat,2006,2006-06-01T12:00:00Z,comment,UgjEFCbxCQ_tUXgCoAEC.8VjKjOpk60v8Vk8A42kMvL,UgjEFCbxCQ_tUXgCoAEC,TRUE
TTCIw5oMlLg,2017-07-28T10:29:37Z,2942,52,2,25,Phthorimaea_absoluta,Spain,Insects,established,encontramos,Post-Introduction,Detection,Detection,2006,2006-06-01T12:00:00Z,comment,Ugjb2W7pqWHMUHgCoAEC.8VYItLcrKcj8VZ3vw25BrE,Ugjb2W7pqWHMUHgCoAEC,TRUE
TTCIw5oMlLg,2017-07-28T10:31:06Z,2942,52,0,25,Phthorimaea_absoluta,Spain,Insects,established,visto,Post-Introduction,Detection,Detection,2006,2006-06-01T12:00:00Z,comment,Ugi-m8ClMuIdEHgCoAEC.8VWfzmuLvXo8VZ45gxGVFp,Ugi-m8ClMuIdEHgCoAEC,TRUE
Xl-u5NVlyhU,2016-05-06T06:04:00Z,43956,387,0,13,Phthorimaea_absoluta,Spain,Insects,established,toxico,Post-Introduction,Threat,Threat,2006,2006-06-01T12:00:00Z,comment,UghN1Yz8CXb1iHgCoAEC.8DVSSBy1U1-8DX1PWm954T,UghN1Yz8CXb1iHgCoAEC,TRUE
_w6Wm6ialcA,2022-07-11T00:24:06Z,98606,784,0,39,Phthorimaea_absoluta,Spain,Insects,established,trampa,Post-Introduction,Detection,Detection,2006,2006-06-01T12:00:00Z,comment,UgwFtUTLzbvZCwB4h9R4AaABAg,,FALSE
_w6Wm6ialcA,2019-05-31T12:24:04Z,98606,784,1,39,Phthorimaea_absoluta,Spain,Insects,established,trampa,Post-Introduction,Detection,Detection,2006,2006-06-01T12:00:00Z,comment,UgxB-oJSwX5J6eHPdRd4AaABAg,,FALSE
_w6Wm6ialcA,2018-06-11T19:07:02Z,98606,784,1,39,Phthorimaea_absoluta,Spain,Insects,established,trampa,Post-Introduction,Detection,Detection,2006,2006-06-01T12:00:00Z,comment,UgzPfkfTsA1SEKBKLEx4AaABAg,,FALSE
_w6Wm6ialcA,2017-07-16T20:44:17Z,98606,784,1,39,Phthorimaea_absoluta,Spain,Insects,established,trampa,Post-Introduction,Detection,Detection,2006,2006-06-01T12:00:00Z,comment,UghjsQW_tx2DGngCoAEC,,FALSE
_w6Wm6ialcA,2017-05-27T22:31:05Z,98606,784,0,39,Phthorimaea_absoluta,Spain,Insects,established,plaga,Post-Introduction,Invasion,Invasion,2006,2006-06-01T12:00:00Z,comment,UgiEEkGoz5QEu3gCoAEC,,FALSE
_w6Wm6ialcA,2017-05-18T15:37:12Z,98606,784,4,39,Phthorimaea_absoluta,Spain,Insects,established,trampa,Post-Introduction,Detection,Detection,2006,2006-06-01T12:00:00Z,comment,Ugj0SFBud8Cj2ngCoAEC,,FALSE
-SVs0s1cq50,2025-08-22T15:56:30Z,1721,56,0,25,Phthorimaea_absoluta,Spain,Insects,established,trampa,Post-Introduction,Detection,Detection,2006,2006-06-01T12:00:00Z,comment,Ugy1ipT1BUMeHUtD5DN4AaABAg,,FALSE
-SVs0s1cq50,2025-06-15T10:35:07Z,1721,56,0,25,Phthorimaea_absoluta,Spain,Insects,established,visto,Post-Introduction,Detection,Detection,2006,2006-06-01T12:00:00Z,comment,UgxuLG8utcIwvlrkXJV4AaABAg,,FALSE
-SVs0s1cq50,2025-06-14T20:12:51Z,1721,56,1,25,Phthorimaea_absoluta,Spain,Insects,established,trampas,Post-Introduction,Detection,Detection,2006,2006-06-01T12:00:00Z,comment,UgzfAvT5TaDjoC5fBJJ4AaABAg,,FALSE
-SVs0s1cq50,2025-06-14T20:08:07Z,1721,56,0,25,Phthorimaea_absoluta,Spain,Insects,established,trampas,Post-Introduction,Detection,Detection,2006,2006-06-01T12:00:00Z,comment,UgwkFXXq12g_IOXXoY14AaABAg,,FALSE
-SVs0s1cq50,2025-06-14T20:08:07Z,1721,56,0,25,Phthorimaea_absoluta,Spain,Insects,established,trampas,Post-Introduction,Detection,Detection,2006,2006-06-01T12:00:00Z,comment,UgwkFXXq12g_IOXXoY14AaABAg,,FALSE
-SVs0s1cq50,2025-06-14T17:37:07Z,1721,56,0,25,Phthorimaea_absoluta,Spain,Insects,established,trampas,Post-Introduction,Detection,Detection,2006,2006-06-01T12:00:00Z,comment,Ugxp3Cc2lNrvsBszEUd4AaABAg,,FALSE
-SVs0s1cq50,2025-06-16T07:27:39Z,1721,56,0,25,Phthorimaea_absoluta,Spain,Insects,established,trampas,Post-Introduction,Detection,Detection,2006,2006-06-01T12:00:00Z,comment,UgzcBL98uD5S34zS97l4AaABAg.AJOHHl6352WAJQWU1xfVfl,UgzcBL98uD5S34zS97l4AaABAg,TRUE
-SVs0s1cq50,2025-06-15T14:22:14Z,1721,56,0,25,Phthorimaea_absoluta,Spain,Insects,established,trampas,Post-Introduction,Detection,Detection,2006,2006-06-01T12:00:00Z,comment,UgzZs36UT8BRxsXzRPN4AaABAg.AJOGcWwt7FUAJOg7jgHeMT,UgzZs36UT8BRxsXzRPN4AaABAg,TRUE
-SVs0s1cq50,2025-06-14T20:20:56Z,1721,56,1,25,Phthorimaea_absoluta,Spain,Insects,established,trampas,Post-Introduction,Detection,Detection,2006,2006-06-01T12:00:00Z,comment,UgwkFXXq12g_IOXXoY14AaABAg.AJMiv6I4exsAJMkO20oM8l,UgwkFXXq12g_IOXXoY14AaABAg,TRUE
OXBmJKYB8ac,2022-07-18T01:35:54Z,1941,83,1,149,Phthorimaea_absoluta,Spain,Insects,established,plaga,Post-Introduction,Invasion,Invasion,2006,2006-06-01T12:00:00Z,comment,Ugz2VrQtXZS4nmEYccx4AaABAg,,FALSE
OXBmJKYB8ac,2021-12-26T08:39:14Z,1941,83,2,149,Phthorimaea_absoluta,Spain,Insects,established,plagas,Post-Introduction,Invasion,Invasion,2006,2006-06-01T12:00:00Z,comment,UgyQQ_3PoXD2mHPZ45d4AaABAg,,FALSE
OXBmJKYB8ac,2021-12-04T13:00:09Z,1941,83,1,149,Phthorimaea_absoluta,Spain,Insects,established,control,Post-Introduction,Detection,Detection,2006,2006-06-01T12:00:00Z,comment,UgxkN1iXWZPW7Dzub9N4AaABAg,,FALSE
OXBmJKYB8ac,2021-12-04T13:00:09Z,1941,83,1,149,Phthorimaea_absoluta,Spain,Insects,established,plagas,Post-Introduction,Invasion,Invasion,2006,2006-06-01T12:00:00Z,comment,UgxkN1iXWZPW7Dzub9N4AaABAg,,FALSE
OXBmJKYB8ac,2021-11-25T23:40:33Z,1941,83,1,149,Phthorimaea_absoluta,Spain,Insects,established,plagas,Post-Introduction,Invasion,Invasion,2006,2006-06-01T12:00:00Z,comment,Ugwq_KYtGo55nqEOwet4AaABAg,,FALSE
OXBmJKYB8ac,2021-11-16T23:46:07Z,1941,83,0,149,Phthorimaea_absoluta,Spain,Insects,established,plagas,Post-Introduction,Invasion,Invasion,2006,2006-06-01T12:00:00Z,comment,UgxRIHYZd_FduZHPeoZ4AaABAg,,FALSE
OXBmJKYB8ac,2021-11-16T20:17:10Z,1941,83,0,149,Phthorimaea_absoluta,Spain,Insects,established,plagas,Post-Introduction,Invasion,Invasion,2006,2006-06-01T12:00:00Z,comment,Ugzo5aeYFHh0HXIIlI54AaABAg,,FALSE
OXBmJKYB8ac,2021-11-16T20:17:10Z,1941,83,0,149,Phthorimaea_absoluta,Spain,Insects,established,plaga,Post-Introduction,Invasion,Invasion,2006,2006-06-01T12:00:00Z,comment,Ugzo5aeYFHh0HXIIlI54AaABAg,,FALSE
OXBmJKYB8ac,2021-11-15T09:12:35Z,1941,83,0,149,Phthorimaea_absoluta,Spain,Insects,established,plaga,Post-Introduction,Invasion,Invasion,2006,2006-06-01T12:00:00Z,comment,UgzKRqGf4ZkMMWriumB4AaABAg,,FALSE
OXBmJKYB8ac,2021-11-14T20:50:43Z,1941,83,0,149,Phthorimaea_absoluta,Spain,Insects,established,plaga,Post-Introduction,Invasion,Invasion,2006,2006-06-01T12:00:00Z,comment,UgxwJ2aiWRinXN2vq454AaABAg,,FALSE
OXBmJKYB8ac,2021-11-14T18:48:33Z,1941,83,1,149,Phthorimaea_absoluta,Spain,Insects,established,caro,Post-Introduction,eCommerce,eCommerce,2006,2006-06-01T12:00:00Z,comment,Ugy4aNf4imgPSYWeXXJ4AaABAg,,FALSE
OXBmJKYB8ac,2021-11-14T13:40:36Z,1941,83,1,149,Phthorimaea_absoluta,Spain,Insects,established,plagas,Post-Introduction,Invasion,Invasion,2006,2006-06-01T12:00:00Z,comment,UgxrA1gYwzXpTgMLkYl4AaABAg,,FALSE
OXBmJKYB8ac,2021-11-14T09:03:58Z,1941,83,0,149,Phthorimaea_absoluta,Spain,Insects,established,plagas,Post-Introduction,Invasion,Invasion,2006,2006-06-01T12:00:00Z,comment,Ugy-P72XcYiPpj8sw214AaABAg,,FALSE
OXBmJKYB8ac,2021-11-13T23:09:05Z,1941,83,1,149,Phthorimaea_absoluta,Spain,Insects,established,plagas,Post-Introduction,Invasion,Invasion,2006,2006-06-01T12:00:00Z,comment,Ugw5-3bKOyes7INXvTp4AaABAg,,FALSE
OXBmJKYB8ac,2021-11-13T21:14:30Z,1941,83,1,149,Phthorimaea_absoluta,Spain,Insects,established,ataca,Post-Introduction,Threat,Threat,2006,2006-06-01T12:00:00Z,comment,Ugzw7fs3FCw7Q8mk1Rp4AaABAg,,FALSE
OXBmJKYB8ac,2021-11-13T09:14:13Z,1941,83,2,149,Phthorimaea_absoluta,Spain,Insects,established,plaga,Post-Introduction,Invasion,Invasion,2006,2006-06-01T12:00:00Z,comment,UgzRySbkKL_28BNiA654AaABAg,,FALSE
OXBmJKYB8ac,2021-11-13T06:25:59Z,1941,83,3,149,Phthorimaea_absoluta,Spain,Insects,established,plagas,Post-Introduction,Invasion,Invasion,2006,2006-06-01T12:00:00Z,comment,UgxmdWOricTNoTqPIb54AaABAg,,FALSE
OXBmJKYB8ac,2021-11-11T12:25:30Z,1941,83,1,149,Phthorimaea_absoluta,Spain,Insects,established,plagas,Post-Introduction,Invasion,Invasion,2006,2006-06-01T12:00:00Z,comment,UgxBby8SDh6Px1ZO6Ld4AaABAg,,FALSE
OXBmJKYB8ac,2021-11-11T01:54:02Z,1941,83,1,149,Phthorimaea_absoluta,Spain,Insects,established,plaga,Post-Introduction,Invasion,Invasion,2006,2006-06-01T12:00:00Z,comment,UgyOoyGyqTp-PGEtycp4AaABAg,,FALSE
OXBmJKYB8ac,2021-11-10T19:48:55Z,1941,83,2,149,Phthorimaea_absoluta,Spain,Insects,established,plaga,Post-Introduction,Invasion,Invasion,2006,2006-06-01T12:00:00Z,comment,UgwAzkVFTVQkrwIYRZR4AaABAg,,FALSE
OXBmJKYB8ac,2021-11-10T19:11:45Z,1941,83,2,149,Phthorimaea_absoluta,Spain,Insects,established,plaga,Post-Introduction,Invasion,Invasion,2006,2006-06-01T12:00:00Z,comment,UgyllGZMvZ4V2lUHVhF4AaABAg,,FALSE
OXBmJKYB8ac,2021-11-10T18:30:37Z,1941,83,1,149,Phthorimaea_absoluta,Spain,Insects,established,plaga,Post-Introduction,Invasion,Invasion,2006,2006-06-01T12:00:00Z,comment,Ugx7nm6urGvynssuXIR4AaABAg,,FALSE
OXBmJKYB8ac,2021-11-10T17:05:40Z,1941,83,2,149,Phthorimaea_absoluta,Spain,Insects,established,plaga,Post-Introduction,Invasion,Invasion,2006,2006-06-01T12:00:00Z,comment,UgygxvpXU6jH0dTPX1V4AaABAg,,FALSE
OXBmJKYB8ac,2021-11-10T16:40:13Z,1941,83,1,149,Phthorimaea_absoluta,Spain,Insects,established,plaga,Post-Introduction,Invasion,Invasion,2006,2006-06-01T12:00:00Z,comment,Ugxz9Nh0vzxeJqg_Fn54AaABAg,,FALSE
OXBmJKYB8ac,2021-11-10T16:40:13Z,1941,83,1,149,Phthorimaea_absoluta,Spain,Insects,established,caro,Post-Introduction,eCommerce,eCommerce,2006,2006-06-01T12:00:00Z,comment,Ugxz9Nh0vzxeJqg_Fn54AaABAg,,FALSE
OXBmJKYB8ac,2021-11-10T16:39:34Z,1941,83,2,149,Phthorimaea_absoluta,Spain,Insects,established,plaga,Post-Introduction,Invasion,Invasion,2006,2006-06-01T12:00:00Z,comment,UgwiwVMYOcukDVn1XvV4AaABAg,,FALSE
OXBmJKYB8ac,2022-07-19T07:41:35Z,1941,83,0,149,Phthorimaea_absoluta,Spain,Insects,established,plaga,Post-Introduction,Invasion,Invasion,2006,2006-06-01T12:00:00Z,comment,Ugz2VrQtXZS4nmEYccx4AaABAg.9dbAQm-L03H9deP4353os6,Ugz2VrQtXZS4nmEYccx4AaABAg,TRUE
OXBmJKYB8ac,2021-11-18T18:17:23Z,1941,83,0,149,Phthorimaea_absoluta,Spain,Insects,established,plagas,Post-Introduction,Invasion,Invasion,2006,2006-06-01T12:00:00Z,comment,UgzOtV-7dvEXRRGT4i54AaABAg.9UtT9Sy9d_V9Utpf7srbv5,UgzOtV-7dvEXRRGT4i54AaABAg,TRUE
OXBmJKYB8ac,2021-11-15T18:05:28Z,1941,83,0,149,Phthorimaea_absoluta,Spain,Insects,established,plagas,Post-Introduction,Invasion,Invasion,2006,2006-06-01T12:00:00Z,comment,UgzKRqGf4ZkMMWriumB4AaABAg.9Ul7wH4AA2t9Um4vD02E38,UgzKRqGf4ZkMMWriumB4AaABAg,TRUE
OXBmJKYB8ac,2021-11-13T13:31:11Z,1941,83,1,149,Phthorimaea_absoluta,Spain,Insects,established,plagas,Post-Introduction,Invasion,Invasion,2006,2006-06-01T12:00:00Z,comment,UgzizXE5vGlQ5VM1V8B4AaABAg.9Ufdp2JWBjK9UgRwb0OthO,UgzizXE5vGlQ5VM1V8B4AaABAg,TRUE
OXBmJKYB8ac,2021-11-10T22:25:54Z,1941,83,2,149,Phthorimaea_absoluta,Spain,Insects,established,plagas,Post-Introduction,Invasion,Invasion,2006,2006-06-01T12:00:00Z,comment,UgwAzkVFTVQkrwIYRZR4AaABAg.9U_OmXK0h7J9U_fkLbNeGB,UgwAzkVFTVQkrwIYRZR4AaABAg,TRUE
OXBmJKYB8ac,2021-11-10T22:29:17Z,1941,83,1,149,Phthorimaea_absoluta,Spain,Insects,established,plaga,Post-Introduction,Invasion,Invasion,2006,2006-06-01T12:00:00Z,comment,Ugy4re0tpBmzwHlls5t4AaABAg.9U_792eBGZ29U_g87VkR76,Ugy4re0tpBmzwHlls5t4AaABAg,TRUE
OXBmJKYB8ac,2021-11-10T22:31:51Z,1941,83,1,149,Phthorimaea_absoluta,Spain,Insects,established,caro,Post-Introduction,eCommerce,eCommerce,2006,2006-06-01T12:00:00Z,comment,Ugxz9Nh0vzxeJqg_Fn54AaABAg.9U_3BUwYU3J9U_gQzhstY3,Ugxz9Nh0vzxeJqg_Fn54AaABAg,TRUE
0_s6ub-z-pw,2025-06-26T07:02:10Z,237906,3037,0,188,Phthorimaea_absoluta,Spain,Insects,established,trampas,Post-Introduction,Detection,Detection,2006,2006-06-01T12:00:00Z,comment,UgzQV_YLNWDhjkA0GyF4AaABAg,,FALSE
0_s6ub-z-pw,2024-11-03T04:43:55Z,237906,3037,0,188,Phthorimaea_absoluta,Spain,Insects,established,venenoso,Post-Introduction,Threat,Threat,2006,2006-06-01T12:00:00Z,comment,UgwR9t7EWBLVwcpCRit4AaABAg,,FALSE
0_s6ub-z-pw,2024-09-26T20:38:30Z,237906,3037,6,188,Phthorimaea_absoluta,Spain,Insects,established,trampas,Post-Introduction,Detection,Detection,2006,2006-06-01T12:00:00Z,comment,UgyEWq3TeX5A0oC225F4AaABAg,,FALSE
0_s6ub-z-pw,2024-06-05T16:00:54Z,237906,3037,6,188,Phthorimaea_absoluta,Spain,Insects,established,visto,Post-Introduction,Detection,Detection,2006,2006-06-01T12:00:00Z,comment,UgzXB2r_biRdj3mRfvp4AaABAg,,FALSE
0_s6ub-z-pw,2024-06-01T15:28:21Z,237906,3037,2,188,Phthorimaea_absoluta,Spain,Insects,established,barato,Post-Introduction,eCommerce,eCommerce,2006,2006-06-01T12:00:00Z,comment,UgxQhG8S_bjPh6UOWid4AaABAg,,FALSE
0_s6ub-z-pw,2024-05-19T06:34:29Z,237906,3037,4,188,Phthorimaea_absoluta,Spain,Insects,established,trampas,Post-Introduction,Detection,Detection,2006,2006-06-01T12:00:00Z,comment,UgzX76n-sU1SRNkzGlp4AaABAg,,FALSE
0_s6ub-z-pw,2024-06-26T22:15:32Z,237906,3037,2,188,Phthorimaea_absoluta,Spain,Insects,established,plagas,Post-Introduction,Invasion,Invasion,2006,2006-06-01T12:00:00Z,comment,UgzR0PQdw4Y2JhWL1Cp4AaABAg.A54xISWpjzEA5A-tSaglTW,UgzR0PQdw4Y2JhWL1Cp4AaABAg,TRUE
0_s6ub-z-pw,2024-06-01T12:42:44Z,237906,3037,3,188,Phthorimaea_absoluta,Spain,Insects,established,trampa,Post-Introduction,Detection,Detection,2006,2006-06-01T12:00:00Z,comment,Ugx6Sr9n5pP3hmDJG0R4AaABAg.A48aNpdqtctA48bTEyq2mO,Ugx6Sr9n5pP3hmDJG0R4AaABAg,TRUE
0_s6ub-z-pw,2024-07-22T19:21:30Z,237906,3037,2,188,Phthorimaea_absoluta,Spain,Insects,established,trampa,Post-Introduction,Detection,Detection,2006,2006-06-01T12:00:00Z,comment,Ugxn7IaI_xcGrRnMgMt4AaABAg.A3nWCVt9OY3A6CddbRmTi1,Ugxn7IaI_xcGrRnMgMt4AaABAg,TRUE
0_s6ub-z-pw,2024-05-18T15:22:20Z,237906,3037,5,188,Phthorimaea_absoluta,Spain,Insects,established,trampas,Post-Introduction,Detection,Detection,2006,2006-06-01T12:00:00Z,comment,Ugxv2h1OXGGnfB3H-rJ4AaABAg,,FALSE
0_s6ub-z-pw,2024-05-18T17:23:54Z,237906,3037,3,188,Phthorimaea_absoluta,Spain,Insects,established,barato,Post-Introduction,eCommerce,eCommerce,2006,2006-06-01T12:00:00Z,comment,UgxO-j6Uubc0uKgMCoR4AaABAg.A3a00d7bllPA3a3WOv4y-a,UgxO-j6Uubc0uKgMCoR4AaABAg,TRUE
b0L4hXmhGGE,2025-07-04T11:39:45Z,226350,3598,2,166,Phthorimaea_absoluta,Spain,Insects,established,comprar,Post-Introduction,eCommerce,eCommerce,2006,2006-06-01T12:00:00Z,comment,UgwBONWNTeTX3SiCpVZ4AaABAg,,FALSE
b0L4hXmhGGE,2025-05-27T00:43:13Z,226350,3598,0,166,Phthorimaea_absoluta,Spain,Insects,established,atacado,Post-Introduction,Threat,Threat,2006,2006-06-01T12:00:00Z,comment,UgwHgpU2Qsyn-VG_4rR4AaABAg,,FALSE
b0L4hXmhGGE,2025-05-27T00:43:13Z,226350,3598,0,166,Phthorimaea_absoluta,Spain,Insects,established,costo,Post-Introduction,eCommerce,eCommerce,2006,2006-06-01T12:00:00Z,comment,UgwHgpU2Qsyn-VG_4rR4AaABAg,,FALSE
b0L4hXmhGGE,2024-07-27T17:00:12Z,226350,3598,0,166,Phthorimaea_absoluta,Spain,Insects,established,encontrado,Post-Introduction,Detection,Detection,2006,2006-06-01T12:00:00Z,comment,Ugy-zG4_KgYc1v2R2D14AaABAg,,FALSE
b0L4hXmhGGE,2024-07-27T17:00:12Z,226350,3598,0,166,Phthorimaea_absoluta,Spain,Insects,established,comprado,Post-Introduction,eCommerce,eCommerce,2006,2006-06-01T12:00:00Z,comment,Ugy-zG4_KgYc1v2R2D14AaABAg,,FALSE
b0L4hXmhGGE,2023-09-03T20:09:22Z,226350,3598,0,166,Phthorimaea_absoluta,Spain,Insects,established,tienda,Post-Introduction,eCommerce,eCommerce,2006,2006-06-01T12:00:00Z,comment,UgxnwziXQWuTGmdl14h4AaABAg,,FALSE
b0L4hXmhGGE,2023-09-03T20:09:22Z,226350,3598,0,166,Phthorimaea_absoluta,Spain,Insects,established,invasion,Post-Introduction,Invasion,Invasion,2006,2006-06-01T12:00:00Z,comment,UgxnwziXQWuTGmdl14h4AaABAg,,FALSE
b0L4hXmhGGE,2023-05-12T18:51:47Z,226350,3598,0,166,Phthorimaea_absoluta,Spain,Insects,established,trampas,Post-Introduction,Detection,Detection,2006,2006-06-01T12:00:00Z,comment,UgxHQ4YJZk6dBCwOosd4AaABAg,,FALSE
b0L4hXmhGGE,2022-09-07T19:20:55Z,226350,3598,0,166,Phthorimaea_absoluta,Spain,Insects,established,plaga,Post-Introduction,Invasion,Invasion,2006,2006-06-01T12:00:00Z,comment,UgyN6P7PkKinFvQrvvN4AaABAg,,FALSE
b0L4hXmhGGE,2021-10-18T11:07:44Z,226350,3598,0,166,Phthorimaea_absoluta,Spain,Insects,established,trampas,Post-Introduction,Detection,Detection,2006,2006-06-01T12:00:00Z,comment,UgyTp_DARNehHB8F37J4AaABAg,,FALSE
b0L4hXmhGGE,2021-05-19T11:55:58Z,226350,3598,0,166,Phthorimaea_absoluta,Spain,Insects,established,trampa,Post-Introduction,Detection,Detection,2006,2006-06-01T12:00:00Z,comment,UgyImkY5rVYRhE1mAyF4AaABAg,,FALSE
b0L4hXmhGGE,2021-01-13T16:57:46Z,226350,3598,0,166,Phthorimaea_absoluta,Spain,Insects,established,trampas,Post-Introduction,Detection,Detection,2006,2006-06-01T12:00:00Z,comment,Ugy04gfb6GMFGznwraN4AaABAg,,FALSE
b0L4hXmhGGE,2020-07-20T21:58:31Z,226350,3598,0,166,Phthorimaea_absoluta,Spain,Insects,established,trampa,Post-Introduction,Detection,Detection,2006,2006-06-01T12:00:00Z,comment,UgxQgRNonyppFXGDyRR4AaABAg,,FALSE
b0L4hXmhGGE,2020-06-01T09:17:44Z,226350,3598,0,166,Phthorimaea_absoluta,Spain,Insects,established,trampas,Post-Introduction,Detection,Detection,2006,2006-06-01T12:00:00Z,comment,UgwsVlwpGhnGm0ORRWR4AaABAg,,FALSE
b0L4hXmhGGE,2020-06-01T09:17:44Z,226350,3598,0,166,Phthorimaea_absoluta,Spain,Insects,established,trampa,Post-Introduction,Detection,Detection,2006,2006-06-01T12:00:00Z,comment,UgwsVlwpGhnGm0ORRWR4AaABAg,,FALSE
b0L4hXmhGGE,2020-04-19T13:58:33Z,226350,3598,0,166,Phthorimaea_absoluta,Spain,Insects,established,visto,Post-Introduction,Detection,Detection,2006,2006-06-01T12:00:00Z,comment,UgzQp0wu_zE0evDn0mh4AaABAg,,FALSE
b0L4hXmhGGE,2020-04-19T13:58:33Z,226350,3598,0,166,Phthorimaea_absoluta,Spain,Insects,established,trampas,Post-Introduction,Detection,Detection,2006,2006-06-01T12:00:00Z,comment,UgzQp0wu_zE0evDn0mh4AaABAg,,FALSE
b0L4hXmhGGE,2020-04-19T13:58:33Z,226350,3598,0,166,Phthorimaea_absoluta,Spain,Insects,established,trampa,Post-Introduction,Detection,Detection,2006,2006-06-01T12:00:00Z,comment,UgzQp0wu_zE0evDn0mh4AaABAg,,FALSE
b0L4hXmhGGE,2020-04-19T13:58:33Z,226350,3598,0,166,Phthorimaea_absoluta,Spain,Insects,established,comprar,Post-Introduction,eCommerce,eCommerce,2006,2006-06-01T12:00:00Z,comment,UgzQp0wu_zE0evDn0mh4AaABAg,,FALSE
b0L4hXmhGGE,2019-06-03T21:55:39Z,226350,3598,2,166,Phthorimaea_absoluta,Spain,Insects,established,cara,Post-Introduction,eCommerce,eCommerce,2006,2006-06-01T12:00:00Z,comment,UgxEMzlpSxW6XR0iVrB4AaABAg,,FALSE
b0L4hXmhGGE,2019-06-03T21:55:39Z,226350,3598,2,166,Phthorimaea_absoluta,Spain,Insects,established,cara,Post-Introduction,eCommerce,eCommerce,2006,2006-06-01T12:00:00Z,comment,UgxEMzlpSxW6XR0iVrB4AaABAg,,FALSE
b0L4hXmhGGE,2019-05-26T18:30:00Z,226350,3598,0,166,Phthorimaea_absoluta,Spain,Insects,established,trampas,Post-Introduction,Detection,Detection,2006,2006-06-01T12:00:00Z,comment,UgxnAW_UzUev2SaWVRB4AaABAg,,FALSE
b0L4hXmhGGE,2019-05-25T18:08:38Z,226350,3598,0,166,Phthorimaea_absoluta,Spain,Insects,established,trampas,Post-Introduction,Detection,Detection,2006,2006-06-01T12:00:00Z,comment,UgzX1ZjJKkQOsv00Bld4AaABAg,,FALSE
b0L4hXmhGGE,2019-05-23T17:31:56Z,226350,3598,1,166,Phthorimaea_absoluta,Spain,Insects,established,trampa,Post-Introduction,Detection,Detection,2006,2006-06-01T12:00:00Z,comment,Ugx2kMBAPJnoKQayw1x4AaABAg,,FALSE
b0L4hXmhGGE,2019-04-20T21:28:03Z,226350,3598,1,166,Phthorimaea_absoluta,Spain,Insects,established,tienda,Post-Introduction,eCommerce,eCommerce,2006,2006-06-01T12:00:00Z,comment,Ugy1leJUurfVw0ScH694AaABAg,,FALSE
b0L4hXmhGGE,2019-04-08T16:37:03Z,226350,3598,1,166,Phthorimaea_absoluta,Spain,Insects,established,trampa,Post-Introduction,Detection,Detection,2006,2006-06-01T12:00:00Z,comment,UgzIrjjC8CXH63h8DTR4AaABAg,,FALSE
b0L4hXmhGGE,2019-01-08T20:00:40Z,226350,3598,3,166,Phthorimaea_absoluta,Spain,Insects,established,trampa,Post-Introduction,Detection,Detection,2006,2006-06-01T12:00:00Z,comment,UgxpbFflh9lemljoCZd4AaABAg,,FALSE
b0L4hXmhGGE,2018-08-11T11:11:04Z,226350,3598,2,166,Phthorimaea_absoluta,Spain,Insects,established,trampa,Post-Introduction,Detection,Detection,2006,2006-06-01T12:00:00Z,comment,UgwbWL8gLCVryWN6D114AaABAg,,FALSE
b0L4hXmhGGE,2018-07-25T17:43:15Z,226350,3598,1,166,Phthorimaea_absoluta,Spain,Insects,established,trampa,Post-Introduction,Detection,Detection,2006,2006-06-01T12:00:00Z,comment,UgyFVaf6uPVll5MQ72h4AaABAg,,FALSE
b0L4hXmhGGE,2018-07-17T16:47:27Z,226350,3598,2,166,Phthorimaea_absoluta,Spain,Insects,established,trampa,Post-Introduction,Detection,Detection,2006,2006-06-01T12:00:00Z,comment,Ugw0xUDLHa2WrOor5Sd4AaABAg,,FALSE
b0L4hXmhGGE,2018-06-07T21:04:02Z,226350,3598,0,166,Phthorimaea_absoluta,Spain,Insects,established,trampas,Post-Introduction,Detection,Detection,2006,2006-06-01T12:00:00Z,comment,UgwMxLi6dmMxK8ymHRt4AaABAg,,FALSE
b0L4hXmhGGE,2018-03-07T03:03:02Z,226350,3598,0,166,Phthorimaea_absoluta,Spain,Insects,established,atacado,Post-Introduction,Threat,Threat,2006,2006-06-01T12:00:00Z,comment,UgwZ2KXuxYBq11w3PLx4AaABAg,,FALSE
b0L4hXmhGGE,2018-03-07T03:03:02Z,226350,3598,0,166,Phthorimaea_absoluta,Spain,Insects,established,plaga,Post-Introduction,Invasion,Invasion,2006,2006-06-01T12:00:00Z,comment,UgwZ2KXuxYBq11w3PLx4AaABAg,,FALSE
b0L4hXmhGGE,2017-07-22T11:31:42Z,226350,3598,1,166,Phthorimaea_absoluta,Spain,Insects,established,compra,Post-Introduction,eCommerce,eCommerce,2006,2006-06-01T12:00:00Z,comment,UghRKyMDygKNTXgCoAEC,,FALSE
b0L4hXmhGGE,2017-05-02T20:24:05Z,226350,3598,1,166,Phthorimaea_absoluta,Spain,Insects,established,comprar,Post-Introduction,eCommerce,eCommerce,2006,2006-06-01T12:00:00Z,comment,UghPTYTnk2Ed9HgCoAEC,,FALSE
b0L4hXmhGGE,2017-05-02T20:24:05Z,226350,3598,1,166,Phthorimaea_absoluta,Spain,Insects,established,visto,Post-Introduction,Detection,Detection,2006,2006-06-01T12:00:00Z,comment,UghPTYTnk2Ed9HgCoAEC,,FALSE
b0L4hXmhGGE,2017-05-02T20:24:05Z,226350,3598,1,166,Phthorimaea_absoluta,Spain,Insects,established,precio,Post-Introduction,eCommerce,eCommerce,2006,2006-06-01T12:00:00Z,comment,UghPTYTnk2Ed9HgCoAEC,,FALSE
b0L4hXmhGGE,2017-04-28T10:52:34Z,226350,3598,2,166,Phthorimaea_absoluta,Spain,Insects,established,comprar,Post-Introduction,eCommerce,eCommerce,2006,2006-06-01T12:00:00Z,comment,Ugh4vJrXBDDXC3gCoAEC,,FALSE
b0L4hXmhGGE,2017-04-02T03:34:07Z,226350,3598,2,166,Phthorimaea_absoluta,Spain,Insects,established,trampas,Post-Introduction,Detection,Detection,2006,2006-06-01T12:00:00Z,comment,Ugj_Wc8g2qNHc3gCoAEC,,FALSE
b0L4hXmhGGE,2016-05-22T21:13:40Z,226350,3598,2,166,Phthorimaea_absoluta,Spain,Insects,established,trampas,Post-Introduction,Detection,Detection,2006,2006-06-01T12:00:00Z,comment,Ugi6bB5AovWGi3gCoAEC,,FALSE
b0L4hXmhGGE,2016-05-22T21:13:40Z,226350,3598,2,166,Phthorimaea_absoluta,Spain,Insects,established,trampas,Post-Introduction,Detection,Detection,2006,2006-06-01T12:00:00Z,comment,Ugi6bB5AovWGi3gCoAEC,,FALSE
b0L4hXmhGGE,2015-12-24T15:11:19Z,226350,3598,1,166,Phthorimaea_absoluta,Spain,Insects,established,trampa,Post-Introduction,Detection,Detection,2006,2006-06-01T12:00:00Z,comment,Ugh4wLML0TqWWXgCoAEC,,FALSE
b0L4hXmhGGE,2015-08-19T11:14:10Z,226350,3598,3,166,Phthorimaea_absoluta,Spain,Insects,established,aparecido,Post-Introduction,Detection,Detection,2006,2006-06-01T12:00:00Z,comment,Ugh6bKYPE7tUbngCoAEC,,FALSE
b0L4hXmhGGE,2015-08-18T10:04:24Z,226350,3598,2,166,Phthorimaea_absoluta,Spain,Insects,established,compre,Post-Introduction,eCommerce,eCommerce,2006,2006-06-01T12:00:00Z,comment,UgjahzZJ0ZNYpHgCoAEC,,FALSE
b0L4hXmhGGE,2023-04-23T20:06:17Z,226350,3598,1,166,Phthorimaea_absoluta,Spain,Insects,established,trampas,Post-Introduction,Detection,Detection,2006,2006-06-01T12:00:00Z,comment,UgxxKyoI3IGZMkgE6W94AaABAg.9orGnzc5uYi9orZHcCVEn5,UgxxKyoI3IGZMkgE6W94AaABAg,TRUE
b0L4hXmhGGE,2023-04-23T20:06:17Z,226350,3598,1,166,Phthorimaea_absoluta,Spain,Insects,established,compre,Post-Introduction,eCommerce,eCommerce,2006,2006-06-01T12:00:00Z,comment,UgxxKyoI3IGZMkgE6W94AaABAg.9orGnzc5uYi9orZHcCVEn5,UgxxKyoI3IGZMkgE6W94AaABAg,TRUE
b0L4hXmhGGE,2022-08-19T07:58:01Z,226350,3598,0,166,Phthorimaea_absoluta,Spain,Insects,established,plaga,Post-Introduction,Invasion,Invasion,2006,2006-06-01T12:00:00Z,comment,UgyDdoGxS9zob50Vwi54AaABAg.9erbeUZ7YJx9euFaYIwNp5,UgyDdoGxS9zob50Vwi54AaABAg,TRUE
b0L4hXmhGGE,2022-07-14T17:39:54Z,226350,3598,0,166,Phthorimaea_absoluta,Spain,Insects,established,compre,Post-Introduction,eCommerce,eCommerce,2006,2006-06-01T12:00:00Z,comment,UgxurisztrZzRXNri3B4AaABAg.9dQ2Lk7KC2S9dTaZp7-Cvl,UgxurisztrZzRXNri3B4AaABAg,TRUE
b0L4hXmhGGE,2022-07-14T17:39:54Z,226350,3598,0,166,Phthorimaea_absoluta,Spain,Insects,established,trampas,Post-Introduction,Detection,Detection,2006,2006-06-01T12:00:00Z,comment,UgxurisztrZzRXNri3B4AaABAg.9dQ2Lk7KC2S9dTaZp7-Cvl,UgxurisztrZzRXNri3B4AaABAg,TRUE
b0L4hXmhGGE,2019-05-23T17:37:49Z,226350,3598,1,166,Phthorimaea_absoluta,Spain,Insects,established,trampas,Post-Introduction,Detection,Detection,2006,2006-06-01T12:00:00Z,comment,Ugx2kMBAPJnoKQayw1x4AaABAg.8vH_50I2QVI8vH_l8lJbst,Ugx2kMBAPJnoKQayw1x4AaABAg,TRUE
b0L4hXmhGGE,2019-05-23T17:37:49Z,226350,3598,1,166,Phthorimaea_absoluta,Spain,Insects,established,trampa,Post-Introduction,Detection,Detection,2006,2006-06-01T12:00:00Z,comment,Ugx2kMBAPJnoKQayw1x4AaABAg.8vH_50I2QVI8vH_l8lJbst,Ugx2kMBAPJnoKQayw1x4AaABAg,TRUE
b0L4hXmhGGE,2018-08-05T12:07:31Z,226350,3598,1,166,Phthorimaea_absoluta,Spain,Insects,established,plaga,Post-Introduction,Invasion,Invasion,2006,2006-06-01T12:00:00Z,comment,UgzwupdEd0cNLEV0rA54AaABAg.8jZM3GjMGgq8jZgdKlIdXX,UgzwupdEd0cNLEV0rA54AaABAg,TRUE
b0L4hXmhGGE,2018-08-05T12:07:31Z,226350,3598,1,166,Phthorimaea_absoluta,Spain,Insects,established,controlada,Post-Introduction,Detection,Detection,2006,2006-06-01T12:00:00Z,comment,UgzwupdEd0cNLEV0rA54AaABAg.8jZM3GjMGgq8jZgdKlIdXX,UgzwupdEd0cNLEV0rA54AaABAg,TRUE
b0L4hXmhGGE,2018-07-17T16:53:30Z,226350,3598,1,166,Phthorimaea_absoluta,Spain,Insects,established,barata,Post-Introduction,eCommerce,eCommerce,2006,2006-06-01T12:00:00Z,comment,Ugw0xUDLHa2WrOor5Sd4AaABAg.8ioGZwvQgiX8ioHGMrfjN-,Ugw0xUDLHa2WrOor5Sd4AaABAg,TRUE
b0L4hXmhGGE,2018-07-17T20:31:27Z,226350,3598,0,166,Phthorimaea_absoluta,Spain,Insects,established,cara,Post-Introduction,eCommerce,eCommerce,2006,2006-06-01T12:00:00Z,comment,Ugw0xUDLHa2WrOor5Sd4AaABAg.8ioGZwvQgiX8iofCc17WWP,Ugw0xUDLHa2WrOor5Sd4AaABAg,TRUE
b0L4hXmhGGE,2020-07-06T19:33:36Z,226350,3598,0,166,Phthorimaea_absoluta,Spain,Insects,established,veneno,Post-Introduction,Threat,Threat,2006,2006-06-01T12:00:00Z,comment,Ugwi-uciVyt9x_HQ_ux4AaABAg.8YWVZsTh0Xh9AmVvw5amTi,Ugwi-uciVyt9x_HQ_ux4AaABAg,TRUE
b0L4hXmhGGE,2020-07-06T19:33:36Z,226350,3598,0,166,Phthorimaea_absoluta,Spain,Insects,established,comprar,Post-Introduction,eCommerce,eCommerce,2006,2006-06-01T12:00:00Z,comment,Ugwi-uciVyt9x_HQ_ux4AaABAg.8YWVZsTh0Xh9AmVvw5amTi,Ugwi-uciVyt9x_HQ_ux4AaABAg,TRUE
b0L4hXmhGGE,2020-07-06T19:33:36Z,226350,3598,0,166,Phthorimaea_absoluta,Spain,Insects,established,tienda,Post-Introduction,eCommerce,eCommerce,2006,2006-06-01T12:00:00Z,comment,Ugwi-uciVyt9x_HQ_ux4AaABAg.8YWVZsTh0Xh9AmVvw5amTi,Ugwi-uciVyt9x_HQ_ux4AaABAg,TRUE
b0L4hXmhGGE,2017-07-22T14:29:24Z,226350,3598,1,166,Phthorimaea_absoluta,Spain,Insects,established,compra,Post-Introduction,eCommerce,eCommerce,2006,2006-06-01T12:00:00Z,comment,UghRKyMDygKNTXgCoAEC.8VJjGKFpuU28VK2aqfaUVo,UghRKyMDygKNTXgCoAEC,TRUE
b0L4hXmhGGE,2017-05-02T20:44:39Z,226350,3598,1,166,Phthorimaea_absoluta,Spain,Insects,established,comprar,Post-Introduction,eCommerce,eCommerce,2006,2006-06-01T12:00:00Z,comment,UghPTYTnk2Ed9HgCoAEC.8S46nmrGfnd8S499QDnXnU,UghPTYTnk2Ed9HgCoAEC,TRUE
b0L4hXmhGGE,2017-05-02T21:38:26Z,226350,3598,2,166,Phthorimaea_absoluta,Spain,Insects,established,costo,Post-Introduction,eCommerce,eCommerce,2006,2006-06-01T12:00:00Z,comment,UghPTYTnk2Ed9HgCoAEC.8S46nmrGfnd8S4FJKq8Vvl,UghPTYTnk2Ed9HgCoAEC,TRUE
b0L4hXmhGGE,2017-05-02T21:38:26Z,226350,3598,2,166,Phthorimaea_absoluta,Spain,Insects,established,precio,Post-Introduction,eCommerce,eCommerce,2006,2006-06-01T12:00:00Z,comment,UghPTYTnk2Ed9HgCoAEC.8S46nmrGfnd8S4FJKq8Vvl,UghPTYTnk2Ed9HgCoAEC,TRUE
b0L4hXmhGGE,2017-02-13T18:07:18Z,226350,3598,1,166,Phthorimaea_absoluta,Spain,Insects,established,trampas,Post-Introduction,Detection,Detection,2006,2006-06-01T12:00:00Z,comment,UgjY624ShZ5jAngCoAEC.8OvlePnxZOs8Ow18gLcGyG,UgjY624ShZ5jAngCoAEC,TRUE
b0L4hXmhGGE,2016-05-22T22:00:50Z,226350,3598,1,166,Phthorimaea_absoluta,Spain,Insects,established,trampas,Post-Introduction,Detection,Detection,2006,2006-06-01T12:00:00Z,comment,Ugi6bB5AovWGi3gCoAEC.8EBrE1i_xgf8EBwc_PqkGU,Ugi6bB5AovWGi3gCoAEC,TRUE
b0L4hXmhGGE,2016-05-24T06:59:59Z,226350,3598,0,166,Phthorimaea_absoluta,Spain,Insects,established,comprado,Post-Introduction,eCommerce,eCommerce,2006,2006-06-01T12:00:00Z,comment,Ugi6bB5AovWGi3gCoAEC.8EBrE1i_xgf8EFU7CcuSv-,Ugi6bB5AovWGi3gCoAEC,TRUE
b0L4hXmhGGE,2016-05-24T07:56:57Z,226350,3598,0,166,Phthorimaea_absoluta,Spain,Insects,established,caro,Post-Introduction,eCommerce,eCommerce,2006,2006-06-01T12:00:00Z,comment,Ugi6bB5AovWGi3gCoAEC.8EBrE1i_xgf8EF_dRmGUwt,Ugi6bB5AovWGi3gCoAEC,TRUE
b0L4hXmhGGE,2015-12-24T17:07:32Z,226350,3598,2,166,Phthorimaea_absoluta,Spain,Insects,established,trampas,Post-Introduction,Detection,Detection,2006,2006-06-01T12:00:00Z,comment,Ugh4wLML0TqWWXgCoAEC.888yWqN1_36889Ap8ZYvUb,Ugh4wLML0TqWWXgCoAEC,TRUE
b0L4hXmhGGE,2015-12-24T17:07:32Z,226350,3598,2,166,Phthorimaea_absoluta,Spain,Insects,established,trampas,Post-Introduction,Detection,Detection,2006,2006-06-01T12:00:00Z,comment,Ugh4wLML0TqWWXgCoAEC.888yWqN1_36889Ap8ZYvUb,Ugh4wLML0TqWWXgCoAEC,TRUE
b0L4hXmhGGE,2015-12-24T17:07:32Z,226350,3598,2,166,Phthorimaea_absoluta,Spain,Insects,established,trampas,Post-Introduction,Detection,Detection,2006,2006-06-01T12:00:00Z,comment,Ugh4wLML0TqWWXgCoAEC.888yWqN1_36889Ap8ZYvUb,Ugh4wLML0TqWWXgCoAEC,TRUE
b0L4hXmhGGE,2015-08-20T06:35:08Z,226350,3598,1,166,Phthorimaea_absoluta,Spain,Insects,established,veneno,Post-Introduction,Threat,Threat,2006,2006-06-01T12:00:00Z,comment,UghAPhkeMLRuwngCoAEC.833AmkD5X0J7-HS3KPQs-m,UghAPhkeMLRuwngCoAEC,TRUE
KuBwQ994u8c,2022-06-27T21:50:23Z,31912,186,0,12,Phthorimaea_absoluta,Spain,Insects,established,trampa,Post-Introduction,Detection,Detection,2006,2006-06-01T12:00:00Z,comment,UgzWSXAl8eizg-lejgJ4AaABAg,,FALSE
KuBwQ994u8c,2020-09-02T23:03:51Z,31912,186,0,12,Phthorimaea_absoluta,Spain,Insects,established,trampas,Post-Introduction,Detection,Detection,2006,2006-06-01T12:00:00Z,comment,Ugww3aCLRfFcenCj5Q54AaABAg,,FALSE
KuBwQ994u8c,2020-11-06T16:40:40Z,31912,186,0,12,Phthorimaea_absoluta,Spain,Insects,established,control,Post-Introduction,Detection,Detection,2006,2006-06-01T12:00:00Z,comment,Ugww3aCLRfFcenCj5Q54AaABAg.9D7E5V2PQsJ9FiuutlTlCz,Ugww3aCLRfFcenCj5Q54AaABAg,TRUE
KuBwQ994u8c,2020-11-06T16:32:11Z,31912,186,0,12,Phthorimaea_absoluta,Spain,Insects,established,plaga,Post-Introduction,Invasion,Invasion,2006,2006-06-01T12:00:00Z,comment,UgxUNt3d4Fak6jvCVk54AaABAg.97hqeifqkha9FitwnZZ9Fb,UgxUNt3d4Fak6jvCVk54AaABAg,TRUE
KuBwQ994u8c,2020-11-06T16:41:01Z,31912,186,0,12,Phthorimaea_absoluta,Spain,Insects,established,plaga,Post-Introduction,Invasion,Invasion,2006,2006-06-01T12:00:00Z,comment,UgxUNt3d4Fak6jvCVk54AaABAg.97hqeifqkha9FiuxYsKnW5,UgxUNt3d4Fak6jvCVk54AaABAg,TRUE
j8_PZA-onfU,2021-07-07T07:47:05Z,5188,156,1,32,Phthorimaea_absoluta,Spain,Insects,established,plaga,Post-Introduction,Invasion,Invasion,2006,2006-06-01T12:00:00Z,comment,Ugw7kLRF1fgSbkSDj0d4AaABAg,,FALSE
j8_PZA-onfU,2021-06-24T08:51:46Z,5188,156,1,32,Phthorimaea_absoluta,Spain,Insects,established,trampas,Post-Introduction,Detection,Detection,2006,2006-06-01T12:00:00Z,comment,Ugzcw1Fz59ysFe0Gar94AaABAg,,FALSE
j8_PZA-onfU,2021-06-14T21:03:41Z,5188,156,1,32,Phthorimaea_absoluta,Spain,Insects,established,trampas,Post-Introduction,Detection,Detection,2006,2006-06-01T12:00:00Z,comment,UgwcIaEScsCmtSyrHLp4AaABAg,,FALSE
j8_PZA-onfU,2021-06-10T20:46:51Z,5188,156,2,32,Phthorimaea_absoluta,Spain,Insects,established,trampa,Post-Introduction,Detection,Detection,2006,2006-06-01T12:00:00Z,comment,UgzNsshAdB02yeUeEgF4AaABAg,,FALSE
j8_PZA-onfU,2021-06-10T20:10:43Z,5188,156,2,32,Phthorimaea_absoluta,Spain,Insects,established,atacado,Post-Introduction,Threat,Threat,2006,2006-06-01T12:00:00Z,comment,UgwjAoUaPdrtSuJmlhN4AaABAg,,FALSE
j8_PZA-onfU,2021-06-12T06:54:36Z,5188,156,0,32,Phthorimaea_absoluta,Spain,Insects,established,plaga,Post-Introduction,Invasion,Invasion,2006,2006-06-01T12:00:00Z,comment,UgzNsshAdB02yeUeEgF4AaABAg.9OQXn0baEX49OUC8FBoKWM,UgzNsshAdB02yeUeEgF4AaABAg,TRUE
j8_PZA-onfU,2021-06-12T06:54:36Z,5188,156,0,32,Phthorimaea_absoluta,Spain,Insects,established,plagas,Post-Introduction,Invasion,Invasion,2006,2006-06-01T12:00:00Z,comment,UgzNsshAdB02yeUeEgF4AaABAg.9OQXn0baEX49OUC8FBoKWM,UgzNsshAdB02yeUeEgF4AaABAg,TRUE
iyLPWO2rZBE,2021-07-15T13:51:34Z,106937,648,0,13,Phthorimaea_absoluta,Spain,Insects,established,peligro,Post-Introduction,Threat,Threat,2006,2006-06-01T12:00:00Z,comment,UgzxC_C1OJoErBLWfdh4AaABAg,,FALSE
iyLPWO2rZBE,2021-07-15T13:51:34Z,106937,648,0,13,Phthorimaea_absoluta,Spain,Insects,established,control,Post-Introduction,Detection,Detection,2006,2006-06-01T12:00:00Z,comment,UgzxC_C1OJoErBLWfdh4AaABAg,,FALSE
iyLPWO2rZBE,2021-07-15T13:51:34Z,106937,648,0,13,Phthorimaea_absoluta,Spain,Insects,established,barato,Post-Introduction,eCommerce,eCommerce,2006,2006-06-01T12:00:00Z,comment,UgzxC_C1OJoErBLWfdh4AaABAg,,FALSE
iyLPWO2rZBE,2021-07-15T13:51:34Z,106937,648,0,13,Phthorimaea_absoluta,Spain,Insects,established,caro,Post-Introduction,eCommerce,eCommerce,2006,2006-06-01T12:00:00Z,comment,UgzxC_C1OJoErBLWfdh4AaABAg,,FALSE
HrOhzTaFSNc,2025-04-09T20:50:48Z,11404,55,0,4,Phthorimaea_absoluta,Spain,Insects,established,trampa,Post-Introduction,Detection,Detection,2006,2006-06-01T12:00:00Z,comment,UgxVELFx5kuWpbKrVCd4AaABAg,,FALSE
HrOhzTaFSNc,2022-07-02T08:04:28Z,11404,55,0,4,Phthorimaea_absoluta,Spain,Insects,established,control,Post-Introduction,Detection,Detection,2006,2006-06-01T12:00:00Z,comment,Ugy3NcdhnKKVgJj0NIN4AaABAg,,FALSE
TzbMIm4Kwak,2020-10-19T23:46:55Z,211604,5299,0,301,Phthorimaea_absoluta,Spain,Insects,established,plaga,Post-Introduction,Invasion,Invasion,2006,2006-06-01T12:00:00Z,comment,Ugx8tEMeMUeX2YgzMQh4AaABAg,,FALSE
TzbMIm4Kwak,2020-07-18T21:27:04Z,211604,5299,0,301,Phthorimaea_absoluta,Spain,Insects,established,encontre,Post-Introduction,Detection,Detection,2006,2006-06-01T12:00:00Z,comment,Ugz2hQ9NCmlmOhHrIMJ4AaABAg,,FALSE
TzbMIm4Kwak,2020-04-17T15:31:57Z,211604,5299,1,301,Phthorimaea_absoluta,Spain,Insects,established,comprar,Post-Introduction,eCommerce,eCommerce,2006,2006-06-01T12:00:00Z,comment,Ugykre96y2ifnHILXJ54AaABAg,,FALSE
TzbMIm4Kwak,2019-05-01T20:35:29Z,211604,5299,0,301,Phthorimaea_absoluta,Spain,Insects,established,ataca,Post-Introduction,Threat,Threat,2006,2006-06-01T12:00:00Z,comment,UgyWx0QVkQ3jp-KOr9t4AaABAg,,FALSE
TzbMIm4Kwak,2018-02-15T17:08:40Z,211604,5299,0,301,Phthorimaea_absoluta,Spain,Insects,established,plaga,Post-Introduction,Invasion,Invasion,2006,2006-06-01T12:00:00Z,comment,UgxKYw_RFewMHcot8eR4AaABAg,,FALSE
TzbMIm4Kwak,2016-12-06T02:26:51Z,211604,5299,0,301,Phthorimaea_absoluta,Spain,Insects,established,control,Post-Introduction,Detection,Detection,2006,2006-06-01T12:00:00Z,comment,UgiUKiUrsg_v33gCoAEC,,FALSE
TzbMIm4Kwak,2016-12-02T21:28:46Z,211604,5299,0,301,Phthorimaea_absoluta,Spain,Insects,established,trampas,Post-Introduction,Detection,Detection,2006,2006-06-01T12:00:00Z,comment,UgguEUfEMjQE7XgCoAEC,,FALSE
TzbMIm4Kwak,2016-11-14T16:18:14Z,211604,5299,1,301,Phthorimaea_absoluta,Spain,Insects,established,plagas,Post-Introduction,Invasion,Invasion,2006,2006-06-01T12:00:00Z,comment,UgjRQ_TxyD_g6XgCoAEC,,FALSE
TzbMIm4Kwak,2016-09-16T11:13:56Z,211604,5299,0,301,Phthorimaea_absoluta,Spain,Insects,established,plaga,Post-Introduction,Invasion,Invasion,2006,2006-06-01T12:00:00Z,comment,UggU2aUi49hWhXgCoAEC,,FALSE
TzbMIm4Kwak,2016-07-21T17:38:44Z,211604,5299,0,301,Phthorimaea_absoluta,Spain,Insects,established,aparece,Post-Introduction,Detection,Detection,2006,2006-06-01T12:00:00Z,comment,UgiJIAzDaliPs3gCoAEC,,FALSE
TzbMIm4Kwak,2022-03-28T22:09:18Z,211604,5299,1,301,Phthorimaea_absoluta,Spain,Insects,established,aparicion,Post-Introduction,Detection,Detection,2006,2006-06-01T12:00:00Z,comment,UgzHW-uvPNG1ish7Hop4AaABAg.9UbslCgYq8T9_7zYaV8qZ5,UgzHW-uvPNG1ish7Hop4AaABAg,TRUE
TzbMIm4Kwak,2022-03-28T22:09:18Z,211604,5299,1,301,Phthorimaea_absoluta,Spain,Insects,established,plagas,Post-Introduction,Invasion,Invasion,2006,2006-06-01T12:00:00Z,comment,UgzHW-uvPNG1ish7Hop4AaABAg.9UbslCgYq8T9_7zYaV8qZ5,UgzHW-uvPNG1ish7Hop4AaABAg,TRUE
TzbMIm4Kwak,2016-09-22T23:08:20Z,211604,5299,0,301,Phthorimaea_absoluta,Spain,Insects,established,trampa,Post-Introduction,Detection,Detection,2006,2006-06-01T12:00:00Z,comment,UggU2aUi49hWhXgCoAEC.8It2aneZfAj8J8m7XMLTcC,UggU2aUi49hWhXgCoAEC,TRUE
TzbMIm4Kwak,2016-06-20T16:22:34Z,211604,5299,0,301,Phthorimaea_absoluta,Spain,Insects,established,vender,Post-Introduction,eCommerce,eCommerce,2006,2006-06-01T12:00:00Z,comment,UghvHMwdBDkfQXgCoAEC.8FCvfCBwj8a8FM-yQEO_TC,UghvHMwdBDkfQXgCoAEC,TRUE
TzbMIm4Kwak,2016-06-13T10:27:24Z,211604,5299,2,301,Phthorimaea_absoluta,Spain,Insects,established,comprar,Post-Introduction,eCommerce,eCommerce,2006,2006-06-01T12:00:00Z,comment,UghzS7Gn5mhx9ngCoAEC.8Epxi37yrb78F3Lkuzod1w,UghzS7Gn5mhx9ngCoAEC,TRUE
TzbMIm4Kwak,2016-10-07T23:46:33Z,211604,5299,0,301,Phthorimaea_absoluta,Spain,Insects,established,plaga,Post-Introduction,Invasion,Invasion,2006,2006-06-01T12:00:00Z,comment,UghzS7Gn5mhx9ngCoAEC.8Epxi37yrb78JkTQe9dQGl,UghzS7Gn5mhx9ngCoAEC,TRUE
TzbMIm4Kwak,2016-10-07T23:46:33Z,211604,5299,0,301,Phthorimaea_absoluta,Spain,Insects,established,plaga,Post-Introduction,Invasion,Invasion,2006,2006-06-01T12:00:00Z,comment,UghzS7Gn5mhx9ngCoAEC.8Epxi37yrb78JkTQe9dQGl,UghzS7Gn5mhx9ngCoAEC,TRUE
TzbMIm4Kwak,2015-09-01T02:22:59Z,211604,5299,0,301,Phthorimaea_absoluta,Spain,Insects,established,plagas,Post-Introduction,Invasion,Invasion,2006,2006-06-01T12:00:00Z,comment,UgjY8FclMj3a23gCoAEC,,FALSE
TzbMIm4Kwak,2015-08-13T20:14:39Z,211604,5299,0,301,Phthorimaea_absoluta,Spain,Insects,established,plaga,Post-Introduction,Invasion,Invasion,2006,2006-06-01T12:00:00Z,comment,UggjpyK9n9TDRXgCoAEC,,FALSE
TzbMIm4Kwak,2015-07-20T22:18:39Z,211604,5299,0,301,Phthorimaea_absoluta,Spain,Insects,established,plaga,Post-Introduction,Invasion,Invasion,2006,2006-06-01T12:00:00Z,comment,UghQdrWx-XVbL3gCoAEC,,FALSE
TzbMIm4Kwak,2015-07-17T22:36:32Z,211604,5299,0,301,Phthorimaea_absoluta,Spain,Insects,established,visto,Post-Introduction,Detection,Detection,2006,2006-06-01T12:00:00Z,comment,UgiSlvm-PVZvj3gCoAEC,,FALSE
TzbMIm4Kwak,2015-07-17T22:04:57Z,211604,5299,3,301,Phthorimaea_absoluta,Spain,Insects,established,aparezca,Post-Introduction,Detection,Detection,2006,2006-06-01T12:00:00Z,comment,Ugjf7iU9cAjQw3gCoAEC,,FALSE
TzbMIm4Kwak,2015-07-16T23:14:09Z,211604,5299,0,301,Phthorimaea_absoluta,Spain,Insects,established,encontre,Post-Introduction,Detection,Detection,2006,2006-06-01T12:00:00Z,comment,UgiLM6sROB1zCXgCoAEC,,FALSE
TzbMIm4Kwak,2015-07-16T22:40:34Z,211604,5299,0,301,Phthorimaea_absoluta,Spain,Insects,established,plaga,Post-Introduction,Invasion,Invasion,2006,2006-06-01T12:00:00Z,comment,Ugj_KrFW3RG_LXgCoAEC,,FALSE
TzbMIm4Kwak,2015-07-16T19:55:04Z,211604,5299,5,301,Phthorimaea_absoluta,Spain,Insects,established,plagas,Post-Introduction,Invasion,Invasion,2006,2006-06-01T12:00:00Z,comment,UggjTXLRNsV5dHgCoAEC,,FALSE
TzbMIm4Kwak,2015-07-16T19:55:04Z,211604,5299,5,301,Phthorimaea_absoluta,Spain,Insects,established,visto,Post-Introduction,Detection,Detection,2006,2006-06-01T12:00:00Z,comment,UggjTXLRNsV5dHgCoAEC,,FALSE
TzbMIm4Kwak,2015-07-16T18:49:51Z,211604,5299,0,301,Phthorimaea_absoluta,Spain,Insects,established,visto,Post-Introduction,Detection,Detection,2006,2006-06-01T12:00:00Z,comment,Ugim0jv8gTTD1XgCoAEC,,FALSE
TzbMIm4Kwak,2015-07-16T18:12:04Z,211604,5299,0,301,Phthorimaea_absoluta,Spain,Insects,established,plaga,Post-Introduction,Invasion,Invasion,2006,2006-06-01T12:00:00Z,comment,Ugj9WyEyJf4klngCoAEC,,FALSE
TzbMIm4Kwak,2017-08-18T21:00:22Z,211604,5299,2,301,Phthorimaea_absoluta,Spain,Insects,established,comprada,Post-Introduction,eCommerce,eCommerce,2006,2006-06-01T12:00:00Z,comment,UggcwE2sYVG1engCoAEC.81mleX9KprW8WQGo48aES1,UggcwE2sYVG1engCoAEC,TRUE
p95_bu-3mwg,2024-06-18T16:42:38Z,827,7,0,2,Phthorimaea_absoluta,Spain,Insects,established,comprar,Post-Introduction,eCommerce,eCommerce,2006,2006-06-01T12:00:00Z,comment,UgxJqBKOHEwZU4FKzPV4AaABAg,,FALSE
jhZEIJ8dFmQ,2025-11-22T17:00:16Z,373381,6319,0,739,Phthorimaea_absoluta,Spain,Insects,established,encontre,Post-Introduction,Detection,Detection,2006,2006-06-01T12:00:00Z,comment,Ugzm9t41o47KwaNwI4B4AaABAg,,FALSE
jhZEIJ8dFmQ,2025-07-05T06:12:58Z,373381,6319,0,739,Phthorimaea_absoluta,Spain,Insects,established,visto,Post-Introduction,Detection,Detection,2006,2006-06-01T12:00:00Z,comment,UgwmZx1fFuWG2dnwKzF4AaABAg,,FALSE
jhZEIJ8dFmQ,2025-05-26T08:33:20Z,373381,6319,1,739,Phthorimaea_absoluta,Spain,Insects,established,trampa,Post-Introduction,Detection,Detection,2006,2006-06-01T12:00:00Z,comment,Ugzrm_SmFt9f06jpZH94AaABAg,,FALSE
jhZEIJ8dFmQ,2025-05-25T18:12:57Z,373381,6319,0,739,Phthorimaea_absoluta,Spain,Insects,established,comprar,Post-Introduction,eCommerce,eCommerce,2006,2006-06-01T12:00:00Z,comment,UgylqezS9BirMzC69HJ4AaABAg,,FALSE
jhZEIJ8dFmQ,2025-05-19T22:02:35Z,373381,6319,1,739,Phthorimaea_absoluta,Spain,Insects,established,comprar,Post-Introduction,eCommerce,eCommerce,2006,2006-06-01T12:00:00Z,comment,UgxX8vUrX0wzmJaZMep4AaABAg,,FALSE
jhZEIJ8dFmQ,2025-03-22T18:51:28Z,373381,6319,1,739,Phthorimaea_absoluta,Spain,Insects,established,encontre,Post-Introduction,Detection,Detection,2006,2006-06-01T12:00:00Z,comment,Ugxz7AmS7G3pd1eAgJZ4AaABAg,,FALSE
jhZEIJ8dFmQ,2025-03-22T18:51:28Z,373381,6319,1,739,Phthorimaea_absoluta,Spain,Insects,established,visto,Post-Introduction,Detection,Detection,2006,2006-06-01T12:00:00Z,comment,Ugxz7AmS7G3pd1eAgJZ4AaABAg,,FALSE
jhZEIJ8dFmQ,2024-06-29T20:46:03Z,373381,6319,0,739,Phthorimaea_absoluta,Spain,Insects,established,mercado,Post-Introduction,eCommerce,eCommerce,2006,2006-06-01T12:00:00Z,comment,Ugw6dVQ2pE3QLG_7jht4AaABAg,,FALSE
jhZEIJ8dFmQ,2024-05-30T19:48:26Z,373381,6319,1,739,Phthorimaea_absoluta,Spain,Insects,established,comprar,Post-Introduction,eCommerce,eCommerce,2006,2006-06-01T12:00:00Z,comment,UgzTJMndaNtohjAc3bR4AaABAg,,FALSE
jhZEIJ8dFmQ,2024-05-10T13:37:45Z,373381,6319,0,739,Phthorimaea_absoluta,Spain,Insects,established,plaga,Post-Introduction,Invasion,Invasion,2006,2006-06-01T12:00:00Z,comment,UgxnMPkClvxEvN5BbZx4AaABAg,,FALSE
jhZEIJ8dFmQ,2024-05-10T12:48:18Z,373381,6319,1,739,Phthorimaea_absoluta,Spain,Insects,established,visto,Post-Introduction,Detection,Detection,2006,2006-06-01T12:00:00Z,comment,UgzKFCk-BVTDash0SZp4AaABAg,,FALSE
jhZEIJ8dFmQ,2024-04-19T17:36:03Z,373381,6319,1,739,Phthorimaea_absoluta,Spain,Insects,established,comprar,Post-Introduction,eCommerce,eCommerce,2006,2006-06-01T12:00:00Z,comment,UgzWlr83GJTVQxthh694AaABAg,,FALSE
jhZEIJ8dFmQ,2024-04-15T05:27:49Z,373381,6319,0,739,Phthorimaea_absoluta,Spain,Insects,established,peligroso,Post-Introduction,Threat,Threat,2006,2006-06-01T12:00:00Z,comment,UgwBxQpni2_YmMb-UiR4AaABAg,,FALSE
jhZEIJ8dFmQ,2024-04-15T05:27:49Z,373381,6319,0,739,Phthorimaea_absoluta,Spain,Insects,established,control,Post-Introduction,Detection,Detection,2006,2006-06-01T12:00:00Z,comment,UgwBxQpni2_YmMb-UiR4AaABAg,,FALSE
jhZEIJ8dFmQ,2024-04-15T05:27:49Z,373381,6319,0,739,Phthorimaea_absoluta,Spain,Insects,established,plagas,Post-Introduction,Invasion,Invasion,2006,2006-06-01T12:00:00Z,comment,UgwBxQpni2_YmMb-UiR4AaABAg,,FALSE
jhZEIJ8dFmQ,2023-08-06T17:05:16Z,373381,6319,3,739,Phthorimaea_absoluta,Spain,Insects,established,trampa,Post-Introduction,Detection,Detection,2006,2006-06-01T12:00:00Z,comment,UgyJ9l2FDZQOf36vH6F4AaABAg,,FALSE
jhZEIJ8dFmQ,2023-08-04T13:30:39Z,373381,6319,0,739,Phthorimaea_absoluta,Spain,Insects,established,registro,Post-Introduction,Detection,Detection,2006,2006-06-01T12:00:00Z,comment,UgxPL97iRNEWOx8TOQN4AaABAg,,FALSE
jhZEIJ8dFmQ,2023-06-07T22:25:55Z,373381,6319,1,739,Phthorimaea_absoluta,Spain,Insects,established,comprar,Post-Introduction,eCommerce,eCommerce,2006,2006-06-01T12:00:00Z,comment,UgwhPN11EzKoJ2QCjgF4AaABAg,,FALSE
jhZEIJ8dFmQ,2023-06-04T21:24:11Z,373381,6319,1,739,Phthorimaea_absoluta,Spain,Insects,established,control,Post-Introduction,Detection,Detection,2006,2006-06-01T12:00:00Z,comment,UgyZw8ytd9vZaji6T494AaABAg,,FALSE
jhZEIJ8dFmQ,2023-05-12T09:25:44Z,373381,6319,1,739,Phthorimaea_absoluta,Spain,Insects,established,encontre,Post-Introduction,Detection,Detection,2006,2006-06-01T12:00:00Z,comment,UgyHv57W22zvZydL-GN4AaABAg,,FALSE
jhZEIJ8dFmQ,2025-07-11T12:12:40Z,373381,6319,0,739,Phthorimaea_absoluta,Spain,Insects,established,control,Post-Introduction,Detection,Detection,2006,2006-06-01T12:00:00Z,comment,UgylwsPx7JAJxCLWaX14AaABAg.AKM-_qrBvZNAKROyPh5ST2,UgylwsPx7JAJxCLWaX14AaABAg,TRUE
jhZEIJ8dFmQ,2025-06-12T16:36:55Z,373381,6319,1,739,Phthorimaea_absoluta,Spain,Insects,established,riesgo,Post-Introduction,Threat,Threat,2006,2006-06-01T12:00:00Z,comment,UgxqYPq-6ZHNmq-iCS14AaABAg.AJDfAx69b-gAJHC9W6aJng,UgxqYPq-6ZHNmq-iCS14AaABAg,TRUE
jhZEIJ8dFmQ,2025-05-30T16:55:10Z,373381,6319,0,739,Phthorimaea_absoluta,Spain,Insects,established,comprar,Post-Introduction,eCommerce,eCommerce,2006,2006-06-01T12:00:00Z,comment,UgylqezS9BirMzC69HJ4AaABAg.AIZ0qB7WFXLAIkkurqSqVY,UgylqezS9BirMzC69HJ4AaABAg,TRUE
jhZEIJ8dFmQ,2025-05-30T16:55:10Z,373381,6319,0,739,Phthorimaea_absoluta,Spain,Insects,established,comprar,Post-Introduction,eCommerce,eCommerce,2006,2006-06-01T12:00:00Z,comment,UgylqezS9BirMzC69HJ4AaABAg.AIZ0qB7WFXLAIkkurqSqVY,UgylqezS9BirMzC69HJ4AaABAg,TRUE
jhZEIJ8dFmQ,2025-05-30T17:45:21Z,373381,6319,1,739,Phthorimaea_absoluta,Spain,Insects,established,encontre,Post-Introduction,Detection,Detection,2006,2006-06-01T12:00:00Z,comment,UgylqezS9BirMzC69HJ4AaABAg.AIZ0qB7WFXLAIkqeN7iDQI,UgylqezS9BirMzC69HJ4AaABAg,TRUE
jhZEIJ8dFmQ,2025-05-30T17:45:21Z,373381,6319,1,739,Phthorimaea_absoluta,Spain,Insects,established,venta,Post-Introduction,eCommerce,eCommerce,2006,2006-06-01T12:00:00Z,comment,UgylqezS9BirMzC69HJ4AaABAg.AIZ0qB7WFXLAIkqeN7iDQI,UgylqezS9BirMzC69HJ4AaABAg,TRUE
jhZEIJ8dFmQ,2025-05-22T12:50:45Z,373381,6319,0,739,Phthorimaea_absoluta,Spain,Insects,established,comprar,Post-Introduction,eCommerce,eCommerce,2006,2006-06-01T12:00:00Z,comment,UgxX8vUrX0wzmJaZMep4AaABAg.AIJzLmpylkHAIQi_iLHmou,UgxX8vUrX0wzmJaZMep4AaABAg,TRUE
jhZEIJ8dFmQ,2025-05-18T19:54:42Z,373381,6319,0,739,Phthorimaea_absoluta,Spain,Insects,established,plagas,Post-Introduction,Invasion,Invasion,2006,2006-06-01T12:00:00Z,comment,Ugzf5WspfEX0uswjiWt4AaABAg.AIAd-9iE6gkAIHAvJXpDGj,Ugzf5WspfEX0uswjiWt4AaABAg,TRUE
jhZEIJ8dFmQ,2025-05-10T21:20:57Z,373381,6319,0,739,Phthorimaea_absoluta,Spain,Insects,established,aparicion,Post-Introduction,Detection,Detection,2006,2006-06-01T12:00:00Z,comment,UgxBxYfHIwzrbnNFnml4AaABAg.AHmV-daeh3vAHxjQw9REJR,UgxBxYfHIwzrbnNFnml4AaABAg,TRUE
jhZEIJ8dFmQ,2025-02-20T20:00:57Z,373381,6319,1,739,Phthorimaea_absoluta,Spain,Insects,established,control,Post-Introduction,Detection,Detection,2006,2006-06-01T12:00:00Z,comment,UgwVol2ODYQQgcNKs_V4AaABAg.AEik-u03ZPkAEmATsnq6f8,UgwVol2ODYQQgcNKs_V4AaABAg,TRUE
jhZEIJ8dFmQ,2025-02-20T20:00:57Z,373381,6319,1,739,Phthorimaea_absoluta,Spain,Insects,established,plaga,Post-Introduction,Invasion,Invasion,2006,2006-06-01T12:00:00Z,comment,UgwVol2ODYQQgcNKs_V4AaABAg.AEik-u03ZPkAEmATsnq6f8,UgwVol2ODYQQgcNKs_V4AaABAg,TRUE
jhZEIJ8dFmQ,2025-02-20T20:00:57Z,373381,6319,1,739,Phthorimaea_absoluta,Spain,Insects,established,plaga,Post-Introduction,Invasion,Invasion,2006,2006-06-01T12:00:00Z,comment,UgwVol2ODYQQgcNKs_V4AaABAg.AEik-u03ZPkAEmATsnq6f8,UgwVol2ODYQQgcNKs_V4AaABAg,TRUE
jhZEIJ8dFmQ,2024-12-26T20:45:30Z,373381,6319,0,739,Phthorimaea_absoluta,Spain,Insects,established,comprar,Post-Introduction,eCommerce,eCommerce,2006,2006-06-01T12:00:00Z,comment,UgyfZnJXKveLsPvUmox4AaABAg.ACMZebn9tyZACX33CDfdGy,UgyfZnJXKveLsPvUmox4AaABAg,TRUE
jhZEIJ8dFmQ,2024-07-05T13:22:11Z,373381,6319,1,739,Phthorimaea_absoluta,Spain,Insects,established,comprado,Post-Introduction,eCommerce,eCommerce,2006,2006-06-01T12:00:00Z,comment,UgwjbLtzUkcb5js1eFJ4AaABAg.A5VSa0HPIN-A5WE-yhiIjq,UgwjbLtzUkcb5js1eFJ4AaABAg,TRUE
jhZEIJ8dFmQ,2024-06-30T21:48:02Z,373381,6319,0,739,Phthorimaea_absoluta,Spain,Insects,established,mercado,Post-Introduction,eCommerce,eCommerce,2006,2006-06-01T12:00:00Z,comment,Ugw6dVQ2pE3QLG_7jht4AaABAg.A5H_1eryAybA5KFvaJW3OB,Ugw6dVQ2pE3QLG_7jht4AaABAg,TRUE
jhZEIJ8dFmQ,2024-06-06T16:55:59Z,373381,6319,0,739,Phthorimaea_absoluta,Spain,Insects,established,comprar,Post-Introduction,eCommerce,eCommerce,2006,2006-06-01T12:00:00Z,comment,Ugyb9-8afOi0EgWzvK94AaABAg.A4GKCAA9dorA4LwQXVBV4R,Ugyb9-8afOi0EgWzvK94AaABAg,TRUE
jhZEIJ8dFmQ,2024-05-31T11:18:40Z,373381,6319,0,739,Phthorimaea_absoluta,Spain,Insects,established,comprar,Post-Introduction,eCommerce,eCommerce,2006,2006-06-01T12:00:00Z,comment,UgzTJMndaNtohjAc3bR4AaABAg.A44DaWaCp-zA45t2hZlPrJ,UgzTJMndaNtohjAc3bR4AaABAg,TRUE
jhZEIJ8dFmQ,2024-05-11T16:13:16Z,373381,6319,1,739,Phthorimaea_absoluta,Spain,Insects,established,aparicion,Post-Introduction,Detection,Detection,2006,2006-06-01T12:00:00Z,comment,UgxnMPkClvxEvN5BbZx4AaABAg.A3G3H-8GiV4A3IursmsD4T,UgxnMPkClvxEvN5BbZx4AaABAg,TRUE
jhZEIJ8dFmQ,2024-05-11T16:17:24Z,373381,6319,0,739,Phthorimaea_absoluta,Spain,Insects,established,plaga,Post-Introduction,Invasion,Invasion,2006,2006-06-01T12:00:00Z,comment,UgzKFCk-BVTDash0SZp4AaABAg.A3FybpTULBXA3IvLCyzJn5,UgzKFCk-BVTDash0SZp4AaABAg,TRUE
jhZEIJ8dFmQ,2024-04-20T17:02:54Z,373381,6319,0,739,Phthorimaea_absoluta,Spain,Insects,established,comprar,Post-Introduction,eCommerce,eCommerce,2006,2006-06-01T12:00:00Z,comment,UgzWlr83GJTVQxthh694AaABAg.A2QPqzoIciOA2Svr439j9U,UgzWlr83GJTVQxthh694AaABAg,TRUE
jhZEIJ8dFmQ,2024-04-17T19:05:30Z,373381,6319,0,739,Phthorimaea_absoluta,Spain,Insects,established,comprar,Post-Introduction,eCommerce,eCommerce,2006,2006-06-01T12:00:00Z,comment,UgwBxQpni2_YmMb-UiR4AaABAg.A2EoKhP1UPsA2LQVQNkmNG,UgwBxQpni2_YmMb-UiR4AaABAg,TRUE
jhZEIJ8dFmQ,2023-07-04T17:50:29Z,373381,6319,1,739,Phthorimaea_absoluta,Spain,Insects,established,control,Post-Introduction,Detection,Detection,2006,2006-06-01T12:00:00Z,comment,UgwxrieDvikIKePNWtZ4AaABAg.9rho8Q9MdJH9rkhz2RV5ud,UgwxrieDvikIKePNWtZ4AaABAg,TRUE
jhZEIJ8dFmQ,2023-06-09T20:50:17Z,373381,6319,0,739,Phthorimaea_absoluta,Spain,Insects,established,comprar,Post-Introduction,eCommerce,eCommerce,2006,2006-06-01T12:00:00Z,comment,UgwhPN11EzKoJ2QCjgF4AaABAg.9qfg1f9RF3c9qkeg1tdnWv,UgwhPN11EzKoJ2QCjgF4AaABAg,TRUE
jhZEIJ8dFmQ,2023-06-06T21:30:31Z,373381,6319,1,739,Phthorimaea_absoluta,Spain,Insects,established,controlo,Post-Introduction,Detection,Detection,2006,2006-06-01T12:00:00Z,comment,UgyZw8ytd9vZaji6T494AaABAg.9qYq_vF0vyY9qd-u9EicpX,UgyZw8ytd9vZaji6T494AaABAg,TRUE
jhZEIJ8dFmQ,2023-05-31T13:24:07Z,373381,6319,1,739,Phthorimaea_absoluta,Spain,Insects,established,riesgo,Post-Introduction,Threat,Threat,2006,2006-06-01T12:00:00Z,comment,UgyUXUQOwKbyhDsEdXp4AaABAg.9qKPRJGWlPy9qNgTPGk5Ay,UgyUXUQOwKbyhDsEdXp4AaABAg,TRUE
jhZEIJ8dFmQ,2023-05-21T21:44:28Z,373381,6319,1,739,Phthorimaea_absoluta,Spain,Insects,established,controlar,Post-Introduction,Detection,Detection,2006,2006-06-01T12:00:00Z,comment,Ugz_MEMeC8cihOHgWG14AaABAg.9pvjrL6MhXz9pzpmG6vTeR,Ugz_MEMeC8cihOHgWG14AaABAg,TRUE
jhZEIJ8dFmQ,2023-05-20T20:46:31Z,373381,6319,0,739,Phthorimaea_absoluta,Spain,Insects,established,prohibido,Post-Introduction,eCommerce,eCommerce,2006,2006-06-01T12:00:00Z,comment,UgwOJACMPFkztvlxzhR4AaABAg.9ptnrIjniWl9px9LwD3bBK,UgwOJACMPFkztvlxzhR4AaABAg,TRUE
jhZEIJ8dFmQ,2023-05-12T21:25:01Z,373381,6319,0,739,Phthorimaea_absoluta,Spain,Insects,established,comprado,Post-Introduction,eCommerce,eCommerce,2006,2006-06-01T12:00:00Z,comment,UgyHv57W22zvZydL-GN4AaABAg.9pbL4gEstW-9pccOv3E26o,UgyHv57W22zvZydL-GN4AaABAg,TRUE
jhZEIJ8dFmQ,2023-05-03T05:50:47Z,373381,6319,1,739,Phthorimaea_absoluta,Spain,Insects,established,tienda,Post-Introduction,eCommerce,eCommerce,2006,2006-06-01T12:00:00Z,comment,UgxU886pDKVfi0KIG4B4AaABAg,,FALSE
jhZEIJ8dFmQ,2022-10-30T19:37:36Z,373381,6319,0,739,Phthorimaea_absoluta,Spain,Insects,established,visto,Post-Introduction,Detection,Detection,2006,2006-06-01T12:00:00Z,comment,UgywMPSXYMffqRQZSp14AaABAg,,FALSE
jhZEIJ8dFmQ,2022-07-30T10:38:59Z,373381,6319,0,739,Phthorimaea_absoluta,Spain,Insects,established,trampas,Post-Introduction,Detection,Detection,2006,2006-06-01T12:00:00Z,comment,UgxsHLTiZeU4AV6oFZh4AaABAg,,FALSE
jhZEIJ8dFmQ,2022-07-24T16:01:40Z,373381,6319,0,739,Phthorimaea_absoluta,Spain,Insects,established,control,Post-Introduction,Detection,Detection,2006,2006-06-01T12:00:00Z,comment,UgwpF8-uPQBOHuFve7t4AaABAg,,FALSE
jhZEIJ8dFmQ,2022-07-02T14:24:58Z,373381,6319,0,739,Phthorimaea_absoluta,Spain,Insects,established,compre,Post-Introduction,eCommerce,eCommerce,2006,2006-06-01T12:00:00Z,comment,UgxOmyHI64toHB_mvYV4AaABAg,,FALSE
jhZEIJ8dFmQ,2022-06-22T23:01:53Z,373381,6319,0,739,Phthorimaea_absoluta,Spain,Insects,established,visto,Post-Introduction,Detection,Detection,2006,2006-06-01T12:00:00Z,comment,UgzTzXJfR1sipn_wcDx4AaABAg,,FALSE
jhZEIJ8dFmQ,2022-06-22T10:49:34Z,373381,6319,1,739,Phthorimaea_absoluta,Spain,Insects,established,visto,Post-Introduction,Detection,Detection,2006,2006-06-01T12:00:00Z,comment,UgxuFtYkTXRyeUZdKbF4AaABAg,,FALSE
jhZEIJ8dFmQ,2022-06-22T10:49:34Z,373381,6319,1,739,Phthorimaea_absoluta,Spain,Insects,established,plaga,Post-Introduction,Invasion,Invasion,2006,2006-06-01T12:00:00Z,comment,UgxuFtYkTXRyeUZdKbF4AaABAg,,FALSE
jhZEIJ8dFmQ,2022-02-08T09:41:35Z,373381,6319,1,739,Phthorimaea_absoluta,Spain,Insects,established,comprar,Post-Introduction,eCommerce,eCommerce,2006,2006-06-01T12:00:00Z,comment,Ugz726oWIabvmS8gsuF4AaABAg,,FALSE
jhZEIJ8dFmQ,2022-02-08T09:41:35Z,373381,6319,1,739,Phthorimaea_absoluta,Spain,Insects,established,plaga,Post-Introduction,Invasion,Invasion,2006,2006-06-01T12:00:00Z,comment,Ugz726oWIabvmS8gsuF4AaABAg,,FALSE
jhZEIJ8dFmQ,2021-08-09T21:13:54Z,373381,6319,2,739,Phthorimaea_absoluta,Spain,Insects,established,vender,Post-Introduction,eCommerce,eCommerce,2006,2006-06-01T12:00:00Z,comment,UgzyXdafqvYV6cbCmZx4AaABAg,,FALSE
jhZEIJ8dFmQ,2021-08-02T19:46:13Z,373381,6319,0,739,Phthorimaea_absoluta,Spain,Insects,established,plagas,Post-Introduction,Invasion,Invasion,2006,2006-06-01T12:00:00Z,comment,UgwNwDy_AhW9Q10WsaV4AaABAg,,FALSE
jhZEIJ8dFmQ,2021-08-02T19:46:13Z,373381,6319,0,739,Phthorimaea_absoluta,Spain,Insects,established,visto,Post-Introduction,Detection,Detection,2006,2006-06-01T12:00:00Z,comment,UgwNwDy_AhW9Q10WsaV4AaABAg,,FALSE
jhZEIJ8dFmQ,2021-07-31T22:55:40Z,373381,6319,0,739,Phthorimaea_absoluta,Spain,Insects,established,danino,Post-Introduction,Threat,Threat,2006,2006-06-01T12:00:00Z,comment,UgzJMsgj2KTQkmSzeI94AaABAg,,FALSE
jhZEIJ8dFmQ,2021-07-28T11:26:32Z,373381,6319,1,739,Phthorimaea_absoluta,Spain,Insects,established,peligro,Post-Introduction,Threat,Threat,2006,2006-06-01T12:00:00Z,comment,UgwksbueCkTJ0qasH_V4AaABAg,,FALSE
jhZEIJ8dFmQ,2021-07-22T07:58:35Z,373381,6319,0,739,Phthorimaea_absoluta,Spain,Insects,established,plaga,Post-Introduction,Invasion,Invasion,2006,2006-06-01T12:00:00Z,comment,Ugzbu3g1w7WbMDtxrIh4AaABAg,,FALSE
jhZEIJ8dFmQ,2021-07-16T10:49:34Z,373381,6319,0,739,Phthorimaea_absoluta,Spain,Insects,established,aparecido,Post-Introduction,Detection,Detection,2006,2006-06-01T12:00:00Z,comment,UgyNQ-tFnQ5UKfzoQSR4AaABAg,,FALSE
jhZEIJ8dFmQ,2021-07-06T13:12:59Z,373381,6319,2,739,Phthorimaea_absoluta,Spain,Insects,established,visto,Post-Introduction,Detection,Detection,2006,2006-06-01T12:00:00Z,comment,UgwvCNBHmzDD-rzIrX14AaABAg,,FALSE
jhZEIJ8dFmQ,2021-07-06T13:12:59Z,373381,6319,2,739,Phthorimaea_absoluta,Spain,Insects,established,visto,Post-Introduction,Detection,Detection,2006,2006-06-01T12:00:00Z,comment,UgwvCNBHmzDD-rzIrX14AaABAg,,FALSE
jhZEIJ8dFmQ,2021-07-06T13:12:59Z,373381,6319,2,739,Phthorimaea_absoluta,Spain,Insects,established,descubrimiento,Post-Introduction,Detection,Detection,2006,2006-06-01T12:00:00Z,comment,UgwvCNBHmzDD-rzIrX14AaABAg,,FALSE
jhZEIJ8dFmQ,2021-07-05T14:09:37Z,373381,6319,1,739,Phthorimaea_absoluta,Spain,Insects,established,descubrimiento,Post-Introduction,Detection,Detection,2006,2006-06-01T12:00:00Z,comment,UgzPJ5qP58F9v_F21JF4AaABAg,,FALSE
jhZEIJ8dFmQ,2021-06-30T10:24:31Z,373381,6319,0,739,Phthorimaea_absoluta,Spain,Insects,established,controlo,Post-Introduction,Detection,Detection,2006,2006-06-01T12:00:00Z,comment,Ugz7ezBdyy5yxZylfqx4AaABAg,,FALSE
jhZEIJ8dFmQ,2021-06-28T11:38:50Z,373381,6319,3,739,Phthorimaea_absoluta,Spain,Insects,established,visto,Post-Introduction,Detection,Detection,2006,2006-06-01T12:00:00Z,comment,UgzqZX5ovV-dOmyo7H94AaABAg,,FALSE
jhZEIJ8dFmQ,2021-06-27T19:20:44Z,373381,6319,0,739,Phthorimaea_absoluta,Spain,Insects,established,plaga,Post-Introduction,Invasion,Invasion,2006,2006-06-01T12:00:00Z,comment,UgyK5buBH2ZVoDYM7X54AaABAg,,FALSE
jhZEIJ8dFmQ,2023-05-04T09:13:57Z,373381,6319,0,739,Phthorimaea_absoluta,Spain,Insects,established,tienda,Post-Introduction,eCommerce,eCommerce,2006,2006-06-01T12:00:00Z,comment,UgxU886pDKVfi0KIG4B4AaABAg.9pEmKSTnyM59pHiNUmuhuo,UgxU886pDKVfi0KIG4B4AaABAg,TRUE
jhZEIJ8dFmQ,2023-04-09T18:51:31Z,373381,6319,0,739,Phthorimaea_absoluta,Spain,Insects,established,aparecer,Post-Introduction,Detection,Detection,2006,2006-06-01T12:00:00Z,comment,UgwUZ9FtkNOcH2HieV54AaABAg.9oG3BLbspBV9oINamOAQRI,UgwUZ9FtkNOcH2HieV54AaABAg,TRUE
jhZEIJ8dFmQ,2023-01-07T08:12:40Z,373381,6319,1,739,Phthorimaea_absoluta,Spain,Insects,established,comprar,Post-Introduction,eCommerce,eCommerce,2006,2006-06-01T12:00:00Z,comment,UgzJAI9haP9eldx-M7J4AaABAg.9kNO42EbVfb9k_LMCwR2-k,UgzJAI9haP9eldx-M7J4AaABAg,TRUE
jhZEIJ8dFmQ,2022-10-31T21:47:57Z,373381,6319,0,739,Phthorimaea_absoluta,Spain,Insects,established,plaga,Post-Introduction,Invasion,Invasion,2006,2006-06-01T12:00:00Z,comment,UgywMPSXYMffqRQZSp14AaABAg.9hottOI7oI69hrhb01i6_O,UgywMPSXYMffqRQZSp14AaABAg,TRUE
jhZEIJ8dFmQ,2022-10-31T21:47:57Z,373381,6319,0,739,Phthorimaea_absoluta,Spain,Insects,established,encontrado,Post-Introduction,Detection,Detection,2006,2006-06-01T12:00:00Z,comment,UgywMPSXYMffqRQZSp14AaABAg.9hottOI7oI69hrhb01i6_O,UgywMPSXYMffqRQZSp14AaABAg,TRUE
jhZEIJ8dFmQ,2022-10-09T21:30:46Z,373381,6319,0,739,Phthorimaea_absoluta,Spain,Insects,established,observado,Post-Introduction,Detection,Detection,2006,2006-06-01T12:00:00Z,comment,UgyzUSYncBYpcVN7NBh4AaABAg.9gvNH8pXdbw9gz18xvTRRO,UgyzUSYncBYpcVN7NBh4AaABAg,TRUE
jhZEIJ8dFmQ,2022-09-19T20:25:36Z,373381,6319,0,739,Phthorimaea_absoluta,Spain,Insects,established,plagas,Post-Introduction,Invasion,Invasion,2006,2006-06-01T12:00:00Z,comment,Ugw-5UbRhWb6IktRMF54AaABAg.9g6sNKc7_E19gAPnAHyYHc,Ugw-5UbRhWb6IktRMF54AaABAg,TRUE
jhZEIJ8dFmQ,2022-08-12T17:50:40Z,373381,6319,1,739,Phthorimaea_absoluta,Spain,Insects,established,aparecer,Post-Introduction,Detection,Detection,2006,2006-06-01T12:00:00Z,comment,Ugy5zvJyz7gmECjRZ3d4AaABAg.9ecxwBUnxMv9edHr5Hr69r,Ugy5zvJyz7gmECjRZ3d4AaABAg,TRUE
jhZEIJ8dFmQ,2022-08-07T21:56:58Z,373381,6319,1,739,Phthorimaea_absoluta,Spain,Insects,established,visto,Post-Introduction,Detection,Detection,2006,2006-06-01T12:00:00Z,comment,Ugz-sOgF9fv_dKyZwwt4AaABAg.9eRCLpvhRjj9eRr3jS8n_l,Ugz-sOgF9fv_dKyZwwt4AaABAg,TRUE
jhZEIJ8dFmQ,2022-08-07T21:56:58Z,373381,6319,1,739,Phthorimaea_absoluta,Spain,Insects,established,visto,Post-Introduction,Detection,Detection,2006,2006-06-01T12:00:00Z,comment,Ugz-sOgF9fv_dKyZwwt4AaABAg.9eRCLpvhRjj9eRr3jS8n_l,Ugz-sOgF9fv_dKyZwwt4AaABAg,TRUE
jhZEIJ8dFmQ,2022-07-30T21:32:32Z,373381,6319,1,739,Phthorimaea_absoluta,Spain,Insects,established,trampa,Post-Introduction,Detection,Detection,2006,2006-06-01T12:00:00Z,comment,UgxsHLTiZeU4AV6oFZh4AaABAg.9e626wTFxPo9e7CuluCuRC,UgxsHLTiZeU4AV6oFZh4AaABAg,TRUE
jhZEIJ8dFmQ,2022-07-08T15:51:42Z,373381,6319,0,739,Phthorimaea_absoluta,Spain,Insects,established,comprar,Post-Introduction,eCommerce,eCommerce,2006,2006-06-01T12:00:00Z,comment,Ugx_BHuBKRJIHhNQIdN4AaABAg.9d8Us3Y2oNT9dDxQAQtVV3,Ugx_BHuBKRJIHhNQIdN4AaABAg,TRUE
jhZEIJ8dFmQ,2022-06-28T21:29:30Z,373381,6319,0,739,Phthorimaea_absoluta,Spain,Insects,established,comprar,Post-Introduction,eCommerce,eCommerce,2006,2006-06-01T12:00:00Z,comment,UgxJmCpMmwi4cW4d6OB4AaABAg.9cnHAyDd-hU9cpo7VPM77F,UgxJmCpMmwi4cW4d6OB4AaABAg,TRUE
jhZEIJ8dFmQ,2022-06-24T16:54:13Z,373381,6319,1,739,Phthorimaea_absoluta,Spain,Insects,established,plagas,Post-Introduction,Invasion,Invasion,2006,2006-06-01T12:00:00Z,comment,UgylJlCYWH88rvlt9K94AaABAg.9cc3OJKHmzV9cf0RoLMZzf,UgylJlCYWH88rvlt9K94AaABAg,TRUE
jhZEIJ8dFmQ,2022-06-24T18:46:18Z,373381,6319,0,739,Phthorimaea_absoluta,Spain,Insects,established,nocivo,Post-Introduction,Threat,Threat,2006,2006-06-01T12:00:00Z,comment,UgylJlCYWH88rvlt9K94AaABAg.9cc3OJKHmzV9cfDGkXwekh,UgylJlCYWH88rvlt9K94AaABAg,TRUE
jhZEIJ8dFmQ,2022-06-24T22:22:44Z,373381,6319,1,739,Phthorimaea_absoluta,Spain,Insects,established,nocivo,Post-Introduction,Threat,Threat,2006,2006-06-01T12:00:00Z,comment,UgylJlCYWH88rvlt9K94AaABAg.9cc3OJKHmzV9cfb1vodtOs,UgylJlCYWH88rvlt9K94AaABAg,TRUE
jhZEIJ8dFmQ,2022-06-19T16:40:10Z,373381,6319,0,739,Phthorimaea_absoluta,Spain,Insects,established,visto,Post-Introduction,Detection,Detection,2006,2006-06-01T12:00:00Z,comment,UgwGPoiF8hYU2Xvi_pB4AaABAg.9cQd9ZriPum9cT6rV3sSCC,UgwGPoiF8hYU2Xvi_pB4AaABAg,TRUE
jhZEIJ8dFmQ,2022-04-26T18:40:49Z,373381,6319,0,739,Phthorimaea_absoluta,Spain,Insects,established,riesgo,Post-Introduction,Threat,Threat,2006,2006-06-01T12:00:00Z,comment,UgxdtZWPDWsffKH0Pll4AaABAg.9aFv06Pmy4K9aIHjud26yk,UgxdtZWPDWsffKH0Pll4AaABAg,TRUE
jhZEIJ8dFmQ,2022-04-26T18:40:49Z,373381,6319,0,739,Phthorimaea_absoluta,Spain,Insects,established,plagas,Post-Introduction,Invasion,Invasion,2006,2006-06-01T12:00:00Z,comment,UgxdtZWPDWsffKH0Pll4AaABAg.9aFv06Pmy4K9aIHjud26yk,UgxdtZWPDWsffKH0Pll4AaABAg,TRUE
jhZEIJ8dFmQ,2022-04-26T18:40:49Z,373381,6319,0,739,Phthorimaea_absoluta,Spain,Insects,established,visto,Post-Introduction,Detection,Detection,2006,2006-06-01T12:00:00Z,comment,UgxdtZWPDWsffKH0Pll4AaABAg.9aFv06Pmy4K9aIHjud26yk,UgxdtZWPDWsffKH0Pll4AaABAg,TRUE
jhZEIJ8dFmQ,2022-04-28T15:04:09Z,373381,6319,0,739,Phthorimaea_absoluta,Spain,Insects,established,plagas,Post-Introduction,Invasion,Invasion,2006,2006-06-01T12:00:00Z,comment,UgxdtZWPDWsffKH0Pll4AaABAg.9aFv06Pmy4K9aN2XoCiKpb,UgxdtZWPDWsffKH0Pll4AaABAg,TRUE
jhZEIJ8dFmQ,2022-02-03T19:04:33Z,373381,6319,0,739,Phthorimaea_absoluta,Spain,Insects,established,aparecer,Post-Introduction,Detection,Detection,2006,2006-06-01T12:00:00Z,comment,Ugxx-Ev91p_4AGY3n_h4AaABAg.9XyNOje5lVy9Y-BH1rXDOU,Ugxx-Ev91p_4AGY3n_h4AaABAg,TRUE
jhZEIJ8dFmQ,2021-08-02T20:38:33Z,373381,6319,0,739,Phthorimaea_absoluta,Spain,Insects,established,toxicidad,Post-Introduction,Threat,Threat,2006,2006-06-01T12:00:00Z,comment,UgzJMsgj2KTQkmSzeI94AaABAg.9QU547keOlB9QYzyeX2ZeR,UgzJMsgj2KTQkmSzeI94AaABAg,TRUE
jhZEIJ8dFmQ,2021-07-28T21:27:30Z,373381,6319,0,739,Phthorimaea_absoluta,Spain,Insects,established,controlar,Post-Introduction,Detection,Detection,2006,2006-06-01T12:00:00Z,comment,Ugzdb0qtUvNdcfNeVnx4AaABAg.9QLW9iiqjF69QMCajIbB7A,Ugzdb0qtUvNdcfNeVnx4AaABAg,TRUE
jhZEIJ8dFmQ,2021-07-29T17:31:21Z,373381,6319,1,739,Phthorimaea_absoluta,Spain,Insects,established,controlar,Post-Introduction,Detection,Detection,2006,2006-06-01T12:00:00Z,comment,UgwksbueCkTJ0qasH_V4AaABAg.9QL7p3h8fJ39QOMN0QzEpq,UgwksbueCkTJ0qasH_V4AaABAg,TRUE
jhZEIJ8dFmQ,2021-07-22T21:43:36Z,373381,6319,0,739,Phthorimaea_absoluta,Spain,Insects,established,plaga,Post-Introduction,Invasion,Invasion,2006,2006-06-01T12:00:00Z,comment,Ugzbu3g1w7WbMDtxrIh4AaABAg.9Q5JFr7WgGi9Q6mfN_Dn6x,Ugzbu3g1w7WbMDtxrIh4AaABAg,TRUE
jhZEIJ8dFmQ,2021-07-15T21:22:12Z,373381,6319,0,739,Phthorimaea_absoluta,Spain,Insects,established,aparecer,Post-Introduction,Detection,Detection,2006,2006-06-01T12:00:00Z,comment,UgxhZHb5KRntrSQZRXR4AaABAg.9PinkOd9pR79PpieZoaJ6Q,UgxhZHb5KRntrSQZRXR4AaABAg,TRUE
jhZEIJ8dFmQ,2021-07-04T17:26:37Z,373381,6319,0,739,Phthorimaea_absoluta,Spain,Insects,established,dinero,Post-Introduction,eCommerce,eCommerce,2006,2006-06-01T12:00:00Z,comment,UgwXsIFGL7tJImVhsxl4AaABAg.9PMz7XeiM2o9PNyxRklfjQ,UgwXsIFGL7tJImVhsxl4AaABAg,TRUE
jhZEIJ8dFmQ,2021-07-03T21:16:30Z,373381,6319,1,739,Phthorimaea_absoluta,Spain,Insects,established,controlar,Post-Introduction,Detection,Detection,2006,2006-06-01T12:00:00Z,comment,UgyiteHWLjC7wg1ES8N4AaABAg.9PFXos0n19w9PLoTJhjkka,UgyiteHWLjC7wg1ES8N4AaABAg,TRUE
jhZEIJ8dFmQ,2021-07-03T21:16:30Z,373381,6319,1,739,Phthorimaea_absoluta,Spain,Insects,established,plagas,Post-Introduction,Invasion,Invasion,2006,2006-06-01T12:00:00Z,comment,UgyiteHWLjC7wg1ES8N4AaABAg.9PFXos0n19w9PLoTJhjkka,UgyiteHWLjC7wg1ES8N4AaABAg,TRUE
jhZEIJ8dFmQ,2021-07-03T21:16:30Z,373381,6319,1,739,Phthorimaea_absoluta,Spain,Insects,established,plaga,Post-Introduction,Invasion,Invasion,2006,2006-06-01T12:00:00Z,comment,UgyiteHWLjC7wg1ES8N4AaABAg.9PFXos0n19w9PLoTJhjkka,UgyiteHWLjC7wg1ES8N4AaABAg,TRUE
jhZEIJ8dFmQ,2021-07-02T17:31:27Z,373381,6319,0,739,Phthorimaea_absoluta,Spain,Insects,established,tienda,Post-Introduction,eCommerce,eCommerce,2006,2006-06-01T12:00:00Z,comment,UgzElw1QzDUWN2Onhfl4AaABAg.9PCkDs5NiuN9PIpv7UJbOB,UgzElw1QzDUWN2Onhfl4AaABAg,TRUE
jhZEIJ8dFmQ,2021-06-28T17:03:20Z,373381,6319,0,739,Phthorimaea_absoluta,Spain,Insects,established,plaga,Post-Introduction,Invasion,Invasion,2006,2006-06-01T12:00:00Z,comment,UgyK5buBH2ZVoDYM7X54AaABAg.9P69S66RGx69P8UWkkg4aE,UgyK5buBH2ZVoDYM7X54AaABAg,TRUE
jhZEIJ8dFmQ,2021-06-28T18:32:17Z,373381,6319,0,739,Phthorimaea_absoluta,Spain,Insects,established,controlar,Post-Introduction,Detection,Detection,2006,2006-06-01T12:00:00Z,comment,UgyK5buBH2ZVoDYM7X54AaABAg.9P69S66RGx69P8dhCQUHq_,UgyK5buBH2ZVoDYM7X54AaABAg,TRUE
jhZEIJ8dFmQ,2021-06-28T18:32:17Z,373381,6319,0,739,Phthorimaea_absoluta,Spain,Insects,established,plaga,Post-Introduction,Invasion,Invasion,2006,2006-06-01T12:00:00Z,comment,UgyK5buBH2ZVoDYM7X54AaABAg.9P69S66RGx69P8dhCQUHq_,UgyK5buBH2ZVoDYM7X54AaABAg,TRUE
l2RpW8btCVA,2025-10-11T20:52:57Z,19149,367,0,7,Phthorimaea_absoluta,Spain,Insects,established,euros,Post-Introduction,eCommerce,eCommerce,2006,2006-06-01T12:00:00Z,comment,Ugy90i2KksrUKt_LjUN4AaABAg,,FALSE
l2RpW8btCVA,2025-10-11T20:52:57Z,19149,367,0,7,Phthorimaea_absoluta,Spain,Insects,established,sobrepoblacion,Post-Introduction,Threat,Threat,2006,2006-06-01T12:00:00Z,comment,Ugy90i2KksrUKt_LjUN4AaABAg,,FALSE
l2RpW8btCVA,2025-10-11T20:52:57Z,19149,367,0,7,Phthorimaea_absoluta,Spain,Insects,established,trampas,Post-Introduction,Detection,Detection,2006,2006-06-01T12:00:00Z,comment,Ugy90i2KksrUKt_LjUN4AaABAg,,FALSE
l2RpW8btCVA,2025-10-11T20:52:57Z,19149,367,0,7,Phthorimaea_absoluta,Spain,Insects,established,riesgo,Post-Introduction,Threat,Threat,2006,2006-06-01T12:00:00Z,comment,Ugy90i2KksrUKt_LjUN4AaABAg,,FALSE
l2RpW8btCVA,2025-07-04T18:51:29Z,19149,367,0,7,Phthorimaea_absoluta,Spain,Insects,established,controlo,Post-Introduction,Detection,Detection,2006,2006-06-01T12:00:00Z,comment,UgxGk9KCBTEKrjbVwcd4AaABAg,,FALSE
l2RpW8btCVA,2025-07-04T16:58:14Z,19149,367,1,7,Phthorimaea_absoluta,Spain,Insects,established,comprar,Post-Introduction,eCommerce,eCommerce,2006,2006-06-01T12:00:00Z,comment,UgxRESHtxS9U3M1KMqx4AaABAg,,FALSE
l2RpW8btCVA,2025-10-12T17:00:15Z,19149,367,0,7,Phthorimaea_absoluta,Spain,Insects,established,vender,Post-Introduction,eCommerce,eCommerce,2006,2006-06-01T12:00:00Z,comment,UgxRESHtxS9U3M1KMqx4AaABAg.AK9t4uuwpjNAOBNoEpdDph,UgxRESHtxS9U3M1KMqx4AaABAg,TRUE
l2RpW8btCVA,2025-10-12T17:00:15Z,19149,367,0,7,Phthorimaea_absoluta,Spain,Insects,established,comprado,Post-Introduction,eCommerce,eCommerce,2006,2006-06-01T12:00:00Z,comment,UgxRESHtxS9U3M1KMqx4AaABAg.AK9t4uuwpjNAOBNoEpdDph,UgxRESHtxS9U3M1KMqx4AaABAg,TRUE
l2RpW8btCVA,2025-10-12T17:00:15Z,19149,367,0,7,Phthorimaea_absoluta,Spain,Insects,established,riesgo,Post-Introduction,Threat,Threat,2006,2006-06-01T12:00:00Z,comment,UgxRESHtxS9U3M1KMqx4AaABAg.AK9t4uuwpjNAOBNoEpdDph,UgxRESHtxS9U3M1KMqx4AaABAg,TRUE
l2RpW8btCVA,2025-10-12T17:00:15Z,19149,367,0,7,Phthorimaea_absoluta,Spain,Insects,established,comprar,Post-Introduction,eCommerce,eCommerce,2006,2006-06-01T12:00:00Z,comment,UgxRESHtxS9U3M1KMqx4AaABAg.AK9t4uuwpjNAOBNoEpdDph,UgxRESHtxS9U3M1KMqx4AaABAg,TRUE
l2RpW8btCVA,2025-10-12T17:00:15Z,19149,367,0,7,Phthorimaea_absoluta,Spain,Insects,established,controlar,Post-Introduction,Detection,Detection,2006,2006-06-01T12:00:00Z,comment,UgxRESHtxS9U3M1KMqx4AaABAg.AK9t4uuwpjNAOBNoEpdDph,UgxRESHtxS9U3M1KMqx4AaABAg,TRUE
l2RpW8btCVA,2025-10-12T17:00:15Z,19149,367,0,7,Phthorimaea_absoluta,Spain,Insects,established,plaga,Post-Introduction,Invasion,Invasion,2006,2006-06-01T12:00:00Z,comment,UgxRESHtxS9U3M1KMqx4AaABAg.AK9t4uuwpjNAOBNoEpdDph,UgxRESHtxS9U3M1KMqx4AaABAg,TRUE
7dR6dO7ugcQ,2017-06-07T18:44:16Z,7333,13,0,3,Phthorimaea_absoluta,Spain,Insects,established,comprar,Post-Introduction,eCommerce,eCommerce,2006,2006-06-01T12:00:00Z,comment,UghCYL7PFIBcCXgCoAEC,,FALSE
PXfmtp6dNhw,2024-08-04T05:59:05Z,7672,89,0,11,Phthorimaea_absoluta,Spain,Insects,established,visto,Post-Introduction,Detection,Detection,2006,2006-06-01T12:00:00Z,comment,UgzESeTCf-SdlkEo_l94AaABAg,,FALSE
PXfmtp6dNhw,2023-09-13T18:29:53Z,7672,89,1,11,Phthorimaea_absoluta,Spain,Insects,established,trampes,Post-Introduction,Detection,Detection,2006,2006-06-01T12:00:00Z,comment,UgzIc7xU8DKEujUCdoV4AaABAg,,FALSE
PXfmtp6dNhw,2023-09-13T18:34:36Z,7672,89,0,11,Phthorimaea_absoluta,Spain,Insects,established,trampes,Post-Introduction,Detection,Detection,2006,2006-06-01T12:00:00Z,comment,UgzIc7xU8DKEujUCdoV4AaABAg.9ubavgZuAih9ubbTAAdHAf,UgzIc7xU8DKEujUCdoV4AaABAg,TRUE
bW7obi6Y_pw,2023-09-07T03:53:14Z,579,4,0,1,Phthorimaea_absoluta,Spain,Insects,established,trampa,Post-Introduction,Detection,Detection,2006,2006-06-01T12:00:00Z,comment,UgwBAI9D2IKCdagk-0l4AaABAg,,FALSE
WjhLknmrKUQ,2024-06-18T16:35:59Z,6671,30,0,1,Phthorimaea_absoluta,Spain,Insects,established,comprar,Post-Introduction,eCommerce,eCommerce,2006,2006-06-01T12:00:00Z,comment,Ugzvpl5-lcG8veUhq_14AaABAg,,FALSE
S_csRMvnUqU,2024-06-05T05:23:56Z,21860,618,1,73,Phthorimaea_absoluta,Spain,Insects,established,visto,Post-Introduction,Detection,Detection,2006,2006-06-01T12:00:00Z,comment,UgxBJ1FCo9XVvTQffsR4AaABAg,,FALSE
S_csRMvnUqU,2024-05-22T19:11:28Z,21860,618,1,73,Phthorimaea_absoluta,Spain,Insects,established,comprar,Post-Introduction,eCommerce,eCommerce,2006,2006-06-01T12:00:00Z,comment,UgwpGGDB8mS7V6Q8KGN4AaABAg,,FALSE
S_csRMvnUqU,2024-05-22T19:11:28Z,21860,618,1,73,Phthorimaea_absoluta,Spain,Insects,established,barato,Post-Introduction,eCommerce,eCommerce,2006,2006-06-01T12:00:00Z,comment,UgwpGGDB8mS7V6Q8KGN4AaABAg,,FALSE
S_csRMvnUqU,2024-05-22T14:52:45Z,21860,618,3,73,Phthorimaea_absoluta,Spain,Insects,established,descubierto,Post-Introduction,Detection,Detection,2006,2006-06-01T12:00:00Z,comment,Ugz1zE304pMIOQTK9-V4AaABAg,,FALSE
S_csRMvnUqU,2024-05-22T14:52:45Z,21860,618,3,73,Phthorimaea_absoluta,Spain,Insects,established,comprado,Post-Introduction,eCommerce,eCommerce,2006,2006-06-01T12:00:00Z,comment,Ugz1zE304pMIOQTK9-V4AaABAg,,FALSE
S_csRMvnUqU,2024-05-20T11:17:07Z,21860,618,0,73,Phthorimaea_absoluta,Spain,Insects,established,trampas,Post-Introduction,Detection,Detection,2006,2006-06-01T12:00:00Z,comment,UgyK6sPHf-B-x0wX7Wp4AaABAg,,FALSE
S_csRMvnUqU,2024-05-20T04:20:05Z,21860,618,1,73,Phthorimaea_absoluta,Spain,Insects,established,plagas,Post-Introduction,Invasion,Invasion,2006,2006-06-01T12:00:00Z,comment,Ugxm64YW1MIWvhE8Nax4AaABAg,,FALSE
S_csRMvnUqU,2024-05-19T14:08:44Z,21860,618,5,73,Phthorimaea_absoluta,Spain,Insects,established,plaga,Post-Introduction,Invasion,Invasion,2006,2006-06-01T12:00:00Z,comment,Ugw9Flwpe1ZboxUGtEZ4AaABAg,,FALSE
S_csRMvnUqU,2024-05-19T12:19:47Z,21860,618,0,73,Phthorimaea_absoluta,Spain,Insects,established,visto,Post-Introduction,Detection,Detection,2006,2006-06-01T12:00:00Z,comment,UgzqAcyO1uSWIrwE4OF4AaABAg,,FALSE
S_csRMvnUqU,2025-05-28T04:53:46Z,21860,618,1,73,Phthorimaea_absoluta,Spain,Insects,established,compre,Post-Introduction,eCommerce,eCommerce,2006,2006-06-01T12:00:00Z,comment,UgwqrwkveztLxvtz5Td4AaABAg.AIdYJH5leb-AIeJlM1HnCf,UgwqrwkveztLxvtz5Td4AaABAg,TRUE
S_csRMvnUqU,2024-05-23T17:06:08Z,21860,618,0,73,Phthorimaea_absoluta,Spain,Insects,established,caro,Post-Introduction,eCommerce,eCommerce,2006,2006-06-01T12:00:00Z,comment,UgwpGGDB8mS7V6Q8KGN4AaABAg.A3kZ-dpgBpIA3muSauzm0y,UgwpGGDB8mS7V6Q8KGN4AaABAg,TRUE
S_csRMvnUqU,2024-05-23T17:06:08Z,21860,618,0,73,Phthorimaea_absoluta,Spain,Insects,established,registro,Post-Introduction,Detection,Detection,2006,2006-06-01T12:00:00Z,comment,UgwpGGDB8mS7V6Q8KGN4AaABAg.A3kZ-dpgBpIA3muSauzm0y,UgwpGGDB8mS7V6Q8KGN4AaABAg,TRUE
S_csRMvnUqU,2024-05-24T13:29:37Z,21860,618,0,73,Phthorimaea_absoluta,Spain,Insects,established,registro,Post-Introduction,Detection,Detection,2006,2006-06-01T12:00:00Z,comment,UgwpGGDB8mS7V6Q8KGN4AaABAg.A3kZ-dpgBpIA3p5Tg89-K3,UgwpGGDB8mS7V6Q8KGN4AaABAg,TRUE
_nGqGgE4gqw,2024-08-14T21:01:02Z,2953,11,0,1,Phthorimaea_absoluta,Spain,Insects,established,precio,Post-Introduction,eCommerce,eCommerce,2006,2006-06-01T12:00:00Z,comment,Ugzpzs2ZIifajAMPe4t4AaABAg,,FALSE
jFTODiz7VHQ,2022-04-23T19:51:24Z,41580,153,0,8,Phthorimaea_absoluta,Spain,Insects,established,barato,Post-Introduction,eCommerce,eCommerce,2006,2006-06-01T12:00:00Z,comment,UgxbalrcXUbe0a6Un8h4AaABAg,,FALSE
jFTODiz7VHQ,2016-10-28T08:14:53Z,41580,153,2,8,Phthorimaea_absoluta,Spain,Insects,established,plaga,Post-Introduction,Invasion,Invasion,2006,2006-06-01T12:00:00Z,comment,Ugg3zyDdASYZuXgCoAEC.89PDXnk2w_08KZsVDvCQfD,Ugg3zyDdASYZuXgCoAEC,TRUE
tcTKbk65Da4,2025-08-25T13:07:01Z,3743,191,0,6,Phthorimaea_absoluta,Spain,Insects,established,trampas,Post-Introduction,Detection,Detection,2006,2006-06-01T12:00:00Z,comment,Ugxmin13h8LuUneINjN4AaABAg,,FALSE
z1buHXWCf4U,2019-07-21T10:56:39Z,1090,6,1,1,Phthorimaea_absoluta,Spain,Insects,established,controlar,Post-Introduction,Detection,Detection,2006,2006-06-01T12:00:00Z,comment,UgyQbJhf8haPIVI8rlB4AaABAg,,FALSE
elKk2jK395w,2019-08-16T14:52:51Z,430,19,0,8,Phthorimaea_absoluta,Spain,Insects,established,visto,Post-Introduction,Detection,Detection,2006,2006-06-01T12:00:00Z,comment,UgwuLo0LXYpaDEll1CV4AaABAg,,FALSE
elKk2jK395w,2019-08-16T14:17:27Z,430,19,1,8,Phthorimaea_absoluta,Spain,Insects,established,caro,Post-Introduction,eCommerce,eCommerce,2006,2006-06-01T12:00:00Z,comment,UgzCS96qiQk5AV7uFYJ4AaABAg,,FALSE
QjqtOobIgV0,2025-05-07T20:04:51Z,1655,124,0,17,Phytophthora_citricola,Spain,"Bacteria, Viruses, Fungi",established,riesgo,Post-Introduction,Threat,Threat,2006,2006-06-01T12:00:00Z,comment,UgzWrn3kTngn1bYuCzZ4AaABAg.AHlm_SN5S9ZAHpsKvfd-PD,UgzWrn3kTngn1bYuCzZ4AaABAg,TRUE
vvCXMTyKqF8,2024-11-16T07:42:38Z,20097,513,4,49,Phytophthora_citricola,Spain,"Bacteria, Viruses, Fungi",established,dinero,Post-Introduction,eCommerce,eCommerce,2006,2006-06-01T12:00:00Z,comment,UgxtvOYSFFkejR0CHrV4AaABAg,,FALSE
vvCXMTyKqF8,2024-11-16T07:42:38Z,20097,513,4,49,Phytophthora_citricola,Spain,"Bacteria, Viruses, Fungi",established,comprar,Post-Introduction,eCommerce,eCommerce,2006,2006-06-01T12:00:00Z,comment,UgxtvOYSFFkejR0CHrV4AaABAg,,FALSE
vvCXMTyKqF8,2024-11-16T06:54:45Z,20097,513,3,49,Phytophthora_citricola,Spain,"Bacteria, Viruses, Fungi",established,visto,Post-Introduction,Detection,Detection,2006,2006-06-01T12:00:00Z,comment,UgyMo-4KlYEY-nQnOo94AaABAg,,FALSE
vvCXMTyKqF8,2024-11-16T06:54:45Z,20097,513,3,49,Phytophthora_citricola,Spain,"Bacteria, Viruses, Fungi",established,comprar,Post-Introduction,eCommerce,eCommerce,2006,2006-06-01T12:00:00Z,comment,UgyMo-4KlYEY-nQnOo94AaABAg,,FALSE
vvCXMTyKqF8,2024-11-16T06:54:45Z,20097,513,3,49,Phytophthora_citricola,Spain,"Bacteria, Viruses, Fungi",established,barato,Post-Introduction,eCommerce,eCommerce,2006,2006-06-01T12:00:00Z,comment,UgyMo-4KlYEY-nQnOo94AaABAg,,FALSE
vvCXMTyKqF8,2024-11-15T21:45:28Z,20097,513,1,49,Phytophthora_citricola,Spain,"Bacteria, Viruses, Fungi",established,prohibido,Post-Introduction,eCommerce,eCommerce,2006,2006-06-01T12:00:00Z,comment,Ugz1VoscFXgNXSG11ZF4AaABAg,,FALSE
vvCXMTyKqF8,2024-11-15T22:10:21Z,20097,513,0,49,Phytophthora_citricola,Spain,"Bacteria, Viruses, Fungi",established,prohibido,Post-Introduction,eCommerce,eCommerce,2006,2006-06-01T12:00:00Z,comment,Ugz1VoscFXgNXSG11ZF4AaABAg.AAsaKZY_ikKAAsdAoprKTm,Ugz1VoscFXgNXSG11ZF4AaABAg,TRUE
7zbr6l3zInQ,2024-10-25T16:34:19Z,17461,333,0,43,Phytophthora_citricola,Spain,"Bacteria, Viruses, Fungi",established,vender,Post-Introduction,eCommerce,eCommerce,2006,2006-06-01T12:00:00Z,comment,UgxXExjOoHuBn1r10Tt4AaABAg,,FALSE
7zbr6l3zInQ,2024-10-21T13:10:23Z,17461,333,2,43,Phytophthora_citricola,Spain,"Bacteria, Viruses, Fungi",established,vist,Post-Introduction,Detection,Detection,2006,2006-06-01T12:00:00Z,comment,UgzeBkmQDfAwKLkBtZ94AaABAg,,FALSE
7zbr6l3zInQ,2024-10-24T21:00:38Z,17461,333,0,43,Phytophthora_citricola,Spain,"Bacteria, Viruses, Fungi",established,afectando,Post-Introduction,Invasion,Invasion,2006,2006-06-01T12:00:00Z,comment,UgzGQFw7O1tim0yUmqB4AaABAg.A9rUAMiV4BiA9zrhuRplEr,UgzGQFw7O1tim0yUmqB4AaABAg,TRUE
7zbr6l3zInQ,2024-10-22T13:58:54Z,17461,333,0,43,Phytophthora_citricola,Spain,"Bacteria, Viruses, Fungi",established,prohibido,Post-Introduction,eCommerce,eCommerce,2006,2006-06-01T12:00:00Z,comment,UgxXIkxAvC_kF_9-l1R4AaABAg.A9rOBnpoChnA9txrDziU8Y,UgxXIkxAvC_kF_9-l1R4AaABAg,TRUE
g2tWkifag7k,2025-11-20T00:52:57Z,639,12,0,1,Pionites_melanocephalus,Spain,Birds,alien,cara,Post-Introduction,eCommerce,eCommerce,2007,2007-06-01T12:00:00Z,comment,UgwU8MJkb4jzsiywLuF4AaABAg,,FALSE
bAsaLpowKxw,2022-04-29T19:03:04Z,1689,65,1,22,Pionites_melanocephalus,Spain,Birds,alien,euros,Post-Introduction,eCommerce,eCommerce,2007,2007-06-01T12:00:00Z,comment,Ugy5lTYKOBTg64NT-fF4AaABAg.9aNBvacmkht9aQ2fWtcTfz,Ugy5lTYKOBTg64NT-fF4AaABAg,TRUE
bAsaLpowKxw,2022-04-29T19:18:46Z,1689,65,0,22,Pionites_melanocephalus,Spain,Birds,alien,euros,Post-Introduction,eCommerce,eCommerce,2007,2007-06-01T12:00:00Z,comment,Ugy5lTYKOBTg64NT-fF4AaABAg.9aNBvacmkht9aQ4TUwjeCb,Ugy5lTYKOBTg64NT-fF4AaABAg,TRUE
bAsaLpowKxw,2022-04-29T19:18:46Z,1689,65,0,22,Pionites_melanocephalus,Spain,Birds,alien,visto,Post-Introduction,Detection,Detection,2007,2007-06-01T12:00:00Z,comment,Ugy5lTYKOBTg64NT-fF4AaABAg.9aNBvacmkht9aQ4TUwjeCb,Ugy5lTYKOBTg64NT-fF4AaABAg,TRUE
L9KGOBrvjGg,2023-06-28T14:25:52Z,92,1,0,1,Pionites_melanocephalus,Spain,Birds,alien,tienda,Post-Introduction,eCommerce,eCommerce,2007,2007-06-01T12:00:00Z,comment,UgznKmJL0_VlQG3he-94AaABAg,,FALSE
toYQUIl2ItI,2023-04-03T04:00:47Z,225243,2101,0,72,Platycerium_bifurcatum,Madeira,Plants,established,encontre,Post-Introduction,Detection,Detection,2017,2017-06-01T12:00:00Z,comment,UgzLGnu98YLWK7Z7Kg54AaABAg,,FALSE
toYQUIl2ItI,2021-02-07T23:48:43Z,225243,2101,3,72,Platycerium_bifurcatum,Madeira,Plants,established,visto,Post-Introduction,Detection,Detection,2017,2017-06-01T12:00:00Z,comment,Ugwfcj9AJC8l-xpgJpF4AaABAg,,FALSE
toYQUIl2ItI,2020-06-14T22:28:37Z,225243,2101,1,72,Platycerium_bifurcatum,Madeira,Plants,established,comprar,Post-Introduction,eCommerce,eCommerce,2017,2017-06-01T12:00:00Z,comment,UgxQlkN7t1kHg99BNDN4AaABAg,,FALSE
toYQUIl2ItI,2020-06-12T16:42:58Z,225243,2101,0,72,Platycerium_bifurcatum,Madeira,Plants,established,comprar,Post-Introduction,eCommerce,eCommerce,2017,2017-06-01T12:00:00Z,comment,UgwkS6sZHG0h21QVV3l4AaABAg.979hXvhjZfe99oPK5gfs3t,UgwkS6sZHG0h21QVV3l4AaABAg,TRUE
MhPn8yG2EcU,2022-09-26T13:50:43Z,306,14,0,5,Platycerium_bifurcatum,Madeira,Plants,established,venta,Post-Introduction,eCommerce,eCommerce,2017,2017-06-01T12:00:00Z,comment,UgwWFZMKmYHtygmwmMh4AaABAg,,FALSE
8LwXrabABEc,2022-02-12T15:56:41Z,19958,1036,0,40,Platycerium_bifurcatum,Madeira,Plants,established,compre,Post-Introduction,eCommerce,eCommerce,2017,2017-06-01T12:00:00Z,comment,UgwqHcNVpsWqUSjo40B4AaABAg,,FALSE
vNdqp3dtCS0,2022-04-08T16:21:36Z,29534,372,0,34,Platycerium_bifurcatum,Madeira,Plants,established,visto,Post-Introduction,Detection,Detection,2017,2017-06-01T12:00:00Z,comment,Ugz5lieveME0kYqEE-x4AaABAg,,FALSE
vNdqp3dtCS0,2021-06-22T02:09:30Z,29534,372,1,34,Platycerium_bifurcatum,Madeira,Plants,established,plaga,Post-Introduction,Invasion,Invasion,2017,2017-06-01T12:00:00Z,comment,UgzcS6wNzIR2vRk8PW14AaABAg,,FALSE
vNdqp3dtCS0,2021-04-23T10:28:57Z,29534,372,0,34,Platycerium_bifurcatum,Madeira,Plants,established,comprado,Post-Introduction,eCommerce,eCommerce,2017,2017-06-01T12:00:00Z,comment,UgzJRjS9EamMM9HMx4N4AaABAg,,FALSE
vNdqp3dtCS0,2022-08-21T10:01:47Z,29534,372,2,34,Platycerium_bifurcatum,Madeira,Plants,established,acuarios,Post-Introduction,eCommerce,eCommerce,2017,2017-06-01T12:00:00Z,comment,UgxnSkRsSdAquP3W1j94AaABAg.9eysxgOh_pQ9ezcLkGO1cO,UgxnSkRsSdAquP3W1j94AaABAg,TRUE
vNdqp3dtCS0,2020-10-24T23:14:01Z,29534,372,0,34,Platycerium_bifurcatum,Madeira,Plants,established,compre,Post-Introduction,eCommerce,eCommerce,2017,2017-06-01T12:00:00Z,comment,UgzjfxbKbTp6Kxc_7q54AaABAg.96GrpIx9IkZ9FD8aXIylMK,UgzjfxbKbTp6Kxc_7q54AaABAg,TRUE
EY6ZTVfIxYM,2023-02-27T22:53:06Z,1979,24,1,7,Platycerium_bifurcatum,Madeira,Plants,established,terrario,Post-Introduction,eCommerce,eCommerce,2017,2017-06-01T12:00:00Z,comment,UgwN-wDQMF7Uhd_wnNV4AaABAg,,FALSE
EY6ZTVfIxYM,2023-02-28T11:41:33Z,1979,24,0,7,Platycerium_bifurcatum,Madeira,Plants,established,visto,Post-Introduction,Detection,Detection,2017,2017-06-01T12:00:00Z,comment,UgwN-wDQMF7Uhd_wnNV4AaABAg.9meEeECzHLr9mfbaeRZpD1,UgwN-wDQMF7Uhd_wnNV4AaABAg,TRUE
rdSjlLAiGZw,2020-08-05T16:57:12Z,54325,549,6,55,Platycerium_bifurcatum,Madeira,Plants,established,encontre,Post-Introduction,Detection,Detection,2017,2017-06-01T12:00:00Z,comment,UgxvQTiA_rhRcBmCMa54AaABAg,,FALSE
rdSjlLAiGZw,2020-08-05T16:57:12Z,54325,549,6,55,Platycerium_bifurcatum,Madeira,Plants,established,encontre,Post-Introduction,Detection,Detection,2017,2017-06-01T12:00:00Z,comment,UgxvQTiA_rhRcBmCMa54AaABAg,,FALSE
rdSjlLAiGZw,2020-08-05T16:57:12Z,54325,549,6,55,Platycerium_bifurcatum,Madeira,Plants,established,encontre,Post-Introduction,Detection,Detection,2017,2017-06-01T12:00:00Z,comment,UgxvQTiA_rhRcBmCMa54AaABAg,,FALSE
rdSjlLAiGZw,2022-08-25T04:29:26Z,54325,549,0,55,Platycerium_bifurcatum,Madeira,Plants,established,compre,Post-Introduction,eCommerce,eCommerce,2017,2017-06-01T12:00:00Z,comment,UgwD4YGrvklGhMKq4qN4AaABAg.9GerwtU4AI29f8KV5TudgR,UgwD4YGrvklGhMKq4qN4AaABAg,TRUE
U7iDuqWUfs4,2025-10-27T03:03:21Z,18035,272,2,29,Platycerium_bifurcatum,Madeira,Plants,established,compre,Post-Introduction,eCommerce,eCommerce,2017,2017-06-01T12:00:00Z,comment,UgwvRalYF5Obcklny3l4AaABAg,,FALSE
U7iDuqWUfs4,2020-05-05T15:51:10Z,18035,272,1,29,Platycerium_bifurcatum,Madeira,Plants,established,compre,Post-Introduction,eCommerce,eCommerce,2017,2017-06-01T12:00:00Z,comment,Ugz5bfnbwTBVJ_9hZIp4AaABAg,,FALSE
U7iDuqWUfs4,2019-02-10T02:13:19Z,18035,272,1,29,Platycerium_bifurcatum,Madeira,Plants,established,exotica,Post-Introduction,Invasion,Invasion,2017,2017-06-01T12:00:00Z,comment,Ugz3D-MzxAbx706K_mp4AaABAg.8r8VjiMGyyX8r9HsaauECV,Ugz3D-MzxAbx706K_mp4AaABAg,TRUE
-kihkq7jHJw,2023-11-22T00:47:23Z,22222,497,0,22,Platycerium_bifurcatum,Madeira,Plants,established,precio,Post-Introduction,eCommerce,eCommerce,2017,2017-06-01T12:00:00Z,comment,UgzvjrBO7WMpEEV2fkp4AaABAg,,FALSE
-kihkq7jHJw,2021-07-09T23:44:43Z,22222,497,1,22,Platycerium_bifurcatum,Madeira,Plants,established,compre,Post-Introduction,eCommerce,eCommerce,2017,2017-06-01T12:00:00Z,comment,Ugxfo87ape663BS67_Z4AaABAg,,FALSE
-kihkq7jHJw,2021-05-17T17:58:32Z,22222,497,0,22,Platycerium_bifurcatum,Madeira,Plants,established,terrario,Post-Introduction,eCommerce,eCommerce,2017,2017-06-01T12:00:00Z,comment,Ugx8uco6QGvB-vCAuEt4AaABAg.9NSPynGSPNy9NSRSFMhfKo,Ugx8uco6QGvB-vCAuEt4AaABAg,TRUE
-kihkq7jHJw,2021-05-17T18:14:04Z,22222,497,0,22,Platycerium_bifurcatum,Madeira,Plants,established,terrario,Post-Introduction,eCommerce,eCommerce,2017,2017-06-01T12:00:00Z,comment,Ugx8uco6QGvB-vCAuEt4AaABAg.9NSPynGSPNy9NSTDzc6FxO,Ugx8uco6QGvB-vCAuEt4AaABAg,TRUE
j3mLuCpMq8E,2025-07-30T17:13:42Z,197,8,0,5,Platycerium_bifurcatum,Madeira,Plants,established,alien,Post-Introduction,Invasion,Invasion,2017,2017-06-01T12:00:00Z,comment,UgyjF_gNrtBwdMRTIQt4AaABAg,,FALSE
j3mLuCpMq8E,2025-05-19T17:47:37Z,197,8,0,5,Platycerium_bifurcatum,Madeira,Plants,established,alien,Post-Introduction,Invasion,Invasion,2017,2017-06-01T12:00:00Z,comment,Ugxcw2Yx17E0xJ1Ft0F4AaABAg,,FALSE
d-VectV2fgY,2015-05-18T02:16:51Z,34766,102,0,26,Pomacea_maculata,Spain,Non-arthropod invertebrates,established,acuario,Post-Introduction,eCommerce,eCommerce,2009,2009-06-01T12:00:00Z,comment,Ugie97ddWkeiiHgCoAEC,,FALSE
d-VectV2fgY,2013-11-26T18:15:51Z,34766,102,1,26,Pomacea_maculata,Spain,Non-arthropod invertebrates,established,pecera,Post-Introduction,eCommerce,eCommerce,2009,2009-06-01T12:00:00Z,comment,Ugj3zUH-LSFr-HgCoAEC,,FALSE
d-VectV2fgY,2013-09-09T21:48:17Z,34766,102,0,26,Pomacea_maculata,Spain,Non-arthropod invertebrates,established,costo,Post-Introduction,eCommerce,eCommerce,2009,2009-06-01T12:00:00Z,comment,UgyGal8SaoLagkV1DC94AaABAg,,FALSE
d-VectV2fgY,2015-05-23T12:24:26Z,34766,102,0,26,Pomacea_maculata,Spain,Non-arthropod invertebrates,established,prohibida,Post-Introduction,eCommerce,eCommerce,2009,2009-06-01T12:00:00Z,comment,UghkmkoJaJBu3HgCoAEC.8-V2r79yue97-H1DSSbhmc,UghkmkoJaJBu3HgCoAEC,TRUE
d-VectV2fgY,2015-06-12T23:18:19Z,34766,102,0,26,Pomacea_maculata,Spain,Non-arthropod invertebrates,established,acuario,Post-Introduction,eCommerce,eCommerce,2009,2009-06-01T12:00:00Z,comment,Ugie97ddWkeiiHgCoAEC.8-H6002CyrF70JdnHP_qZY,Ugie97ddWkeiiHgCoAEC,TRUE
vSN8HvKwz_4,2020-07-24T14:09:25Z,59737,1064,1,165,Primolius_maracana,Spain,Birds,alien,compra,Post-Introduction,eCommerce,eCommerce,2007,2007-06-01T12:00:00Z,comment,UgzHnSe-lXzT4g7Xgth4AaABAg,,FALSE
vSN8HvKwz_4,2017-05-16T09:47:45Z,59737,1064,1,165,Primolius_maracana,Spain,Birds,alien,comprei,Post-Introduction,eCommerce,eCommerce,2007,2007-06-01T12:00:00Z,comment,Ugia3fYp_-S3qngCoAEC,,FALSE
vSN8HvKwz_4,2017-05-16T09:47:45Z,59737,1064,1,165,Primolius_maracana,Spain,Birds,alien,loja,Post-Introduction,eCommerce,eCommerce,2007,2007-06-01T12:00:00Z,comment,Ugia3fYp_-S3qngCoAEC,,FALSE
vSN8HvKwz_4,2017-05-16T09:47:45Z,59737,1064,1,165,Primolius_maracana,Spain,Birds,alien,aquarios,Post-Introduction,eCommerce,eCommerce,2007,2007-06-01T12:00:00Z,comment,Ugia3fYp_-S3qngCoAEC,,FALSE
vSN8HvKwz_4,2017-05-16T09:47:45Z,59737,1064,1,165,Primolius_maracana,Spain,Birds,alien,comprei,Post-Introduction,eCommerce,eCommerce,2007,2007-06-01T12:00:00Z,comment,Ugia3fYp_-S3qngCoAEC,,FALSE
vSN8HvKwz_4,2017-05-16T09:47:45Z,59737,1064,1,165,Primolius_maracana,Spain,Birds,alien,gaiola,Post-Introduction,eCommerce,eCommerce,2007,2007-06-01T12:00:00Z,comment,Ugia3fYp_-S3qngCoAEC,,FALSE
vSN8HvKwz_4,2017-05-16T09:47:45Z,59737,1064,1,165,Primolius_maracana,Spain,Birds,alien,gaiola,Post-Introduction,eCommerce,eCommerce,2007,2007-06-01T12:00:00Z,comment,Ugia3fYp_-S3qngCoAEC,,FALSE
vSN8HvKwz_4,2016-06-05T22:22:50Z,59737,1064,0,165,Primolius_maracana,Spain,Birds,alien,compre,Post-Introduction,eCommerce,eCommerce,2007,2007-06-01T12:00:00Z,comment,Ughisnj6uzChjngCoAEC,,FALSE
vSN8HvKwz_4,2016-06-05T22:22:50Z,59737,1064,0,165,Primolius_maracana,Spain,Birds,alien,visto,Post-Introduction,Detection,Detection,2007,2007-06-01T12:00:00Z,comment,Ughisnj6uzChjngCoAEC,,FALSE
vSN8HvKwz_4,2016-06-05T13:50:22Z,59737,1064,0,165,Primolius_maracana,Spain,Birds,alien,adoptado,Post-Introduction,eCommerce,eCommerce,2007,2007-06-01T12:00:00Z,comment,UgjxGzYpsebUD3gCoAEC,,FALSE
vSN8HvKwz_4,2016-06-04T15:09:00Z,59737,1064,0,165,Primolius_maracana,Spain,Birds,alien,visto,Post-Introduction,Detection,Detection,2007,2007-06-01T12:00:00Z,comment,Ugi3pKYy8iNEVHgCoAEC,,FALSE
vSN8HvKwz_4,2016-06-04T15:09:00Z,59737,1064,0,165,Primolius_maracana,Spain,Birds,alien,pajareria,Post-Introduction,eCommerce,eCommerce,2007,2007-06-01T12:00:00Z,comment,Ugi3pKYy8iNEVHgCoAEC,,FALSE
vSN8HvKwz_4,2016-06-04T15:09:00Z,59737,1064,0,165,Primolius_maracana,Spain,Birds,alien,caro,Post-Introduction,eCommerce,eCommerce,2007,2007-06-01T12:00:00Z,comment,Ugi3pKYy8iNEVHgCoAEC,,FALSE
vSN8HvKwz_4,2016-05-21T22:28:21Z,59737,1064,0,165,Primolius_maracana,Spain,Birds,alien,peligro,Post-Introduction,Threat,Threat,2007,2007-06-01T12:00:00Z,comment,UggT7aFA3MO0pXgCoAEC,,FALSE
vSN8HvKwz_4,2016-05-21T15:28:12Z,59737,1064,2,165,Primolius_maracana,Spain,Birds,alien,visto,Post-Introduction,Detection,Detection,2007,2007-06-01T12:00:00Z,comment,UggpTdlkB3wuEXgCoAEC,,FALSE
vSN8HvKwz_4,2016-05-21T14:22:05Z,59737,1064,0,165,Primolius_maracana,Spain,Birds,alien,peligro,Post-Introduction,Threat,Threat,2007,2007-06-01T12:00:00Z,comment,UgiPFdy3UNXqpXgCoAEC,,FALSE
vSN8HvKwz_4,2016-05-21T14:22:05Z,59737,1064,0,165,Primolius_maracana,Spain,Birds,alien,extincion,Post-Introduction,Threat,Threat,2007,2007-06-01T12:00:00Z,comment,UgiPFdy3UNXqpXgCoAEC,,FALSE
vSN8HvKwz_4,2016-06-02T11:28:07Z,59737,1064,0,165,Primolius_maracana,Spain,Birds,alien,mascota,Post-Introduction,eCommerce,eCommerce,2007,2007-06-01T12:00:00Z,comment,UgjVi1IdruWy_XgCoAEC.8ETxwZ3ek118Ec7y02KT2B,UgjVi1IdruWy_XgCoAEC,TRUE
vSN8HvKwz_4,2016-05-22T15:43:09Z,59737,1064,0,165,Primolius_maracana,Spain,Birds,alien,peligro,Post-Introduction,Threat,Threat,2007,2007-06-01T12:00:00Z,comment,Ughwmc5j3yqR9XgCoAEC.8E9mdQ_U1-I8EBGPJcTMcF,Ughwmc5j3yqR9XgCoAEC,TRUE
vSN8HvKwz_4,2016-05-22T15:43:09Z,59737,1064,0,165,Primolius_maracana,Spain,Birds,alien,extincion,Post-Introduction,Threat,Threat,2007,2007-06-01T12:00:00Z,comment,Ughwmc5j3yqR9XgCoAEC.8E9mdQ_U1-I8EBGPJcTMcF,Ughwmc5j3yqR9XgCoAEC,TRUE
vSN8HvKwz_4,2016-05-22T15:43:09Z,59737,1064,0,165,Primolius_maracana,Spain,Birds,alien,peligro,Post-Introduction,Threat,Threat,2007,2007-06-01T12:00:00Z,comment,Ughwmc5j3yqR9XgCoAEC.8E9mdQ_U1-I8EBGPJcTMcF,Ughwmc5j3yqR9XgCoAEC,TRUE
vSN8HvKwz_4,2016-05-22T09:10:54Z,59737,1064,0,165,Primolius_maracana,Spain,Birds,alien,peligro,Post-Introduction,Threat,Threat,2007,2007-06-01T12:00:00Z,comment,UggT7aFA3MO0pXgCoAEC.8E9Pz8C5Sgw8EAZWMJb5dY,UggT7aFA3MO0pXgCoAEC,TRUE
vSN8HvKwz_4,2020-07-24T14:12:49Z,59737,1064,0,165,Primolius_maracana,Spain,Birds,alien,compra,Post-Introduction,eCommerce,eCommerce,2007,2007-06-01T12:00:00Z,comment,Ugg8bdkG-CL1TngCoAEC.8E92tP3neiL9BVHXAW92A7,Ugg8bdkG-CL1TngCoAEC,TRUE
vSN8HvKwz_4,2020-07-24T14:14:10Z,59737,1064,0,165,Primolius_maracana,Spain,Birds,alien,comprar,Post-Introduction,eCommerce,eCommerce,2007,2007-06-01T12:00:00Z,comment,Ugg8bdkG-CL1TngCoAEC.8E92tP3neiL9BVHg5P1ZHs,Ugg8bdkG-CL1TngCoAEC,TRUE
vSN8HvKwz_4,2016-05-22T16:11:32Z,59737,1064,0,165,Primolius_maracana,Spain,Birds,alien,mascota,Post-Introduction,eCommerce,eCommerce,2007,2007-06-01T12:00:00Z,comment,UghwUHoiid1zxHgCoAEC.8E8fT3Xsw1g8EBJe9GJZ3t,UghwUHoiid1zxHgCoAEC,TRUE
vSN8HvKwz_4,2016-05-22T09:27:18Z,59737,1064,0,165,Primolius_maracana,Spain,Birds,alien,peligro,Post-Introduction,Threat,Threat,2007,2007-06-01T12:00:00Z,comment,UgiPFdy3UNXqpXgCoAEC.8E8YKcn55z_8EAaOUCBJ7d,UgiPFdy3UNXqpXgCoAEC,TRUE
vSN8HvKwz_4,2016-05-22T09:30:14Z,59737,1064,1,165,Primolius_maracana,Spain,Birds,alien,vistos,Post-Introduction,Detection,Detection,2007,2007-06-01T12:00:00Z,comment,UghOCaav8RDJjngCoAEC.8E8WlcYxfvu8EAaizGnAA0,UghOCaav8RDJjngCoAEC,TRUE
wCy5NhYmqDU,2016-05-20T04:55:57Z,14898,242,0,17,Primolius_maracana,Spain,Birds,alien,costo,Post-Introduction,eCommerce,eCommerce,2007,2007-06-01T12:00:00Z,comment,UgggGBkMcpyvS3gCoAEC,,FALSE
DvjKgJClKco,2013-02-20T01:24:25Z,10444,27,0,6,Psephotus_haematonotus,Spain,Birds,alien,jaula,Post-Introduction,eCommerce,eCommerce,2006,2006-06-01T12:00:00Z,comment,UgxmgbnEgc14Sq3ud4h4AaABAg,,FALSE
DvjKgJClKco,2013-02-20T01:24:25Z,10444,27,0,6,Psephotus_haematonotus,Spain,Birds,alien,jaula,Post-Introduction,eCommerce,eCommerce,2006,2006-06-01T12:00:00Z,comment,UgxmgbnEgc14Sq3ud4h4AaABAg,,FALSE
DvjKgJClKco,2013-02-20T01:24:25Z,10444,27,0,6,Psephotus_haematonotus,Spain,Birds,alien,jaula,Post-Introduction,eCommerce,eCommerce,2006,2006-06-01T12:00:00Z,comment,UgxmgbnEgc14Sq3ud4h4AaABAg,,FALSE
5Oql3OXw0oY,2020-03-05T17:57:47Z,17706,249,0,31,Psephotus_haematonotus,Spain,Birds,alien,jaula,Post-Introduction,eCommerce,eCommerce,2006,2006-06-01T12:00:00Z,comment,UgzX_rQJ1AmQxHQpRBB4AaABAg,,FALSE
5Oql3OXw0oY,2020-03-05T17:57:47Z,17706,249,0,31,Psephotus_haematonotus,Spain,Birds,alien,compre,Post-Introduction,eCommerce,eCommerce,2006,2006-06-01T12:00:00Z,comment,UgzX_rQJ1AmQxHQpRBB4AaABAg,,FALSE
5Oql3OXw0oY,2020-03-05T17:57:47Z,17706,249,0,31,Psephotus_haematonotus,Spain,Birds,alien,jaula,Post-Introduction,eCommerce,eCommerce,2006,2006-06-01T12:00:00Z,comment,UgzX_rQJ1AmQxHQpRBB4AaABAg,,FALSE
5Oql3OXw0oY,2019-07-01T21:07:23Z,17706,249,1,31,Psephotus_haematonotus,Spain,Birds,alien,visto,Post-Introduction,Detection,Detection,2006,2006-06-01T12:00:00Z,comment,Ugzrn6N7J0BpbTWZq8d4AaABAg,,FALSE
5Oql3OXw0oY,2023-02-23T20:49:21Z,17706,249,0,31,Psephotus_haematonotus,Spain,Birds,alien,jaula,Post-Introduction,eCommerce,eCommerce,2006,2006-06-01T12:00:00Z,comment,UgzX_rQJ1AmQxHQpRBB4AaABAg.95pcBSRZNfi9mUiJPYOE34,UgzX_rQJ1AmQxHQpRBB4AaABAg,TRUE
5Oql3OXw0oY,2023-02-23T20:49:21Z,17706,249,0,31,Psephotus_haematonotus,Spain,Birds,alien,jaula,Post-Introduction,eCommerce,eCommerce,2006,2006-06-01T12:00:00Z,comment,UgzX_rQJ1AmQxHQpRBB4AaABAg.95pcBSRZNfi9mUiJPYOE34,UgzX_rQJ1AmQxHQpRBB4AaABAg,TRUE
5Oql3OXw0oY,2019-07-13T22:16:17Z,17706,249,0,31,Psephotus_haematonotus,Spain,Birds,alien,jaula,Post-Introduction,eCommerce,eCommerce,2006,2006-06-01T12:00:00Z,comment,Ugw7BbNRhsJkOp0zFSB4AaABAg.8xITAIg3dkL8xLPAHTh_MY,Ugw7BbNRhsJkOp0zFSB4AaABAg,TRUE
5Oql3OXw0oY,2019-07-13T23:36:13Z,17706,249,0,31,Psephotus_haematonotus,Spain,Birds,alien,jaula,Post-Introduction,eCommerce,eCommerce,2006,2006-06-01T12:00:00Z,comment,Ugw7BbNRhsJkOp0zFSB4AaABAg.8xITAIg3dkL8xLYJj7QpUP,Ugw7BbNRhsJkOp0zFSB4AaABAg,TRUE
5Oql3OXw0oY,2019-07-13T23:36:13Z,17706,249,0,31,Psephotus_haematonotus,Spain,Birds,alien,jaula,Post-Introduction,eCommerce,eCommerce,2006,2006-06-01T12:00:00Z,comment,Ugw7BbNRhsJkOp0zFSB4AaABAg.8xITAIg3dkL8xLYJj7QpUP,Ugw7BbNRhsJkOp0zFSB4AaABAg,TRUE
5Oql3OXw0oY,2019-07-15T17:59:29Z,17706,249,0,31,Psephotus_haematonotus,Spain,Birds,alien,jaula,Post-Introduction,eCommerce,eCommerce,2006,2006-06-01T12:00:00Z,comment,Ugw7BbNRhsJkOp0zFSB4AaABAg.8xITAIg3dkL8xQ5NEnHQKT,Ugw7BbNRhsJkOp0zFSB4AaABAg,TRUE
PS-SGUs9iYw,2025-12-28T21:55:28Z,1240,60,0,2,Psephotus_haematonotus,Spain,Birds,alien,precio,Post-Introduction,eCommerce,eCommerce,2006,2006-06-01T12:00:00Z,comment,UgytcBHXgGITFy7EPJZ4AaABAg,,FALSE
5rZQHJhNOUo,2023-05-18T15:05:48Z,38580,431,0,89,Psephotus_haematonotus,Spain,Birds,alien,comprar,Post-Introduction,eCommerce,eCommerce,2006,2006-06-01T12:00:00Z,comment,Ugxj9a7Pl9byfPKbX494AaABAg,,FALSE
5rZQHJhNOUo,2022-07-11T03:45:10Z,38580,431,0,89,Psephotus_haematonotus,Spain,Birds,alien,compre,Post-Introduction,eCommerce,eCommerce,2006,2006-06-01T12:00:00Z,comment,UgyZOZGPutHI5KIai414AaABAg,,FALSE
5rZQHJhNOUo,2020-03-05T17:55:37Z,38580,431,1,89,Psephotus_haematonotus,Spain,Birds,alien,jaula,Post-Introduction,eCommerce,eCommerce,2006,2006-06-01T12:00:00Z,comment,UgwI-fdBcpawVWnv6Kl4AaABAg,,FALSE
5rZQHJhNOUo,2020-01-25T19:12:51Z,38580,431,0,89,Psephotus_haematonotus,Spain,Birds,alien,adoptado,Post-Introduction,eCommerce,eCommerce,2006,2006-06-01T12:00:00Z,comment,UgykqprnIrL_tS8RL594AaABAg,,FALSE
5rZQHJhNOUo,2019-12-18T19:56:59Z,38580,431,0,89,Psephotus_haematonotus,Spain,Birds,alien,visto,Post-Introduction,Detection,Detection,2006,2006-06-01T12:00:00Z,comment,UgxTidhF0xpLTKUqJ5B4AaABAg,,FALSE
5rZQHJhNOUo,2025-05-17T10:31:26Z,38580,431,0,89,Psephotus_haematonotus,Spain,Birds,alien,jaula,Post-Introduction,eCommerce,eCommerce,2006,2006-06-01T12:00:00Z,comment,UgwTQ_9ueUx0gWlqXmd4AaABAg.AIC_l2fgxt7AIDaepAu4-b,UgwTQ_9ueUx0gWlqXmd4AaABAg,TRUE
5rZQHJhNOUo,2023-05-18T16:15:08Z,38580,431,0,89,Psephotus_haematonotus,Spain,Birds,alien,tienda,Post-Introduction,eCommerce,eCommerce,2006,2006-06-01T12:00:00Z,comment,Ugxj9a7Pl9byfPKbX494AaABAg.9prOlfelXdQ9prWhfHHa5w,Ugxj9a7Pl9byfPKbX494AaABAg,TRUE
5rZQHJhNOUo,2022-03-26T23:03:20Z,38580,431,0,89,Psephotus_haematonotus,Spain,Birds,alien,jaula,Post-Introduction,eCommerce,eCommerce,2006,2006-06-01T12:00:00Z,comment,Ugx6Mdr9YV8-KqS9EN94AaABAg.9_2qjwtLY2z9_2w8_QfK9U,Ugx6Mdr9YV8-KqS9EN94AaABAg,TRUE
5rZQHJhNOUo,2022-03-26T23:03:20Z,38580,431,0,89,Psephotus_haematonotus,Spain,Birds,alien,jaula,Post-Introduction,eCommerce,eCommerce,2006,2006-06-01T12:00:00Z,comment,Ugx6Mdr9YV8-KqS9EN94AaABAg.9_2qjwtLY2z9_2w8_QfK9U,Ugx6Mdr9YV8-KqS9EN94AaABAg,TRUE
5rZQHJhNOUo,2022-03-26T23:17:29Z,38580,431,0,89,Psephotus_haematonotus,Spain,Birds,alien,jaula,Post-Introduction,eCommerce,eCommerce,2006,2006-06-01T12:00:00Z,comment,Ugx6Mdr9YV8-KqS9EN94AaABAg.9_2qjwtLY2z9_2xlCpRmEo,Ugx6Mdr9YV8-KqS9EN94AaABAg,TRUE
5rZQHJhNOUo,2022-03-26T23:17:29Z,38580,431,0,89,Psephotus_haematonotus,Spain,Birds,alien,jaula,Post-Introduction,eCommerce,eCommerce,2006,2006-06-01T12:00:00Z,comment,Ugx6Mdr9YV8-KqS9EN94AaABAg.9_2qjwtLY2z9_2xlCpRmEo,Ugx6Mdr9YV8-KqS9EN94AaABAg,TRUE
5rZQHJhNOUo,2021-08-14T14:50:00Z,38580,431,0,89,Psephotus_haematonotus,Spain,Birds,alien,invasora,Post-Introduction,Invasion,Invasion,2006,2006-06-01T12:00:00Z,comment,Ugwz9eNVJwG_NBUnIjl4AaABAg.9R19W1hOrXI9R1GcCNjow4,Ugwz9eNVJwG_NBUnIjl4AaABAg,TRUE
5rZQHJhNOUo,2020-03-05T18:17:21Z,38580,431,0,89,Psephotus_haematonotus,Spain,Birds,alien,jaula,Post-Introduction,eCommerce,eCommerce,2006,2006-06-01T12:00:00Z,comment,UgwI-fdBcpawVWnv6Kl4AaABAg.95pbwYJi4GS95peQrrFK80,UgwI-fdBcpawVWnv6Kl4AaABAg,TRUE
5rZQHJhNOUo,2020-03-05T18:39:29Z,38580,431,0,89,Psephotus_haematonotus,Spain,Birds,alien,jaula,Post-Introduction,eCommerce,eCommerce,2006,2006-06-01T12:00:00Z,comment,UgwI-fdBcpawVWnv6Kl4AaABAg.95pbwYJi4GS95pgxtxHNx9,UgwI-fdBcpawVWnv6Kl4AaABAg,TRUE
5rZQHJhNOUo,2020-03-05T19:15:44Z,38580,431,0,89,Psephotus_haematonotus,Spain,Birds,alien,jaula,Post-Introduction,eCommerce,eCommerce,2006,2006-06-01T12:00:00Z,comment,UgwI-fdBcpawVWnv6Kl4AaABAg.95pbwYJi4GS95pl6PrWm1S,UgwI-fdBcpawVWnv6Kl4AaABAg,TRUE
5rZQHJhNOUo,2021-08-09T13:06:34Z,38580,431,0,89,Psephotus_haematonotus,Spain,Birds,alien,jaula,Post-Introduction,eCommerce,eCommerce,2006,2006-06-01T12:00:00Z,comment,UgwXUjhJ-i12HVsFafd4AaABAg.91XNue7SpyU9QpCoGJM61T,UgwXUjhJ-i12HVsFafd4AaABAg,TRUE
5rZQHJhNOUo,2021-08-09T13:06:34Z,38580,431,0,89,Psephotus_haematonotus,Spain,Birds,alien,jaula,Post-Introduction,eCommerce,eCommerce,2006,2006-06-01T12:00:00Z,comment,UgwXUjhJ-i12HVsFafd4AaABAg.91XNue7SpyU9QpCoGJM61T,UgwXUjhJ-i12HVsFafd4AaABAg,TRUE
XUiHH642KtI,2025-02-18T14:31:31Z,2443,85,0,32,Pseudemys_concinna,Portugal,Herptiles,established,pecera,Post-Introduction,eCommerce,eCommerce,2013,2013-06-01T12:00:00Z,comment,UgwhFhq8WXb0fn-aZYh4AaABAg,,FALSE
XUiHH642KtI,2020-03-11T19:20:51Z,2443,85,1,32,Pseudemys_concinna,Portugal,Herptiles,established,visto,Post-Introduction,Detection,Detection,2013,2013-06-01T12:00:00Z,comment,UgxrnCO6ywDLB4K2SUZ4AaABAg,,FALSE
sHxbwGRHzPI,2025-02-24T21:06:35Z,1341,32,0,17,Pseudemys_concinna,Portugal,Herptiles,established,mascota,Post-Introduction,eCommerce,eCommerce,2013,2013-06-01T12:00:00Z,comment,Ugz4hoH7q_NblcUWEVR4AaABAg,,FALSE
sHxbwGRHzPI,2025-02-24T21:06:35Z,1341,32,0,17,Pseudemys_concinna,Portugal,Herptiles,established,dinero,Post-Introduction,eCommerce,eCommerce,2013,2013-06-01T12:00:00Z,comment,Ugz4hoH7q_NblcUWEVR4AaABAg,,FALSE
sHxbwGRHzPI,2021-04-18T10:13:40Z,1341,32,0,17,Pseudemys_concinna,Portugal,Herptiles,established,registro,Post-Introduction,Detection,Detection,2013,2013-06-01T12:00:00Z,comment,Ugw_h_vS9MZrUF0JSUF4AaABAg,,FALSE
sHxbwGRHzPI,2020-05-03T18:07:26Z,1341,32,0,17,Pseudemys_concinna,Portugal,Herptiles,established,costo,Post-Introduction,eCommerce,eCommerce,2013,2013-06-01T12:00:00Z,comment,UgyqJWACwQrEmzzJw6Z4AaABAg,,FALSE
sHxbwGRHzPI,2020-05-03T18:07:26Z,1341,32,0,17,Pseudemys_concinna,Portugal,Herptiles,established,euros,Post-Introduction,eCommerce,eCommerce,2013,2013-06-01T12:00:00Z,comment,UgyqJWACwQrEmzzJw6Z4AaABAg,,FALSE
sHxbwGRHzPI,2020-05-03T19:31:08Z,1341,32,0,17,Pseudemys_concinna,Portugal,Herptiles,established,comprado,Post-Introduction,eCommerce,eCommerce,2013,2013-06-01T12:00:00Z,comment,UgyqJWACwQrEmzzJw6Z4AaABAg.98CZBlEpaRn98Chlt7pDU-,UgyqJWACwQrEmzzJw6Z4AaABAg,TRUE
sHxbwGRHzPI,2020-05-03T19:31:08Z,1341,32,0,17,Pseudemys_concinna,Portugal,Herptiles,established,euros,Post-Introduction,eCommerce,eCommerce,2013,2013-06-01T12:00:00Z,comment,UgyqJWACwQrEmzzJw6Z4AaABAg.98CZBlEpaRn98Chlt7pDU-,UgyqJWACwQrEmzzJw6Z4AaABAg,TRUE
sHxbwGRHzPI,2020-05-03T19:31:08Z,1341,32,0,17,Pseudemys_concinna,Portugal,Herptiles,established,euros,Post-Introduction,eCommerce,eCommerce,2013,2013-06-01T12:00:00Z,comment,UgyqJWACwQrEmzzJw6Z4AaABAg.98CZBlEpaRn98Chlt7pDU-,UgyqJWACwQrEmzzJw6Z4AaABAg,TRUE
sHxbwGRHzPI,2020-05-03T19:31:08Z,1341,32,0,17,Pseudemys_concinna,Portugal,Herptiles,established,euros,Post-Introduction,eCommerce,eCommerce,2013,2013-06-01T12:00:00Z,comment,UgyqJWACwQrEmzzJw6Z4AaABAg.98CZBlEpaRn98Chlt7pDU-,UgyqJWACwQrEmzzJw6Z4AaABAg,TRUE
sHxbwGRHzPI,2020-05-03T19:31:08Z,1341,32,0,17,Pseudemys_concinna,Portugal,Herptiles,established,euros,Post-Introduction,eCommerce,eCommerce,2013,2013-06-01T12:00:00Z,comment,UgyqJWACwQrEmzzJw6Z4AaABAg.98CZBlEpaRn98Chlt7pDU-,UgyqJWACwQrEmzzJw6Z4AaABAg,TRUE
sHxbwGRHzPI,2020-05-03T19:31:08Z,1341,32,0,17,Pseudemys_concinna,Portugal,Herptiles,established,caro,Post-Introduction,eCommerce,eCommerce,2013,2013-06-01T12:00:00Z,comment,UgyqJWACwQrEmzzJw6Z4AaABAg.98CZBlEpaRn98Chlt7pDU-,UgyqJWACwQrEmzzJw6Z4AaABAg,TRUE
sHxbwGRHzPI,2020-05-03T19:31:08Z,1341,32,0,17,Pseudemys_concinna,Portugal,Herptiles,established,euros,Post-Introduction,eCommerce,eCommerce,2013,2013-06-01T12:00:00Z,comment,UgyqJWACwQrEmzzJw6Z4AaABAg.98CZBlEpaRn98Chlt7pDU-,UgyqJWACwQrEmzzJw6Z4AaABAg,TRUE
sHxbwGRHzPI,2020-05-03T19:26:52Z,1341,32,0,17,Pseudemys_concinna,Portugal,Herptiles,established,comprado,Post-Introduction,eCommerce,eCommerce,2013,2013-06-01T12:00:00Z,comment,UgzUArpTGCGJ18wMNj94AaABAg.98CTKNi67v798ChHZoJWCL,UgzUArpTGCGJ18wMNj94AaABAg,TRUE
sHxbwGRHzPI,2020-05-03T19:26:52Z,1341,32,0,17,Pseudemys_concinna,Portugal,Herptiles,established,tienda,Post-Introduction,eCommerce,eCommerce,2013,2013-06-01T12:00:00Z,comment,UgzUArpTGCGJ18wMNj94AaABAg.98CTKNi67v798ChHZoJWCL,UgzUArpTGCGJ18wMNj94AaABAg,TRUE
b8Wcpwwcw6I,2019-07-01T14:55:25Z,13586,214,0,41,Pseudemys_concinna,Portugal,Herptiles,established,comprar,Post-Introduction,eCommerce,eCommerce,2013,2013-06-01T12:00:00Z,comment,UgzplhN2P-9Enrs6NrN4AaABAg,,FALSE
b8Wcpwwcw6I,2016-11-12T10:11:44Z,13586,214,3,41,Pseudemys_concinna,Portugal,Herptiles,established,peligro,Post-Introduction,Threat,Threat,2013,2013-06-01T12:00:00Z,comment,UgjGFcbsLokrtHgCoAEC,,FALSE
b8Wcpwwcw6I,2016-10-31T14:55:20Z,13586,214,0,41,Pseudemys_concinna,Portugal,Herptiles,established,tienda,Post-Introduction,eCommerce,eCommerce,2013,2013-06-01T12:00:00Z,comment,Ugg_Vd1zqNCN2XgCoAEC,,FALSE
b8Wcpwwcw6I,2016-10-31T14:55:20Z,13586,214,0,41,Pseudemys_concinna,Portugal,Herptiles,established,comprar,Post-Introduction,eCommerce,eCommerce,2013,2013-06-01T12:00:00Z,comment,Ugg_Vd1zqNCN2XgCoAEC,,FALSE
b8Wcpwwcw6I,2016-10-31T14:55:20Z,13586,214,0,41,Pseudemys_concinna,Portugal,Herptiles,established,comprado,Post-Introduction,eCommerce,eCommerce,2013,2013-06-01T12:00:00Z,comment,Ugg_Vd1zqNCN2XgCoAEC,,FALSE
b8Wcpwwcw6I,2016-10-31T14:55:20Z,13586,214,0,41,Pseudemys_concinna,Portugal,Herptiles,established,precio,Post-Introduction,eCommerce,eCommerce,2013,2013-06-01T12:00:00Z,comment,Ugg_Vd1zqNCN2XgCoAEC,,FALSE
b8Wcpwwcw6I,2018-08-05T11:58:14Z,13586,214,1,41,Pseudemys_concinna,Portugal,Herptiles,established,compra,Post-Introduction,eCommerce,eCommerce,2013,2013-06-01T12:00:00Z,comment,UgxInpe_xXUvHpIyx2d4AaABAg.8jZfJqcVz-48jZf_Mp1Us7,UgxInpe_xXUvHpIyx2d4AaABAg,TRUE
b8Wcpwwcw6I,2018-08-05T11:58:14Z,13586,214,1,41,Pseudemys_concinna,Portugal,Herptiles,established,acuario,Post-Introduction,eCommerce,eCommerce,2013,2013-06-01T12:00:00Z,comment,UgxInpe_xXUvHpIyx2d4AaABAg.8jZfJqcVz-48jZf_Mp1Us7,UgxInpe_xXUvHpIyx2d4AaABAg,TRUE
b8Wcpwwcw6I,2017-12-02T13:27:25Z,13586,214,0,41,Pseudemys_concinna,Portugal,Herptiles,established,acuario,Post-Introduction,eCommerce,eCommerce,2013,2013-06-01T12:00:00Z,comment,Ugyrjh_myEafC3r__Fp4AaABAg.8_fMdXeMpuz8_fPEE84JXa,Ugyrjh_myEafC3r__Fp4AaABAg,TRUE
b8Wcpwwcw6I,2017-12-02T13:27:25Z,13586,214,0,41,Pseudemys_concinna,Portugal,Herptiles,established,comprar,Post-Introduction,eCommerce,eCommerce,2013,2013-06-01T12:00:00Z,comment,Ugyrjh_myEafC3r__Fp4AaABAg.8_fMdXeMpuz8_fPEE84JXa,Ugyrjh_myEafC3r__Fp4AaABAg,TRUE
b8Wcpwwcw6I,2018-01-13T14:32:10Z,13586,214,0,41,Pseudemys_concinna,Portugal,Herptiles,established,acuarios,Post-Introduction,eCommerce,eCommerce,2013,2013-06-01T12:00:00Z,comment,UgjGFcbsLokrtHgCoAEC.8LAhn7czz1l8bMf1DpX7PE,UgjGFcbsLokrtHgCoAEC,TRUE
2o3yA_bQxmY,2017-09-25T22:58:50Z,2617,14,0,1,Pseudemys_concinna,Portugal,Herptiles,established,compra,Post-Introduction,eCommerce,eCommerce,2013,2013-06-01T12:00:00Z,comment,UgxdZhV3SlhHeuWHCuR4AaABAg,,FALSE
iq7LSGHGtnA,2021-04-19T21:55:11Z,853,13,0,2,Pseudemys_peninsularis,Spain,Herptiles,alien,tienda,Post-Introduction,eCommerce,eCommerce,2020,2020-06-01T12:00:00Z,comment,UgxC7o6dPPW0NrkMsYx4AaABAg.9MJtU-XW8X19MKlH-GDdYp,UgxC7o6dPPW0NrkMsYx4AaABAg,TRUE
cTANOn_aVuY,2021-07-23T13:53:31Z,955,16,1,6,Pseudemys_peninsularis,Spain,Herptiles,alien,encontre,Post-Introduction,Detection,Detection,2020,2020-06-01T12:00:00Z,comment,UgxWdH4WaaMrdGUr5tp4AaABAg,,FALSE
cTANOn_aVuY,2021-07-23T12:46:29Z,955,16,0,6,Pseudemys_peninsularis,Spain,Herptiles,alien,encontre,Post-Introduction,Detection,Detection,2020,2020-06-01T12:00:00Z,comment,UgzTec7jXQNNbWTpRGN4AaABAg,,FALSE
cTANOn_aVuY,2021-07-23T19:31:32Z,955,16,1,6,Pseudemys_peninsularis,Spain,Herptiles,alien,encontrada,Post-Introduction,Detection,Detection,2020,2020-06-01T12:00:00Z,comment,UgxWdH4WaaMrdGUr5tp4AaABAg.9Q8WfIL6hrt9Q97M2xZQGY,UgxWdH4WaaMrdGUr5tp4AaABAg,TRUE
cTANOn_aVuY,2021-07-23T19:31:32Z,955,16,1,6,Pseudemys_peninsularis,Spain,Herptiles,alien,invasoras,Post-Introduction,Invasion,Invasion,2020,2020-06-01T12:00:00Z,comment,UgxWdH4WaaMrdGUr5tp4AaABAg.9Q8WfIL6hrt9Q97M2xZQGY,UgxWdH4WaaMrdGUr5tp4AaABAg,TRUE
YaYTDhTFr_0,2020-07-01T11:00:25Z,369744,4095,4,364,Psittacus_erithacus,Portugal,Birds,casual,descuento,Post-Introduction,eCommerce,eCommerce,2014,2014-06-01T12:00:00Z,comment,Ugyt2C3ICZV0T522L1V4AaABAg,,FALSE
YaYTDhTFr_0,2016-08-24T10:03:28Z,369744,4095,0,364,Psittacus_erithacus,Portugal,Birds,casual,visto,Post-Introduction,Detection,Detection,2014,2014-06-01T12:00:00Z,comment,Ugi9DC8wR9pLR3gCoAEC.8HqzGQIOX7j8HxhFed24pp,Ugi9DC8wR9pLR3gCoAEC,TRUE
JJdhVmkFBjI,2024-11-03T15:16:57Z,24803,733,2,66,Psittacus_erithacus,Portugal,Birds,casual,comprar,Post-Introduction,eCommerce,eCommerce,2014,2014-06-01T12:00:00Z,comment,UgxA7jxpZ5qeA2NSaah4AaABAg,,FALSE
JJdhVmkFBjI,2024-11-03T15:16:57Z,24803,733,2,66,Psittacus_erithacus,Portugal,Birds,casual,comprar,Post-Introduction,eCommerce,eCommerce,2014,2014-06-01T12:00:00Z,comment,UgxA7jxpZ5qeA2NSaah4AaABAg,,FALSE
JJdhVmkFBjI,2025-12-17T18:18:05Z,24803,733,1,66,Psittacus_erithacus,Portugal,Birds,casual,compre,Post-Introduction,eCommerce,eCommerce,2014,2014-06-01T12:00:00Z,comment,Ugx5I4R3ZdFpuohDVW94AaABAg,,FALSE
JJdhVmkFBjI,2025-11-15T16:05:47Z,24803,733,0,66,Psittacus_erithacus,Portugal,Birds,casual,jaula,Post-Introduction,eCommerce,eCommerce,2014,2014-06-01T12:00:00Z,comment,UgzWPuHIq4U2AqEBSZ94AaABAg,,FALSE
JJdhVmkFBjI,2025-05-03T17:42:53Z,24803,733,0,66,Psittacus_erithacus,Portugal,Birds,casual,adoptar,Post-Introduction,eCommerce,eCommerce,2014,2014-06-01T12:00:00Z,comment,Ugw7Gi9pQPcFZ_vdVIt4AaABAg,,FALSE
JJdhVmkFBjI,2024-11-06T19:08:06Z,24803,733,1,66,Psittacus_erithacus,Portugal,Birds,casual,visto,Post-Introduction,Detection,Detection,2014,2014-06-01T12:00:00Z,comment,Ugx6G0QuTq2_bpxMkpl4AaABAg,,FALSE
JJdhVmkFBjI,2024-11-04T07:08:05Z,24803,733,2,66,Psittacus_erithacus,Portugal,Birds,casual,jaula,Post-Introduction,eCommerce,eCommerce,2014,2014-06-01T12:00:00Z,comment,UgxJA_ohWhyq1wLArX54AaABAg,,FALSE
JJdhVmkFBjI,2024-11-03T21:59:06Z,24803,733,0,66,Psittacus_erithacus,Portugal,Birds,casual,adopte,Post-Introduction,eCommerce,eCommerce,2014,2014-06-01T12:00:00Z,comment,Ugwt6NKlqGvPaZRnEfZ4AaABAg,,FALSE
JJdhVmkFBjI,2024-11-03T16:00:27Z,24803,733,18,66,Psittacus_erithacus,Portugal,Birds,casual,jaula,Post-Introduction,eCommerce,eCommerce,2014,2014-06-01T12:00:00Z,comment,UgzNeOjOYpfRVpnA_Wt4AaABAg,,FALSE
JJdhVmkFBjI,2024-11-03T15:59:48Z,24803,733,0,66,Psittacus_erithacus,Portugal,Birds,casual,adoptar,Post-Introduction,eCommerce,eCommerce,2014,2014-06-01T12:00:00Z,comment,UgzLxdHg6Qwu7j4DXAp4AaABAg,,FALSE
JJdhVmkFBjI,2025-12-12T15:35:46Z,24803,733,1,66,Psittacus_erithacus,Portugal,Birds,casual,comprar,Post-Introduction,eCommerce,eCommerce,2014,2014-06-01T12:00:00Z,comment,UgzWPuHIq4U2AqEBSZ94AaABAg.APYpaxbB3DjAQdIclnfuA5,UgzWPuHIq4U2AqEBSZ94AaABAg,TRUE
JJdhVmkFBjI,2025-12-12T15:35:46Z,24803,733,1,66,Psittacus_erithacus,Portugal,Birds,casual,jaula,Post-Introduction,eCommerce,eCommerce,2014,2014-06-01T12:00:00Z,comment,UgzWPuHIq4U2AqEBSZ94AaABAg.APYpaxbB3DjAQdIclnfuA5,UgzWPuHIq4U2AqEBSZ94AaABAg,TRUE
JJdhVmkFBjI,2024-11-08T14:36:19Z,24803,733,0,66,Psittacus_erithacus,Portugal,Birds,casual,descuento,Post-Introduction,eCommerce,eCommerce,2014,2014-06-01T12:00:00Z,comment,UgwuEnKsfymcGm_mr4x4AaABAg.AAYlgdBzumvAA_ne94SRg9,UgwuEnKsfymcGm_mr4x4AaABAg,TRUE
JJdhVmkFBjI,2024-11-08T14:45:05Z,24803,733,0,66,Psittacus_erithacus,Portugal,Birds,casual,vista,Post-Introduction,Detection,Detection,2014,2014-06-01T12:00:00Z,comment,Ugx6G0QuTq2_bpxMkpl4AaABAg.AAW8A5STcn1AA_oeOOZ4KD,Ugx6G0QuTq2_bpxMkpl4AaABAg,TRUE
JJdhVmkFBjI,2025-02-11T14:08:46Z,24803,733,0,66,Psittacus_erithacus,Portugal,Birds,casual,acuario,Post-Introduction,eCommerce,eCommerce,2014,2014-06-01T12:00:00Z,comment,UgxJA_ohWhyq1wLArX54AaABAg.AAPhAlc0tfMAEPN0VaQKyR,UgxJA_ohWhyq1wLArX54AaABAg,TRUE
JJdhVmkFBjI,2025-02-11T14:08:46Z,24803,733,0,66,Psittacus_erithacus,Portugal,Birds,casual,terrarios,Post-Introduction,eCommerce,eCommerce,2014,2014-06-01T12:00:00Z,comment,UgxJA_ohWhyq1wLArX54AaABAg.AAPhAlc0tfMAEPN0VaQKyR,UgxJA_ohWhyq1wLArX54AaABAg,TRUE
JJdhVmkFBjI,2025-02-11T14:08:46Z,24803,733,0,66,Psittacus_erithacus,Portugal,Birds,casual,jaula,Post-Introduction,eCommerce,eCommerce,2014,2014-06-01T12:00:00Z,comment,UgxJA_ohWhyq1wLArX54AaABAg.AAPhAlc0tfMAEPN0VaQKyR,UgxJA_ohWhyq1wLArX54AaABAg,TRUE
JJdhVmkFBjI,2025-02-11T14:08:46Z,24803,733,0,66,Psittacus_erithacus,Portugal,Birds,casual,jaula,Post-Introduction,eCommerce,eCommerce,2014,2014-06-01T12:00:00Z,comment,UgxJA_ohWhyq1wLArX54AaABAg.AAPhAlc0tfMAEPN0VaQKyR,UgxJA_ohWhyq1wLArX54AaABAg,TRUE
JJdhVmkFBjI,2024-11-08T14:37:16Z,24803,733,0,66,Psittacus_erithacus,Portugal,Birds,casual,jaula,Post-Introduction,eCommerce,eCommerce,2014,2014-06-01T12:00:00Z,comment,Ugwt6NKlqGvPaZRnEfZ4AaABAg.AAOiLwgJqo0AA_nl9HYXpf,Ugwt6NKlqGvPaZRnEfZ4AaABAg,TRUE
JJdhVmkFBjI,2024-11-08T14:42:27Z,24803,733,0,66,Psittacus_erithacus,Portugal,Birds,casual,compra,Post-Introduction,eCommerce,eCommerce,2014,2014-06-01T12:00:00Z,comment,Ugy9BdCi9cQFmzdt9eN4AaABAg.AAOVPJq4pKhAA_oM8bUfOw,Ugy9BdCi9cQFmzdt9eN4AaABAg,TRUE
JJdhVmkFBjI,2025-09-16T11:21:18Z,24803,733,0,66,Psittacus_erithacus,Portugal,Birds,casual,compre,Post-Introduction,eCommerce,eCommerce,2014,2014-06-01T12:00:00Z,comment,UgwAK-NGYzktuSf5zmF4AaABAg.AAO3xOTcEmYAN7pLvKsc_z,UgwAK-NGYzktuSf5zmF4AaABAg,TRUE
HnEpdNLTsWY,2025-03-04T20:34:58Z,931988,20947,0,552,Psittacus_erithacus,Portugal,Birds,casual,ofertas,Post-Introduction,eCommerce,eCommerce,2014,2014-06-01T12:00:00Z,comment,UgwL3fQPOtkO8vF6s-d4AaABAg,,FALSE
HnEpdNLTsWY,2025-03-03T23:16:04Z,931988,20947,4,552,Psittacus_erithacus,Portugal,Birds,casual,visto,Post-Introduction,Detection,Detection,2014,2014-06-01T12:00:00Z,comment,UgwloVZhSq6aFz5ROSF4AaABAg,,FALSE
HnEpdNLTsWY,2023-04-27T16:27:25Z,931988,20947,0,552,Psittacus_erithacus,Portugal,Birds,casual,mascota,Post-Introduction,eCommerce,eCommerce,2014,2014-06-01T12:00:00Z,comment,Ugx7mhGK6Zo-gB7gTHt4AaABAg,,FALSE
HnEpdNLTsWY,2023-04-27T16:27:25Z,931988,20947,0,552,Psittacus_erithacus,Portugal,Birds,casual,jaula,Post-Introduction,eCommerce,eCommerce,2014,2014-06-01T12:00:00Z,comment,Ugx7mhGK6Zo-gB7gTHt4AaABAg,,FALSE
HnEpdNLTsWY,2021-07-30T00:32:43Z,931988,20947,0,552,Psittacus_erithacus,Portugal,Birds,casual,aparece,Post-Introduction,Detection,Detection,2014,2014-06-01T12:00:00Z,comment,UgzUIJ4NIrjw87SM0UN4AaABAg,,FALSE
HnEpdNLTsWY,2021-07-30T00:32:43Z,931988,20947,0,552,Psittacus_erithacus,Portugal,Birds,casual,vista,Post-Introduction,Detection,Detection,2014,2014-06-01T12:00:00Z,comment,UgzUIJ4NIrjw87SM0UN4AaABAg,,FALSE
HnEpdNLTsWY,2023-03-29T08:35:45Z,931988,20947,1,552,Psittacus_erithacus,Portugal,Birds,casual,adoptar,Post-Introduction,eCommerce,eCommerce,2014,2014-06-01T12:00:00Z,comment,UgxsSJ1RUzaBHtB_fNB4AaABAg.9NjApBwMnVK9npxOCcbKbJ,UgxsSJ1RUzaBHtB_fNB4AaABAg,TRUE
HnEpdNLTsWY,2021-04-18T23:16:55Z,931988,20947,0,552,Psittacus_erithacus,Portugal,Birds,casual,encontrado,Post-Introduction,Detection,Detection,2014,2014-06-01T12:00:00Z,comment,UgwSGAC2m_AFFhYQIuV4AaABAg,,FALSE
HnEpdNLTsWY,2021-04-18T23:16:55Z,931988,20947,0,552,Psittacus_erithacus,Portugal,Birds,casual,extincion,Post-Introduction,Threat,Threat,2014,2014-06-01T12:00:00Z,comment,UgwSGAC2m_AFFhYQIuV4AaABAg,,FALSE
HnEpdNLTsWY,2021-04-09T21:23:40Z,931988,20947,0,552,Psittacus_erithacus,Portugal,Birds,casual,precio,Post-Introduction,eCommerce,eCommerce,2014,2014-06-01T12:00:00Z,comment,UgyxZtLgzkvSbqPIJHV4AaABAg,,FALSE
HnEpdNLTsWY,2021-03-07T20:23:31Z,931988,20947,0,552,Psittacus_erithacus,Portugal,Birds,casual,compre,Post-Introduction,eCommerce,eCommerce,2014,2014-06-01T12:00:00Z,comment,UgxOlmIuC0C4tVze2fJ4AaABAg,,FALSE
HnEpdNLTsWY,2021-02-28T21:54:58Z,931988,20947,0,552,Psittacus_erithacus,Portugal,Birds,casual,comprar,Post-Introduction,eCommerce,eCommerce,2014,2014-06-01T12:00:00Z,comment,Ugwud257uauyfuKzncl4AaABAg,,FALSE
bnkKcZhQ1Gs,2021-12-01T10:15:13Z,77931,366,3,14,Psittacus_erithacus,Portugal,Birds,casual,tienda,Post-Introduction,eCommerce,eCommerce,2014,2014-06-01T12:00:00Z,comment,Ugw0DjVr8T5qrsMawbV4AaABAg,,FALSE
bnkKcZhQ1Gs,2021-10-03T00:56:19Z,77931,366,0,14,Psittacus_erithacus,Portugal,Birds,casual,comprar,Post-Introduction,eCommerce,eCommerce,2014,2014-06-01T12:00:00Z,comment,UgznFH0XEbE7IakTlkJ4AaABAg,,FALSE
rD_BOyVNBLo,2024-11-09T23:52:45Z,1070,48,2,1,Psittacus_erithacus,Portugal,Birds,casual,precio,Post-Introduction,eCommerce,eCommerce,2014,2014-06-01T12:00:00Z,comment,Ugwsgv5pWq9TsdKo5914AaABAg,,FALSE
ve_UW4u-RHo,2025-05-11T22:02:21Z,1524,47,2,3,Psittacus_erithacus,Portugal,Birds,casual,mascota,Post-Introduction,eCommerce,eCommerce,2014,2014-06-01T12:00:00Z,comment,UgxMz-MyTlLC6VTdmgd4AaABAg,,FALSE
7t4r_3k7mzY,2025-05-16T12:02:32Z,1093,32,2,1,Psittacus_erithacus,Portugal,Birds,casual,mascota,Post-Introduction,eCommerce,eCommerce,2014,2014-06-01T12:00:00Z,comment,UgyJnNDOjbOmpzn1qnl4AaABAg,,FALSE
oz9VoapIkHM,2025-05-28T05:29:46Z,227971,14214,0,393,Psittacus_erithacus,Portugal,Birds,casual,compra,Post-Introduction,eCommerce,eCommerce,2014,2014-06-01T12:00:00Z,comment,Ugyr7Tx2y4lTMHefrfZ4AaABAg,,FALSE
oz9VoapIkHM,2025-05-28T05:29:46Z,227971,14214,0,393,Psittacus_erithacus,Portugal,Birds,casual,comprar,Post-Introduction,eCommerce,eCommerce,2014,2014-06-01T12:00:00Z,comment,Ugyr7Tx2y4lTMHefrfZ4AaABAg,,FALSE
oz9VoapIkHM,2025-03-07T21:31:50Z,227971,14214,0,393,Psittacus_erithacus,Portugal,Birds,casual,cara,Post-Introduction,eCommerce,eCommerce,2014,2014-06-01T12:00:00Z,comment,Ugx-Ou0NFDXX6gvKOn14AaABAg,,FALSE
oz9VoapIkHM,2025-02-06T16:37:33Z,227971,14214,0,393,Psittacus_erithacus,Portugal,Birds,casual,precio,Post-Introduction,eCommerce,eCommerce,2014,2014-06-01T12:00:00Z,comment,UgwvafRNMWnmT2GGXoN4AaABAg,,FALSE
oz9VoapIkHM,2025-01-30T11:07:22Z,227971,14214,0,393,Psittacus_erithacus,Portugal,Birds,casual,venta,Post-Introduction,eCommerce,eCommerce,2014,2014-06-01T12:00:00Z,comment,UgywKIWP4n_gpQ7UpRB4AaABAg,,FALSE
oz9VoapIkHM,2025-01-30T11:07:22Z,227971,14214,0,393,Psittacus_erithacus,Portugal,Birds,casual,alerta,Post-Introduction,Detection,Detection,2014,2014-06-01T12:00:00Z,comment,UgywKIWP4n_gpQ7UpRB4AaABAg,,FALSE
oz9VoapIkHM,2025-01-30T03:28:33Z,227971,14214,0,393,Psittacus_erithacus,Portugal,Birds,casual,dinero,Post-Introduction,eCommerce,eCommerce,2014,2014-06-01T12:00:00Z,comment,UgwYFRaZ4JtMzykzHcV4AaABAg,,FALSE
oz9VoapIkHM,2025-01-27T00:03:39Z,227971,14214,0,393,Psittacus_erithacus,Portugal,Birds,casual,comprar,Post-Introduction,eCommerce,eCommerce,2014,2014-06-01T12:00:00Z,comment,Ugzr4CSIUsHu_qpKQ3R4AaABAg,,FALSE
oz9VoapIkHM,2025-01-26T23:59:08Z,227971,14214,2,393,Psittacus_erithacus,Portugal,Birds,casual,aparecieron,Post-Introduction,Detection,Detection,2014,2014-06-01T12:00:00Z,comment,UgzU-1c8ksaNc2P-u014AaABAg,,FALSE
oz9VoapIkHM,2025-01-26T16:21:51Z,227971,14214,0,393,Psittacus_erithacus,Portugal,Birds,casual,dinero,Post-Introduction,eCommerce,eCommerce,2014,2014-06-01T12:00:00Z,comment,UgwNHmOSVu5BuRx5aRl4AaABAg,,FALSE
oz9VoapIkHM,2025-01-26T13:11:03Z,227971,14214,0,393,Psittacus_erithacus,Portugal,Birds,casual,visto,Post-Introduction,Detection,Detection,2014,2014-06-01T12:00:00Z,comment,UgzP1QyjahmO4KknqCh4AaABAg,,FALSE
oz9VoapIkHM,2025-01-26T13:11:03Z,227971,14214,0,393,Psittacus_erithacus,Portugal,Birds,casual,adoptar,Post-Introduction,eCommerce,eCommerce,2014,2014-06-01T12:00:00Z,comment,UgzP1QyjahmO4KknqCh4AaABAg,,FALSE
oz9VoapIkHM,2025-01-26T13:11:03Z,227971,14214,0,393,Psittacus_erithacus,Portugal,Birds,casual,caro,Post-Introduction,eCommerce,eCommerce,2014,2014-06-01T12:00:00Z,comment,UgzP1QyjahmO4KknqCh4AaABAg,,FALSE
oz9VoapIkHM,2025-01-23T17:24:16Z,227971,14214,1,393,Psittacus_erithacus,Portugal,Birds,casual,dinero,Post-Introduction,eCommerce,eCommerce,2014,2014-06-01T12:00:00Z,comment,UgwHzj6WzgU2vw64tzR4AaABAg,,FALSE
oz9VoapIkHM,2025-01-21T15:06:39Z,227971,14214,18,393,Psittacus_erithacus,Portugal,Birds,casual,compra,Post-Introduction,eCommerce,eCommerce,2014,2014-06-01T12:00:00Z,comment,Ugw0HuiUPfblvcUhekd4AaABAg,,FALSE
oz9VoapIkHM,2025-01-21T15:06:39Z,227971,14214,18,393,Psittacus_erithacus,Portugal,Birds,casual,capturas,Post-Introduction,Detection,Detection,2014,2014-06-01T12:00:00Z,comment,Ugw0HuiUPfblvcUhekd4AaABAg,,FALSE
oz9VoapIkHM,2025-01-21T13:15:36Z,227971,14214,1,393,Psittacus_erithacus,Portugal,Birds,casual,adoptar,Post-Introduction,eCommerce,eCommerce,2014,2014-06-01T12:00:00Z,comment,Ugx3DAje7EjNAmu1bx54AaABAg,,FALSE
oz9VoapIkHM,2025-01-21T13:15:36Z,227971,14214,1,393,Psittacus_erithacus,Portugal,Birds,casual,euros,Post-Introduction,eCommerce,eCommerce,2014,2014-06-01T12:00:00Z,comment,Ugx3DAje7EjNAmu1bx54AaABAg,,FALSE
oz9VoapIkHM,2025-01-21T08:49:16Z,227971,14214,0,393,Psittacus_erithacus,Portugal,Birds,casual,dinero,Post-Introduction,eCommerce,eCommerce,2014,2014-06-01T12:00:00Z,comment,UgyRRipUoS3PzfjF2Jh4AaABAg,,FALSE
EM9-DM2xijQ,2013-08-21T14:51:53Z,6523,91,0,6,Psittacus_erithacus,Portugal,Birds,casual,jaula,Pre-Introduction,eCommerce,eCommerce,2014,2014-06-01T12:00:00Z,comment,Ugw8LvsML54JKLKZ2xF4AaABAg,,FALSE
EM9-DM2xijQ,2013-02-05T15:06:40Z,6523,91,0,6,Psittacus_erithacus,Portugal,Birds,casual,jaula,Pre-Introduction,eCommerce,eCommerce,2014,2014-06-01T12:00:00Z,comment,UgxGpOcDXjIxXj5cB994AaABAg,,FALSE
EM9-DM2xijQ,2013-02-04T23:19:09Z,6523,91,0,6,Psittacus_erithacus,Portugal,Birds,casual,mascota,Pre-Introduction,eCommerce,eCommerce,2014,2014-06-01T12:00:00Z,comment,UgyDbjFswNHU0j3xjHd4AaABAg,,FALSE
EuYxJg3G1i8,2025-05-14T11:32:51Z,2148,69,2,3,Psittacus_erithacus,Portugal,Birds,casual,mascota,Post-Introduction,eCommerce,eCommerce,2014,2014-06-01T12:00:00Z,comment,UgzKjUXFGVMt89x4idp4AaABAg,,FALSE
zRj7sn0hkas,2025-05-11T11:34:48Z,2247,59,3,1,Psittacus_erithacus,Portugal,Birds,casual,mascota,Post-Introduction,eCommerce,eCommerce,2014,2014-06-01T12:00:00Z,comment,UgyPARIHhgMC9riT__R4AaABAg,,FALSE
NdCHdSOB7hg,2025-04-23T22:05:18Z,3154,92,4,4,Psittacus_erithacus,Portugal,Birds,casual,visto,Post-Introduction,Detection,Detection,2014,2014-06-01T12:00:00Z,comment,UgwhushUn8meNd6_bNd4AaABAg,,FALSE
v3bsGsHgKuM,2025-05-13T20:02:57Z,1692,25,2,1,Psittacus_erithacus,Portugal,Birds,casual,mascota,Post-Introduction,eCommerce,eCommerce,2014,2014-06-01T12:00:00Z,comment,UgzF0SjYZsOvT5acdyR4AaABAg,,FALSE
3gehFIx0PH0,2025-05-11T12:41:14Z,950,32,2,11,Psittacus_erithacus,Portugal,Birds,casual,capturado,Post-Introduction,Detection,Detection,2014,2014-06-01T12:00:00Z,comment,UgywvqllhhZ_8ydDFtd4AaABAg.AHzLWjeHe_xAHzNkHGGpLM,UgywvqllhhZ_8ydDFtd4AaABAg,TRUE
3gehFIx0PH0,2025-05-11T12:41:14Z,950,32,2,11,Psittacus_erithacus,Portugal,Birds,casual,jaula,Post-Introduction,eCommerce,eCommerce,2014,2014-06-01T12:00:00Z,comment,UgywvqllhhZ_8ydDFtd4AaABAg.AHzLWjeHe_xAHzNkHGGpLM,UgywvqllhhZ_8ydDFtd4AaABAg,TRUE
kyB43Oh0TRk,2019-08-13T22:29:50Z,114971,644,2,37,Psittacus_erithacus,Portugal,Birds,casual,jaula,Post-Introduction,eCommerce,eCommerce,2014,2014-06-01T12:00:00Z,comment,Ugwc1lv6T_jJbo69SHJ4AaABAg,,FALSE
kyB43Oh0TRk,2018-01-28T22:01:50Z,114971,644,0,37,Psittacus_erithacus,Portugal,Birds,casual,jaula,Post-Introduction,eCommerce,eCommerce,2014,2014-06-01T12:00:00Z,comment,Ugwuqw8HI-FgEDVNmwV4AaABAg,,FALSE
kyB43Oh0TRk,2015-10-29T13:12:43Z,114971,644,1,37,Psittacus_erithacus,Portugal,Birds,casual,jaula,Post-Introduction,eCommerce,eCommerce,2014,2014-06-01T12:00:00Z,comment,UghqdY34ksUR0ngCoAEC,,FALSE
G-uzUi6Nogw,2017-08-03T11:02:51Z,8251,131,0,9,Psittacus_erithacus,Portugal,Birds,casual,comprado,Post-Introduction,eCommerce,eCommerce,2014,2014-06-01T12:00:00Z,comment,UgzZP2-lrEeXGUKnXuR4AaABAg,,FALSE
G-uzUi6Nogw,2017-08-02T00:09:29Z,8251,131,0,9,Psittacus_erithacus,Portugal,Birds,casual,peligro,Post-Introduction,Threat,Threat,2014,2014-06-01T12:00:00Z,comment,UgxXRJjcHzUq2Kmxk9Z4AaABAg,,FALSE
fIcYjUzvoiI,2022-10-27T10:09:36Z,18431,110,3,4,Psittacus_erithacus,Portugal,Birds,casual,compra,Post-Introduction,eCommerce,eCommerce,2014,2014-06-01T12:00:00Z,comment,UgxEKltdD67dRRqKNcp4AaABAg,,FALSE
vDf9NtV-CoQ,2014-12-28T05:33:30Z,5588,71,0,8,Psittacus_erithacus,Portugal,Birds,casual,visto,Post-Introduction,Detection,Detection,2014,2014-06-01T12:00:00Z,comment,UggFR5iW6dqe4XgCoAEC,,FALSE
hY5CMNBqNn8,2021-01-15T19:17:59Z,1626,26,0,2,Psittacus_erithacus,Portugal,Birds,casual,comprar,Post-Introduction,eCommerce,eCommerce,2014,2014-06-01T12:00:00Z,comment,UgxjVUcLxTEAqfFtemZ4AaABAg,,FALSE
bygWEHETNno,2019-11-03T20:17:27Z,230018,1036,4,50,Psittacus_erithacus,Portugal,Birds,casual,comprar,Post-Introduction,eCommerce,eCommerce,2014,2014-06-01T12:00:00Z,comment,Ugz2mmsmMIkwa1Zln7N4AaABAg,,FALSE
bygWEHETNno,2018-04-06T21:32:56Z,230018,1036,4,50,Psittacus_erithacus,Portugal,Birds,casual,dinero,Post-Introduction,eCommerce,eCommerce,2014,2014-06-01T12:00:00Z,comment,UgySaSNk-2Vco4-z4HR4AaABAg,,FALSE
bygWEHETNno,2024-11-10T20:34:47Z,230018,1036,1,50,Psittacus_erithacus,Portugal,Birds,casual,visto,Post-Introduction,Detection,Detection,2014,2014-06-01T12:00:00Z,comment,UgxClLY66uowMKIey9d4AaABAg.A2DhGiebx95AAfaGOvp5v7,UgxClLY66uowMKIey9d4AaABAg,TRUE
bygWEHETNno,2021-04-14T09:55:21Z,230018,1036,0,50,Psittacus_erithacus,Portugal,Birds,casual,pajareria,Post-Introduction,eCommerce,eCommerce,2014,2014-06-01T12:00:00Z,comment,UgxWdEBr1q4HPl6H1vR4AaABAg.9I_RJgo0ipe9M6avOZJtkp,UgxWdEBr1q4HPl6H1vR4AaABAg,TRUE
bygWEHETNno,2021-04-27T17:00:39Z,230018,1036,2,50,Psittacus_erithacus,Portugal,Birds,casual,comprar,Post-Introduction,eCommerce,eCommerce,2014,2014-06-01T12:00:00Z,comment,Ugz2mmsmMIkwa1Zln7N4AaABAg.90t9OoJHvul9Mdpvq--HS-,Ugz2mmsmMIkwa1Zln7N4AaABAg,TRUE
TEuGNWGxc9o,2021-09-14T07:53:35Z,49999,554,5,26,Psittacus_erithacus,Portugal,Birds,casual,visto,Post-Introduction,Detection,Detection,2014,2014-06-01T12:00:00Z,comment,UgzbLKWWvdkUTsVMdBJ4AaABAg,,FALSE
TEuGNWGxc9o,2021-01-15T21:12:11Z,49999,554,6,26,Psittacus_erithacus,Portugal,Birds,casual,cara,Post-Introduction,eCommerce,eCommerce,2014,2014-06-01T12:00:00Z,comment,UgxdVoWbDRUaLswYdPx4AaABAg,,FALSE
03-kmaNL3BY,2019-04-05T23:15:39Z,15189,109,0,10,Psittacus_erithacus,Portugal,Birds,casual,jaula,Post-Introduction,eCommerce,eCommerce,2014,2014-06-01T12:00:00Z,comment,UgyyNO7UeDXFZCr5Rwp4AaABAg.8sjO1vnadUa8tMaGStbERa,UgyyNO7UeDXFZCr5Rwp4AaABAg,TRUE
khqAvw8SDmM,2024-09-25T00:46:51Z,2816,51,1,3,Psittacus_erithacus,Portugal,Birds,casual,precios,Post-Introduction,eCommerce,eCommerce,2014,2014-06-01T12:00:00Z,comment,Ugw238YxUv7SimKqgMh4AaABAg,,FALSE
7AnXZ8nwJG8,2022-07-15T21:39:23Z,56007,248,0,37,Psittacus_erithacus,Portugal,Birds,casual,jaula,Post-Introduction,eCommerce,eCommerce,2014,2014-06-01T12:00:00Z,comment,UgzfVNleQxVpoOe8BWN4AaABAg,,FALSE
7AnXZ8nwJG8,2019-02-22T14:18:58Z,56007,248,0,37,Psittacus_erithacus,Portugal,Birds,casual,jaula,Post-Introduction,eCommerce,eCommerce,2014,2014-06-01T12:00:00Z,comment,Ugw_bxpgido5ybAP9n54AaABAg,,FALSE
7AnXZ8nwJG8,2018-03-27T07:41:02Z,56007,248,1,37,Psittacus_erithacus,Portugal,Birds,casual,jaula,Post-Introduction,eCommerce,eCommerce,2014,2014-06-01T12:00:00Z,comment,UgzISqmh-PW80FhxW0N4AaABAg,,FALSE
7AnXZ8nwJG8,2017-04-10T22:37:51Z,56007,248,0,37,Psittacus_erithacus,Portugal,Birds,casual,cara,Post-Introduction,eCommerce,eCommerce,2014,2014-06-01T12:00:00Z,comment,UgihmBknAGFEdngCoAEC,,FALSE
7AnXZ8nwJG8,2022-10-25T23:14:40Z,56007,248,0,37,Psittacus_erithacus,Portugal,Birds,casual,jaula,Post-Introduction,eCommerce,eCommerce,2014,2014-06-01T12:00:00Z,comment,UgzfVNleQxVpoOe8BWN4AaABAg.9dWall6tXeu9hcPkwdjw7F,UgzfVNleQxVpoOe8BWN4AaABAg,TRUE
7AnXZ8nwJG8,2022-10-25T23:14:40Z,56007,248,0,37,Psittacus_erithacus,Portugal,Birds,casual,jaula,Post-Introduction,eCommerce,eCommerce,2014,2014-06-01T12:00:00Z,comment,UgzfVNleQxVpoOe8BWN4AaABAg.9dWall6tXeu9hcPkwdjw7F,UgzfVNleQxVpoOe8BWN4AaABAg,TRUE
7AnXZ8nwJG8,2021-02-13T10:16:49Z,56007,248,1,37,Psittacus_erithacus,Portugal,Birds,casual,euros,Post-Introduction,eCommerce,eCommerce,2014,2014-06-01T12:00:00Z,comment,Ugz_CqJmm2mIGLAaWa54AaABAg.9A1UJv3opvZ9Jh8gAec32o,Ugz_CqJmm2mIGLAaWa54AaABAg,TRUE
7AnXZ8nwJG8,2021-02-13T10:16:49Z,56007,248,1,37,Psittacus_erithacus,Portugal,Birds,casual,euros,Post-Introduction,eCommerce,eCommerce,2014,2014-06-01T12:00:00Z,comment,Ugz_CqJmm2mIGLAaWa54AaABAg.9A1UJv3opvZ9Jh8gAec32o,Ugz_CqJmm2mIGLAaWa54AaABAg,TRUE
7AnXZ8nwJG8,2022-10-25T23:17:44Z,56007,248,0,37,Psittacus_erithacus,Portugal,Birds,casual,jaula,Post-Introduction,eCommerce,eCommerce,2014,2014-06-01T12:00:00Z,comment,UgzISqmh-PW80FhxW0N4AaABAg.8eHu-vDvRAt9hcQ6PZ_ELn,UgzISqmh-PW80FhxW0N4AaABAg,TRUE
7AnXZ8nwJG8,2022-10-25T23:17:44Z,56007,248,0,37,Psittacus_erithacus,Portugal,Birds,casual,jaula,Post-Introduction,eCommerce,eCommerce,2014,2014-06-01T12:00:00Z,comment,UgzISqmh-PW80FhxW0N4AaABAg.8eHu-vDvRAt9hcQ6PZ_ELn,UgzISqmh-PW80FhxW0N4AaABAg,TRUE
QTQusFeKZbM,2019-04-16T07:30:30Z,7718,439,0,61,Psittacus_erithacus,Portugal,Birds,casual,visto,Post-Introduction,Detection,Detection,2014,2014-06-01T12:00:00Z,comment,Ugz9NQnndC0Z-K8rCm14AaABAg,,FALSE
s5Od0zXA3gI,2024-01-17T06:12:40Z,2957,70,1,5,Psittacus_erithacus,Portugal,Birds,casual,jaula,Post-Introduction,eCommerce,eCommerce,2014,2014-06-01T12:00:00Z,comment,Ugy1EwD-py_zLXwAt3x4AaABAg.9ze6-ROrGCb9zeiiLY-ps-,Ugy1EwD-py_zLXwAt3x4AaABAg,TRUE
1Ofzz5hzfB0,2023-05-12T00:41:25Z,5383,94,2,3,Psittacus_erithacus,Portugal,Birds,casual,tienda,Post-Introduction,eCommerce,eCommerce,2014,2014-06-01T12:00:00Z,comment,Ugx00PWlz4Q0izG7J5x4AaABAg,,FALSE
QIlGKL_Oxgw,2025-11-03T21:11:56Z,586,9,0,2,Psittacus_erithacus,Portugal,Birds,casual,jaula,Post-Introduction,eCommerce,eCommerce,2014,2014-06-01T12:00:00Z,comment,UgwcRjNuqu3Z-sFwQPx4AaABAg,,FALSE
AXlBriWqZiE,2021-06-19T00:46:14Z,889,19,0,5,Psittacus_erithacus,Portugal,Birds,casual,encontre,Post-Introduction,Detection,Detection,2014,2014-06-01T12:00:00Z,comment,Ugw1G56z9t0IN-df9T94AaABAg,,FALSE
R10Qgq9MNgI,2020-04-30T16:10:48Z,8662,264,0,37,Psittacus_erithacus,Portugal,Birds,casual,visto,Post-Introduction,Detection,Detection,2014,2014-06-01T12:00:00Z,comment,Ugyn48idSkj0946WohN4AaABAg,,FALSE
R10Qgq9MNgI,2020-04-30T16:10:48Z,8662,264,0,37,Psittacus_erithacus,Portugal,Birds,casual,rastreo,Post-Introduction,Detection,Detection,2014,2014-06-01T12:00:00Z,comment,Ugyn48idSkj0946WohN4AaABAg,,FALSE
R10Qgq9MNgI,2020-04-30T16:10:48Z,8662,264,0,37,Psittacus_erithacus,Portugal,Birds,casual,comprar,Post-Introduction,eCommerce,eCommerce,2014,2014-06-01T12:00:00Z,comment,Ugyn48idSkj0946WohN4AaABAg,,FALSE
R10Qgq9MNgI,2020-04-27T16:05:50Z,8662,264,1,37,Psittacus_erithacus,Portugal,Birds,casual,compra,Post-Introduction,eCommerce,eCommerce,2014,2014-06-01T12:00:00Z,comment,UgyKWBx2PGHguW8UbvF4AaABAg,,FALSE
R10Qgq9MNgI,2020-04-27T16:05:50Z,8662,264,1,37,Psittacus_erithacus,Portugal,Birds,casual,mascota,Post-Introduction,eCommerce,eCommerce,2014,2014-06-01T12:00:00Z,comment,UgyKWBx2PGHguW8UbvF4AaABAg,,FALSE
R10Qgq9MNgI,2020-04-27T16:05:50Z,8662,264,1,37,Psittacus_erithacus,Portugal,Birds,casual,visto,Post-Introduction,Detection,Detection,2014,2014-06-01T12:00:00Z,comment,UgyKWBx2PGHguW8UbvF4AaABAg,,FALSE
R10Qgq9MNgI,2020-04-26T20:56:54Z,8662,264,0,37,Psittacus_erithacus,Portugal,Birds,casual,comprar,Post-Introduction,eCommerce,eCommerce,2014,2014-06-01T12:00:00Z,comment,UgwIOzixVyAICrlkx_B4AaABAg,,FALSE
R10Qgq9MNgI,2020-04-24T21:54:39Z,8662,264,1,37,Psittacus_erithacus,Portugal,Birds,casual,visto,Post-Introduction,Detection,Detection,2014,2014-06-01T12:00:00Z,comment,UgzQqJNfSsMxGtBfcRF4AaABAg,,FALSE
43w8TMJlu8w,2021-01-17T21:11:15Z,2492,20,0,2,Psittacus_erithacus,Portugal,Birds,casual,comprar,Post-Introduction,eCommerce,eCommerce,2014,2014-06-01T12:00:00Z,comment,UgyostJcYdJsBb8nViF4AaABAg,,FALSE
wTIV18QtGj4,2019-08-25T13:21:16Z,1907,39,1,5,Psittacus_erithacus,Portugal,Birds,casual,compre,Post-Introduction,eCommerce,eCommerce,2014,2014-06-01T12:00:00Z,comment,UgwL1CiAQqLJXzfolhV4AaABAg.8z34Qe4lyDV8z3A7JL-ySR,UgwL1CiAQqLJXzfolhV4AaABAg,TRUE
wTIV18QtGj4,2019-08-25T13:21:16Z,1907,39,1,5,Psittacus_erithacus,Portugal,Birds,casual,costo,Post-Introduction,eCommerce,eCommerce,2014,2014-06-01T12:00:00Z,comment,UgwL1CiAQqLJXzfolhV4AaABAg.8z34Qe4lyDV8z3A7JL-ySR,UgwL1CiAQqLJXzfolhV4AaABAg,TRUE
wTIV18QtGj4,2019-08-25T13:21:16Z,1907,39,1,5,Psittacus_erithacus,Portugal,Birds,casual,euros,Post-Introduction,eCommerce,eCommerce,2014,2014-06-01T12:00:00Z,comment,UgwL1CiAQqLJXzfolhV4AaABAg.8z34Qe4lyDV8z3A7JL-ySR,UgwL1CiAQqLJXzfolhV4AaABAg,TRUE
WOYJsnkxlAM,2023-04-25T16:52:21Z,7476,38,1,12,Psittacus_erithacus,Portugal,Birds,casual,comprar,Post-Introduction,eCommerce,eCommerce,2014,2014-06-01T12:00:00Z,comment,UgyPCgKtPIdPHn1aj9Z4AaABAg,,FALSE
WOYJsnkxlAM,2020-05-05T20:15:53Z,7476,38,0,12,Psittacus_erithacus,Portugal,Birds,casual,venta,Post-Introduction,eCommerce,eCommerce,2014,2014-06-01T12:00:00Z,comment,Ugz_fDc6M-tTFJ9ZjNp4AaABAg,,FALSE
WOYJsnkxlAM,2017-01-22T07:54:29Z,7476,38,1,12,Psittacus_erithacus,Portugal,Birds,casual,precio,Post-Introduction,eCommerce,eCommerce,2014,2014-06-01T12:00:00Z,comment,UghBdQCXjEnM5ngCoAEC,,FALSE
WOYJsnkxlAM,2017-03-12T07:25:03Z,7476,38,0,12,Psittacus_erithacus,Portugal,Birds,casual,precios,Post-Introduction,eCommerce,eCommerce,2014,2014-06-01T12:00:00Z,comment,UghBdQCXjEnM5ngCoAEC.8O1HX465kb-8Q-P6JdXiR-,UghBdQCXjEnM5ngCoAEC,TRUE
WOYJsnkxlAM,2018-02-01T14:24:59Z,7476,38,0,12,Psittacus_erithacus,Portugal,Birds,casual,precio,Post-Introduction,eCommerce,eCommerce,2014,2014-06-01T12:00:00Z,comment,UghBdQCXjEnM5ngCoAEC.8O1HX465kb-8c7_JHl0qru,UghBdQCXjEnM5ngCoAEC,TRUE
30jH311vFM8,2019-08-02T12:58:53Z,55740,190,3,4,Psittacus_erithacus,Portugal,Birds,casual,jaula,Post-Introduction,eCommerce,eCommerce,2014,2014-06-01T12:00:00Z,comment,Ugy2T0GbLZ6RW8nvyXp4AaABAg,,FALSE
Mn8rvS_gHLk,2018-02-18T09:17:03Z,4391,50,2,10,Psittacus_erithacus,Portugal,Birds,casual,compre,Post-Introduction,eCommerce,eCommerce,2014,2014-06-01T12:00:00Z,comment,Ugwx3InwtsALlFS1E2V4AaABAg,,FALSE
Mn8rvS_gHLk,2018-02-17T22:09:04Z,4391,50,2,10,Psittacus_erithacus,Portugal,Birds,casual,visto,Post-Introduction,Detection,Detection,2014,2014-06-01T12:00:00Z,comment,UgyuOg0YzA036ZX2h8R4AaABAg,,FALSE
Mn8rvS_gHLk,2018-02-17T22:25:20Z,4391,50,2,10,Psittacus_erithacus,Portugal,Birds,casual,visto,Post-Introduction,Detection,Detection,2014,2014-06-01T12:00:00Z,comment,UgyuOg0YzA036ZX2h8R4AaABAg.8cmb8LQ39fv8cmd-U2AEY-,UgyuOg0YzA036ZX2h8R4AaABAg,TRUE
JQsj7TpP6T0,2013-05-22T20:04:08Z,27875,29,0,5,Psittacus_erithacus,Portugal,Birds,casual,jaula,Pre-Introduction,eCommerce,eCommerce,2014,2014-06-01T12:00:00Z,comment,UgzRn8UY_S3Z5Kfx0SN4AaABAg,,FALSE
J3Ey42tBAy8,2016-06-09T03:00:53Z,1797,9,0,8,Psittacus_erithacus,Portugal,Birds,casual,comprar,Post-Introduction,eCommerce,eCommerce,2014,2014-06-01T12:00:00Z,comment,UghnnDqG3-T4mHgCoAEC,,FALSE
J3Ey42tBAy8,2016-06-09T06:05:20Z,1797,9,0,8,Psittacus_erithacus,Portugal,Birds,casual,mercado,Post-Introduction,eCommerce,eCommerce,2014,2014-06-01T12:00:00Z,comment,UghnnDqG3-T4mHgCoAEC.8EtFTy4X08u8Et_a1Ijg_B,UghnnDqG3-T4mHgCoAEC,TRUE
G1osoRrmfa4,2023-05-16T22:20:18Z,1423,45,1,2,Psittacus_erithacus,Portugal,Birds,casual,jaula,Post-Introduction,eCommerce,eCommerce,2014,2014-06-01T12:00:00Z,comment,UgxV-QOZWYMWgiAlbZF4AaABAg,,FALSE
Lni-8JM8N1o,2019-12-20T20:20:26Z,232662,939,3,56,Psittacus_erithacus,Portugal,Birds,casual,jaula,Post-Introduction,eCommerce,eCommerce,2014,2014-06-01T12:00:00Z,comment,UgxNm5s57ePt6A6G1-94AaABAg,,FALSE
Lni-8JM8N1o,2019-05-30T02:40:45Z,232662,939,6,56,Psittacus_erithacus,Portugal,Birds,casual,jaula,Post-Introduction,eCommerce,eCommerce,2014,2014-06-01T12:00:00Z,comment,UgyoLBvvsbfRUhklvhF4AaABAg,,FALSE
Lni-8JM8N1o,2017-02-07T19:40:24Z,232662,939,7,56,Psittacus_erithacus,Portugal,Birds,casual,jaula,Post-Introduction,eCommerce,eCommerce,2014,2014-06-01T12:00:00Z,comment,UggV_cBCYA7rXXgCoAEC,,FALSE
Lni-8JM8N1o,2016-06-12T21:03:11Z,232662,939,1,56,Psittacus_erithacus,Portugal,Birds,casual,jaula,Post-Introduction,eCommerce,eCommerce,2014,2014-06-01T12:00:00Z,comment,UggoQQXpA7-d1HgCoAEC,,FALSE
Lni-8JM8N1o,2016-06-29T00:07:24Z,232662,939,1,56,Psittacus_erithacus,Portugal,Birds,casual,jaula,Post-Introduction,eCommerce,eCommerce,2014,2014-06-01T12:00:00Z,comment,UggoQQXpA7-d1HgCoAEC.8F1ui_KeZXd8FgRWxwRGxP,UggoQQXpA7-d1HgCoAEC,TRUE
Lni-8JM8N1o,2016-07-04T02:15:10Z,232662,939,2,56,Psittacus_erithacus,Portugal,Birds,casual,jaula,Post-Introduction,eCommerce,eCommerce,2014,2014-06-01T12:00:00Z,comment,UggoQQXpA7-d1HgCoAEC.8F1ui_KeZXd8FtY76bVWUe,UggoQQXpA7-d1HgCoAEC,TRUE
Lni-8JM8N1o,2017-01-06T17:03:28Z,232662,939,0,56,Psittacus_erithacus,Portugal,Birds,casual,jaula,Post-Introduction,eCommerce,eCommerce,2014,2014-06-01T12:00:00Z,comment,UgipHEdPvxhX2XgCoAEC.7-H0Z7-0ZdV8NP3cvZWzKG,UgipHEdPvxhX2XgCoAEC,TRUE
cizNLmoMfl4,2020-06-18T14:04:09Z,827,8,0,3,Psittacus_erithacus,Portugal,Birds,casual,comprar,Post-Introduction,eCommerce,eCommerce,2014,2014-06-01T12:00:00Z,comment,UgwL2ZC3bPYAEtodg954AaABAg.92ATzy_7M4p9A2ZvF9KK_I,UgwL2ZC3bPYAEtodg954AaABAg,TRUE
cizNLmoMfl4,2020-06-18T14:04:09Z,827,8,0,3,Psittacus_erithacus,Portugal,Birds,casual,costo,Post-Introduction,eCommerce,eCommerce,2014,2014-06-01T12:00:00Z,comment,UgwL2ZC3bPYAEtodg954AaABAg.92ATzy_7M4p9A2ZvF9KK_I,UgwL2ZC3bPYAEtodg954AaABAg,TRUE
tciEFZ4O_gA,2025-05-20T21:06:10Z,11592,106,1,40,Psittacus_erithacus,Portugal,Birds,casual,costo,Post-Introduction,eCommerce,eCommerce,2014,2014-06-01T12:00:00Z,comment,UgxFFCWUQbxXjT4gk8N4AaABAg,,FALSE
tciEFZ4O_gA,2024-05-17T13:52:31Z,11592,106,2,40,Psittacus_erithacus,Portugal,Birds,casual,compre,Post-Introduction,eCommerce,eCommerce,2014,2014-06-01T12:00:00Z,comment,UgwoOloXMnj2VcH2JdZ4AaABAg,,FALSE
tciEFZ4O_gA,2022-12-25T18:31:43Z,11592,106,1,40,Psittacus_erithacus,Portugal,Birds,casual,comprado,Post-Introduction,eCommerce,eCommerce,2014,2014-06-01T12:00:00Z,comment,UgxiAHxV_XPVwmZ_fWd4AaABAg,,FALSE
tciEFZ4O_gA,2022-09-25T17:36:28Z,11592,106,1,40,Psittacus_erithacus,Portugal,Birds,casual,jaula,Post-Introduction,eCommerce,eCommerce,2014,2014-06-01T12:00:00Z,comment,Ugy8iiComSCkFWkCp6J4AaABAg,,FALSE
tciEFZ4O_gA,2021-01-10T17:57:12Z,11592,106,1,40,Psittacus_erithacus,Portugal,Birds,casual,comprar,Post-Introduction,eCommerce,eCommerce,2014,2014-06-01T12:00:00Z,comment,UgycnjUtZ8kzgsKZtap4AaABAg,,FALSE
tciEFZ4O_gA,2022-12-30T06:39:11Z,11592,106,0,40,Psittacus_erithacus,Portugal,Birds,casual,compre,Post-Introduction,eCommerce,eCommerce,2014,2014-06-01T12:00:00Z,comment,UgxiAHxV_XPVwmZ_fWd4AaABAg.9k3yrvaO_mC9kF_IXyOSWr,UgxiAHxV_XPVwmZ_fWd4AaABAg,TRUE
ZzooEs2ziYQ,2023-10-02T22:48:05Z,37063,264,0,17,Psittacus_erithacus,Portugal,Birds,casual,extension,Post-Introduction,Invasion,Invasion,2014,2014-06-01T12:00:00Z,comment,UgyxjsZUMKzBTrHaPGZ4AaABAg,,FALSE
ZzooEs2ziYQ,2022-12-30T17:39:15Z,37063,264,0,17,Psittacus_erithacus,Portugal,Birds,casual,precio,Post-Introduction,eCommerce,eCommerce,2014,2014-06-01T12:00:00Z,comment,UgyEstp2NGWmQJowA-54AaABAg,,FALSE
ZzooEs2ziYQ,2022-09-27T14:57:11Z,37063,264,0,17,Psittacus_erithacus,Portugal,Birds,casual,mascota,Post-Introduction,eCommerce,eCommerce,2014,2014-06-01T12:00:00Z,comment,UgxrQos0WOJhcz_SO394AaABAg,,FALSE
ZzooEs2ziYQ,2023-10-02T23:01:42Z,37063,264,0,17,Psittacus_erithacus,Portugal,Birds,casual,precio,Post-Introduction,eCommerce,eCommerce,2014,2014-06-01T12:00:00Z,comment,UgyEstp2NGWmQJowA-54AaABAg.9kGkq1qnlBP9vO086hfB7h,UgyEstp2NGWmQJowA-54AaABAg,TRUE
Sx3tbRBlbUE,2026-01-21T10:22:30Z,5902,121,0,17,Psittacus_erithacus,Portugal,Birds,casual,jaula,Post-Introduction,eCommerce,eCommerce,2014,2014-06-01T12:00:00Z,comment,UgzABwiWmyr9Si5Imqt4AaABAg,,FALSE
Sx3tbRBlbUE,2026-01-21T10:22:30Z,5902,121,0,17,Psittacus_erithacus,Portugal,Birds,casual,jaula,Post-Introduction,eCommerce,eCommerce,2014,2014-06-01T12:00:00Z,comment,UgzABwiWmyr9Si5Imqt4AaABAg,,FALSE
Sx3tbRBlbUE,2025-08-04T02:46:50Z,5902,121,0,17,Psittacus_erithacus,Portugal,Birds,casual,comprar,Post-Introduction,eCommerce,eCommerce,2014,2014-06-01T12:00:00Z,comment,UgwSaZraPGKbrRzL4HJ4AaABAg,,FALSE
Sx3tbRBlbUE,2025-08-04T02:46:50Z,5902,121,0,17,Psittacus_erithacus,Portugal,Birds,casual,comprar,Post-Introduction,eCommerce,eCommerce,2014,2014-06-01T12:00:00Z,comment,UgwSaZraPGKbrRzL4HJ4AaABAg,,FALSE
Sx3tbRBlbUE,2025-07-22T17:18:52Z,5902,121,0,17,Psittacus_erithacus,Portugal,Birds,casual,compra,Post-Introduction,eCommerce,eCommerce,2014,2014-06-01T12:00:00Z,comment,UgzwSQlAPcJxjVavGhx4AaABAg,,FALSE
Sx3tbRBlbUE,2024-05-22T19:23:46Z,5902,121,0,17,Psittacus_erithacus,Portugal,Birds,casual,prohibida,Post-Introduction,eCommerce,eCommerce,2014,2014-06-01T12:00:00Z,comment,UgydxOOWU3Nagq8NfF14AaABAg,,FALSE
Sx3tbRBlbUE,2024-05-22T19:23:46Z,5902,121,0,17,Psittacus_erithacus,Portugal,Birds,casual,venta,Post-Introduction,eCommerce,eCommerce,2014,2014-06-01T12:00:00Z,comment,UgydxOOWU3Nagq8NfF14AaABAg,,FALSE
Sx3tbRBlbUE,2024-10-15T07:00:28Z,5902,121,1,17,Psittacus_erithacus,Portugal,Birds,casual,jaula,Post-Introduction,eCommerce,eCommerce,2014,2014-06-01T12:00:00Z,comment,Ugy_eKfE4JWFJtmy8y94AaABAg.A9b6jboaQzgA9bBPSNu2nR,Ugy_eKfE4JWFJtmy8y94AaABAg,TRUE
Sx3tbRBlbUE,2024-10-15T10:09:57Z,5902,121,1,17,Psittacus_erithacus,Portugal,Birds,casual,jaula,Post-Introduction,eCommerce,eCommerce,2014,2014-06-01T12:00:00Z,comment,Ugy_eKfE4JWFJtmy8y94AaABAg.A9b6jboaQzgA9bX5F4hMLo,Ugy_eKfE4JWFJtmy8y94AaABAg,TRUE
Sx3tbRBlbUE,2025-01-05T20:06:07Z,5902,121,0,17,Psittacus_erithacus,Portugal,Birds,casual,jaula,Post-Introduction,eCommerce,eCommerce,2014,2014-06-01T12:00:00Z,comment,Ugy_eKfE4JWFJtmy8y94AaABAg.A9b6jboaQzgACvjVTAUDJ4,Ugy_eKfE4JWFJtmy8y94AaABAg,TRUE
W15yVkXmZZc,2025-10-13T13:38:57Z,11173,803,0,68,Psittacus_erithacus,Portugal,Birds,casual,adoptar,Post-Introduction,eCommerce,eCommerce,2014,2014-06-01T12:00:00Z,comment,UgxpWm33iGGYp4K0gSZ4AaABAg,,FALSE
W15yVkXmZZc,2021-06-08T21:39:33Z,11173,803,0,68,Psittacus_erithacus,Portugal,Birds,casual,toxico,Post-Introduction,Threat,Threat,2014,2014-06-01T12:00:00Z,comment,UgxrmRLkkI2hR2EqUZV4AaABAg,,FALSE
W15yVkXmZZc,2021-04-19T11:50:32Z,11173,803,0,68,Psittacus_erithacus,Portugal,Birds,casual,cara,Post-Introduction,eCommerce,eCommerce,2014,2014-06-01T12:00:00Z,comment,Ugw1JCmC9f9sSrh1o554AaABAg,,FALSE
W15yVkXmZZc,2021-04-17T03:23:48Z,11173,803,0,68,Psittacus_erithacus,Portugal,Birds,casual,compre,Post-Introduction,eCommerce,eCommerce,2014,2014-06-01T12:00:00Z,comment,UgzEGzb0ZocU8uZ89Wp4AaABAg,,FALSE
W15yVkXmZZc,2021-04-17T03:23:48Z,11173,803,0,68,Psittacus_erithacus,Portugal,Birds,casual,jaula,Post-Introduction,eCommerce,eCommerce,2014,2014-06-01T12:00:00Z,comment,UgzEGzb0ZocU8uZ89Wp4AaABAg,,FALSE
W15yVkXmZZc,2021-03-24T09:28:17Z,11173,803,0,68,Psittacus_erithacus,Portugal,Birds,casual,compre,Post-Introduction,eCommerce,eCommerce,2014,2014-06-01T12:00:00Z,comment,Ugyo7qvVUBaRP_f_ZQN4AaABAg,,FALSE
W15yVkXmZZc,2021-03-24T09:28:17Z,11173,803,0,68,Psittacus_erithacus,Portugal,Birds,casual,jaula,Post-Introduction,eCommerce,eCommerce,2014,2014-06-01T12:00:00Z,comment,Ugyo7qvVUBaRP_f_ZQN4AaABAg,,FALSE
W15yVkXmZZc,2021-03-24T09:28:17Z,11173,803,0,68,Psittacus_erithacus,Portugal,Birds,casual,compre,Post-Introduction,eCommerce,eCommerce,2014,2014-06-01T12:00:00Z,comment,Ugyo7qvVUBaRP_f_ZQN4AaABAg,,FALSE
W15yVkXmZZc,2021-03-24T09:28:17Z,11173,803,0,68,Psittacus_erithacus,Portugal,Birds,casual,jaula,Post-Introduction,eCommerce,eCommerce,2014,2014-06-01T12:00:00Z,comment,Ugyo7qvVUBaRP_f_ZQN4AaABAg,,FALSE
W15yVkXmZZc,2021-03-18T20:06:40Z,11173,803,0,68,Psittacus_erithacus,Portugal,Birds,casual,jaula,Post-Introduction,eCommerce,eCommerce,2014,2014-06-01T12:00:00Z,comment,UgzRouy3s0O90x6Jd_t4AaABAg,,FALSE
W15yVkXmZZc,2021-03-18T19:30:25Z,11173,803,4,68,Psittacus_erithacus,Portugal,Birds,casual,adoptar,Post-Introduction,eCommerce,eCommerce,2014,2014-06-01T12:00:00Z,comment,UgzKVYU3exqGC7vHr754AaABAg,,FALSE
W15yVkXmZZc,2021-03-18T19:15:27Z,11173,803,2,68,Psittacus_erithacus,Portugal,Birds,casual,compre,Post-Introduction,eCommerce,eCommerce,2014,2014-06-01T12:00:00Z,comment,UgzoJJ-fNm-hqA6oxF94AaABAg,,FALSE
W15yVkXmZZc,2021-03-18T19:29:15Z,11173,803,0,68,Psittacus_erithacus,Portugal,Birds,casual,jaula,Post-Introduction,eCommerce,eCommerce,2014,2014-06-01T12:00:00Z,comment,UgzoJJ-fNm-hqA6oxF94AaABAg.9L24Z6px4Qw9L268C02SYq,UgzoJJ-fNm-hqA6oxF94AaABAg,TRUE
hugdDaUo3U8,2025-12-27T12:54:56Z,1202,59,1,1,Psittacus_erithacus,Portugal,Birds,casual,coste,Post-Introduction,eCommerce,eCommerce,2014,2014-06-01T12:00:00Z,comment,UgzLl3ruODiBOWQON9l4AaABAg.AR530PdOeQjAREd8s83qCM,UgzLl3ruODiBOWQON9l4AaABAg,TRUE
06Tsg-SuL8s,2024-11-27T17:31:35Z,1302,28,2,2,Psittacus_erithacus,Portugal,Birds,casual,precio,Post-Introduction,eCommerce,eCommerce,2014,2014-06-01T12:00:00Z,comment,UgzXQf9c2aLqkAvVixR4AaABAg,,FALSE
R-T92xqOhdk,2024-09-30T20:21:22Z,159,2,1,2,Psittacus_erithacus,Portugal,Birds,casual,comprado,Post-Introduction,eCommerce,eCommerce,2014,2014-06-01T12:00:00Z,comment,Ugx63wDj_Q8XW4CMYvd4AaABAg,,FALSE
fy8BotKneVs,2025-08-08T10:41:10Z,156,3,0,8,Psittacus_erithacus,Portugal,Birds,casual,comprar,Post-Introduction,eCommerce,eCommerce,2014,2014-06-01T12:00:00Z,comment,UgxENkUVTu2dPq93GXx4AaABAg,,FALSE
TkTjFAGFn1M,2017-10-04T15:57:45Z,18067,50,0,13,Psittacus_erithacus,Portugal,Birds,casual,mascota,Post-Introduction,eCommerce,eCommerce,2014,2014-06-01T12:00:00Z,comment,Ugxt8kuxRbdUzKpddEB4AaABAg,,FALSE
TkTjFAGFn1M,2016-06-05T23:39:39Z,18067,50,0,13,Psittacus_erithacus,Portugal,Birds,casual,comprar,Post-Introduction,eCommerce,eCommerce,2014,2014-06-01T12:00:00Z,comment,UggsulOz4UCuTXgCoAEC,,FALSE
TkTjFAGFn1M,2016-06-05T23:39:28Z,18067,50,0,13,Psittacus_erithacus,Portugal,Birds,casual,comprar,Post-Introduction,eCommerce,eCommerce,2014,2014-06-01T12:00:00Z,comment,UghJIQyBD0oha3gCoAEC,,FALSE
TkTjFAGFn1M,2016-02-12T13:59:57Z,18067,50,0,13,Psittacus_erithacus,Portugal,Birds,casual,comprar,Post-Introduction,eCommerce,eCommerce,2014,2014-06-01T12:00:00Z,comment,UgiSTHBTE99zBHgCoAEC,,FALSE
TkTjFAGFn1M,2012-02-17T12:05:08Z,18067,50,0,13,Psittacus_erithacus,Portugal,Birds,casual,precios,Pre-Introduction,eCommerce,eCommerce,2014,2014-06-01T12:00:00Z,comment,UgxpPswnVW5QncHPf5R4AaABAg,,FALSE
TkTjFAGFn1M,2009-10-31T06:14:35Z,18067,50,0,13,Psittacus_erithacus,Portugal,Birds,casual,precio,Pre-Introduction,eCommerce,eCommerce,2014,2014-06-01T12:00:00Z,comment,UgzuMm5HrHi7XkkYWT94AaABAg,,FALSE
NSL9sHsS1CY,2025-08-27T21:53:48Z,14532,245,2,10,Psittacus_erithacus,Portugal,Birds,casual,visto,Post-Introduction,Detection,Detection,2014,2014-06-01T12:00:00Z,comment,UgwnjWqH6sohxQpwfdp4AaABAg.A87HuO2RzL6AMLSpz2IEwI,UgwnjWqH6sohxQpwfdp4AaABAg,TRUE
oMbP9k3w5Hg,2021-05-29T08:10:25Z,187645,1108,1,63,Psittacus_erithacus,Portugal,Birds,casual,jaula,Post-Introduction,eCommerce,eCommerce,2014,2014-06-01T12:00:00Z,comment,UgyxTFnDRXo03bLmHgB4AaABAg,,FALSE
oMbP9k3w5Hg,2017-05-08T00:54:19Z,187645,1108,1,63,Psittacus_erithacus,Portugal,Birds,casual,enjaulado,Post-Introduction,eCommerce,eCommerce,2014,2014-06-01T12:00:00Z,comment,UggOrS6kM9ddF3gCoAEC,,FALSE
oMbP9k3w5Hg,2021-07-29T09:18:19Z,187645,1108,0,63,Psittacus_erithacus,Portugal,Birds,casual,venta,Post-Introduction,eCommerce,eCommerce,2014,2014-06-01T12:00:00Z,comment,UgywQP3viEkbLAgoYI54AaABAg.9Q8kebJryjD9QNTwzFTYhY,UgywQP3viEkbLAgoYI54AaABAg,TRUE
oMbP9k3w5Hg,2021-07-03T21:19:43Z,187645,1108,1,63,Psittacus_erithacus,Portugal,Birds,casual,jaula,Post-Introduction,eCommerce,eCommerce,2014,2014-06-01T12:00:00Z,comment,UgyxTFnDRXo03bLmHgB4AaABAg.9NvHgCQYzyL9PLoprHBwdv,UgyxTFnDRXo03bLmHgB4AaABAg,TRUE
oMbP9k3w5Hg,2020-01-04T22:45:00Z,187645,1108,0,63,Psittacus_erithacus,Portugal,Birds,casual,compre,Post-Introduction,eCommerce,eCommerce,2014,2014-06-01T12:00:00Z,comment,Ugz9b-HDp9dRzr4z3JN4AaABAg.93ApwfUXzU193O3ZnFOGkB,Ugz9b-HDp9dRzr4z3JN4AaABAg,TRUE
oMbP9k3w5Hg,2019-09-24T23:23:58Z,187645,1108,0,63,Psittacus_erithacus,Portugal,Birds,casual,costo,Post-Introduction,eCommerce,eCommerce,2014,2014-06-01T12:00:00Z,comment,Ugzr9nuRZ6VNyBh9a-t4AaABAg.8yAfXtk0cEV9-HUwymkF-T,Ugzr9nuRZ6VNyBh9a-t4AaABAg,TRUE
oMbP9k3w5Hg,2019-09-24T23:23:58Z,187645,1108,0,63,Psittacus_erithacus,Portugal,Birds,casual,precio,Post-Introduction,eCommerce,eCommerce,2014,2014-06-01T12:00:00Z,comment,Ugzr9nuRZ6VNyBh9a-t4AaABAg.8yAfXtk0cEV9-HUwymkF-T,Ugzr9nuRZ6VNyBh9a-t4AaABAg,TRUE
oMbP9k3w5Hg,2019-09-24T23:23:58Z,187645,1108,0,63,Psittacus_erithacus,Portugal,Birds,casual,caro,Post-Introduction,eCommerce,eCommerce,2014,2014-06-01T12:00:00Z,comment,Ugzr9nuRZ6VNyBh9a-t4AaABAg.8yAfXtk0cEV9-HUwymkF-T,Ugzr9nuRZ6VNyBh9a-t4AaABAg,TRUE
oMbP9k3w5Hg,2018-10-11T22:01:20Z,187645,1108,2,63,Psittacus_erithacus,Portugal,Birds,casual,euros,Post-Introduction,eCommerce,eCommerce,2014,2014-06-01T12:00:00Z,comment,UgxY354ABdOV-8lV69J4AaABAg.8kukPFGbqAQ8mHGrF9XWS-,UgxY354ABdOV-8lV69J4AaABAg,TRUE
oMbP9k3w5Hg,2018-10-11T22:01:20Z,187645,1108,2,63,Psittacus_erithacus,Portugal,Birds,casual,euros,Post-Introduction,eCommerce,eCommerce,2014,2014-06-01T12:00:00Z,comment,UgxY354ABdOV-8lV69J4AaABAg.8kukPFGbqAQ8mHGrF9XWS-,UgxY354ABdOV-8lV69J4AaABAg,TRUE
oMbP9k3w5Hg,2018-10-11T22:01:20Z,187645,1108,2,63,Psittacus_erithacus,Portugal,Birds,casual,capturado,Post-Introduction,Detection,Detection,2014,2014-06-01T12:00:00Z,comment,UgxY354ABdOV-8lV69J4AaABAg.8kukPFGbqAQ8mHGrF9XWS-,UgxY354ABdOV-8lV69J4AaABAg,TRUE
oMbP9k3w5Hg,2019-02-04T14:39:34Z,187645,1108,1,63,Psittacus_erithacus,Portugal,Birds,casual,comprado,Post-Introduction,eCommerce,eCommerce,2014,2014-06-01T12:00:00Z,comment,UgxY354ABdOV-8lV69J4AaABAg.8kukPFGbqAQ8qwAW60tKqd,UgxY354ABdOV-8lV69J4AaABAg,TRUE
oMbP9k3w5Hg,2018-10-12T10:34:12Z,187645,1108,0,63,Psittacus_erithacus,Portugal,Birds,casual,barato,Post-Introduction,eCommerce,eCommerce,2014,2014-06-01T12:00:00Z,comment,UgyzfX9yzb3uXIE4_Gd4AaABAg.8jXeIQrPVhg8mIc0PpBEyO,UgyzfX9yzb3uXIE4_Gd4AaABAg,TRUE
oMbP9k3w5Hg,2017-05-08T02:01:16Z,187645,1108,1,63,Psittacus_erithacus,Portugal,Birds,casual,jaula,Post-Introduction,eCommerce,eCommerce,2014,2014-06-01T12:00:00Z,comment,UggOrS6kM9ddF3gCoAEC.8SHThLrWcEd8SHaMlRVhcG,UggOrS6kM9ddF3gCoAEC,TRUE
m2I-cwbmd1Y,2019-05-09T02:54:48Z,6106,456,0,75,Psittacus_erithacus,Portugal,Birds,casual,compre,Post-Introduction,eCommerce,eCommerce,2014,2014-06-01T12:00:00Z,comment,Ugx3C1kRv9Xk0NIZ6ZF4AaABAg,,FALSE
m2I-cwbmd1Y,2019-05-01T22:29:33Z,6106,456,0,75,Psittacus_erithacus,Portugal,Birds,casual,jaula,Post-Introduction,eCommerce,eCommerce,2014,2014-06-01T12:00:00Z,comment,Ugw_kmwWthkI783s8el4AaABAg.8uMW9XpfoBO8uPSeegOwhs,Ugw_kmwWthkI783s8el4AaABAg,TRUE
-39Pm8ZDgUk,2013-09-25T00:54:16Z,4662,9,0,5,Psittacus_erithacus,Portugal,Birds,casual,jaula,Pre-Introduction,eCommerce,eCommerce,2014,2014-06-01T12:00:00Z,comment,UgyOweN2z2V0Pq0APQ94AaABAg,,FALSE
kD0eKKEXRqs,2020-05-27T14:49:42Z,1948,86,0,6,Psittacus_erithacus,Portugal,Birds,casual,mascota,Post-Introduction,eCommerce,eCommerce,2014,2014-06-01T12:00:00Z,comment,Ugw-HeLpGCbqn1ety3d4AaABAg,,FALSE
ymotsGyozOY,2010-09-08T22:56:31Z,1006,3,0,1,Psittacus_erithacus,Portugal,Birds,casual,comprar,Pre-Introduction,eCommerce,eCommerce,2014,2014-06-01T12:00:00Z,comment,Ugz4bfL85Qj-kebXHUh4AaABAg,,FALSE
ymotsGyozOY,2010-09-08T22:56:31Z,1006,3,0,1,Psittacus_erithacus,Portugal,Birds,casual,precio,Pre-Introduction,eCommerce,eCommerce,2014,2014-06-01T12:00:00Z,comment,Ugz4bfL85Qj-kebXHUh4AaABAg,,FALSE
e_69IFRDMTU,2015-06-06T01:51:35Z,299,11,1,3,Psittacus_erithacus,Portugal,Birds,casual,comprar,Post-Introduction,eCommerce,eCommerce,2014,2014-06-01T12:00:00Z,comment,UgiSJjNDaLNLJXgCoAEC,,FALSE
e_69IFRDMTU,2015-06-06T08:27:08Z,299,11,1,3,Psittacus_erithacus,Portugal,Birds,casual,tienda,Post-Introduction,eCommerce,eCommerce,2014,2014-06-01T12:00:00Z,comment,UgiSJjNDaLNLJXgCoAEC.801zD_sO8zD7-HipE0LaVE,UgiSJjNDaLNLJXgCoAEC,TRUE
e_69IFRDMTU,2015-06-06T08:27:08Z,299,11,1,3,Psittacus_erithacus,Portugal,Birds,casual,venta,Post-Introduction,eCommerce,eCommerce,2014,2014-06-01T12:00:00Z,comment,UgiSJjNDaLNLJXgCoAEC.801zD_sO8zD7-HipE0LaVE,UgiSJjNDaLNLJXgCoAEC,TRUE
e_69IFRDMTU,2015-06-06T08:27:08Z,299,11,1,3,Psittacus_erithacus,Portugal,Birds,casual,capturado,Post-Introduction,Detection,Detection,2014,2014-06-01T12:00:00Z,comment,UgiSJjNDaLNLJXgCoAEC.801zD_sO8zD7-HipE0LaVE,UgiSJjNDaLNLJXgCoAEC,TRUE
kCa5T8vjS0Q,2023-12-10T14:06:18Z,80196,1089,1,145,Psittacus_erithacus,Portugal,Birds,casual,jaula,Post-Introduction,eCommerce,eCommerce,2014,2014-06-01T12:00:00Z,comment,UgxfzAXZILSi3qAAQZh4AaABAg,,FALSE
kCa5T8vjS0Q,2023-05-08T01:35:21Z,80196,1089,0,145,Psittacus_erithacus,Portugal,Birds,casual,precio,Post-Introduction,eCommerce,eCommerce,2014,2014-06-01T12:00:00Z,comment,Ugy5CpnjSa6hoSBHOCB4AaABAg,,FALSE
kCa5T8vjS0Q,2021-12-07T12:38:31Z,80196,1089,0,145,Psittacus_erithacus,Portugal,Birds,casual,compre,Post-Introduction,eCommerce,eCommerce,2014,2014-06-01T12:00:00Z,comment,UgyWpyWq5gLaXgednId4AaABAg,,FALSE
kCa5T8vjS0Q,2021-12-07T12:38:31Z,80196,1089,0,145,Psittacus_erithacus,Portugal,Birds,casual,compre,Post-Introduction,eCommerce,eCommerce,2014,2014-06-01T12:00:00Z,comment,UgyWpyWq5gLaXgednId4AaABAg,,FALSE
kCa5T8vjS0Q,2021-11-15T19:42:09Z,80196,1089,0,145,Psittacus_erithacus,Portugal,Birds,casual,jaula,Post-Introduction,eCommerce,eCommerce,2014,2014-06-01T12:00:00Z,comment,UgyQ3U7dIvHRSiwXSZ14AaABAg,,FALSE
kCa5T8vjS0Q,2020-12-16T19:42:02Z,80196,1089,0,145,Psittacus_erithacus,Portugal,Birds,casual,jaula,Post-Introduction,eCommerce,eCommerce,2014,2014-06-01T12:00:00Z,comment,Ugw2P0cyx0dC02xwzFV4AaABAg,,FALSE
kCa5T8vjS0Q,2020-07-04T15:59:43Z,80196,1089,1,145,Psittacus_erithacus,Portugal,Birds,casual,comprar,Post-Introduction,eCommerce,eCommerce,2014,2014-06-01T12:00:00Z,comment,Ugx0NmCmcwFp4GT0QLV4AaABAg,,FALSE
kCa5T8vjS0Q,2020-03-11T23:07:07Z,80196,1089,1,145,Psittacus_erithacus,Portugal,Birds,casual,adopte,Post-Introduction,eCommerce,eCommerce,2014,2014-06-01T12:00:00Z,comment,Ugz5R_4UCUY8zpzB8at4AaABAg,,FALSE
kCa5T8vjS0Q,2020-01-01T19:15:33Z,80196,1089,0,145,Psittacus_erithacus,Portugal,Birds,casual,jaula,Post-Introduction,eCommerce,eCommerce,2014,2014-06-01T12:00:00Z,comment,UgwVRuPfbV24jay_D4R4AaABAg,,FALSE
kCa5T8vjS0Q,2019-03-02T14:31:55Z,80196,1089,0,145,Psittacus_erithacus,Portugal,Birds,casual,adoptar,Post-Introduction,eCommerce,eCommerce,2014,2014-06-01T12:00:00Z,comment,Ugw52ktZt-QQRUeeq_14AaABAg,,FALSE
kCa5T8vjS0Q,2019-03-02T14:31:55Z,80196,1089,0,145,Psittacus_erithacus,Portugal,Birds,casual,encontre,Post-Introduction,Detection,Detection,2014,2014-06-01T12:00:00Z,comment,Ugw52ktZt-QQRUeeq_14AaABAg,,FALSE
kCa5T8vjS0Q,2019-01-09T00:45:00Z,80196,1089,1,145,Psittacus_erithacus,Portugal,Birds,casual,jaula,Post-Introduction,eCommerce,eCommerce,2014,2014-06-01T12:00:00Z,comment,UgzgjUFzydvz5Dl8wGB4AaABAg,,FALSE
kCa5T8vjS0Q,2018-12-11T23:14:57Z,80196,1089,2,145,Psittacus_erithacus,Portugal,Birds,casual,jaula,Post-Introduction,eCommerce,eCommerce,2014,2014-06-01T12:00:00Z,comment,UgzZKcjIocuH12yzUDB4AaABAg,,FALSE
kCa5T8vjS0Q,2018-08-13T18:10:53Z,80196,1089,0,145,Psittacus_erithacus,Portugal,Birds,casual,jaula,Post-Introduction,eCommerce,eCommerce,2014,2014-06-01T12:00:00Z,comment,Ugyg4XhEacAmEAKhoIp4AaABAg,,FALSE
kCa5T8vjS0Q,2018-08-10T17:49:16Z,80196,1089,0,145,Psittacus_erithacus,Portugal,Birds,casual,jaula,Post-Introduction,eCommerce,eCommerce,2014,2014-06-01T12:00:00Z,comment,UgzwPAPKyYRgFdUXDdl4AaABAg,,FALSE
kCa5T8vjS0Q,2018-08-02T18:33:36Z,80196,1089,1,145,Psittacus_erithacus,Portugal,Birds,casual,visto,Post-Introduction,Detection,Detection,2014,2014-06-01T12:00:00Z,comment,UgxFejKPTZCVBVV624R4AaABAg,,FALSE
kCa5T8vjS0Q,2018-08-02T14:35:16Z,80196,1089,1,145,Psittacus_erithacus,Portugal,Birds,casual,comprar,Post-Introduction,eCommerce,eCommerce,2014,2014-06-01T12:00:00Z,comment,UgykkQPqwPw0lDTKWlV4AaABAg,,FALSE
kCa5T8vjS0Q,2018-08-01T14:53:28Z,80196,1089,2,145,Psittacus_erithacus,Portugal,Birds,casual,compre,Post-Introduction,eCommerce,eCommerce,2014,2014-06-01T12:00:00Z,comment,UgwexpC3Sl8ShRqH4zN4AaABAg,,FALSE
kCa5T8vjS0Q,2018-08-01T14:53:28Z,80196,1089,2,145,Psittacus_erithacus,Portugal,Birds,casual,compre,Post-Introduction,eCommerce,eCommerce,2014,2014-06-01T12:00:00Z,comment,UgwexpC3Sl8ShRqH4zN4AaABAg,,FALSE
kCa5T8vjS0Q,2018-08-01T14:53:28Z,80196,1089,2,145,Psittacus_erithacus,Portugal,Birds,casual,jaula,Post-Introduction,eCommerce,eCommerce,2014,2014-06-01T12:00:00Z,comment,UgwexpC3Sl8ShRqH4zN4AaABAg,,FALSE
kCa5T8vjS0Q,2018-08-01T14:53:28Z,80196,1089,2,145,Psittacus_erithacus,Portugal,Birds,casual,jaula,Post-Introduction,eCommerce,eCommerce,2014,2014-06-01T12:00:00Z,comment,UgwexpC3Sl8ShRqH4zN4AaABAg,,FALSE
kCa5T8vjS0Q,2019-02-14T10:33:55Z,80196,1089,1,145,Psittacus_erithacus,Portugal,Birds,casual,jaula,Post-Introduction,eCommerce,eCommerce,2014,2014-06-01T12:00:00Z,comment,UgzZNqYopHLb6x9AUMB4AaABAg.8rKTIbXUxtM8rKULgaQumz,UgzZNqYopHLb6x9AUMB4AaABAg,TRUE
kCa5T8vjS0Q,2018-10-29T17:13:39Z,80196,1089,0,145,Psittacus_erithacus,Portugal,Birds,casual,jaula,Post-Introduction,eCommerce,eCommerce,2014,2014-06-01T12:00:00Z,comment,UgyCsE4dfDHi5aKdLJV4AaABAg.8msUsT9YsXx8n-6EtfLh-n,UgyCsE4dfDHi5aKdLJV4AaABAg,TRUE
kCa5T8vjS0Q,2018-10-29T17:13:39Z,80196,1089,0,145,Psittacus_erithacus,Portugal,Birds,casual,jaula,Post-Introduction,eCommerce,eCommerce,2014,2014-06-01T12:00:00Z,comment,UgyCsE4dfDHi5aKdLJV4AaABAg.8msUsT9YsXx8n-6EtfLh-n,UgyCsE4dfDHi5aKdLJV4AaABAg,TRUE
kCa5T8vjS0Q,2018-08-13T18:39:04Z,80196,1089,0,145,Psittacus_erithacus,Portugal,Birds,casual,jaula,Post-Introduction,eCommerce,eCommerce,2014,2014-06-01T12:00:00Z,comment,Ugyg4XhEacAmEAKhoIp4AaABAg.8jtw_evpauU8jtzo8uOXPX,Ugyg4XhEacAmEAKhoIp4AaABAg,TRUE
kCa5T8vjS0Q,2018-08-02T20:29:27Z,80196,1089,0,145,Psittacus_erithacus,Portugal,Birds,casual,riesgo,Post-Introduction,Threat,Threat,2014,2014-06-01T12:00:00Z,comment,UgxFejKPTZCVBVV624R4AaABAg.8jSeRSmO2G68jSrgvfDFim,UgxFejKPTZCVBVV624R4AaABAg,TRUE
haFmdCruhEc,2025-04-11T08:20:33Z,11625,408,0,30,Psittacus_erithacus,Portugal,Birds,casual,jaula,Post-Introduction,eCommerce,eCommerce,2014,2014-06-01T12:00:00Z,comment,Ugy8BcgpEhSpsZ4U4RR4AaABAg,,FALSE
haFmdCruhEc,2025-02-02T17:29:01Z,11625,408,0,30,Psittacus_erithacus,Portugal,Birds,casual,jaula,Post-Introduction,eCommerce,eCommerce,2014,2014-06-01T12:00:00Z,comment,Ugx6qgC783llXW0g0GR4AaABAg,,FALSE
haFmdCruhEc,2024-10-25T19:00:33Z,11625,408,2,30,Psittacus_erithacus,Portugal,Birds,casual,tienda,Post-Introduction,eCommerce,eCommerce,2014,2014-06-01T12:00:00Z,comment,UgzVIBI2ILcg4J2CXVJ4AaABAg,,FALSE
haFmdCruhEc,2024-07-24T11:30:34Z,11625,408,0,30,Psittacus_erithacus,Portugal,Birds,casual,compre,Post-Introduction,eCommerce,eCommerce,2014,2014-06-01T12:00:00Z,comment,UgytkHTSL9jPRwcgEzV4AaABAg,,FALSE
haFmdCruhEc,2024-04-13T21:53:51Z,11625,408,2,30,Psittacus_erithacus,Portugal,Birds,casual,jaula,Post-Introduction,eCommerce,eCommerce,2014,2014-06-01T12:00:00Z,comment,Ugx3LRPMZBWYjWSFHRV4AaABAg,,FALSE
haFmdCruhEc,2025-04-09T00:24:28Z,11625,408,0,30,Psittacus_erithacus,Portugal,Birds,casual,jaula,Post-Introduction,eCommerce,eCommerce,2014,2014-06-01T12:00:00Z,comment,UgxdBVQGoW0u-P9uAS94AaABAg.9w7D_6paxstAGff-8aqOHh,UgxdBVQGoW0u-P9uAS94AaABAg,TRUE
haFmdCruhEc,2025-04-09T00:24:28Z,11625,408,0,30,Psittacus_erithacus,Portugal,Birds,casual,comprar,Post-Introduction,eCommerce,eCommerce,2014,2014-06-01T12:00:00Z,comment,UgxdBVQGoW0u-P9uAS94AaABAg.9w7D_6paxstAGff-8aqOHh,UgxdBVQGoW0u-P9uAS94AaABAg,TRUE
haFmdCruhEc,2025-04-09T00:24:28Z,11625,408,0,30,Psittacus_erithacus,Portugal,Birds,casual,comprar,Post-Introduction,eCommerce,eCommerce,2014,2014-06-01T12:00:00Z,comment,UgxdBVQGoW0u-P9uAS94AaABAg.9w7D_6paxstAGff-8aqOHh,UgxdBVQGoW0u-P9uAS94AaABAg,TRUE
haFmdCruhEc,2025-04-09T00:24:28Z,11625,408,0,30,Psittacus_erithacus,Portugal,Birds,casual,caro,Post-Introduction,eCommerce,eCommerce,2014,2014-06-01T12:00:00Z,comment,UgxdBVQGoW0u-P9uAS94AaABAg.9w7D_6paxstAGff-8aqOHh,UgxdBVQGoW0u-P9uAS94AaABAg,TRUE
aUa4b7XOd-A,2025-02-12T08:12:28Z,20970,288,0,21,Psittacus_erithacus,Portugal,Birds,casual,vender,Post-Introduction,eCommerce,eCommerce,2014,2014-06-01T12:00:00Z,comment,UgzYx6JXvxJxBLe8-XV4AaABAg,,FALSE
aUa4b7XOd-A,2019-12-24T03:40:52Z,20970,288,2,21,Psittacus_erithacus,Portugal,Birds,casual,enjaulado,Post-Introduction,eCommerce,eCommerce,2014,2014-06-01T12:00:00Z,comment,Ugx9y4cah2atFg2jrUZ4AaABAg,,FALSE
aUa4b7XOd-A,2025-05-01T20:13:06Z,20970,288,1,21,Psittacus_erithacus,Portugal,Birds,casual,jaula,Post-Introduction,eCommerce,eCommerce,2014,2014-06-01T12:00:00Z,comment,Ugx9y4cah2atFg2jrUZ4AaABAg.92ugtFIPdnXAHaRW86F1my,Ugx9y4cah2atFg2jrUZ4AaABAg,TRUE
aUa4b7XOd-A,2025-05-01T20:13:06Z,20970,288,1,21,Psittacus_erithacus,Portugal,Birds,casual,jaula,Post-Introduction,eCommerce,eCommerce,2014,2014-06-01T12:00:00Z,comment,Ugx9y4cah2atFg2jrUZ4AaABAg.92ugtFIPdnXAHaRW86F1my,Ugx9y4cah2atFg2jrUZ4AaABAg,TRUE
aUa4b7XOd-A,2021-10-29T03:34:40Z,20970,288,0,21,Psittacus_erithacus,Portugal,Birds,casual,jaula,Post-Introduction,eCommerce,eCommerce,2014,2014-06-01T12:00:00Z,comment,Ugx7XHEAmz36-rHD_494AaABAg.8sa_OAC9_kR9U3kkTSFlOF,Ugx7XHEAmz36-rHD_494AaABAg,TRUE
Occ8D5Fb66U,2025-08-03T08:58:48Z,7679,169,0,23,Psittacus_erithacus,Portugal,Birds,casual,adoptado,Post-Introduction,eCommerce,eCommerce,2014,2014-06-01T12:00:00Z,comment,UgwXDpSBv2qKv6y-bVZ4AaABAg,,FALSE
Occ8D5Fb66U,2025-08-03T08:58:48Z,7679,169,0,23,Psittacus_erithacus,Portugal,Birds,casual,jaula,Post-Introduction,eCommerce,eCommerce,2014,2014-06-01T12:00:00Z,comment,UgwXDpSBv2qKv6y-bVZ4AaABAg,,FALSE
Occ8D5Fb66U,2024-10-17T18:53:34Z,7679,169,0,23,Psittacus_erithacus,Portugal,Birds,casual,jaula,Post-Introduction,eCommerce,eCommerce,2014,2014-06-01T12:00:00Z,comment,Ugy60GW-tlVWjHhjjbx4AaABAg,,FALSE
Occ8D5Fb66U,2024-04-05T14:14:44Z,7679,169,0,23,Psittacus_erithacus,Portugal,Birds,casual,adoptada,Post-Introduction,eCommerce,eCommerce,2014,2014-06-01T12:00:00Z,comment,Ugz-yNdAhGBx6jtJa_t4AaABAg,,FALSE
Occ8D5Fb66U,2024-04-05T14:14:44Z,7679,169,0,23,Psittacus_erithacus,Portugal,Birds,casual,cara,Post-Introduction,eCommerce,eCommerce,2014,2014-06-01T12:00:00Z,comment,Ugz-yNdAhGBx6jtJa_t4AaABAg,,FALSE
Occ8D5Fb66U,2024-04-05T14:14:44Z,7679,169,0,23,Psittacus_erithacus,Portugal,Birds,casual,adoptado,Post-Introduction,eCommerce,eCommerce,2014,2014-06-01T12:00:00Z,comment,Ugz-yNdAhGBx6jtJa_t4AaABAg,,FALSE
P16ZazjpIqg,2020-12-23T17:00:12Z,1256,29,0,8,Psittacus_erithacus,Portugal,Birds,casual,precio,Post-Introduction,eCommerce,eCommerce,2014,2014-06-01T12:00:00Z,comment,UgzgMo0UKwH13nxuNMh4AaABAg.9HYykWlPYst9HbyW6dMwqe,UgzgMo0UKwH13nxuNMh4AaABAg,TRUE
P16ZazjpIqg,2023-09-23T13:56:20Z,1256,29,0,8,Psittacus_erithacus,Portugal,Birds,casual,barato,Post-Introduction,eCommerce,eCommerce,2014,2014-06-01T12:00:00Z,comment,UgzgMo0UKwH13nxuNMh4AaABAg.9HYykWlPYst9v-rZutmSvO,UgzgMo0UKwH13nxuNMh4AaABAg,TRUE
V9JSFnV8fjw,2019-05-19T19:36:10Z,7102,553,0,79,Psittacus_erithacus,Portugal,Birds,casual,jaula,Post-Introduction,eCommerce,eCommerce,2014,2014-06-01T12:00:00Z,comment,UgyF8WBrQg-RifqFYNh4AaABAg,,FALSE
V9JSFnV8fjw,2019-05-15T18:01:40Z,7102,553,0,79,Psittacus_erithacus,Portugal,Birds,casual,comprar,Post-Introduction,eCommerce,eCommerce,2014,2014-06-01T12:00:00Z,comment,UgxvHMzDak493AxeLPd4AaABAg,,FALSE
V9JSFnV8fjw,2019-05-12T18:42:34Z,7102,553,1,79,Psittacus_erithacus,Portugal,Birds,casual,visto,Post-Introduction,Detection,Detection,2014,2014-06-01T12:00:00Z,comment,UgxTHA_7OKJTnhSsvQd4AaABAg,,FALSE
V9JSFnV8fjw,2019-04-18T17:24:07Z,7102,553,0,79,Psittacus_erithacus,Portugal,Birds,casual,mascota,Post-Introduction,eCommerce,eCommerce,2014,2014-06-01T12:00:00Z,comment,UgxDod0e0xJ9P2KdkAV4AaABAg,,FALSE
V9JSFnV8fjw,2019-04-14T20:53:49Z,7102,553,0,79,Psittacus_erithacus,Portugal,Birds,casual,mascota,Post-Introduction,eCommerce,eCommerce,2014,2014-06-01T12:00:00Z,comment,Ugyrvadv2xEZKep0WhF4AaABAg,,FALSE
1bVnnzOXEG0,2011-09-20T08:52:15Z,2306,20,0,2,Psittacus_erithacus,Portugal,Birds,casual,visto,Pre-Introduction,Detection,Detection,2014,2014-06-01T12:00:00Z,comment,UgwaIut-MtQWJEIaQul4AaABAg,,FALSE
yeBfvbp4vIQ,2017-06-10T14:40:12Z,1122,5,1,1,Psittacus_erithacus,Portugal,Birds,casual,jaula,Post-Introduction,eCommerce,eCommerce,2014,2014-06-01T12:00:00Z,comment,UgiDVbTD2x_CZHgCoAEC,,FALSE
FTRdnYp1l8k,2021-08-11T16:42:31Z,2356,29,1,11,Psittacus_erithacus,Portugal,Birds,casual,compre,Post-Introduction,eCommerce,eCommerce,2014,2014-06-01T12:00:00Z,comment,Ugxmw6lDudkNO8IGYwd4AaABAg,,FALSE
SmDqA762XwU,2019-06-15T17:04:30Z,212,3,0,4,Reticulitermes_flavipes,Canary Islands,Insects,alien,encontrado,Post-Introduction,Detection,Detection,2010,2010-06-01T12:00:00Z,comment,Ugx3JYiHGUu1nNbhp8l4AaABAg,,FALSE
oZa_yUbxsRY,2023-08-31T17:30:44Z,1134,67,1,40,Rugulopteryx_okamurae,Spain,Plants,alien,cara,Post-Introduction,eCommerce,eCommerce,2015,2015-06-01T12:00:00Z,comment,UgxY9ti0ADR7QIloYQB4AaABAg,,FALSE
oZa_yUbxsRY,2023-09-01T13:55:12Z,1134,67,1,40,Rugulopteryx_okamurae,Spain,Plants,alien,visto,Post-Introduction,Detection,Detection,2015,2015-06-01T12:00:00Z,comment,UgzDJSraUHoNoVkNO5F4AaABAg.9u7AKjMSgXg9u7CxLAhNf8,UgzDJSraUHoNoVkNO5F4AaABAg,TRUE
po0oPyayV7g,2020-06-23T14:14:42Z,4320,49,1,18,Rugulopteryx_okamurae,Spain,Plants,alien,peligro,Post-Introduction,Threat,Threat,2015,2015-06-01T12:00:00Z,comment,UgwCoCoge-AgC37GGBZ4AaABAg,,FALSE
po0oPyayV7g,2020-06-23T14:14:42Z,4320,49,1,18,Rugulopteryx_okamurae,Spain,Plants,alien,extincion,Post-Introduction,Threat,Threat,2015,2015-06-01T12:00:00Z,comment,UgwCoCoge-AgC37GGBZ4AaABAg,,FALSE
WY_IxuwpW1A,2024-08-21T20:14:16Z,14662,423,0,74,Rugulopteryx_okamurae,Spain,Plants,alien,encontre,Post-Introduction,Detection,Detection,2015,2015-06-01T12:00:00Z,comment,Ugw1mBDFKlc1omT9kz14AaABAg,,FALSE
WY_IxuwpW1A,2024-08-19T17:27:06Z,14662,423,0,74,Rugulopteryx_okamurae,Spain,Plants,alien,capturas,Post-Introduction,Detection,Detection,2015,2015-06-01T12:00:00Z,comment,Ugz-ltTBnMNVgN6mDpZ4AaABAg,,FALSE
WY_IxuwpW1A,2024-08-19T17:27:06Z,14662,423,0,74,Rugulopteryx_okamurae,Spain,Plants,alien,capturar,Post-Introduction,Detection,Detection,2015,2015-06-01T12:00:00Z,comment,Ugz-ltTBnMNVgN6mDpZ4AaABAg,,FALSE
WY_IxuwpW1A,2024-08-17T18:59:29Z,14662,423,0,74,Rugulopteryx_okamurae,Spain,Plants,alien,presente,Post-Introduction,Invasion,Invasion,2015,2015-06-01T12:00:00Z,comment,Ugx4-bgP4eKv3Bd-CGR4AaABAg,,FALSE
WY_IxuwpW1A,2024-08-08T10:24:00Z,14662,423,1,74,Rugulopteryx_okamurae,Spain,Plants,alien,aparezca,Post-Introduction,Detection,Detection,2015,2015-06-01T12:00:00Z,comment,UgzN2KT6BJ2kpVNeUg94AaABAg,,FALSE
WY_IxuwpW1A,2024-08-08T10:00:56Z,14662,423,1,74,Rugulopteryx_okamurae,Spain,Plants,alien,plaga,Post-Introduction,Invasion,Invasion,2015,2015-06-01T12:00:00Z,comment,UgyEGZ-g3wGUvljD6RJ4AaABAg,,FALSE
WY_IxuwpW1A,2024-08-06T16:54:41Z,14662,423,1,74,Rugulopteryx_okamurae,Spain,Plants,alien,vista,Post-Introduction,Detection,Detection,2015,2015-06-01T12:00:00Z,comment,UgxlyDzu5-HHI4odDPR4AaABAg,,FALSE
WY_IxuwpW1A,2024-08-06T16:19:30Z,14662,423,0,74,Rugulopteryx_okamurae,Spain,Plants,alien,plaga,Post-Introduction,Invasion,Invasion,2015,2015-06-01T12:00:00Z,comment,UgwvjXLOuWQdxCDpDAV4AaABAg,,FALSE
WY_IxuwpW1A,2024-08-04T22:23:30Z,14662,423,2,74,Rugulopteryx_okamurae,Spain,Plants,alien,difusion,Post-Introduction,Invasion,Invasion,2015,2015-06-01T12:00:00Z,comment,UgwxfRsw00XR1-Wu33h4AaABAg,,FALSE
WY_IxuwpW1A,2024-08-04T20:22:26Z,14662,423,2,74,Rugulopteryx_okamurae,Spain,Plants,alien,controlar,Post-Introduction,Detection,Detection,2015,2015-06-01T12:00:00Z,comment,Ugwe5szw59Wry9s1Aqp4AaABAg,,FALSE
WY_IxuwpW1A,2024-08-04T20:04:11Z,14662,423,1,74,Rugulopteryx_okamurae,Spain,Plants,alien,invasora,Post-Introduction,Invasion,Invasion,2015,2015-06-01T12:00:00Z,comment,UgwV9TBufeZDTjwVgkF4AaABAg,,FALSE
WY_IxuwpW1A,2024-08-04T18:32:39Z,14662,423,0,74,Rugulopteryx_okamurae,Spain,Plants,alien,afectando,Post-Introduction,Invasion,Invasion,2015,2015-06-01T12:00:00Z,comment,Ugw5R-AF8EHsghsQSbp4AaABAg,,FALSE
WY_IxuwpW1A,2024-08-04T18:32:39Z,14662,423,0,74,Rugulopteryx_okamurae,Spain,Plants,alien,invasor,Post-Introduction,Invasion,Invasion,2015,2015-06-01T12:00:00Z,comment,Ugw5R-AF8EHsghsQSbp4AaABAg,,FALSE
WY_IxuwpW1A,2024-08-04T16:39:59Z,14662,423,1,74,Rugulopteryx_okamurae,Spain,Plants,alien,visto,Post-Introduction,Detection,Detection,2015,2015-06-01T12:00:00Z,comment,UgyNEHhtb9KzpGjEnER4AaABAg,,FALSE
WY_IxuwpW1A,2024-08-04T15:25:37Z,14662,423,1,74,Rugulopteryx_okamurae,Spain,Plants,alien,invasora,Post-Introduction,Invasion,Invasion,2015,2015-06-01T12:00:00Z,comment,Ugy1eTw9Y1X013hhI9B4AaABAg,,FALSE
WY_IxuwpW1A,2024-08-04T11:38:24Z,14662,423,1,74,Rugulopteryx_okamurae,Spain,Plants,alien,invasoras,Post-Introduction,Invasion,Invasion,2015,2015-06-01T12:00:00Z,comment,UgyZWhrPJ9u4LwNadxJ4AaABAg,,FALSE
WY_IxuwpW1A,2024-08-04T11:08:39Z,14662,423,1,74,Rugulopteryx_okamurae,Spain,Plants,alien,invasora,Post-Introduction,Invasion,Invasion,2015,2015-06-01T12:00:00Z,comment,Ugyu_CUdn3i5YrokhSN4AaABAg,,FALSE
WY_IxuwpW1A,2024-08-04T10:45:03Z,14662,423,1,74,Rugulopteryx_okamurae,Spain,Plants,alien,rastreo,Post-Introduction,Detection,Detection,2015,2015-06-01T12:00:00Z,comment,Ugw43JjXusLimxqoJnF4AaABAg,,FALSE
WY_IxuwpW1A,2024-08-08T12:23:41Z,14662,423,1,74,Rugulopteryx_okamurae,Spain,Plants,alien,deteccion,Post-Introduction,Detection,Detection,2015,2015-06-01T12:00:00Z,comment,UgzN2KT6BJ2kpVNeUg94AaABAg.A6sSdeR-bxHA6sfLGw6rxA,UgzN2KT6BJ2kpVNeUg94AaABAg,TRUE
WY_IxuwpW1A,2024-08-04T11:08:15Z,14662,423,1,74,Rugulopteryx_okamurae,Spain,Plants,alien,invasora,Post-Introduction,Invasion,Invasion,2015,2015-06-01T12:00:00Z,comment,UgxJsnjzpHzVOt2D7jJ4AaABAg.A6i83bclaEkA6iEXI9K2nI,UgxJsnjzpHzVOt2D7jJ4AaABAg,TRUE
J2rpNbozdGg,2025-06-26T16:22:16Z,1086,40,1,4,Rugulopteryx_okamurae,Spain,Plants,alien,capturar,Post-Introduction,Detection,Detection,2015,2015-06-01T12:00:00Z,comment,Ugymt_PlGy3-IQcY1Rl4AaABAg,,FALSE
J2rpNbozdGg,2025-06-27T04:33:41Z,1086,40,1,4,Rugulopteryx_okamurae,Spain,Plants,alien,precio,Post-Introduction,eCommerce,eCommerce,2015,2015-06-01T12:00:00Z,comment,Ugymt_PlGy3-IQcY1Rl4AaABAg.AJqDbSJo7xFAJrXJUDD5sV,Ugymt_PlGy3-IQcY1Rl4AaABAg,TRUE
J2rpNbozdGg,2025-06-27T04:33:41Z,1086,40,1,4,Rugulopteryx_okamurae,Spain,Plants,alien,control,Post-Introduction,Detection,Detection,2015,2015-06-01T12:00:00Z,comment,Ugymt_PlGy3-IQcY1Rl4AaABAg.AJqDbSJo7xFAJrXJUDD5sV,Ugymt_PlGy3-IQcY1Rl4AaABAg,TRUE
Kv6UIGkNt5c,2024-01-12T18:22:04Z,80,10,2,8,Rugulopteryx_okamurae,Spain,Plants,alien,invasores,Post-Introduction,Invasion,Invasion,2015,2015-06-01T12:00:00Z,comment,Ugzl8hGbD1QUzPcvW5V4AaABAg,,FALSE
J7YlnHQzu_A,2025-08-24T22:33:42Z,1621,35,0,14,Rugulopteryx_okamurae,Spain,Plants,alien,vista,Post-Introduction,Detection,Detection,2015,2015-06-01T12:00:00Z,comment,UgxAKiadmY6SE98TBEx4AaABAg,,FALSE
J7YlnHQzu_A,2025-08-15T16:19:27Z,1621,35,0,14,Rugulopteryx_okamurae,Spain,Plants,alien,invasores,Post-Introduction,Invasion,Invasion,2015,2015-06-01T12:00:00Z,comment,Ugw1KFPfT-sn7LS0WFZ4AaABAg,,FALSE
J7YlnHQzu_A,2025-08-15T08:30:41Z,1621,35,0,14,Rugulopteryx_okamurae,Spain,Plants,alien,dinheiro,Post-Introduction,eCommerce,eCommerce,2015,2015-06-01T12:00:00Z,comment,Ugxq6PQvZO2vUVw1jnN4AaABAg,,FALSE
J7YlnHQzu_A,2025-08-15T08:30:41Z,1621,35,0,14,Rugulopteryx_okamurae,Spain,Plants,alien,monitorizar,Post-Introduction,Detection,Detection,2015,2015-06-01T12:00:00Z,comment,Ugxq6PQvZO2vUVw1jnN4AaABAg,,FALSE
J7YlnHQzu_A,2025-08-13T20:44:13Z,1621,35,0,14,Rugulopteryx_okamurae,Spain,Plants,alien,invasao,Post-Introduction,Invasion,Invasion,2015,2015-06-01T12:00:00Z,comment,UgwgzTQ53SSAU7RyGDB4AaABAg,,FALSE
J7YlnHQzu_A,2025-08-12T21:28:21Z,1621,35,1,14,Rugulopteryx_okamurae,Spain,Plants,alien,invasao,Post-Introduction,Invasion,Invasion,2015,2015-06-01T12:00:00Z,comment,UgxHyG6n1MXH0n0BH8F4AaABAg,,FALSE
J7YlnHQzu_A,2025-08-12T11:31:32Z,1621,35,6,14,Rugulopteryx_okamurae,Spain,Plants,alien,invasora,Post-Introduction,Invasion,Invasion,2015,2015-06-01T12:00:00Z,comment,UgwTO4MrxvM0gVilvgB4AaABAg,,FALSE
SEtDY8aW8_M,2023-03-31T23:17:27Z,1250,50,1,4,Rugulopteryx_okamurae,Spain,Plants,alien,plaga,Post-Introduction,Invasion,Invasion,2015,2015-06-01T12:00:00Z,comment,Ugy45R3NBs-8JfSyPWF4AaABAg,,FALSE
Do-k9FdE89o,2024-10-31T13:48:15Z,3521,33,0,6,Rugulopteryx_okamurae,Spain,Plants,alien,invasion,Post-Introduction,Invasion,Invasion,2015,2015-06-01T12:00:00Z,comment,Ugy4zx_yOaFmC_xFEfR4AaABAg,,FALSE
Do-k9FdE89o,2024-10-31T13:48:15Z,3521,33,0,6,Rugulopteryx_okamurae,Spain,Plants,alien,difusion,Post-Introduction,Invasion,Invasion,2015,2015-06-01T12:00:00Z,comment,Ugy4zx_yOaFmC_xFEfR4AaABAg,,FALSE
Do-k9FdE89o,2024-10-31T13:48:15Z,3521,33,0,6,Rugulopteryx_okamurae,Spain,Plants,alien,vector,Post-Introduction,Threat,Threat,2015,2015-06-01T12:00:00Z,comment,Ugy4zx_yOaFmC_xFEfR4AaABAg,,FALSE
Do-k9FdE89o,2024-10-31T13:48:15Z,3521,33,0,6,Rugulopteryx_okamurae,Spain,Plants,alien,introduccion,Post-Introduction,Invasion,Invasion,2015,2015-06-01T12:00:00Z,comment,Ugy4zx_yOaFmC_xFEfR4AaABAg,,FALSE
Do-k9FdE89o,2023-10-17T14:38:10Z,3521,33,2,6,Rugulopteryx_okamurae,Spain,Plants,alien,invasora,Post-Introduction,Invasion,Invasion,2015,2015-06-01T12:00:00Z,comment,Ugw5cpZ_rXZ3uX-EMFx4AaABAg,,FALSE
Do-k9FdE89o,2023-10-17T14:38:10Z,3521,33,2,6,Rugulopteryx_okamurae,Spain,Plants,alien,plaga,Post-Introduction,Invasion,Invasion,2015,2015-06-01T12:00:00Z,comment,Ugw5cpZ_rXZ3uX-EMFx4AaABAg,,FALSE
Do-k9FdE89o,2023-10-17T14:38:10Z,3521,33,2,6,Rugulopteryx_okamurae,Spain,Plants,alien,plaga,Post-Introduction,Invasion,Invasion,2015,2015-06-01T12:00:00Z,comment,Ugw5cpZ_rXZ3uX-EMFx4AaABAg,,FALSE
Do-k9FdE89o,2023-10-17T14:38:10Z,3521,33,2,6,Rugulopteryx_okamurae,Spain,Plants,alien,dinero,Post-Introduction,eCommerce,eCommerce,2015,2015-06-01T12:00:00Z,comment,Ugw5cpZ_rXZ3uX-EMFx4AaABAg,,FALSE
Do-k9FdE89o,2023-10-17T14:38:10Z,3521,33,2,6,Rugulopteryx_okamurae,Spain,Plants,alien,expansion,Post-Introduction,Invasion,Invasion,2015,2015-06-01T12:00:00Z,comment,Ugw5cpZ_rXZ3uX-EMFx4AaABAg,,FALSE
Do-k9FdE89o,2023-10-17T14:38:10Z,3521,33,2,6,Rugulopteryx_okamurae,Spain,Plants,alien,plaga,Post-Introduction,Invasion,Invasion,2015,2015-06-01T12:00:00Z,comment,Ugw5cpZ_rXZ3uX-EMFx4AaABAg,,FALSE
V4lPzbleL7M,2022-03-31T19:34:21Z,187,3,0,1,Rugulopteryx_okamurae,Spain,Plants,alien,coste,Post-Introduction,eCommerce,eCommerce,2015,2015-06-01T12:00:00Z,comment,UgyZGYKCxTA1H4xB4RJ4AaABAg,,FALSE
EX2Bdme7Ywo,2022-07-24T23:03:44Z,11188,548,1,79,Rugulopteryx_okamurae,Spain,Plants,alien,invasora,Post-Introduction,Invasion,Invasion,2015,2015-06-01T12:00:00Z,comment,Ugy-Eue_KesAZEFF6yZ4AaABAg,,FALSE
EX2Bdme7Ywo,2022-07-24T23:03:44Z,11188,548,1,79,Rugulopteryx_okamurae,Spain,Plants,alien,ataca,Post-Introduction,Threat,Threat,2015,2015-06-01T12:00:00Z,comment,Ugy-Eue_KesAZEFF6yZ4AaABAg,,FALSE
EX2Bdme7Ywo,2022-07-24T23:01:08Z,11188,548,3,79,Rugulopteryx_okamurae,Spain,Plants,alien,invasoras,Post-Introduction,Invasion,Invasion,2015,2015-06-01T12:00:00Z,comment,Ugx3unte9R_mjkuug8l4AaABAg,,FALSE
EX2Bdme7Ywo,2022-07-24T21:58:55Z,11188,548,0,79,Rugulopteryx_okamurae,Spain,Plants,alien,invasora,Post-Introduction,Invasion,Invasion,2015,2015-06-01T12:00:00Z,comment,Ugy57sNq7IsQd7oaNmd4AaABAg,,FALSE
EX2Bdme7Ywo,2022-07-24T19:49:48Z,11188,548,0,79,Rugulopteryx_okamurae,Spain,Plants,alien,praga,Post-Introduction,Invasion,Invasion,2015,2015-06-01T12:00:00Z,comment,Ugzh8fNMT3FnpHZwmmN4AaABAg,,FALSE
EX2Bdme7Ywo,2022-07-24T18:21:26Z,11188,548,1,79,Rugulopteryx_okamurae,Spain,Plants,alien,preco,Post-Introduction,eCommerce,eCommerce,2015,2015-06-01T12:00:00Z,comment,UgxTUGX22yPT1KuIzlp4AaABAg,,FALSE
EX2Bdme7Ywo,2022-07-24T17:13:34Z,11188,548,0,79,Rugulopteryx_okamurae,Spain,Plants,alien,invasores,Post-Introduction,Invasion,Invasion,2015,2015-06-01T12:00:00Z,comment,UgzNTvCy_UhqY_aX1u54AaABAg,,FALSE
EX2Bdme7Ywo,2022-07-24T17:11:23Z,11188,548,2,79,Rugulopteryx_okamurae,Spain,Plants,alien,vender,Post-Introduction,eCommerce,eCommerce,2015,2015-06-01T12:00:00Z,comment,UgwawY5vC6kny1Zmowd4AaABAg,,FALSE
EX2Bdme7Ywo,2022-07-24T17:09:44Z,11188,548,8,79,Rugulopteryx_okamurae,Spain,Plants,alien,invasao,Post-Introduction,Invasion,Invasion,2015,2015-06-01T12:00:00Z,comment,UgwxkuxVfbtTqAOl_k14AaABAg,,FALSE
EX2Bdme7Ywo,2022-07-24T15:34:27Z,11188,548,3,79,Rugulopteryx_okamurae,Spain,Plants,alien,invasao,Post-Introduction,Invasion,Invasion,2015,2015-06-01T12:00:00Z,comment,UgwJ2d2fxCoIP0zSWU14AaABAg,,FALSE
EX2Bdme7Ywo,2022-07-24T15:34:27Z,11188,548,3,79,Rugulopteryx_okamurae,Spain,Plants,alien,invasao,Post-Introduction,Invasion,Invasion,2015,2015-06-01T12:00:00Z,comment,UgwJ2d2fxCoIP0zSWU14AaABAg,,FALSE
EX2Bdme7Ywo,2022-07-24T15:31:16Z,11188,548,0,79,Rugulopteryx_okamurae,Spain,Plants,alien,pragas,Post-Introduction,Invasion,Invasion,2015,2015-06-01T12:00:00Z,comment,UgwV_raCwI8z-AKOagt4AaABAg,,FALSE
EX2Bdme7Ywo,2022-07-24T15:31:16Z,11188,548,0,79,Rugulopteryx_okamurae,Spain,Plants,alien,invasoras,Post-Introduction,Invasion,Invasion,2015,2015-06-01T12:00:00Z,comment,UgwV_raCwI8z-AKOagt4AaABAg,,FALSE
EX2Bdme7Ywo,2022-07-24T15:22:18Z,11188,548,2,79,Rugulopteryx_okamurae,Spain,Plants,alien,invasoras,Post-Introduction,Invasion,Invasion,2015,2015-06-01T12:00:00Z,comment,UgyJJIqgBUnsH2Pcd6h4AaABAg,,FALSE
EX2Bdme7Ywo,2022-07-24T19:52:12Z,11188,548,1,79,Rugulopteryx_okamurae,Spain,Plants,alien,recente,Post-Introduction,Detection,Detection,2015,2015-06-01T12:00:00Z,comment,Ugzgyulr2Pg21TLLnFl4AaABAg.9ds6abOvxBR9ds_eeQYrXk,Ugzgyulr2Pg21TLLnFl4AaABAg,TRUE
3hiWNlDPQus,2025-07-28T11:56:22Z,78,2,0,1,Rugulopteryx_okamurae,Spain,Plants,alien,capturas,Post-Introduction,Detection,Detection,2015,2015-06-01T12:00:00Z,comment,UgxZ0jRh9B-Z3kY3KAh4AaABAg,,FALSE
quue0aRMQUE,2021-05-29T16:20:04Z,2139,552,1,57,Rugulopteryx_okamurae,Spain,Plants,alien,invasoras,Post-Introduction,Invasion,Invasion,2015,2015-06-01T12:00:00Z,comment,Ugxwi0saSN92hK-oB1l4AaABAg,,FALSE
quue0aRMQUE,2021-05-27T22:21:02Z,2139,552,3,57,Rugulopteryx_okamurae,Spain,Plants,alien,invasoras,Post-Introduction,Invasion,Invasion,2015,2015-06-01T12:00:00Z,comment,UgyKTyQJ2W7GBtEcsZl4AaABAg,,FALSE
quue0aRMQUE,2021-05-27T22:21:02Z,2139,552,3,57,Rugulopteryx_okamurae,Spain,Plants,alien,peligro,Post-Introduction,Threat,Threat,2015,2015-06-01T12:00:00Z,comment,UgyKTyQJ2W7GBtEcsZl4AaABAg,,FALSE
quue0aRMQUE,2021-05-27T22:15:24Z,2139,552,1,57,Rugulopteryx_okamurae,Spain,Plants,alien,controlar,Post-Introduction,Detection,Detection,2015,2015-06-01T12:00:00Z,comment,UgzyMvIGglcfJC4LxpN4AaABAg.9NrbVMQIGrV9NrdnMxqFwy,UgzyMvIGglcfJC4LxpN4AaABAg,TRUE
quue0aRMQUE,2021-05-27T22:15:24Z,2139,552,1,57,Rugulopteryx_okamurae,Spain,Plants,alien,invasoras,Post-Introduction,Invasion,Invasion,2015,2015-06-01T12:00:00Z,comment,UgzyMvIGglcfJC4LxpN4AaABAg.9NrbVMQIGrV9NrdnMxqFwy,UgzyMvIGglcfJC4LxpN4AaABAg,TRUE
quue0aRMQUE,2021-05-27T22:15:24Z,2139,552,1,57,Rugulopteryx_okamurae,Spain,Plants,alien,peligro,Post-Introduction,Threat,Threat,2015,2015-06-01T12:00:00Z,comment,UgzyMvIGglcfJC4LxpN4AaABAg.9NrbVMQIGrV9NrdnMxqFwy,UgzyMvIGglcfJC4LxpN4AaABAg,TRUE
L7FaNHp2__0,2021-12-26T08:23:12Z,3422,219,0,54,Scyphophorus_acupunctatus,Spain,Insects,established,invasion,Post-Introduction,Invasion,Invasion,2007,2007-06-01T12:00:00Z,comment,UgzLze4cQoulFvWqxMd4AaABAg,,FALSE
L7FaNHp2__0,2021-12-25T23:23:05Z,3422,219,4,54,Scyphophorus_acupunctatus,Spain,Insects,established,visto,Post-Introduction,Detection,Detection,2007,2007-06-01T12:00:00Z,comment,UgxCf2VBCBroVWmR6-54AaABAg,,FALSE
L7FaNHp2__0,2022-04-18T11:47:29Z,3422,219,0,54,Scyphophorus_acupunctatus,Spain,Insects,established,plaga,Post-Introduction,Invasion,Invasion,2007,2007-06-01T12:00:00Z,comment,UgyWPXhoJyjaYWAZbDh4AaABAg.9_xg8_YFIq29_xx4YbppkJ,UgyWPXhoJyjaYWAZbDh4AaABAg,TRUE
L7FaNHp2__0,2021-12-26T11:46:16Z,3422,219,1,54,Scyphophorus_acupunctatus,Spain,Insects,established,visto,Post-Introduction,Detection,Detection,2007,2007-06-01T12:00:00Z,comment,UgwEY7VJ8HfwDGb5QO14AaABAg.9WPySVCJ0ra9WPz6r-UFBA,UgwEY7VJ8HfwDGb5QO14AaABAg,TRUE
L7FaNHp2__0,2021-12-26T11:46:16Z,3422,219,1,54,Scyphophorus_acupunctatus,Spain,Insects,established,plagas,Post-Introduction,Invasion,Invasion,2007,2007-06-01T12:00:00Z,comment,UgwEY7VJ8HfwDGb5QO14AaABAg.9WPySVCJ0ra9WPz6r-UFBA,UgwEY7VJ8HfwDGb5QO14AaABAg,TRUE
6VRQSAX4ZDE,2025-07-24T14:01:57Z,3982,95,0,8,Scyphophorus_acupunctatus,Spain,Insects,established,danino,Post-Introduction,Threat,Threat,2007,2007-06-01T12:00:00Z,comment,UgwBBoTcsMhp3TAv5uF4AaABAg,,FALSE
ysgTqNIvMnw,2024-05-14T05:59:06Z,384,50,1,24,Scyphophorus_acupunctatus,Spain,Insects,established,encontre,Post-Introduction,Detection,Detection,2007,2007-06-01T12:00:00Z,comment,UgwLzkrMH62mEwtfe094AaABAg,,FALSE
ysgTqNIvMnw,2024-05-13T05:56:08Z,384,50,0,24,Scyphophorus_acupunctatus,Spain,Insects,established,control,Post-Introduction,Detection,Detection,2007,2007-06-01T12:00:00Z,comment,UgzLpv9TTRxsSG-eKvl4AaABAg,,FALSE
ysgTqNIvMnw,2024-05-12T18:49:22Z,384,50,1,24,Scyphophorus_acupunctatus,Spain,Insects,established,alien,Post-Introduction,Invasion,Invasion,2007,2007-06-01T12:00:00Z,comment,Ugy82E3f9aj_6XznTLR4AaABAg,,FALSE
ysgTqNIvMnw,2024-05-13T07:07:45Z,384,50,1,24,Scyphophorus_acupunctatus,Spain,Insects,established,ataca,Post-Introduction,Threat,Threat,2007,2007-06-01T12:00:00Z,comment,UgwUw7o4EvFFqePPqZV4AaABAg.A3LzxtVcVfJA3N5188Vc8e,UgwUw7o4EvFFqePPqZV4AaABAg,TRUE
AwsMEhRSI44,2025-07-28T17:20:39Z,1841,62,0,10,Scyphophorus_acupunctatus,Spain,Insects,established,encontre,Post-Introduction,Detection,Detection,2007,2007-06-01T12:00:00Z,comment,UgxgiP6KTPTE9ILR9at4AaABAg,,FALSE
AwsMEhRSI44,2025-07-28T17:20:39Z,1841,62,0,10,Scyphophorus_acupunctatus,Spain,Insects,established,peligro,Post-Introduction,Threat,Threat,2007,2007-06-01T12:00:00Z,comment,UgxgiP6KTPTE9ILR9at4AaABAg,,FALSE
AwsMEhRSI44,2024-06-08T14:13:49Z,1841,62,0,10,Scyphophorus_acupunctatus,Spain,Insects,established,encontrado,Post-Introduction,Detection,Detection,2007,2007-06-01T12:00:00Z,comment,Ugy_I0uVY0Xgp-zlFKZ4AaABAg,,FALSE
AwsMEhRSI44,2025-07-30T08:31:04Z,1841,62,1,10,Scyphophorus_acupunctatus,Spain,Insects,established,ataca,Post-Introduction,Threat,Threat,2007,2007-06-01T12:00:00Z,comment,UgxgiP6KTPTE9ILR9at4AaABAg.AL7ij9O3i1KALBvi11-Cod,UgxgiP6KTPTE9ILR9at4AaABAg,TRUE
IA5FwWN7Ef8,2024-09-11T05:16:40Z,102115,2290,0,81,Spodoptera_frugiperda,Canary Islands,Insects,alien,trampas,Post-Introduction,Detection,Detection,2020,2020-06-01T12:00:00Z,comment,UgwsMHk8qvqVlNo4x6B4AaABAg,,FALSE
IA5FwWN7Ef8,2023-05-01T19:44:03Z,102115,2290,0,81,Spodoptera_frugiperda,Canary Islands,Insects,alien,ataca,Post-Introduction,Threat,Threat,2020,2020-06-01T12:00:00Z,comment,UgyrxgU1XbkXpatsJkp4AaABAg,,FALSE
IA5FwWN7Ef8,2023-03-05T21:09:42Z,102115,2290,1,81,Spodoptera_frugiperda,Canary Islands,Insects,alien,introduccion,Post-Introduction,Invasion,Invasion,2020,2020-06-01T12:00:00Z,comment,Ugx-JpcKYV7a6o9zEa54AaABAg,,FALSE
IA5FwWN7Ef8,2023-03-05T21:09:42Z,102115,2290,1,81,Spodoptera_frugiperda,Canary Islands,Insects,alien,visto,Post-Introduction,Detection,Detection,2020,2020-06-01T12:00:00Z,comment,Ugx-JpcKYV7a6o9zEa54AaABAg,,FALSE
IA5FwWN7Ef8,2022-02-05T01:19:28Z,102115,2290,5,81,Spodoptera_frugiperda,Canary Islands,Insects,alien,control,Post-Introduction,Detection,Detection,2020,2020-06-01T12:00:00Z,comment,UgxbhLHsqNG7FDCBJW14AaABAg,,FALSE
IA5FwWN7Ef8,2021-10-15T00:20:27Z,102115,2290,35,81,Spodoptera_frugiperda,Canary Islands,Insects,alien,trampa,Post-Introduction,Detection,Detection,2020,2020-06-01T12:00:00Z,comment,Ugw8QAIoWGtzVvYBjLF4AaABAg,,FALSE
IA5FwWN7Ef8,2021-10-15T00:20:27Z,102115,2290,35,81,Spodoptera_frugiperda,Canary Islands,Insects,alien,control,Post-Introduction,Detection,Detection,2020,2020-06-01T12:00:00Z,comment,Ugw8QAIoWGtzVvYBjLF4AaABAg,,FALSE
IA5FwWN7Ef8,2023-05-14T05:10:44Z,102115,2290,0,81,Spodoptera_frugiperda,Canary Islands,Insects,alien,ataca,Post-Introduction,Threat,Threat,2020,2020-06-01T12:00:00Z,comment,UgyrxgU1XbkXpatsJkp4AaABAg.9pB75os4wg_9pg1UnAP7o7,UgyrxgU1XbkXpatsJkp4AaABAg,TRUE
IA5FwWN7Ef8,2022-12-27T10:40:11Z,102115,2290,0,81,Spodoptera_frugiperda,Canary Islands,Insects,alien,trampas,Post-Introduction,Detection,Detection,2020,2020-06-01T12:00:00Z,comment,UgxbhLHsqNG7FDCBJW14AaABAg.9Y2QyrpeddJ9k8HV2HQsmk,UgxbhLHsqNG7FDCBJW14AaABAg,TRUE
IA5FwWN7Ef8,2021-10-16T13:10:11Z,102115,2290,4,81,Spodoptera_frugiperda,Canary Islands,Insects,alien,trampa,Post-Introduction,Detection,Detection,2020,2020-06-01T12:00:00Z,comment,Ugw8QAIoWGtzVvYBjLF4AaABAg.9TVMOjZps579TZJHEu-Zep,Ugw8QAIoWGtzVvYBjLF4AaABAg,TRUE
U-djHiWhe6w,2023-10-04T00:05:24Z,2486,52,0,11,Spodoptera_frugiperda,Canary Islands,Insects,alien,encontrado,Post-Introduction,Detection,Detection,2020,2020-06-01T12:00:00Z,comment,UgzFTu5jbKtEzLXallZ4AaABAg,,FALSE
U-djHiWhe6w,2021-03-17T14:36:39Z,2486,52,1,11,Spodoptera_frugiperda,Canary Islands,Insects,alien,encontre,Post-Introduction,Detection,Detection,2020,2020-06-01T12:00:00Z,comment,Ugyok8-BqYCrA41nI6N4AaABAg,,FALSE
ZDRCxdQ_wlg,2022-10-07T02:27:48Z,6848,95,1,9,Synoicus_chinensis,Spain,Birds,alien,jaula,Post-Introduction,eCommerce,eCommerce,2006,2006-06-01T12:00:00Z,comment,Ugy0dGof5NlWWGYAgOt4AaABAg,,FALSE
ZDRCxdQ_wlg,2022-08-15T23:52:12Z,6848,95,2,9,Synoicus_chinensis,Spain,Birds,alien,venenoso,Post-Introduction,Threat,Threat,2006,2006-06-01T12:00:00Z,comment,UgwicC0xWMDz_mN0Adp4AaABAg,,FALSE
ZDRCxdQ_wlg,2022-08-15T23:52:12Z,6848,95,2,9,Synoicus_chinensis,Spain,Birds,alien,venenoso,Post-Introduction,Threat,Threat,2006,2006-06-01T12:00:00Z,comment,UgwicC0xWMDz_mN0Adp4AaABAg,,FALSE
SuuHnXtXg-c,2025-03-17T16:22:45Z,17467,250,0,51,Synoicus_chinensis,Spain,Birds,alien,jaula,Post-Introduction,eCommerce,eCommerce,2006,2006-06-01T12:00:00Z,comment,UgzPCoTv-zs2vwuKJlx4AaABAg,,FALSE
SuuHnXtXg-c,2022-02-21T13:40:28Z,17467,250,0,51,Synoicus_chinensis,Spain,Birds,alien,jaula,Post-Introduction,eCommerce,eCommerce,2006,2006-06-01T12:00:00Z,comment,UgwM6NPGqfamtSEqJdt4AaABAg,,FALSE
SuuHnXtXg-c,2022-01-30T11:38:24Z,17467,250,0,51,Synoicus_chinensis,Spain,Birds,alien,compre,Post-Introduction,eCommerce,eCommerce,2006,2006-06-01T12:00:00Z,comment,UgywBlEb9WwROHIc5MB4AaABAg.9KiHv3P9uXC9Xp51nK2p6b,UgywBlEb9WwROHIc5MB4AaABAg,TRUE
rghk-WTYwk4,2023-05-08T18:17:40Z,4149,51,0,11,Synoicus_chinensis,Spain,Birds,alien,jaula,Post-Introduction,eCommerce,eCommerce,2006,2006-06-01T12:00:00Z,comment,UgzL9NXEEBFXm3kis314AaABAg,,FALSE
rghk-WTYwk4,2023-05-08T18:17:40Z,4149,51,0,11,Synoicus_chinensis,Spain,Birds,alien,jaula,Post-Introduction,eCommerce,eCommerce,2006,2006-06-01T12:00:00Z,comment,UgzL9NXEEBFXm3kis314AaABAg,,FALSE
rghk-WTYwk4,2019-06-11T07:06:40Z,4149,51,0,11,Synoicus_chinensis,Spain,Birds,alien,comprar,Post-Introduction,eCommerce,eCommerce,2006,2006-06-01T12:00:00Z,comment,UgyCvdSud10vT8Qstvd4AaABAg.8w0GpIwp1sM8w1Nd3gPaa-,UgyCvdSud10vT8Qstvd4AaABAg,TRUE
-bMOUKWPnf8,2023-07-09T10:13:18Z,1551,64,2,14,Synoicus_chinensis,Spain,Birds,alien,visto,Post-Introduction,Detection,Detection,2006,2006-06-01T12:00:00Z,comment,Ugw4dW6biByACAH7KtJ4AaABAg,,FALSE
mk3ZbfXGwus,2020-03-20T17:58:43Z,1547,87,0,29,Synoicus_chinensis,Spain,Birds,alien,jaula,Post-Introduction,eCommerce,eCommerce,2006,2006-06-01T12:00:00Z,comment,Ugzptkj02T_WDEEoAuF4AaABAg,,FALSE
ozKT8isk-ew,2018-08-11T06:26:16Z,15591,59,1,10,Synoicus_chinensis,Spain,Birds,alien,venda,Post-Introduction,eCommerce,eCommerce,2006,2006-06-01T12:00:00Z,comment,UgwLu7qkx7zgQc-Xyv94AaABAg,,FALSE
ozKT8isk-ew,2018-08-15T19:26:11Z,15591,59,0,10,Synoicus_chinensis,Spain,Birds,alien,comprar,Post-Introduction,eCommerce,eCommerce,2006,2006-06-01T12:00:00Z,comment,UgwLu7qkx7zgQc-Xyv94AaABAg.8jnXMC_btbV8jzDmwVZnPY,UgwLu7qkx7zgQc-Xyv94AaABAg,TRUE
ozKT8isk-ew,2016-09-19T11:21:33Z,15591,59,3,10,Synoicus_chinensis,Spain,Birds,alien,euros,Post-Introduction,eCommerce,eCommerce,2006,2006-06-01T12:00:00Z,comment,UghL22W9ba1juXgCoAEC.8IzxAh8OeNY8J-mrLxYdOf,UghL22W9ba1juXgCoAEC,TRUE
5wVCNHo5p4s,2020-05-02T21:13:46Z,5439,243,0,43,Synoicus_chinensis,Spain,Birds,alien,jaula,Post-Introduction,eCommerce,eCommerce,2006,2006-06-01T12:00:00Z,comment,UgxcQCbSATxfvt_-EPp4AaABAg,,FALSE
5wVCNHo5p4s,2020-03-28T13:42:03Z,5439,243,0,43,Synoicus_chinensis,Spain,Birds,alien,comprar,Post-Introduction,eCommerce,eCommerce,2006,2006-06-01T12:00:00Z,comment,UgxBNlpzNDkifCmooXZ4AaABAg,,FALSE
5wVCNHo5p4s,2020-03-28T13:42:03Z,5439,243,0,43,Synoicus_chinensis,Spain,Birds,alien,vender,Post-Introduction,eCommerce,eCommerce,2006,2006-06-01T12:00:00Z,comment,UgxBNlpzNDkifCmooXZ4AaABAg,,FALSE
KhuKm-gJJnU,2018-08-02T02:41:54Z,32162,,0,21,Synoicus_chinensis,Spain,Birds,alien,comprar,Post-Introduction,eCommerce,eCommerce,2006,2006-06-01T12:00:00Z,comment,UgzIZAVmtpOgkIiIEtp4AaABAg,,FALSE
KhuKm-gJJnU,2017-10-21T18:44:25Z,32162,,1,21,Synoicus_chinensis,Spain,Birds,alien,visto,Post-Introduction,Detection,Detection,2006,2006-06-01T12:00:00Z,comment,UgwMoSTw1f6vcmCma414AaABAg.8YzjhDP1Kdc8Yzp7LuvY_3,UgwMoSTw1f6vcmCma414AaABAg,TRUE
ScJfoXX4siQ,2024-07-01T22:22:59Z,880,28,1,18,Testudo_marginata,Spain,Herptiles,established,terrario,Post-Introduction,eCommerce,eCommerce,2017,2017-06-01T12:00:00Z,comment,UgyDzDk7Ha97s2wLibd4AaABAg,,FALSE
kFaHB8XO5PQ,2023-07-23T13:01:03Z,1572,41,0,4,Tobamovirus_fructirugosum,Spain,"Bacteria, Viruses, Fungi",alien,comprar,Post-Introduction,eCommerce,eCommerce,2019,2019-06-01T12:00:00Z,comment,UgxtWbMmMNQPLZd2Axx4AaABAg,,FALSE
kLjkaSaJ8Ys,2023-05-30T20:19:28Z,1317,21,0,7,Tobamovirus_fructirugosum,Spain,"Bacteria, Viruses, Fungi",alien,prohibido,Post-Introduction,eCommerce,eCommerce,2019,2019-06-01T12:00:00Z,comment,UgzDGttNqtJdMBBk2Eh4AaABAg,,FALSE
kLjkaSaJ8Ys,2023-05-30T20:14:26Z,1317,21,0,7,Tobamovirus_fructirugosum,Spain,"Bacteria, Viruses, Fungi",alien,vector,Post-Introduction,Threat,Threat,2019,2019-06-01T12:00:00Z,comment,UgyS4hsKpZXLRFCnaUl4AaABAg,,FALSE
kLjkaSaJ8Ys,2023-05-31T14:33:23Z,1317,21,0,7,Tobamovirus_fructirugosum,Spain,"Bacteria, Viruses, Fungi",alien,registro,Post-Introduction,Detection,Detection,2019,2019-06-01T12:00:00Z,comment,UgzDGttNqtJdMBBk2Eh4AaABAg.9qLrCZQM3IX9qNoOdS2g9T,UgzDGttNqtJdMBBk2Eh4AaABAg,TRUE
kLjkaSaJ8Ys,2023-05-31T14:33:23Z,1317,21,0,7,Tobamovirus_fructirugosum,Spain,"Bacteria, Viruses, Fungi",alien,manejo,Post-Introduction,Detection,Detection,2019,2019-06-01T12:00:00Z,comment,UgzDGttNqtJdMBBk2Eh4AaABAg.9qLrCZQM3IX9qNoOdS2g9T,UgzDGttNqtJdMBBk2Eh4AaABAg,TRUE
kLjkaSaJ8Ys,2023-05-31T14:33:23Z,1317,21,0,7,Tobamovirus_fructirugosum,Spain,"Bacteria, Viruses, Fungi",alien,manejar,Post-Introduction,Detection,Detection,2019,2019-06-01T12:00:00Z,comment,UgzDGttNqtJdMBBk2Eh4AaABAg.9qLrCZQM3IX9qNoOdS2g9T,UgzDGttNqtJdMBBk2Eh4AaABAg,TRUE
kLjkaSaJ8Ys,2023-05-31T20:08:52Z,1317,21,0,7,Tobamovirus_fructirugosum,Spain,"Bacteria, Viruses, Fungi",alien,riesgo,Post-Introduction,Threat,Threat,2019,2019-06-01T12:00:00Z,comment,UgzDGttNqtJdMBBk2Eh4AaABAg.9qLrCZQM3IX9qOPmr8YWdn,UgzDGttNqtJdMBBk2Eh4AaABAg,TRUE
NrQCYWpR0iw,2025-07-06T18:55:46Z,461,6,0,1,Tomato_leaf_curl_New_Delhi_virus,Spain,"Bacteria, Viruses, Fungi",alien,mercado,Post-Introduction,eCommerce,eCommerce,2012,2012-06-01T12:00:00Z,comment,UgwBTJl04lCwrKMbttt4AaABAg,,FALSE
nsv_bUturIc,2019-08-05T02:13:34Z,17989,445,2,24,Varanus_exanthematicus,Spain,Herptiles,uncertain,comprar,Post-Introduction,eCommerce,eCommerce,2011,2011-06-01T12:00:00Z,comment,UgwgVzkdjqJS0axV5IV4AaABAg,,FALSE
nsv_bUturIc,2019-08-05T02:13:34Z,17989,445,2,24,Varanus_exanthematicus,Spain,Herptiles,uncertain,comprar,Post-Introduction,eCommerce,eCommerce,2011,2011-06-01T12:00:00Z,comment,UgwgVzkdjqJS0axV5IV4AaABAg,,FALSE
nsv_bUturIc,2018-09-25T01:01:41Z,17989,445,6,24,Varanus_exanthematicus,Spain,Herptiles,uncertain,compre,Post-Introduction,eCommerce,eCommerce,2011,2011-06-01T12:00:00Z,comment,UgySIlR3KtntthgXzG54AaABAg,,FALSE
nsv_bUturIc,2018-09-25T01:01:41Z,17989,445,6,24,Varanus_exanthematicus,Spain,Herptiles,uncertain,terrario,Post-Introduction,eCommerce,eCommerce,2011,2011-06-01T12:00:00Z,comment,UgySIlR3KtntthgXzG54AaABAg,,FALSE
zp7kz2FgfUI,2018-02-14T06:47:45Z,27375,323,0,27,Varanus_exanthematicus,Spain,Herptiles,uncertain,terrario,Post-Introduction,eCommerce,eCommerce,2011,2011-06-01T12:00:00Z,comment,Ugy8lASqlEULTuP33B14AaABAg,,FALSE
zp7kz2FgfUI,2016-11-13T16:04:07Z,27375,323,10,27,Varanus_exanthematicus,Spain,Herptiles,uncertain,visto,Post-Introduction,Detection,Detection,2011,2011-06-01T12:00:00Z,comment,Ugjp1ikr6dwhOHgCoAEC,,FALSE
zp7kz2FgfUI,2016-09-17T03:35:05Z,27375,323,0,27,Varanus_exanthematicus,Spain,Herptiles,uncertain,comprar,Post-Introduction,eCommerce,eCommerce,2011,2011-06-01T12:00:00Z,comment,UghoSr1Qlc14MHgCoAEC,,FALSE
zp7kz2FgfUI,2016-07-01T20:32:43Z,27375,323,0,27,Varanus_exanthematicus,Spain,Herptiles,uncertain,compre,Post-Introduction,eCommerce,eCommerce,2011,2011-06-01T12:00:00Z,comment,Ugj1rRec10hF2XgCoAEC,,FALSE
zp7kz2FgfUI,2016-07-01T11:43:47Z,27375,323,3,27,Varanus_exanthematicus,Spain,Herptiles,uncertain,terrario,Post-Introduction,eCommerce,eCommerce,2011,2011-06-01T12:00:00Z,comment,Ugge7YEs_8Evr3gCoAEC,,FALSE
zp7kz2FgfUI,2016-07-01T11:43:47Z,27375,323,3,27,Varanus_exanthematicus,Spain,Herptiles,uncertain,terrario,Post-Introduction,eCommerce,eCommerce,2011,2011-06-01T12:00:00Z,comment,Ugge7YEs_8Evr3gCoAEC,,FALSE
zp7kz2FgfUI,2016-03-16T18:44:07Z,27375,323,0,27,Varanus_exanthematicus,Spain,Herptiles,uncertain,mascota,Post-Introduction,eCommerce,eCommerce,2011,2011-06-01T12:00:00Z,comment,Ugh_K3OIrFvh-3gCoAEC,,FALSE
zp7kz2FgfUI,2015-08-25T12:56:58Z,27375,323,8,27,Varanus_exanthematicus,Spain,Herptiles,uncertain,terrario,Post-Introduction,eCommerce,eCommerce,2011,2011-06-01T12:00:00Z,comment,UgijIdQHl_mUongCoAEC,,FALSE
zp7kz2FgfUI,2015-08-21T13:37:33Z,27375,323,0,27,Varanus_exanthematicus,Spain,Herptiles,uncertain,visto,Post-Introduction,Detection,Detection,2011,2011-06-01T12:00:00Z,comment,UgjcIje5quwQlngCoAEC.834t6X9hHqe7-J3sGDBWZS,UgjcIje5quwQlngCoAEC,TRUE
5qv1wLqdDJ8,2021-03-26T08:41:32Z,960,22,0,21,Varanus_exanthematicus,Spain,Herptiles,uncertain,visto,Post-Introduction,Detection,Detection,2011,2011-06-01T12:00:00Z,comment,Ugzg7iYmUjrA0Qu1nG54AaABAg.9JbRN6Z3X8n9LLYN9xVufm,Ugzg7iYmUjrA0Qu1nG54AaABAg,TRUE
5qv1wLqdDJ8,2021-03-26T08:41:32Z,960,22,0,21,Varanus_exanthematicus,Spain,Herptiles,uncertain,riesgo,Post-Introduction,Threat,Threat,2011,2011-06-01T12:00:00Z,comment,Ugzg7iYmUjrA0Qu1nG54AaABAg.9JbRN6Z3X8n9LLYN9xVufm,Ugzg7iYmUjrA0Qu1nG54AaABAg,TRUE
5qv1wLqdDJ8,2021-03-26T08:41:32Z,960,22,0,21,Varanus_exanthematicus,Spain,Herptiles,uncertain,peligrosa,Post-Introduction,Threat,Threat,2011,2011-06-01T12:00:00Z,comment,Ugzg7iYmUjrA0Qu1nG54AaABAg.9JbRN6Z3X8n9LLYN9xVufm,Ugzg7iYmUjrA0Qu1nG54AaABAg,TRUE
P133XvqFAUY,2016-01-10T15:45:06Z,16005,38,2,10,Varanus_exanthematicus,Spain,Herptiles,uncertain,visto,Post-Introduction,Detection,Detection,2011,2011-06-01T12:00:00Z,comment,UggBA8yRLbzEZngCoAEC,,FALSE
uUh_xfKaKsw,2009-11-21T15:34:15Z,1335,4,0,2,Varanus_exanthematicus,Spain,Herptiles,uncertain,visto,Pre-Introduction,Detection,Detection,2011,2011-06-01T12:00:00Z,comment,Ugw3dOwv-81CFIQj76t4AaABAg,,FALSE
uUh_xfKaKsw,2009-11-21T15:34:15Z,1335,4,0,2,Varanus_exanthematicus,Spain,Herptiles,uncertain,visto,Pre-Introduction,Detection,Detection,2011,2011-06-01T12:00:00Z,comment,Ugw3dOwv-81CFIQj76t4AaABAg,,FALSE
q0pGFYf9KUU,2017-05-16T11:15:08Z,13301,367,0,117,Varanus_exanthematicus,Spain,Herptiles,uncertain,venenoso,Post-Introduction,Threat,Threat,2011,2011-06-01T12:00:00Z,comment,UghdKEELVuPpG3gCoAEC,,FALSE
q0pGFYf9KUU,2017-05-11T14:31:51Z,13301,367,6,117,Varanus_exanthematicus,Spain,Herptiles,uncertain,comprar,Post-Introduction,eCommerce,eCommerce,2011,2011-06-01T12:00:00Z,comment,UgjeI8c1XRmze3gCoAEC,,FALSE
q0pGFYf9KUU,2017-05-04T13:46:33Z,13301,367,0,117,Varanus_exanthematicus,Spain,Herptiles,uncertain,caro,Post-Introduction,eCommerce,eCommerce,2011,2011-06-01T12:00:00Z,comment,UghixVJsm7ReSngCoAEC,,FALSE
q0pGFYf9KUU,2017-05-03T21:17:50Z,13301,367,0,117,Varanus_exanthematicus,Spain,Herptiles,uncertain,terrario,Post-Introduction,eCommerce,eCommerce,2011,2011-06-01T12:00:00Z,comment,UghF3rL0woB5FXgCoAEC,,FALSE
q0pGFYf9KUU,2017-05-03T17:06:59Z,13301,367,0,117,Varanus_exanthematicus,Spain,Herptiles,uncertain,acuario,Post-Introduction,eCommerce,eCommerce,2011,2011-06-01T12:00:00Z,comment,Ugjtcrip3xRhkngCoAEC,,FALSE
q0pGFYf9KUU,2017-05-04T21:24:29Z,13301,367,1,117,Varanus_exanthematicus,Spain,Herptiles,uncertain,veneno,Post-Introduction,Threat,Threat,2011,2011-06-01T12:00:00Z,comment,Ughe0715WuGe13gCoAEC.8S98Rw5YqJ58S9NIuGX7sP,Ughe0715WuGe13gCoAEC,TRUE
q0pGFYf9KUU,2021-04-21T11:16:31Z,13301,367,0,117,Varanus_exanthematicus,Spain,Herptiles,uncertain,terrario,Post-Introduction,eCommerce,eCommerce,2011,2011-06-01T12:00:00Z,comment,UggLn8vwPRKnBHgCoAEC.8S6SqL5ttKK9MOllzpcqdF,UggLn8vwPRKnBHgCoAEC,TRUE
KwgvZ2iXE0o,2020-04-25T17:01:28Z,8675,287,0,60,Varanus_exanthematicus,Spain,Herptiles,uncertain,terrario,Post-Introduction,eCommerce,eCommerce,2011,2011-06-01T12:00:00Z,comment,UgxYuFM3NFwZ4oRSiL14AaABAg,,FALSE
KwgvZ2iXE0o,2018-03-31T05:32:10Z,8675,287,0,60,Varanus_exanthematicus,Spain,Herptiles,uncertain,terrario,Post-Introduction,eCommerce,eCommerce,2011,2011-06-01T12:00:00Z,comment,UgzY5Et4vzZoTgogi814AaABAg,,FALSE
KwgvZ2iXE0o,2018-03-31T05:32:10Z,8675,287,0,60,Varanus_exanthematicus,Spain,Herptiles,uncertain,comprar,Post-Introduction,eCommerce,eCommerce,2011,2011-06-01T12:00:00Z,comment,UgzY5Et4vzZoTgogi814AaABAg,,FALSE
KwgvZ2iXE0o,2017-06-27T23:29:00Z,8675,287,0,60,Varanus_exanthematicus,Spain,Herptiles,uncertain,visto,Post-Introduction,Detection,Detection,2011,2011-06-01T12:00:00Z,comment,UghWylG7bR-PUngCoAEC,,FALSE
KwgvZ2iXE0o,2017-06-27T19:19:15Z,8675,287,0,60,Varanus_exanthematicus,Spain,Herptiles,uncertain,comprar,Post-Introduction,eCommerce,eCommerce,2011,2011-06-01T12:00:00Z,comment,UghQB9wQxE1zengCoAEC,,FALSE
KwgvZ2iXE0o,2017-06-27T16:53:08Z,8675,287,0,60,Varanus_exanthematicus,Spain,Herptiles,uncertain,terrario,Post-Introduction,eCommerce,eCommerce,2011,2011-06-01T12:00:00Z,comment,Ughjg3GgVUokzHgCoAEC,,FALSE
KwgvZ2iXE0o,2017-06-27T16:53:08Z,8675,287,0,60,Varanus_exanthematicus,Spain,Herptiles,uncertain,perjudicial,Post-Introduction,Threat,Threat,2011,2011-06-01T12:00:00Z,comment,Ughjg3GgVUokzHgCoAEC,,FALSE
KwgvZ2iXE0o,2017-06-27T16:53:08Z,8675,287,0,60,Varanus_exanthematicus,Spain,Herptiles,uncertain,vista,Post-Introduction,Detection,Detection,2011,2011-06-01T12:00:00Z,comment,Ughjg3GgVUokzHgCoAEC,,FALSE
KwgvZ2iXE0o,2017-06-28T22:30:11Z,8675,287,0,60,Varanus_exanthematicus,Spain,Herptiles,uncertain,terrario,Post-Introduction,eCommerce,eCommerce,2011,2011-06-01T12:00:00Z,comment,UghQB9wQxE1zengCoAEC.8UKBtrIzXRE8UN6YCj9l6e,UghQB9wQxE1zengCoAEC,TRUE
KwgvZ2iXE0o,2017-06-27T20:54:48Z,8675,287,0,60,Varanus_exanthematicus,Spain,Herptiles,uncertain,vista,Post-Introduction,Detection,Detection,2011,2011-06-01T12:00:00Z,comment,Ughjg3GgVUokzHgCoAEC.8UJwAlqlQyU8UKMpgxgLPY,Ughjg3GgVUokzHgCoAEC,TRUE
ZHbkgTYxxI0,2022-08-26T17:18:32Z,2548,29,0,6,Varanus_exanthematicus,Spain,Herptiles,uncertain,compra,Post-Introduction,eCommerce,eCommerce,2011,2011-06-01T12:00:00Z,comment,UgwjtY2U99KFF8ki2Z14AaABAg.9EYrHXF3Xb09fCHIz4yuCs,UgwjtY2U99KFF8ki2Z14AaABAg,TRUE
ZHbkgTYxxI0,2022-08-26T17:18:32Z,2548,29,0,6,Varanus_exanthematicus,Spain,Herptiles,uncertain,caro,Post-Introduction,eCommerce,eCommerce,2011,2011-06-01T12:00:00Z,comment,UgwjtY2U99KFF8ki2Z14AaABAg.9EYrHXF3Xb09fCHIz4yuCs,UgwjtY2U99KFF8ki2Z14AaABAg,TRUE
TmXwFfweD9c,2022-06-21T14:05:38Z,28202,257,0,60,Varanus_exanthematicus,Spain,Herptiles,uncertain,venenoso,Post-Introduction,Threat,Threat,2011,2011-06-01T12:00:00Z,comment,Ugxf8R-ciozugnGbUFl4AaABAg,,FALSE
TmXwFfweD9c,2020-06-09T18:00:24Z,28202,257,0,60,Varanus_exanthematicus,Spain,Herptiles,uncertain,terrario,Post-Introduction,eCommerce,eCommerce,2011,2011-06-01T12:00:00Z,comment,UgwWZA5CnNVsKkWY_0N4AaABAg,,FALSE
TmXwFfweD9c,2020-06-09T18:00:24Z,28202,257,0,60,Varanus_exanthematicus,Spain,Herptiles,uncertain,comprar,Post-Introduction,eCommerce,eCommerce,2011,2011-06-01T12:00:00Z,comment,UgwWZA5CnNVsKkWY_0N4AaABAg,,FALSE
TmXwFfweD9c,2019-06-13T23:10:35Z,28202,257,1,60,Varanus_exanthematicus,Spain,Herptiles,uncertain,visto,Post-Introduction,Detection,Detection,2011,2011-06-01T12:00:00Z,comment,Ugwdf6D_BkgwmQmy5FF4AaABAg,,FALSE
TmXwFfweD9c,2019-04-20T03:41:22Z,28202,257,0,60,Varanus_exanthematicus,Spain,Herptiles,uncertain,precio,Post-Introduction,eCommerce,eCommerce,2011,2011-06-01T12:00:00Z,comment,UgyhlTE4q2lpFtE4_Yl4AaABAg,,FALSE
TmXwFfweD9c,2018-03-20T02:57:18Z,28202,257,0,60,Varanus_exanthematicus,Spain,Herptiles,uncertain,terrario,Post-Introduction,eCommerce,eCommerce,2011,2011-06-01T12:00:00Z,comment,UgzbuqPTRp52dfNNH714AaABAg,,FALSE
TmXwFfweD9c,2017-12-04T02:54:42Z,28202,257,0,60,Varanus_exanthematicus,Spain,Herptiles,uncertain,costo,Post-Introduction,eCommerce,eCommerce,2011,2011-06-01T12:00:00Z,comment,UgxxxrstetJsxOQg9cF4AaABAg,,FALSE
TmXwFfweD9c,2017-11-20T21:34:43Z,28202,257,2,60,Varanus_exanthematicus,Spain,Herptiles,uncertain,venenoso,Post-Introduction,Threat,Threat,2011,2011-06-01T12:00:00Z,comment,Ugw2bzXbE2vkG7rO9yd4AaABAg,,FALSE
TmXwFfweD9c,2016-07-20T11:47:57Z,28202,257,1,60,Varanus_exanthematicus,Spain,Herptiles,uncertain,tienda,Post-Introduction,eCommerce,eCommerce,2011,2011-06-01T12:00:00Z,comment,UgheK5dfl0wsIXgCoAEC,,FALSE
TmXwFfweD9c,2016-05-17T19:13:07Z,28202,257,1,60,Varanus_exanthematicus,Spain,Herptiles,uncertain,terrario,Post-Introduction,eCommerce,eCommerce,2011,2011-06-01T12:00:00Z,comment,UggGsAoHhyjp8HgCoAEC,,FALSE
TmXwFfweD9c,2016-05-17T19:13:07Z,28202,257,1,60,Varanus_exanthematicus,Spain,Herptiles,uncertain,comprar,Post-Introduction,eCommerce,eCommerce,2011,2011-06-01T12:00:00Z,comment,UggGsAoHhyjp8HgCoAEC,,FALSE
TmXwFfweD9c,2018-02-28T12:08:45Z,28202,257,0,60,Varanus_exanthematicus,Spain,Herptiles,uncertain,vender,Post-Introduction,eCommerce,eCommerce,2011,2011-06-01T12:00:00Z,comment,Ugz94zXrrDYK-bEYMBV4AaABAg.8dCZx26yR-C8dCrB905Psn,Ugz94zXrrDYK-bEYMBV4AaABAg,TRUE
TmXwFfweD9c,2017-12-03T10:34:47Z,28202,257,1,60,Varanus_exanthematicus,Spain,Herptiles,uncertain,venenoso,Post-Introduction,Threat,Threat,2011,2011-06-01T12:00:00Z,comment,Ugw2bzXbE2vkG7rO9yd4AaABAg.8_CNSny38Me8_hfGj-WsJy,Ugw2bzXbE2vkG7rO9yd4AaABAg,TRUE
TmXwFfweD9c,2017-12-03T10:34:47Z,28202,257,1,60,Varanus_exanthematicus,Spain,Herptiles,uncertain,toxica,Post-Introduction,Threat,Threat,2011,2011-06-01T12:00:00Z,comment,Ugw2bzXbE2vkG7rO9yd4AaABAg.8_CNSny38Me8_hfGj-WsJy,Ugw2bzXbE2vkG7rO9yd4AaABAg,TRUE
TmXwFfweD9c,2016-07-24T12:53:57Z,28202,257,0,60,Varanus_exanthematicus,Spain,Herptiles,uncertain,tienda,Post-Introduction,eCommerce,eCommerce,2011,2011-06-01T12:00:00Z,comment,UgheK5dfl0wsIXgCoAEC.8GYlOFVR5Ky8GiB7ClZTcQ,UgheK5dfl0wsIXgCoAEC,TRUE
TmXwFfweD9c,2016-07-24T12:53:57Z,28202,257,0,60,Varanus_exanthematicus,Spain,Herptiles,uncertain,precio,Post-Introduction,eCommerce,eCommerce,2011,2011-06-01T12:00:00Z,comment,UgheK5dfl0wsIXgCoAEC.8GYlOFVR5Ky8GiB7ClZTcQ,UgheK5dfl0wsIXgCoAEC,TRUE
TmXwFfweD9c,2016-07-24T12:59:16Z,28202,257,0,60,Varanus_exanthematicus,Spain,Herptiles,uncertain,aparece,Post-Introduction,Detection,Detection,2011,2011-06-01T12:00:00Z,comment,UgheK5dfl0wsIXgCoAEC.8GYlOFVR5Ky8GiBj6Ua0ho,UgheK5dfl0wsIXgCoAEC,TRUE
TmXwFfweD9c,2016-05-17T20:58:59Z,28202,257,0,60,Varanus_exanthematicus,Spain,Herptiles,uncertain,terrario,Post-Introduction,eCommerce,eCommerce,2011,2011-06-01T12:00:00Z,comment,UggGsAoHhyjp8HgCoAEC.8DzlSgr-v8k8Dzx_9xqrTP,UggGsAoHhyjp8HgCoAEC,TRUE
TmXwFfweD9c,2016-05-17T20:58:59Z,28202,257,0,60,Varanus_exanthematicus,Spain,Herptiles,uncertain,terrario,Post-Introduction,eCommerce,eCommerce,2011,2011-06-01T12:00:00Z,comment,UggGsAoHhyjp8HgCoAEC.8DzlSgr-v8k8Dzx_9xqrTP,UggGsAoHhyjp8HgCoAEC,TRUE
TmXwFfweD9c,2016-05-28T18:29:23Z,28202,257,0,60,Varanus_exanthematicus,Spain,Herptiles,uncertain,encontrado,Post-Introduction,Detection,Detection,2011,2011-06-01T12:00:00Z,comment,UghTdvNesKD2k3gCoAEC.8DOqiMuMt_U8ER0C40s9da,UghTdvNesKD2k3gCoAEC,TRUE
TmXwFfweD9c,2016-05-15T16:19:29Z,28202,257,0,60,Varanus_exanthematicus,Spain,Herptiles,uncertain,peligroso,Post-Introduction,Threat,Threat,2011,2011-06-01T12:00:00Z,comment,Uggn4P10lpNwungCoAEC.8CfNydbM3i38DuJ-F7hkr3,Uggn4P10lpNwungCoAEC,TRUE
TmXwFfweD9c,2016-04-13T08:53:37Z,28202,257,1,60,Varanus_exanthematicus,Spain,Herptiles,uncertain,terrarios,Post-Introduction,eCommerce,eCommerce,2011,2011-06-01T12:00:00Z,comment,UgiMgZMSibkePngCoAEC.8Cb3nrnCC-e8Cb6Xe5YCo0,UgiMgZMSibkePngCoAEC,TRUE
Gp53O84N6do,2025-08-27T13:28:12Z,1533,20,0,8,Vespa_orientalis,Spain,Insects,alien,visto,Post-Introduction,Detection,Detection,2012,2012-06-01T12:00:00Z,comment,UgyJdyshf7Wq05El7n54AaABAg,,FALSE
Gp53O84N6do,2025-07-30T12:19:36Z,1533,20,1,8,Vespa_orientalis,Spain,Insects,alien,encontrado,Post-Introduction,Detection,Detection,2012,2012-06-01T12:00:00Z,comment,Ugw2QDBZpxlySflHxTp4AaABAg,,FALSE
Gp53O84N6do,2024-10-08T11:44:09Z,1533,20,1,8,Vespa_orientalis,Spain,Insects,alien,atacado,Post-Introduction,Threat,Threat,2012,2012-06-01T12:00:00Z,comment,UgyuAPXBy0VyjcRkuAJ4AaABAg,,FALSE
Gp53O84N6do,2024-11-03T19:08:51Z,1533,20,0,8,Vespa_orientalis,Spain,Insects,alien,ataca,Post-Introduction,Threat,Threat,2012,2012-06-01T12:00:00Z,comment,Ugzx_p13YVbDwKMqWKB4AaABAg.A9eGY5ZR7XHAAOPrzdNRF7,Ugzx_p13YVbDwKMqWKB4AaABAg,TRUE
vCkChYlQ9IQ,2023-11-25T00:38:34Z,1634,160,3,19,Vespa_orientalis,Spain,Insects,alien,peligrosa,Post-Introduction,Threat,Threat,2012,2012-06-01T12:00:00Z,comment,UgwEDyQaBqoKMI2YX2V4AaABAg,,FALSE
vCkChYlQ9IQ,2023-12-22T09:45:34Z,1634,160,0,19,Vespa_orientalis,Spain,Insects,alien,aparecido,Post-Introduction,Detection,Detection,2012,2012-06-01T12:00:00Z,comment,UgyLTLCTNbHpPNzyqYV4AaABAg.9yaiGUI8IsU9yc9PtvFEqE,UgyLTLCTNbHpPNzyqYV4AaABAg,TRUE
mlfqHAiQWBA,2025-08-28T12:28:46Z,49,1,0,1,Vespa_orientalis,Spain,Insects,alien,peligro,Post-Introduction,Threat,Threat,2012,2012-06-01T12:00:00Z,comment,UgyFzbzBOUPj3sNK-h94AaABAg,,FALSE
DhFACfHaZK0,2024-11-05T00:39:10Z,173155,6896,1,53,Vespa_orientalis,Spain,Insects,alien,venenoso,Post-Introduction,Threat,Threat,2012,2012-06-01T12:00:00Z,comment,UgzHy3th97hUewgQci94AaABAg,,FALSE
DhFACfHaZK0,2024-09-24T16:04:53Z,173155,6896,0,53,Vespa_orientalis,Spain,Insects,alien,plaga,Post-Introduction,Invasion,Invasion,2012,2012-06-01T12:00:00Z,comment,UgzvRP0LbbdKYGT2R8R4AaABAg,,FALSE
DhFACfHaZK0,2025-07-26T16:33:39Z,173155,6896,0,53,Vespa_orientalis,Spain,Insects,alien,colonizacion,Post-Introduction,Invasion,Invasion,2012,2012-06-01T12:00:00Z,comment,UgxWJcFrbQy-mAZHcGh4AaABAg.AKnr3izEGLLAL2Ul5eLOW-,UgxWJcFrbQy-mAZHcGh4AaABAg,TRUE
GST70tq0Ick,2024-08-03T11:54:07Z,2938,162,0,20,Vespa_orientalis,Spain,Insects,alien,invasora,Post-Introduction,Invasion,Invasion,2012,2012-06-01T12:00:00Z,comment,UgwsFmIcDpcR5SR9uih4AaABAg,,FALSE
GST70tq0Ick,2024-08-03T11:54:07Z,2938,162,0,20,Vespa_orientalis,Spain,Insects,alien,ataca,Post-Introduction,Threat,Threat,2012,2012-06-01T12:00:00Z,comment,UgwsFmIcDpcR5SR9uih4AaABAg,,FALSE
GST70tq0Ick,2024-08-03T11:54:07Z,2938,162,0,20,Vespa_orientalis,Spain,Insects,alien,peligro,Post-Introduction,Threat,Threat,2012,2012-06-01T12:00:00Z,comment,UgwsFmIcDpcR5SR9uih4AaABAg,,FALSE
GST70tq0Ick,2024-07-31T11:56:46Z,2938,162,0,20,Vespa_orientalis,Spain,Insects,alien,plaga,Post-Introduction,Invasion,Invasion,2012,2012-06-01T12:00:00Z,comment,Ugx-iYqAoTgY_0guvhJ4AaABAg,,FALSE
GST70tq0Ick,2024-09-19T11:28:42Z,2938,162,1,20,Vespa_orientalis,Spain,Insects,alien,visto,Post-Introduction,Detection,Detection,2012,2012-06-01T12:00:00Z,comment,UgxhLfa8PZNb0Dl5duF4AaABAg.A8ZUBl_BxnEA8ZiRHu_oDI,UgxhLfa8PZNb0Dl5duF4AaABAg,TRUE
h1arvF7Mcsk,2025-08-28T12:15:42Z,1881,15,2,1,Vespa_orientalis,Spain,Insects,alien,plaga,Post-Introduction,Invasion,Invasion,2012,2012-06-01T12:00:00Z,comment,UgxrhMCAGI3nWW7JPdh4AaABAg,,FALSE
-1ge-tHp-tk,2025-08-28T09:27:29Z,1391,53,0,8,Vespa_orientalis,Spain,Insects,alien,trampas,Post-Introduction,Detection,Detection,2012,2012-06-01T12:00:00Z,comment,Ugx9k2SK4gNSb8o_hrB4AaABAg,,FALSE
-1ge-tHp-tk,2025-08-28T09:27:29Z,1391,53,0,8,Vespa_orientalis,Spain,Insects,alien,trampas,Post-Introduction,Detection,Detection,2012,2012-06-01T12:00:00Z,comment,Ugx9k2SK4gNSb8o_hrB4AaABAg,,FALSE
-1ge-tHp-tk,2025-04-17T11:50:12Z,1391,53,0,8,Vespa_orientalis,Spain,Insects,alien,invasoras,Post-Introduction,Invasion,Invasion,2012,2012-06-01T12:00:00Z,comment,Ugwfqk8OQcz4OYcA-qd4AaABAg,,FALSE
-1ge-tHp-tk,2025-04-16T18:37:24Z,1391,53,0,8,Vespa_orientalis,Spain,Insects,alien,trampas,Post-Introduction,Detection,Detection,2012,2012-06-01T12:00:00Z,comment,Ugxj6sbH0YBDDLngRHt4AaABAg,,FALSE
-1ge-tHp-tk,2025-04-16T18:37:24Z,1391,53,0,8,Vespa_orientalis,Spain,Insects,alien,trampa,Post-Introduction,Detection,Detection,2012,2012-06-01T12:00:00Z,comment,Ugxj6sbH0YBDDLngRHt4AaABAg,,FALSE
-1ge-tHp-tk,2025-08-31T05:41:29Z,1391,53,0,8,Vespa_orientalis,Spain,Insects,alien,visto,Post-Introduction,Detection,Detection,2012,2012-06-01T12:00:00Z,comment,Ugx9k2SK4gNSb8o_hrB4AaABAg.AMMhD_J_JvmAMU0jyZe4AR,Ugx9k2SK4gNSb8o_hrB4AaABAg,TRUE
-1ge-tHp-tk,2025-04-17T12:00:10Z,1391,53,0,8,Vespa_orientalis,Spain,Insects,alien,invasoras,Post-Introduction,Invasion,Invasion,2012,2012-06-01T12:00:00Z,comment,UgzRehz5fhlfCSqCGh94AaABAg.AH0Ua9CkUajAH0VyXvNHRO,UgzRehz5fhlfCSqCGh94AaABAg,TRUE
phtjLpnzgJI,2022-11-08T16:22:56Z,135978,586,0,51,Vespa_velutina,Portugal,Insects,established,extincion,Post-Introduction,Threat,Threat,2011,2011-06-01T12:00:00Z,comment,UgxWM8lb-cHUodzkoP54AaABAg,,FALSE
phtjLpnzgJI,2020-06-26T21:43:17Z,135978,586,0,51,Vespa_velutina,Portugal,Insects,established,trampas,Post-Introduction,Detection,Detection,2011,2011-06-01T12:00:00Z,comment,UgyfWjezTzN8YJQrKyl4AaABAg,,FALSE
phtjLpnzgJI,2020-05-14T15:21:49Z,135978,586,0,51,Vespa_velutina,Portugal,Insects,established,invasion,Post-Introduction,Invasion,Invasion,2011,2011-06-01T12:00:00Z,comment,UgykXngepOUk5CzgMyp4AaABAg,,FALSE
phtjLpnzgJI,2020-05-14T15:21:49Z,135978,586,0,51,Vespa_velutina,Portugal,Insects,established,invasor,Post-Introduction,Invasion,Invasion,2011,2011-06-01T12:00:00Z,comment,UgykXngepOUk5CzgMyp4AaABAg,,FALSE
phtjLpnzgJI,2020-05-14T15:21:49Z,135978,586,0,51,Vespa_velutina,Portugal,Insects,established,trampas,Post-Introduction,Detection,Detection,2011,2011-06-01T12:00:00Z,comment,UgykXngepOUk5CzgMyp4AaABAg,,FALSE
phtjLpnzgJI,2018-10-26T23:01:00Z,135978,586,0,51,Vespa_velutina,Portugal,Insects,established,veneno,Post-Introduction,Threat,Threat,2011,2011-06-01T12:00:00Z,comment,UgzGN9GO_k8G53BNBmR4AaABAg,,FALSE
phtjLpnzgJI,2018-02-25T17:06:24Z,135978,586,1,51,Vespa_velutina,Portugal,Insects,established,capturar,Post-Introduction,Detection,Detection,2011,2011-06-01T12:00:00Z,comment,UgxpyidACTPuEtGldG54AaABAg,,FALSE
phtjLpnzgJI,2018-02-25T17:06:24Z,135978,586,1,51,Vespa_velutina,Portugal,Insects,established,plaga,Post-Introduction,Invasion,Invasion,2011,2011-06-01T12:00:00Z,comment,UgxpyidACTPuEtGldG54AaABAg,,FALSE
phtjLpnzgJI,2017-09-15T04:58:01Z,135978,586,0,51,Vespa_velutina,Portugal,Insects,established,amenaza,Post-Introduction,Threat,Threat,2011,2011-06-01T12:00:00Z,comment,UgzC04znQm1XfwxQIpt4AaABAg,,FALSE
phtjLpnzgJI,2014-10-26T09:11:45Z,135978,586,3,51,Vespa_velutina,Portugal,Insects,established,amenaza,Post-Introduction,Threat,Threat,2011,2011-06-01T12:00:00Z,comment,UghpeIDZbs7TlngCoAEC,,FALSE
phtjLpnzgJI,2020-05-07T13:23:21Z,135978,586,1,51,Vespa_velutina,Portugal,Insects,established,control,Post-Introduction,Detection,Detection,2011,2011-06-01T12:00:00Z,comment,UgwJ2RrHme6wPLt7zux4AaABAg.8oC1TYFgATN98MLrck_DlS,UgwJ2RrHme6wPLt7zux4AaABAg,TRUE
phtjLpnzgJI,2017-09-13T11:51:22Z,135978,586,0,51,Vespa_velutina,Portugal,Insects,established,extendida,Post-Introduction,Invasion,Invasion,2011,2011-06-01T12:00:00Z,comment,Ugxi0qjaeJGgj8GKc_J4AaABAg.8XSE9Ln5-tp8XSEdkZ4sZK,Ugxi0qjaeJGgj8GKc_J4AaABAg,TRUE
LapvBtRExSo,2022-02-18T19:33:31Z,478605,1212,0,137,Vespa_velutina,Portugal,Insects,established,trampa,Post-Introduction,Detection,Detection,2011,2011-06-01T12:00:00Z,comment,Ugx7X4G0jScaUyBYooR4AaABAg,,FALSE
LapvBtRExSo,2021-03-29T20:49:36Z,478605,1212,0,137,Vespa_velutina,Portugal,Insects,established,trampas,Post-Introduction,Detection,Detection,2011,2011-06-01T12:00:00Z,comment,Ugzdft77SgEOUT4_j7d4AaABAg,,FALSE
LapvBtRExSo,2020-07-10T19:59:24Z,478605,1212,1,137,Vespa_velutina,Portugal,Insects,established,invasor,Post-Introduction,Invasion,Invasion,2011,2011-06-01T12:00:00Z,comment,UgwfrCHrmWVE7q2BUSx4AaABAg,,FALSE
LapvBtRExSo,2020-05-24T17:54:24Z,478605,1212,0,137,Vespa_velutina,Portugal,Insects,established,epidemia,Post-Introduction,Threat,Threat,2011,2011-06-01T12:00:00Z,comment,UgyGeFBxGoDknoHrai54AaABAg,,FALSE
LapvBtRExSo,2020-05-21T05:26:01Z,478605,1212,0,137,Vespa_velutina,Portugal,Insects,established,praga,Post-Introduction,Invasion,Invasion,2011,2011-06-01T12:00:00Z,comment,Ugwb2I-Vj_0jPbc-txh4AaABAg,,FALSE
LapvBtRExSo,2018-11-18T02:34:10Z,478605,1212,0,137,Vespa_velutina,Portugal,Insects,established,atacada,Post-Introduction,Threat,Threat,2011,2011-06-01T12:00:00Z,comment,UgyL3_V3U7vG4zIBuUJ4AaABAg,,FALSE
LapvBtRExSo,2018-09-04T15:17:01Z,478605,1212,0,137,Vespa_velutina,Portugal,Insects,established,visto,Post-Introduction,Detection,Detection,2011,2011-06-01T12:00:00Z,comment,Ugyf-DQ-45pDK-dmYGV4AaABAg,,FALSE
LapvBtRExSo,2018-07-18T11:52:45Z,478605,1212,0,137,Vespa_velutina,Portugal,Insects,established,alerta,Post-Introduction,Detection,Detection,2011,2011-06-01T12:00:00Z,comment,UgznOMcHzg3rbH-MUrp4AaABAg,,FALSE
LapvBtRExSo,2018-01-12T02:21:45Z,478605,1212,0,137,Vespa_velutina,Portugal,Insects,established,comprar,Post-Introduction,eCommerce,eCommerce,2011,2011-06-01T12:00:00Z,comment,Ugx0dKuJwZMztS7fH2R4AaABAg,,FALSE
LapvBtRExSo,2017-12-13T16:58:33Z,478605,1212,2,137,Vespa_velutina,Portugal,Insects,established,trampa,Post-Introduction,Detection,Detection,2011,2011-06-01T12:00:00Z,comment,Ugz6L7K35bhuTaCZKv54AaABAg,,FALSE
LapvBtRExSo,2017-11-20T19:00:34Z,478605,1212,1,137,Vespa_velutina,Portugal,Insects,established,compra,Post-Introduction,eCommerce,eCommerce,2011,2011-06-01T12:00:00Z,comment,UgzUXiMKoP2qKBfi55J4AaABAg,,FALSE
LapvBtRExSo,2016-09-12T13:57:52Z,478605,1212,3,137,Vespa_velutina,Portugal,Insects,established,peligro,Post-Introduction,Threat,Threat,2011,2011-06-01T12:00:00Z,comment,UghWwZ6uBGaw7XgCoAEC,,FALSE
LapvBtRExSo,2018-08-07T14:18:19Z,478605,1212,0,137,Vespa_velutina,Portugal,Insects,established,perjudicial,Post-Introduction,Threat,Threat,2011,2011-06-01T12:00:00Z,comment,UgybaTeMrW1FnD9pmvZ4AaABAg.8j7PMX2DFGF8je4C4pF98J,UgybaTeMrW1FnD9pmvZ4AaABAg,TRUE
LapvBtRExSo,2018-04-28T23:35:53Z,478605,1212,0,137,Vespa_velutina,Portugal,Insects,established,peligroso,Post-Introduction,Threat,Threat,2011,2011-06-01T12:00:00Z,comment,UghWwZ6uBGaw7XgCoAEC.8Ij2Ay8cK7T8fb-iU47ggu,UghWwZ6uBGaw7XgCoAEC,TRUE
LapvBtRExSo,2017-10-23T17:21:31Z,478605,1212,0,137,Vespa_velutina,Portugal,Insects,established,visto,Post-Introduction,Detection,Detection,2011,2011-06-01T12:00:00Z,comment,UghJu9YuNihz6XgCoAEC.8IhB8emaqqj8Z3pDtya-se,UghJu9YuNihz6XgCoAEC,TRUE
LapvBtRExSo,2018-07-23T02:24:43Z,478605,1212,0,137,Vespa_velutina,Portugal,Insects,established,peligro,Post-Introduction,Threat,Threat,2011,2011-06-01T12:00:00Z,comment,UgiWcDZuU-1nUXgCoAEC.8IeoIfjnmXF8j1AbMAxmRo,UgiWcDZuU-1nUXgCoAEC,TRUE
LapvBtRExSo,2018-07-23T02:24:43Z,478605,1212,0,137,Vespa_velutina,Portugal,Insects,established,extincion,Post-Introduction,Threat,Threat,2011,2011-06-01T12:00:00Z,comment,UgiWcDZuU-1nUXgCoAEC.8IeoIfjnmXF8j1AbMAxmRo,UgiWcDZuU-1nUXgCoAEC,TRUE
LapvBtRExSo,2016-09-10T15:44:58Z,478605,1212,6,137,Vespa_velutina,Portugal,Insects,established,ataca,Post-Introduction,Threat,Threat,2011,2011-06-01T12:00:00Z,comment,UgjZ-z2LKRRXD3gCoAEC.8Idd3H9By8c8Ie4qhckvoM,UgjZ-z2LKRRXD3gCoAEC,TRUE
LapvBtRExSo,2016-09-07T11:49:02Z,478605,1212,5,137,Vespa_velutina,Portugal,Insects,established,invasoras,Post-Introduction,Invasion,Invasion,2011,2011-06-01T12:00:00Z,comment,UgjKW-yL7ehqSngCoAEC.8Gr3UJQMY7W8IWwT3qxrEN,UgjKW-yL7ehqSngCoAEC,TRUE
LapvBtRExSo,2016-09-09T16:27:10Z,478605,1212,1,137,Vespa_velutina,Portugal,Insects,established,invasoras,Post-Introduction,Invasion,Invasion,2011,2011-06-01T12:00:00Z,comment,UgjKW-yL7ehqSngCoAEC.8Gr3UJQMY7W8Ib_sz4q8TC,UgjKW-yL7ehqSngCoAEC,TRUE
eZ-cu6nvmxw,2024-11-01T19:50:43Z,399002,2720,1,156,Vespa_velutina,Portugal,Insects,established,vistas,Post-Introduction,Detection,Detection,2011,2011-06-01T12:00:00Z,comment,UgxtlayLYrLxavhLFTB4AaABAg,,FALSE
zpJQf2nxY2E,2019-07-11T19:07:04Z,15980,65,0,13,Vespa_velutina,Portugal,Insects,established,plaga,Post-Introduction,Invasion,Invasion,2011,2011-06-01T12:00:00Z,comment,UgxOuICHD7drmEGHag94AaABAg,,FALSE
zpJQf2nxY2E,2019-07-05T05:33:44Z,15980,65,3,13,Vespa_velutina,Portugal,Insects,established,peligro,Post-Introduction,Threat,Threat,2011,2011-06-01T12:00:00Z,comment,UgwYQh33xHiTjaX5G3Z4AaABAg,,FALSE
zpJQf2nxY2E,2018-08-14T15:32:49Z,15980,65,3,13,Vespa_velutina,Portugal,Insects,established,peligro,Post-Introduction,Threat,Threat,2011,2011-06-01T12:00:00Z,comment,Ugz3EfpElfRHtfyUzkB4AaABAg,,FALSE
zpJQf2nxY2E,2018-07-23T12:49:49Z,15980,65,1,13,Vespa_velutina,Portugal,Insects,established,veneno,Post-Introduction,Threat,Threat,2011,2011-06-01T12:00:00Z,comment,UgxzznrwNB3hkFKzYhV4AaABAg,,FALSE
zpJQf2nxY2E,2018-07-23T12:49:49Z,15980,65,1,13,Vespa_velutina,Portugal,Insects,established,ataca,Post-Introduction,Threat,Threat,2011,2011-06-01T12:00:00Z,comment,UgxzznrwNB3hkFKzYhV4AaABAg,,FALSE
zpJQf2nxY2E,2018-03-20T09:52:10Z,15980,65,3,13,Vespa_velutina,Portugal,Insects,established,ameaza,Post-Introduction,Threat,Threat,2011,2011-06-01T12:00:00Z,comment,UgzOzq1ajJc4iRyPZOp4AaABAg,,FALSE
zpJQf2nxY2E,2018-01-11T21:40:33Z,15980,65,9,13,Vespa_velutina,Portugal,Insects,established,riesgo,Post-Introduction,Threat,Threat,2011,2011-06-01T12:00:00Z,comment,UgzkNO2aPJXeDh3W-9R4AaABAg,,FALSE
HcI_iJyJrF0,2021-01-19T18:54:58Z,6554,105,3,57,Vespa_velutina,Portugal,Insects,established,proliferacion,Post-Introduction,Invasion,Invasion,2011,2011-06-01T12:00:00Z,comment,UgywgmcXzetqoo5qH094AaABAg,,FALSE
x9kyUyW6wko,2021-11-02T22:28:45Z,450,17,0,3,Vespa_velutina,Portugal,Insects,established,invadir,Post-Introduction,Invasion,Invasion,2011,2011-06-01T12:00:00Z,comment,Ugz_K05eSW1fmyNRJFl4AaABAg,,FALSE
x9kyUyW6wko,2021-11-02T17:28:52Z,450,17,1,3,Vespa_velutina,Portugal,Insects,established,invasion,Post-Introduction,Invasion,Invasion,2011,2011-06-01T12:00:00Z,comment,UgwwtuO1GOuiEPlJIUt4AaABAg,,FALSE
qyDAdOaNjnc,2024-11-20T11:56:38Z,138746,1615,0,146,Vespa_velutina,Portugal,Insects,established,propagando,Post-Introduction,Invasion,Invasion,2011,2011-06-01T12:00:00Z,comment,UgwIfyMPuk_pI9xsCtt4AaABAg,,FALSE
qyDAdOaNjnc,2024-06-16T22:48:09Z,138746,1615,1,146,Vespa_velutina,Portugal,Insects,established,controlar,Post-Introduction,Detection,Detection,2011,2011-06-01T12:00:00Z,comment,UgwQ7kcF-1wwN1Ph0qJ4AaABAg,,FALSE
qyDAdOaNjnc,2024-06-16T22:48:09Z,138746,1615,1,146,Vespa_velutina,Portugal,Insects,established,plaga,Post-Introduction,Invasion,Invasion,2011,2011-06-01T12:00:00Z,comment,UgwQ7kcF-1wwN1Ph0qJ4AaABAg,,FALSE
qyDAdOaNjnc,2024-06-16T22:48:09Z,138746,1615,1,146,Vespa_velutina,Portugal,Insects,established,invasora,Post-Introduction,Invasion,Invasion,2011,2011-06-01T12:00:00Z,comment,UgwQ7kcF-1wwN1Ph0qJ4AaABAg,,FALSE
qyDAdOaNjnc,2024-06-16T22:48:09Z,138746,1615,1,146,Vespa_velutina,Portugal,Insects,established,invasora,Post-Introduction,Invasion,Invasion,2011,2011-06-01T12:00:00Z,comment,UgwQ7kcF-1wwN1Ph0qJ4AaABAg,,FALSE
qyDAdOaNjnc,2024-05-25T18:18:04Z,138746,1615,15,146,Vespa_velutina,Portugal,Insects,established,extincion,Post-Introduction,Threat,Threat,2011,2011-06-01T12:00:00Z,comment,UgzBkMDmQzYKV-FZkmF4AaABAg,,FALSE
qyDAdOaNjnc,2024-02-05T22:18:25Z,138746,1615,5,146,Vespa_velutina,Portugal,Insects,established,plagas,Post-Introduction,Invasion,Invasion,2011,2011-06-01T12:00:00Z,comment,UgyXPXiesH3U1FXWf2d4AaABAg,,FALSE
qyDAdOaNjnc,2024-01-06T05:39:50Z,138746,1615,1,146,Vespa_velutina,Portugal,Insects,established,plaga,Post-Introduction,Invasion,Invasion,2011,2011-06-01T12:00:00Z,comment,UgzaeFViIN8jgfB-IGB4AaABAg,,FALSE
qyDAdOaNjnc,2024-01-06T05:39:50Z,138746,1615,1,146,Vespa_velutina,Portugal,Insects,established,control,Post-Introduction,Detection,Detection,2011,2011-06-01T12:00:00Z,comment,UgzaeFViIN8jgfB-IGB4AaABAg,,FALSE
qyDAdOaNjnc,2024-07-03T22:43:14Z,138746,1615,3,146,Vespa_velutina,Portugal,Insects,established,invasoras,Post-Introduction,Invasion,Invasion,2011,2011-06-01T12:00:00Z,comment,Ugxgo7zk8GLGmByaP2J4AaABAg.A5KvJULQ54wA5S4cWX_SEs,Ugxgo7zk8GLGmByaP2J4AaABAg,TRUE
qyDAdOaNjnc,2024-05-21T14:17:06Z,138746,1615,0,146,Vespa_velutina,Portugal,Insects,established,atacando,Post-Introduction,Threat,Threat,2011,2011-06-01T12:00:00Z,comment,Ugw3T7ksisGwuMOLvLp4AaABAg.9wVPZrowLVJA3hSWs5HWXT,Ugw3T7ksisGwuMOLvLp4AaABAg,TRUE
qyDAdOaNjnc,2023-05-03T13:13:32Z,138746,1615,9,146,Vespa_velutina,Portugal,Insects,established,cara,Post-Introduction,eCommerce,eCommerce,2011,2011-06-01T12:00:00Z,comment,UgyC17QLHTzjpKPushB4AaABAg.9cVqwRZjOp79pF_-N3nTyC,UgyC17QLHTzjpKPushB4AaABAg,TRUE
qyDAdOaNjnc,2024-05-21T16:46:04Z,138746,1615,0,146,Vespa_velutina,Portugal,Insects,established,vista,Post-Introduction,Detection,Detection,2011,2011-06-01T12:00:00Z,comment,UgyC17QLHTzjpKPushB4AaABAg.9cVqwRZjOp7A3hiZr5LXWL,UgyC17QLHTzjpKPushB4AaABAg,TRUE
qyDAdOaNjnc,2023-12-23T18:08:36Z,138746,1615,23,146,Vespa_velutina,Portugal,Insects,established,barato,Post-Introduction,eCommerce,eCommerce,2011,2011-06-01T12:00:00Z,comment,UgxZKmBuWLmCUqi6hRZ4AaABAg.9TK63enViDI9yfcm48a1uh,UgxZKmBuWLmCUqi6hRZ4AaABAg,TRUE
UnB1AoV7K8I,2022-09-07T08:04:46Z,21849,159,3,7,Vespa_velutina,Portugal,Insects,established,veneno,Post-Introduction,Threat,Threat,2011,2011-06-01T12:00:00Z,comment,UgyUtpNb5gU6O3dGmUl4AaABAg,,FALSE
UnB1AoV7K8I,2022-04-13T16:50:07Z,21849,159,5,7,Vespa_velutina,Portugal,Insects,established,cara,Post-Introduction,eCommerce,eCommerce,2011,2011-06-01T12:00:00Z,comment,UgwefA9UUOjxkgss_h94AaABAg,,FALSE
EkmjpWMUT1o,2025-11-17T19:35:23Z,341321,3482,0,1270,Vespa_velutina,Portugal,Insects,established,invasion,Post-Introduction,Invasion,Invasion,2011,2011-06-01T12:00:00Z,comment,Ugx2dYtl0wlzjYk5veF4AaABAg,,FALSE
EkmjpWMUT1o,2024-05-21T19:23:16Z,341321,3482,0,1270,Vespa_velutina,Portugal,Insects,established,plagas,Post-Introduction,Invasion,Invasion,2011,2011-06-01T12:00:00Z,comment,Ugxjyc-h1Z8ldvklJFV4AaABAg,,FALSE
EkmjpWMUT1o,2023-10-01T22:28:36Z,341321,3482,1,1270,Vespa_velutina,Portugal,Insects,established,plaga,Post-Introduction,Invasion,Invasion,2011,2011-06-01T12:00:00Z,comment,Ugy1O-HEE3gzpEbcjaJ4AaABAg,,FALSE
EkmjpWMUT1o,2022-09-11T22:49:28Z,341321,3482,0,1270,Vespa_velutina,Portugal,Insects,established,ataca,Post-Introduction,Threat,Threat,2011,2011-06-01T12:00:00Z,comment,Ugybp1dbpZzZGMlNZC94AaABAg,,FALSE
EkmjpWMUT1o,2022-09-11T22:49:28Z,341321,3482,0,1270,Vespa_velutina,Portugal,Insects,established,danina,Post-Introduction,Threat,Threat,2011,2011-06-01T12:00:00Z,comment,Ugybp1dbpZzZGMlNZC94AaABAg,,FALSE
EkmjpWMUT1o,2022-09-11T22:49:28Z,341321,3482,0,1270,Vespa_velutina,Portugal,Insects,established,plaga,Post-Introduction,Invasion,Invasion,2011,2011-06-01T12:00:00Z,comment,Ugybp1dbpZzZGMlNZC94AaABAg,,FALSE
EkmjpWMUT1o,2021-10-23T23:20:28Z,341321,3482,0,1270,Vespa_velutina,Portugal,Insects,established,plaga,Post-Introduction,Invasion,Invasion,2011,2011-06-01T12:00:00Z,comment,UgwSxmwprMdPYA6UqHN4AaABAg,,FALSE
EkmjpWMUT1o,2020-05-14T09:54:11Z,341321,3482,0,1270,Vespa_velutina,Portugal,Insects,established,visto,Post-Introduction,Detection,Detection,2011,2011-06-01T12:00:00Z,comment,Ugz4zXpOwS5ZPExjifl4AaABAg,,FALSE
EkmjpWMUT1o,2020-05-09T02:21:03Z,341321,3482,2,1270,Vespa_velutina,Portugal,Insects,established,plagas,Post-Introduction,Invasion,Invasion,2011,2011-06-01T12:00:00Z,comment,UgwffQxSg4rF7cQa9XJ4AaABAg,,FALSE
EkmjpWMUT1o,2020-05-09T02:21:03Z,341321,3482,2,1270,Vespa_velutina,Portugal,Insects,established,aparicion,Post-Introduction,Detection,Detection,2011,2011-06-01T12:00:00Z,comment,UgwffQxSg4rF7cQa9XJ4AaABAg,,FALSE
EkmjpWMUT1o,2019-09-16T16:32:19Z,341321,3482,1,1270,Vespa_velutina,Portugal,Insects,established,visto,Post-Introduction,Detection,Detection,2011,2011-06-01T12:00:00Z,comment,Ugyvter3pBH9ni6PoEF4AaABAg,,FALSE
EkmjpWMUT1o,2019-08-07T08:17:16Z,341321,3482,1,1270,Vespa_velutina,Portugal,Insects,established,visto,Post-Introduction,Detection,Detection,2011,2011-06-01T12:00:00Z,comment,UgxcGjYh-wDVelYRBzt4AaABAg,,FALSE
EkmjpWMUT1o,2019-07-03T01:44:12Z,341321,3482,0,1270,Vespa_velutina,Portugal,Insects,established,invasoras,Post-Introduction,Invasion,Invasion,2011,2011-06-01T12:00:00Z,comment,UgyYM9QVUqJ-D6kCkB94AaABAg,,FALSE
EkmjpWMUT1o,2019-06-30T11:09:07Z,341321,3482,0,1270,Vespa_velutina,Portugal,Insects,established,invadir,Post-Introduction,Invasion,Invasion,2011,2011-06-01T12:00:00Z,comment,UgzkykqkNIA5wF3lDRl4AaABAg,,FALSE
EkmjpWMUT1o,2019-06-30T08:02:27Z,341321,3482,1,1270,Vespa_velutina,Portugal,Insects,established,controlar,Post-Introduction,Detection,Detection,2011,2011-06-01T12:00:00Z,comment,Ugxd7cGx6tnPLkXM81h4AaABAg,,FALSE
EkmjpWMUT1o,2019-06-29T21:22:24Z,341321,3482,1,1270,Vespa_velutina,Portugal,Insects,established,cara,Post-Introduction,eCommerce,eCommerce,2011,2011-06-01T12:00:00Z,comment,Ugx9mHJtw-t7Qa25_Bt4AaABAg,,FALSE
EkmjpWMUT1o,2019-06-29T21:22:24Z,341321,3482,1,1270,Vespa_velutina,Portugal,Insects,established,comprado,Post-Introduction,eCommerce,eCommerce,2011,2011-06-01T12:00:00Z,comment,Ugx9mHJtw-t7Qa25_Bt4AaABAg,,FALSE
EkmjpWMUT1o,2019-06-29T10:35:38Z,341321,3482,3,1270,Vespa_velutina,Portugal,Insects,established,comprar,Post-Introduction,eCommerce,eCommerce,2011,2011-06-01T12:00:00Z,comment,UgxDoBZerSxOC-huEZV4AaABAg,,FALSE
EkmjpWMUT1o,2019-06-29T09:51:16Z,341321,3482,0,1270,Vespa_velutina,Portugal,Insects,established,cara,Post-Introduction,eCommerce,eCommerce,2011,2011-06-01T12:00:00Z,comment,Ugze4u_1egQLjwCAClZ4AaABAg,,FALSE
EkmjpWMUT1o,2019-06-29T09:51:16Z,341321,3482,0,1270,Vespa_velutina,Portugal,Insects,established,descubierta,Post-Introduction,Detection,Detection,2011,2011-06-01T12:00:00Z,comment,Ugze4u_1egQLjwCAClZ4AaABAg,,FALSE
EkmjpWMUT1o,2019-06-29T08:57:18Z,341321,3482,1,1270,Vespa_velutina,Portugal,Insects,established,plagas,Post-Introduction,Invasion,Invasion,2011,2011-06-01T12:00:00Z,comment,UgxTlTaDSHiLazdnSKZ4AaABAg,,FALSE
EkmjpWMUT1o,2019-06-29T08:00:39Z,341321,3482,0,1270,Vespa_velutina,Portugal,Insects,established,visto,Post-Introduction,Detection,Detection,2011,2011-06-01T12:00:00Z,comment,UgybWCQCEP44wGtOiIV4AaABAg,,FALSE
EkmjpWMUT1o,2019-06-29T05:22:42Z,341321,3482,1,1270,Vespa_velutina,Portugal,Insects,established,invade,Post-Introduction,Invasion,Invasion,2011,2011-06-01T12:00:00Z,comment,UgzQut9bfr8TVa-FPPZ4AaABAg,,FALSE
EkmjpWMUT1o,2019-06-28T21:36:24Z,341321,3482,0,1270,Vespa_velutina,Portugal,Insects,established,controlado,Post-Introduction,Detection,Detection,2011,2011-06-01T12:00:00Z,comment,UgwNPcYEeN7FcgWO9Lt4AaABAg,,FALSE
EkmjpWMUT1o,2019-06-28T15:56:33Z,341321,3482,0,1270,Vespa_velutina,Portugal,Insects,established,invadir,Post-Introduction,Invasion,Invasion,2011,2011-06-01T12:00:00Z,comment,UgwKI2nBgmVNWm5fX9R4AaABAg,,FALSE
GOuQRURX8LY,2025-11-08T01:09:03Z,48077,932,0,117,Vespa_velutina,Portugal,Insects,established,veneno,Post-Introduction,Threat,Threat,2011,2011-06-01T12:00:00Z,comment,UgzC-A6IZenjdMm8DV14AaABAg,,FALSE
GOuQRURX8LY,2025-11-08T01:09:03Z,48077,932,0,117,Vespa_velutina,Portugal,Insects,established,trampa,Post-Introduction,Detection,Detection,2011,2011-06-01T12:00:00Z,comment,UgzC-A6IZenjdMm8DV14AaABAg,,FALSE
GOuQRURX8LY,2025-10-19T10:55:25Z,48077,932,2,117,Vespa_velutina,Portugal,Insects,established,veneno,Post-Introduction,Threat,Threat,2011,2011-06-01T12:00:00Z,comment,Ugxdth3qONz6LdHcRBN4AaABAg,,FALSE
GOuQRURX8LY,2025-10-15T14:06:43Z,48077,932,0,117,Vespa_velutina,Portugal,Insects,established,comprar,Post-Introduction,eCommerce,eCommerce,2011,2011-06-01T12:00:00Z,comment,UgyLr6NEKgVZxelxq-l4AaABAg,,FALSE
GOuQRURX8LY,2025-05-16T08:05:54Z,48077,932,2,117,Vespa_velutina,Portugal,Insects,established,veneno,Post-Introduction,Threat,Threat,2011,2011-06-01T12:00:00Z,comment,UgwIJRnWYJ4jVUNIlHx4AaABAg,,FALSE
GOuQRURX8LY,2025-01-30T22:13:45Z,48077,932,0,117,Vespa_velutina,Portugal,Insects,established,trampas,Post-Introduction,Detection,Detection,2011,2011-06-01T12:00:00Z,comment,UgwWhO6j30qbMtVtyxl4AaABAg,,FALSE
GOuQRURX8LY,2025-01-30T22:13:45Z,48077,932,0,117,Vespa_velutina,Portugal,Insects,established,trampa,Post-Introduction,Detection,Detection,2011,2011-06-01T12:00:00Z,comment,UgwWhO6j30qbMtVtyxl4AaABAg,,FALSE
GOuQRURX8LY,2024-09-19T13:36:42Z,48077,932,0,117,Vespa_velutina,Portugal,Insects,established,veneno,Post-Introduction,Threat,Threat,2011,2011-06-01T12:00:00Z,comment,Ugyp_Fc5vfYPFBFaOzB4AaABAg,,FALSE
GOuQRURX8LY,2024-08-26T17:23:45Z,48077,932,0,117,Vespa_velutina,Portugal,Insects,established,veneno,Post-Introduction,Threat,Threat,2011,2011-06-01T12:00:00Z,comment,UgwITzMCMpfaLOa75lx4AaABAg,,FALSE
GOuQRURX8LY,2024-08-26T04:41:34Z,48077,932,0,117,Vespa_velutina,Portugal,Insects,established,plagas,Post-Introduction,Invasion,Invasion,2011,2011-06-01T12:00:00Z,comment,UgyXJBc01jSrNOyrSlF4AaABAg,,FALSE
GOuQRURX8LY,2024-08-08T09:38:07Z,48077,932,0,117,Vespa_velutina,Portugal,Insects,established,veneno,Post-Introduction,Threat,Threat,2011,2011-06-01T12:00:00Z,comment,UgxInKU1fJ1AA7kB8654AaABAg,,FALSE
GOuQRURX8LY,2024-07-29T18:45:47Z,48077,932,1,117,Vespa_velutina,Portugal,Insects,established,visto,Post-Introduction,Detection,Detection,2011,2011-06-01T12:00:00Z,comment,UgwkE0CRtOIefjKrODh4AaABAg,,FALSE
GOuQRURX8LY,2024-07-29T18:45:47Z,48077,932,1,117,Vespa_velutina,Portugal,Insects,established,visto,Post-Introduction,Detection,Detection,2011,2011-06-01T12:00:00Z,comment,UgwkE0CRtOIefjKrODh4AaABAg,,FALSE
GOuQRURX8LY,2024-07-29T18:45:47Z,48077,932,1,117,Vespa_velutina,Portugal,Insects,established,visto,Post-Introduction,Detection,Detection,2011,2011-06-01T12:00:00Z,comment,UgwkE0CRtOIefjKrODh4AaABAg,,FALSE
GOuQRURX8LY,2024-07-21T19:44:25Z,48077,932,0,117,Vespa_velutina,Portugal,Insects,established,controlar,Post-Introduction,Detection,Detection,2011,2011-06-01T12:00:00Z,comment,UgxsMjmGL_IcdwQFjgZ4AaABAg,,FALSE
GOuQRURX8LY,2024-07-21T19:44:25Z,48077,932,0,117,Vespa_velutina,Portugal,Insects,established,controlar,Post-Introduction,Detection,Detection,2011,2011-06-01T12:00:00Z,comment,UgxsMjmGL_IcdwQFjgZ4AaABAg,,FALSE
GOuQRURX8LY,2024-07-17T20:13:07Z,48077,932,0,117,Vespa_velutina,Portugal,Insects,established,trampa,Post-Introduction,Detection,Detection,2011,2011-06-01T12:00:00Z,comment,Ugziazpe8lxDgdb-cG54AaABAg,,FALSE
GOuQRURX8LY,2024-07-13T19:21:57Z,48077,932,6,117,Vespa_velutina,Portugal,Insects,established,visto,Post-Introduction,Detection,Detection,2011,2011-06-01T12:00:00Z,comment,UgyU_LsxLNLEzRW1A-14AaABAg,,FALSE
GOuQRURX8LY,2024-07-13T19:21:57Z,48077,932,6,117,Vespa_velutina,Portugal,Insects,established,veneno,Post-Introduction,Threat,Threat,2011,2011-06-01T12:00:00Z,comment,UgyU_LsxLNLEzRW1A-14AaABAg,,FALSE
GOuQRURX8LY,2024-07-13T19:21:57Z,48077,932,6,117,Vespa_velutina,Portugal,Insects,established,veneno,Post-Introduction,Threat,Threat,2011,2011-06-01T12:00:00Z,comment,UgyU_LsxLNLEzRW1A-14AaABAg,,FALSE
GOuQRURX8LY,2024-07-13T19:21:57Z,48077,932,6,117,Vespa_velutina,Portugal,Insects,established,veneno,Post-Introduction,Threat,Threat,2011,2011-06-01T12:00:00Z,comment,UgyU_LsxLNLEzRW1A-14AaABAg,,FALSE
GOuQRURX8LY,2024-07-11T07:22:34Z,48077,932,0,117,Vespa_velutina,Portugal,Insects,established,extincion,Post-Introduction,Threat,Threat,2011,2011-06-01T12:00:00Z,comment,UgwFypaxGogonyQMR_x4AaABAg,,FALSE
GOuQRURX8LY,2024-07-06T13:17:31Z,48077,932,1,117,Vespa_velutina,Portugal,Insects,established,veneno,Post-Introduction,Threat,Threat,2011,2011-06-01T12:00:00Z,comment,UgzmuBJ_1cGvzdXePDh4AaABAg,,FALSE
GOuQRURX8LY,2024-06-30T20:57:29Z,48077,932,0,117,Vespa_velutina,Portugal,Insects,established,peligroso,Post-Introduction,Threat,Threat,2011,2011-06-01T12:00:00Z,comment,UgwL5h58Vfb-IHUf5WV4AaABAg,,FALSE
GOuQRURX8LY,2024-06-30T20:57:29Z,48077,932,0,117,Vespa_velutina,Portugal,Insects,established,control,Post-Introduction,Detection,Detection,2011,2011-06-01T12:00:00Z,comment,UgwL5h58Vfb-IHUf5WV4AaABAg,,FALSE
GOuQRURX8LY,2024-03-31T00:35:23Z,48077,932,0,117,Vespa_velutina,Portugal,Insects,established,veneno,Post-Introduction,Threat,Threat,2011,2011-06-01T12:00:00Z,comment,UgzAQrNGs-6vDE9yG6l4AaABAg,,FALSE
GOuQRURX8LY,2024-02-18T11:12:53Z,48077,932,1,117,Vespa_velutina,Portugal,Insects,established,perjudicial,Post-Introduction,Threat,Threat,2011,2011-06-01T12:00:00Z,comment,UgyUC0mK0jEjvWe7_ah4AaABAg,,FALSE
GOuQRURX8LY,2024-02-15T10:59:25Z,48077,932,7,117,Vespa_velutina,Portugal,Insects,established,veneno,Post-Introduction,Threat,Threat,2011,2011-06-01T12:00:00Z,comment,UgwK49oFx5oGFKrIzAF4AaABAg,,FALSE
GOuQRURX8LY,2024-01-03T20:20:05Z,48077,932,0,117,Vespa_velutina,Portugal,Insects,established,veneno,Post-Introduction,Threat,Threat,2011,2011-06-01T12:00:00Z,comment,Ugz4qRohZvx8wR2yy4l4AaABAg,,FALSE
GOuQRURX8LY,2023-12-07T20:30:25Z,48077,932,0,117,Vespa_velutina,Portugal,Insects,established,comprar,Post-Introduction,eCommerce,eCommerce,2011,2011-06-01T12:00:00Z,comment,UgwRoRqV4_7L5XhEJlt4AaABAg,,FALSE
GOuQRURX8LY,2023-11-24T18:48:49Z,48077,932,0,117,Vespa_velutina,Portugal,Insects,established,trampa,Post-Introduction,Detection,Detection,2011,2011-06-01T12:00:00Z,comment,Ugz7qc2U2p5_nTVaJu94AaABAg,,FALSE
GOuQRURX8LY,2023-11-24T18:28:20Z,48077,932,0,117,Vespa_velutina,Portugal,Insects,established,veneno,Post-Introduction,Threat,Threat,2011,2011-06-01T12:00:00Z,comment,Ugy6KJUTOd6dQZA5wAl4AaABAg,,FALSE
GOuQRURX8LY,2023-11-24T12:29:07Z,48077,932,0,117,Vespa_velutina,Portugal,Insects,established,comprar,Post-Introduction,eCommerce,eCommerce,2011,2011-06-01T12:00:00Z,comment,Ugxjg0RfndHlXFBtm6Z4AaABAg,,FALSE
GOuQRURX8LY,2023-11-23T19:10:51Z,48077,932,0,117,Vespa_velutina,Portugal,Insects,established,veneno,Post-Introduction,Threat,Threat,2011,2011-06-01T12:00:00Z,comment,Ugzwp8A1Mzen9-ec3j14AaABAg,,FALSE
GOuQRURX8LY,2023-11-23T17:51:26Z,48077,932,0,117,Vespa_velutina,Portugal,Insects,established,veneno,Post-Introduction,Threat,Threat,2011,2011-06-01T12:00:00Z,comment,UgwMz1IwuQ3iiJiVoqN4AaABAg,,FALSE
GOuQRURX8LY,2023-11-23T17:51:26Z,48077,932,0,117,Vespa_velutina,Portugal,Insects,established,jaula,Post-Introduction,eCommerce,eCommerce,2011,2011-06-01T12:00:00Z,comment,UgwMz1IwuQ3iiJiVoqN4AaABAg,,FALSE
GOuQRURX8LY,2023-11-22T21:54:23Z,48077,932,0,117,Vespa_velutina,Portugal,Insects,established,caro,Post-Introduction,eCommerce,eCommerce,2011,2011-06-01T12:00:00Z,comment,Ugy4D9wrMQ80oYfiNUV4AaABAg,,FALSE
GOuQRURX8LY,2023-11-22T18:13:43Z,48077,932,2,117,Vespa_velutina,Portugal,Insects,established,trampa,Post-Introduction,Detection,Detection,2011,2011-06-01T12:00:00Z,comment,Ugw6Z5MNI4dH2N-nCCt4AaABAg,,FALSE
GOuQRURX8LY,2023-11-22T17:29:06Z,48077,932,0,117,Vespa_velutina,Portugal,Insects,established,peligro,Post-Introduction,Threat,Threat,2011,2011-06-01T12:00:00Z,comment,Ugw_eRZ-jDQzrB0UPbJ4AaABAg,,FALSE
GOuQRURX8LY,2023-11-22T17:29:06Z,48077,932,0,117,Vespa_velutina,Portugal,Insects,established,veneno,Post-Introduction,Threat,Threat,2011,2011-06-01T12:00:00Z,comment,Ugw_eRZ-jDQzrB0UPbJ4AaABAg,,FALSE
GOuQRURX8LY,2023-11-22T16:58:54Z,48077,932,0,117,Vespa_velutina,Portugal,Insects,established,veneno,Post-Introduction,Threat,Threat,2011,2011-06-01T12:00:00Z,comment,UgzpcKFq_AV3bD8uhtN4AaABAg,,FALSE
GOuQRURX8LY,2023-11-22T16:58:54Z,48077,932,0,117,Vespa_velutina,Portugal,Insects,established,veneno,Post-Introduction,Threat,Threat,2011,2011-06-01T12:00:00Z,comment,UgzpcKFq_AV3bD8uhtN4AaABAg,,FALSE
GOuQRURX8LY,2023-11-22T11:50:19Z,48077,932,0,117,Vespa_velutina,Portugal,Insects,established,veneno,Post-Introduction,Threat,Threat,2011,2011-06-01T12:00:00Z,comment,UgxaytF0Q8y-jpqbjMd4AaABAg,,FALSE
GOuQRURX8LY,2023-11-22T09:50:33Z,48077,932,1,117,Vespa_velutina,Portugal,Insects,established,controlar,Post-Introduction,Detection,Detection,2011,2011-06-01T12:00:00Z,comment,UgyW-dYUpdADdfNCTuR4AaABAg,,FALSE
GOuQRURX8LY,2023-11-22T09:50:33Z,48077,932,1,117,Vespa_velutina,Portugal,Insects,established,riesgo,Post-Introduction,Threat,Threat,2011,2011-06-01T12:00:00Z,comment,UgyW-dYUpdADdfNCTuR4AaABAg,,FALSE
GOuQRURX8LY,2023-11-22T09:50:33Z,48077,932,1,117,Vespa_velutina,Portugal,Insects,established,letal,Post-Introduction,Threat,Threat,2011,2011-06-01T12:00:00Z,comment,UgyW-dYUpdADdfNCTuR4AaABAg,,FALSE
GOuQRURX8LY,2023-11-21T22:45:14Z,48077,932,3,117,Vespa_velutina,Portugal,Insects,established,euros,Post-Introduction,eCommerce,eCommerce,2011,2011-06-01T12:00:00Z,comment,UgyxPM6enH7r3kAM3wt4AaABAg,,FALSE
GOuQRURX8LY,2023-11-21T21:36:40Z,48077,932,0,117,Vespa_velutina,Portugal,Insects,established,veneno,Post-Introduction,Threat,Threat,2011,2011-06-01T12:00:00Z,comment,UgwDcDyoXtpSbXxHmJt4AaABAg,,FALSE
GOuQRURX8LY,2023-11-21T21:29:20Z,48077,932,0,117,Vespa_velutina,Portugal,Insects,established,veneno,Post-Introduction,Threat,Threat,2011,2011-06-01T12:00:00Z,comment,UgyOEyjx8El5iAnldL54AaABAg,,FALSE
GOuQRURX8LY,2023-11-21T20:27:29Z,48077,932,0,117,Vespa_velutina,Portugal,Insects,established,veneno,Post-Introduction,Threat,Threat,2011,2011-06-01T12:00:00Z,comment,Ugz3zgcPaCnKN64DoDd4AaABAg,,FALSE
GOuQRURX8LY,2023-11-21T20:10:24Z,48077,932,0,117,Vespa_velutina,Portugal,Insects,established,veneno,Post-Introduction,Threat,Threat,2011,2011-06-01T12:00:00Z,comment,UgyyJv0Hbak4w5eFa7F4AaABAg,,FALSE
GOuQRURX8LY,2024-09-22T14:07:18Z,48077,932,0,117,Vespa_velutina,Portugal,Insects,established,peligroso,Post-Introduction,Threat,Threat,2011,2011-06-01T12:00:00Z,comment,Ugyp_Fc5vfYPFBFaOzB4AaABAg.A8Zx4sM_uSMA8giy_VyIvR,Ugyp_Fc5vfYPFBFaOzB4AaABAg,TRUE
GOuQRURX8LY,2024-03-07T15:19:02Z,48077,932,0,117,Vespa_velutina,Portugal,Insects,established,trampas,Post-Introduction,Detection,Detection,2011,2011-06-01T12:00:00Z,comment,UgxqtoFmMqBi-yfXH9d4AaABAg.A0fhEkKmm5SA0gRzrNvUdj,UgxqtoFmMqBi-yfXH9d4AaABAg,TRUE
GOuQRURX8LY,2024-02-19T12:49:22Z,48077,932,0,117,Vespa_velutina,Portugal,Insects,established,peligroso,Post-Introduction,Threat,Threat,2011,2011-06-01T12:00:00Z,comment,UgyUC0mK0jEjvWe7_ah4AaABAg.A-xeWG0o305A0-PLkFVp-V,UgyUC0mK0jEjvWe7_ah4AaABAg,TRUE
GOuQRURX8LY,2024-02-19T12:49:22Z,48077,932,0,117,Vespa_velutina,Portugal,Insects,established,veneno,Post-Introduction,Threat,Threat,2011,2011-06-01T12:00:00Z,comment,UgyUC0mK0jEjvWe7_ah4AaABAg.A-xeWG0o305A0-PLkFVp-V,UgyUC0mK0jEjvWe7_ah4AaABAg,TRUE
GOuQRURX8LY,2024-01-03T20:48:37Z,48077,932,0,117,Vespa_velutina,Portugal,Insects,established,veneno,Post-Introduction,Threat,Threat,2011,2011-06-01T12:00:00Z,comment,Ugz4qRohZvx8wR2yy4l4AaABAg.9z7BZig5Br99z7Epjye5j3,Ugz4qRohZvx8wR2yy4l4AaABAg,TRUE
GOuQRURX8LY,2023-11-22T12:38:30Z,48077,932,0,117,Vespa_velutina,Portugal,Insects,established,visto,Post-Introduction,Detection,Detection,2011,2011-06-01T12:00:00Z,comment,UgxaytF0Q8y-jpqbjMd4AaABAg.9xQ7qPSndCU9xQDMIw3O_9,UgxaytF0Q8y-jpqbjMd4AaABAg,TRUE
GOuQRURX8LY,2023-11-22T14:49:14Z,48077,932,0,117,Vespa_velutina,Portugal,Insects,established,precio,Post-Introduction,eCommerce,eCommerce,2011,2011-06-01T12:00:00Z,comment,UgyxPM6enH7r3kAM3wt4AaABAg.9xOj-Ef_blt9xQSJlx07ZU,UgyxPM6enH7r3kAM3wt4AaABAg,TRUE
GOuQRURX8LY,2023-11-22T14:49:14Z,48077,932,0,117,Vespa_velutina,Portugal,Insects,established,dinero,Post-Introduction,eCommerce,eCommerce,2011,2011-06-01T12:00:00Z,comment,UgyxPM6enH7r3kAM3wt4AaABAg.9xOj-Ef_blt9xQSJlx07ZU,UgyxPM6enH7r3kAM3wt4AaABAg,TRUE
GOuQRURX8LY,2023-11-21T22:00:26Z,48077,932,0,117,Vespa_velutina,Portugal,Insects,established,trampa,Post-Introduction,Detection,Detection,2011,2011-06-01T12:00:00Z,comment,Ugwn7I1eMX2aGFlM_xR4AaABAg.9xOUkaUrkh99xOdsBtHdW2,Ugwn7I1eMX2aGFlM_xR4AaABAg,TRUE
qv86iKkdjAo,2025-11-11T12:51:37Z,49197,2484,1,250,Vespa_velutina,Portugal,Insects,established,trampas,Post-Introduction,Detection,Detection,2011,2011-06-01T12:00:00Z,comment,Ugw9Y1VPEkkIFvElnkB4AaABAg,,FALSE
qv86iKkdjAo,2025-11-11T12:51:37Z,49197,2484,1,250,Vespa_velutina,Portugal,Insects,established,captura,Post-Introduction,Detection,Detection,2011,2011-06-01T12:00:00Z,comment,Ugw9Y1VPEkkIFvElnkB4AaABAg,,FALSE
qv86iKkdjAo,2025-07-13T14:46:45Z,49197,2484,0,250,Vespa_velutina,Portugal,Insects,established,trampas,Post-Introduction,Detection,Detection,2011,2011-06-01T12:00:00Z,comment,UgzJoWCU79RuhQDOREV4AaABAg,,FALSE
qv86iKkdjAo,2025-07-13T14:46:45Z,49197,2484,0,250,Vespa_velutina,Portugal,Insects,established,trampa,Post-Introduction,Detection,Detection,2011,2011-06-01T12:00:00Z,comment,UgzJoWCU79RuhQDOREV4AaABAg,,FALSE
qv86iKkdjAo,2025-06-06T18:03:36Z,49197,2484,0,250,Vespa_velutina,Portugal,Insects,established,trampa,Post-Introduction,Detection,Detection,2011,2011-06-01T12:00:00Z,comment,Ugz9SK6zUgyjRvb-OiJ4AaABAg,,FALSE
qv86iKkdjAo,2025-06-06T18:03:36Z,49197,2484,0,250,Vespa_velutina,Portugal,Insects,established,plagas,Post-Introduction,Invasion,Invasion,2011,2011-06-01T12:00:00Z,comment,Ugz9SK6zUgyjRvb-OiJ4AaABAg,,FALSE
qv86iKkdjAo,2025-06-03T05:47:30Z,49197,2484,0,250,Vespa_velutina,Portugal,Insects,established,control,Post-Introduction,Detection,Detection,2011,2011-06-01T12:00:00Z,comment,UgwkzTmtAww1nOUa8lZ4AaABAg,,FALSE
qv86iKkdjAo,2025-06-03T05:47:30Z,49197,2484,0,250,Vespa_velutina,Portugal,Insects,established,invasoras,Post-Introduction,Invasion,Invasion,2011,2011-06-01T12:00:00Z,comment,UgwkzTmtAww1nOUa8lZ4AaABAg,,FALSE
qv86iKkdjAo,2025-06-01T18:25:50Z,49197,2484,0,250,Vespa_velutina,Portugal,Insects,established,invasoras,Post-Introduction,Invasion,Invasion,2011,2011-06-01T12:00:00Z,comment,UgybX1E2Uu3IKGvNykB4AaABAg,,FALSE
qv86iKkdjAo,2025-06-01T16:46:19Z,49197,2484,0,250,Vespa_velutina,Portugal,Insects,established,amenaza,Post-Introduction,Threat,Threat,2011,2011-06-01T12:00:00Z,comment,UgzmWcG0zMiWh-KndzZ4AaABAg,,FALSE
qv86iKkdjAo,2025-06-01T16:46:19Z,49197,2484,0,250,Vespa_velutina,Portugal,Insects,established,plaga,Post-Introduction,Invasion,Invasion,2011,2011-06-01T12:00:00Z,comment,UgzmWcG0zMiWh-KndzZ4AaABAg,,FALSE
qv86iKkdjAo,2025-06-01T13:02:15Z,49197,2484,0,250,Vespa_velutina,Portugal,Insects,established,visto,Post-Introduction,Detection,Detection,2011,2011-06-01T12:00:00Z,comment,UgxedytxpMfJX9y1bih4AaABAg,,FALSE
qv86iKkdjAo,2025-06-01T13:02:15Z,49197,2484,0,250,Vespa_velutina,Portugal,Insects,established,invasora,Post-Introduction,Invasion,Invasion,2011,2011-06-01T12:00:00Z,comment,UgxedytxpMfJX9y1bih4AaABAg,,FALSE
qv86iKkdjAo,2025-05-31T19:26:33Z,49197,2484,0,250,Vespa_velutina,Portugal,Insects,established,trampa,Post-Introduction,Detection,Detection,2011,2011-06-01T12:00:00Z,comment,UgxogAkjaoDHKuR_q-J4AaABAg,,FALSE
qv86iKkdjAo,2025-05-31T19:26:33Z,49197,2484,0,250,Vespa_velutina,Portugal,Insects,established,trampa,Post-Introduction,Detection,Detection,2011,2011-06-01T12:00:00Z,comment,UgxogAkjaoDHKuR_q-J4AaABAg,,FALSE
qv86iKkdjAo,2025-05-31T19:26:33Z,49197,2484,0,250,Vespa_velutina,Portugal,Insects,established,trampa,Post-Introduction,Detection,Detection,2011,2011-06-01T12:00:00Z,comment,UgxogAkjaoDHKuR_q-J4AaABAg,,FALSE
qv86iKkdjAo,2025-05-30T15:01:38Z,49197,2484,0,250,Vespa_velutina,Portugal,Insects,established,trampa,Post-Introduction,Detection,Detection,2011,2011-06-01T12:00:00Z,comment,UgxJRtZm-nNUvxyYh1t4AaABAg,,FALSE
qv86iKkdjAo,2025-05-30T12:11:33Z,49197,2484,0,250,Vespa_velutina,Portugal,Insects,established,trampas,Post-Introduction,Detection,Detection,2011,2011-06-01T12:00:00Z,comment,UgxBBFKamB09SQb1HE94AaABAg,,FALSE
qv86iKkdjAo,2025-05-30T08:34:45Z,49197,2484,0,250,Vespa_velutina,Portugal,Insects,established,visto,Post-Introduction,Detection,Detection,2011,2011-06-01T12:00:00Z,comment,Ugzk7nZKU-vV0vZcCvJ4AaABAg,,FALSE
qv86iKkdjAo,2025-05-30T07:04:00Z,49197,2484,0,250,Vespa_velutina,Portugal,Insects,established,trampa,Post-Introduction,Detection,Detection,2011,2011-06-01T12:00:00Z,comment,UgzpMoSahNcKOosXsGt4AaABAg,,FALSE
qv86iKkdjAo,2025-05-30T05:20:52Z,49197,2484,0,250,Vespa_velutina,Portugal,Insects,established,trampas,Post-Introduction,Detection,Detection,2011,2011-06-01T12:00:00Z,comment,UgwLU3xKhda_OTHDugl4AaABAg,,FALSE
qv86iKkdjAo,2025-05-30T05:20:52Z,49197,2484,0,250,Vespa_velutina,Portugal,Insects,established,visto,Post-Introduction,Detection,Detection,2011,2011-06-01T12:00:00Z,comment,UgwLU3xKhda_OTHDugl4AaABAg,,FALSE
qv86iKkdjAo,2025-05-30T05:20:52Z,49197,2484,0,250,Vespa_velutina,Portugal,Insects,established,trampa,Post-Introduction,Detection,Detection,2011,2011-06-01T12:00:00Z,comment,UgwLU3xKhda_OTHDugl4AaABAg,,FALSE
qv86iKkdjAo,2025-05-29T23:02:01Z,49197,2484,0,250,Vespa_velutina,Portugal,Insects,established,plagas,Post-Introduction,Invasion,Invasion,2011,2011-06-01T12:00:00Z,comment,Ugz8gxLv3kG3aSJr0qZ4AaABAg,,FALSE
qv86iKkdjAo,2025-05-29T23:02:01Z,49197,2484,0,250,Vespa_velutina,Portugal,Insects,established,trampa,Post-Introduction,Detection,Detection,2011,2011-06-01T12:00:00Z,comment,Ugz8gxLv3kG3aSJr0qZ4AaABAg,,FALSE
qv86iKkdjAo,2025-05-29T23:02:01Z,49197,2484,0,250,Vespa_velutina,Portugal,Insects,established,peligro,Post-Introduction,Threat,Threat,2011,2011-06-01T12:00:00Z,comment,Ugz8gxLv3kG3aSJr0qZ4AaABAg,,FALSE
qv86iKkdjAo,2025-05-29T21:14:44Z,49197,2484,0,250,Vespa_velutina,Portugal,Insects,established,trampa,Post-Introduction,Detection,Detection,2011,2011-06-01T12:00:00Z,comment,Ugz4mDAGv5dn3xTocPZ4AaABAg,,FALSE
qv86iKkdjAo,2025-05-29T20:46:53Z,49197,2484,0,250,Vespa_velutina,Portugal,Insects,established,trampa,Post-Introduction,Detection,Detection,2011,2011-06-01T12:00:00Z,comment,Ugz6d8ELgV-feZA3bdR4AaABAg,,FALSE
qv86iKkdjAo,2025-05-29T19:28:33Z,49197,2484,0,250,Vespa_velutina,Portugal,Insects,established,trampas,Post-Introduction,Detection,Detection,2011,2011-06-01T12:00:00Z,comment,UgxF1bROMBGX5RPl0bN4AaABAg,,FALSE
qv86iKkdjAo,2025-05-29T19:28:33Z,49197,2484,0,250,Vespa_velutina,Portugal,Insects,established,trampa,Post-Introduction,Detection,Detection,2011,2011-06-01T12:00:00Z,comment,UgxF1bROMBGX5RPl0bN4AaABAg,,FALSE
qv86iKkdjAo,2025-05-29T19:19:23Z,49197,2484,2,250,Vespa_velutina,Portugal,Insects,established,riesgo,Post-Introduction,Threat,Threat,2011,2011-06-01T12:00:00Z,comment,UgxpxZwjIWYxx5kXRfV4AaABAg,,FALSE
qv86iKkdjAo,2025-05-29T19:10:16Z,49197,2484,0,250,Vespa_velutina,Portugal,Insects,established,control,Post-Introduction,Detection,Detection,2011,2011-06-01T12:00:00Z,comment,UgwgeaSEW8EOOKCR3rx4AaABAg,,FALSE
qv86iKkdjAo,2025-05-29T19:10:16Z,49197,2484,0,250,Vespa_velutina,Portugal,Insects,established,plagas,Post-Introduction,Invasion,Invasion,2011,2011-06-01T12:00:00Z,comment,UgwgeaSEW8EOOKCR3rx4AaABAg,,FALSE
qv86iKkdjAo,2025-05-29T19:10:16Z,49197,2484,0,250,Vespa_velutina,Portugal,Insects,established,trampas,Post-Introduction,Detection,Detection,2011,2011-06-01T12:00:00Z,comment,UgwgeaSEW8EOOKCR3rx4AaABAg,,FALSE
qv86iKkdjAo,2025-05-29T19:10:16Z,49197,2484,0,250,Vespa_velutina,Portugal,Insects,established,control,Post-Introduction,Detection,Detection,2011,2011-06-01T12:00:00Z,comment,UgwgeaSEW8EOOKCR3rx4AaABAg,,FALSE
qv86iKkdjAo,2025-05-29T18:40:05Z,49197,2484,5,250,Vespa_velutina,Portugal,Insects,established,peligro,Post-Introduction,Threat,Threat,2011,2011-06-01T12:00:00Z,comment,UgzakLv34d-rLIV5sq14AaABAg,,FALSE
qv86iKkdjAo,2025-05-29T18:40:05Z,49197,2484,5,250,Vespa_velutina,Portugal,Insects,established,peligro,Post-Introduction,Threat,Threat,2011,2011-06-01T12:00:00Z,comment,UgzakLv34d-rLIV5sq14AaABAg,,FALSE
qv86iKkdjAo,2025-05-29T16:16:52Z,49197,2484,0,250,Vespa_velutina,Portugal,Insects,established,trampa,Post-Introduction,Detection,Detection,2011,2011-06-01T12:00:00Z,comment,UgwCUa6foYdS0zxirs54AaABAg,,FALSE
qv86iKkdjAo,2025-06-07T17:01:25Z,49197,2484,1,250,Vespa_velutina,Portugal,Insects,established,trampa,Post-Introduction,Detection,Detection,2011,2011-06-01T12:00:00Z,comment,Ugx1N9cEYFW3sOgGRfl4AaABAg.AJ4FZvxIUP4AJ4MzZYbaIq,Ugx1N9cEYFW3sOgGRfl4AaABAg,TRUE
qv86iKkdjAo,2025-05-30T03:52:22Z,49197,2484,2,250,Vespa_velutina,Portugal,Insects,established,plagas,Post-Introduction,Invasion,Invasion,2011,2011-06-01T12:00:00Z,comment,UgzakLv34d-rLIV5sq14AaABAg.AIiN7QV6A7BAIjMKMgCaXU,UgzakLv34d-rLIV5sq14AaABAg,TRUE
qv86iKkdjAo,2025-05-31T13:28:34Z,49197,2484,0,250,Vespa_velutina,Portugal,Insects,established,plaga,Post-Introduction,Invasion,Invasion,2011,2011-06-01T12:00:00Z,comment,UgzakLv34d-rLIV5sq14AaABAg.AIiN7QV6A7BAImy3TPzqC_,UgzakLv34d-rLIV5sq14AaABAg,TRUE
qv86iKkdjAo,2025-05-31T13:28:34Z,49197,2484,0,250,Vespa_velutina,Portugal,Insects,established,peligrosa,Post-Introduction,Threat,Threat,2011,2011-06-01T12:00:00Z,comment,UgzakLv34d-rLIV5sq14AaABAg.AIiN7QV6A7BAImy3TPzqC_,UgzakLv34d-rLIV5sq14AaABAg,TRUE
qv86iKkdjAo,2025-05-31T13:28:34Z,49197,2484,0,250,Vespa_velutina,Portugal,Insects,established,peligro,Post-Introduction,Threat,Threat,2011,2011-06-01T12:00:00Z,comment,UgzakLv34d-rLIV5sq14AaABAg.AIiN7QV6A7BAImy3TPzqC_,UgzakLv34d-rLIV5sq14AaABAg,TRUE
qv86iKkdjAo,2025-05-29T15:08:43Z,49197,2484,1,250,Vespa_velutina,Portugal,Insects,established,trampa,Post-Introduction,Detection,Detection,2011,2011-06-01T12:00:00Z,comment,UgwSVb6Imfnil6r0sOZ4AaABAg,,FALSE
qv86iKkdjAo,2025-05-29T15:08:43Z,49197,2484,1,250,Vespa_velutina,Portugal,Insects,established,trampas,Post-Introduction,Detection,Detection,2011,2011-06-01T12:00:00Z,comment,UgwSVb6Imfnil6r0sOZ4AaABAg,,FALSE
qv86iKkdjAo,2025-05-29T14:49:21Z,49197,2484,0,250,Vespa_velutina,Portugal,Insects,established,peligrosa,Post-Introduction,Threat,Threat,2011,2011-06-01T12:00:00Z,comment,UgxsIRTHJHEf2kkHZrl4AaABAg,,FALSE
qv86iKkdjAo,2025-05-29T13:49:42Z,49197,2484,0,250,Vespa_velutina,Portugal,Insects,established,trampas,Post-Introduction,Detection,Detection,2011,2011-06-01T12:00:00Z,comment,UgwrQRzQVGkCVarqslF4AaABAg,,FALSE
qv86iKkdjAo,2025-05-29T13:49:31Z,49197,2484,0,250,Vespa_velutina,Portugal,Insects,established,visto,Post-Introduction,Detection,Detection,2011,2011-06-01T12:00:00Z,comment,Ugz7DDe0M-2m9EZrIA14AaABAg,,FALSE
qv86iKkdjAo,2025-05-29T13:27:33Z,49197,2484,0,250,Vespa_velutina,Portugal,Insects,established,trampas,Post-Introduction,Detection,Detection,2011,2011-06-01T12:00:00Z,comment,UgyKq4eBxJjOxwCdUvB4AaABAg,,FALSE
qv86iKkdjAo,2025-05-29T13:24:07Z,49197,2484,0,250,Vespa_velutina,Portugal,Insects,established,trampa,Post-Introduction,Detection,Detection,2011,2011-06-01T12:00:00Z,comment,UgyECQ7oG6yg9e97CV54AaABAg,,FALSE
qv86iKkdjAo,2025-05-29T13:09:57Z,49197,2484,0,250,Vespa_velutina,Portugal,Insects,established,trampas,Post-Introduction,Detection,Detection,2011,2011-06-01T12:00:00Z,comment,UgzRMH4t74g9UZbLzYl4AaABAg,,FALSE
qv86iKkdjAo,2025-05-29T12:23:26Z,49197,2484,0,250,Vespa_velutina,Portugal,Insects,established,trampa,Post-Introduction,Detection,Detection,2011,2011-06-01T12:00:00Z,comment,Ugzj2EpNL3NA0DTVVoV4AaABAg,,FALSE
qv86iKkdjAo,2025-05-29T12:23:26Z,49197,2484,0,250,Vespa_velutina,Portugal,Insects,established,vista,Post-Introduction,Detection,Detection,2011,2011-06-01T12:00:00Z,comment,Ugzj2EpNL3NA0DTVVoV4AaABAg,,FALSE
qv86iKkdjAo,2025-05-29T12:23:26Z,49197,2484,0,250,Vespa_velutina,Portugal,Insects,established,trampas,Post-Introduction,Detection,Detection,2011,2011-06-01T12:00:00Z,comment,Ugzj2EpNL3NA0DTVVoV4AaABAg,,FALSE
qv86iKkdjAo,2025-05-29T11:53:59Z,49197,2484,0,250,Vespa_velutina,Portugal,Insects,established,trampas,Post-Introduction,Detection,Detection,2011,2011-06-01T12:00:00Z,comment,Ugy04XbhWtOoZwaP4XJ4AaABAg,,FALSE
qv86iKkdjAo,2025-05-29T11:46:31Z,49197,2484,0,250,Vespa_velutina,Portugal,Insects,established,trampa,Post-Introduction,Detection,Detection,2011,2011-06-01T12:00:00Z,comment,Ugx1k8ixRfRdCaWRumZ4AaABAg,,FALSE
qv86iKkdjAo,2025-05-29T11:35:33Z,49197,2484,0,250,Vespa_velutina,Portugal,Insects,established,trampas,Post-Introduction,Detection,Detection,2011,2011-06-01T12:00:00Z,comment,UgzX9Qh2sHydEx2kPxZ4AaABAg,,FALSE
qv86iKkdjAo,2025-05-29T11:10:17Z,49197,2484,0,250,Vespa_velutina,Portugal,Insects,established,trampa,Post-Introduction,Detection,Detection,2011,2011-06-01T12:00:00Z,comment,Ugx3bD5mkMjRWJTUDQ14AaABAg,,FALSE
qv86iKkdjAo,2025-05-29T11:10:17Z,49197,2484,0,250,Vespa_velutina,Portugal,Insects,established,trampas,Post-Introduction,Detection,Detection,2011,2011-06-01T12:00:00Z,comment,Ugx3bD5mkMjRWJTUDQ14AaABAg,,FALSE
qv86iKkdjAo,2025-05-29T11:10:17Z,49197,2484,0,250,Vespa_velutina,Portugal,Insects,established,trampa,Post-Introduction,Detection,Detection,2011,2011-06-01T12:00:00Z,comment,Ugx3bD5mkMjRWJTUDQ14AaABAg,,FALSE
qv86iKkdjAo,2025-05-29T11:01:28Z,49197,2484,9,250,Vespa_velutina,Portugal,Insects,established,trampa,Post-Introduction,Detection,Detection,2011,2011-06-01T12:00:00Z,comment,Ugx1rguC_MAS0pzAi554AaABAg,,FALSE
qv86iKkdjAo,2025-05-29T11:01:28Z,49197,2484,9,250,Vespa_velutina,Portugal,Insects,established,trampa,Post-Introduction,Detection,Detection,2011,2011-06-01T12:00:00Z,comment,Ugx1rguC_MAS0pzAi554AaABAg,,FALSE
qv86iKkdjAo,2025-05-29T10:54:03Z,49197,2484,0,250,Vespa_velutina,Portugal,Insects,established,invasoras,Post-Introduction,Invasion,Invasion,2011,2011-06-01T12:00:00Z,comment,UgwDOqrDPblkdO-rpwZ4AaABAg,,FALSE
qv86iKkdjAo,2025-05-29T10:53:17Z,49197,2484,12,250,Vespa_velutina,Portugal,Insects,established,trampa,Post-Introduction,Detection,Detection,2011,2011-06-01T12:00:00Z,comment,UgxsoVlwz-MKesWDsHN4AaABAg,,FALSE
qv86iKkdjAo,2025-05-29T10:44:13Z,49197,2484,0,250,Vespa_velutina,Portugal,Insects,established,visto,Post-Introduction,Detection,Detection,2011,2011-06-01T12:00:00Z,comment,UgxQj1Qn569Ah_5fH7h4AaABAg,,FALSE
qv86iKkdjAo,2025-05-29T10:44:13Z,49197,2484,0,250,Vespa_velutina,Portugal,Insects,established,trampas,Post-Introduction,Detection,Detection,2011,2011-06-01T12:00:00Z,comment,UgxQj1Qn569Ah_5fH7h4AaABAg,,FALSE
qv86iKkdjAo,2025-05-29T10:41:02Z,49197,2484,1,250,Vespa_velutina,Portugal,Insects,established,veneno,Post-Introduction,Threat,Threat,2011,2011-06-01T12:00:00Z,comment,UgyDwDwyx5Vhvhe4qbN4AaABAg,,FALSE
qv86iKkdjAo,2025-05-29T09:59:44Z,49197,2484,33,250,Vespa_velutina,Portugal,Insects,established,plagas,Post-Introduction,Invasion,Invasion,2011,2011-06-01T12:00:00Z,comment,Ugxr9Vdru8xUb3YfvoN4AaABAg,,FALSE
qv86iKkdjAo,2025-05-29T09:50:48Z,49197,2484,0,250,Vespa_velutina,Portugal,Insects,established,trampa,Post-Introduction,Detection,Detection,2011,2011-06-01T12:00:00Z,comment,UgxgAOjq6gYkAJvPbPR4AaABAg,,FALSE
qv86iKkdjAo,2025-05-29T09:49:35Z,49197,2484,0,250,Vespa_velutina,Portugal,Insects,established,trampa,Post-Introduction,Detection,Detection,2011,2011-06-01T12:00:00Z,comment,UgwCbfqAB_mzCQgTKtV4AaABAg,,FALSE
qv86iKkdjAo,2025-05-29T09:45:06Z,49197,2484,4,250,Vespa_velutina,Portugal,Insects,established,trampa,Post-Introduction,Detection,Detection,2011,2011-06-01T12:00:00Z,comment,UgzalJhxcmHkCOYserF4AaABAg,,FALSE
qv86iKkdjAo,2025-05-29T09:45:06Z,49197,2484,4,250,Vespa_velutina,Portugal,Insects,established,trampa,Post-Introduction,Detection,Detection,2011,2011-06-01T12:00:00Z,comment,UgzalJhxcmHkCOYserF4AaABAg,,FALSE
qv86iKkdjAo,2025-05-29T09:36:30Z,49197,2484,0,250,Vespa_velutina,Portugal,Insects,established,coste,Post-Introduction,eCommerce,eCommerce,2011,2011-06-01T12:00:00Z,comment,UgyTyAbMcadGXEaMbZZ4AaABAg,,FALSE
qv86iKkdjAo,2025-05-29T09:36:30Z,49197,2484,0,250,Vespa_velutina,Portugal,Insects,established,plagas,Post-Introduction,Invasion,Invasion,2011,2011-06-01T12:00:00Z,comment,UgyTyAbMcadGXEaMbZZ4AaABAg,,FALSE
qv86iKkdjAo,2025-05-29T09:27:45Z,49197,2484,43,250,Vespa_velutina,Portugal,Insects,established,encontrado,Post-Introduction,Detection,Detection,2011,2011-06-01T12:00:00Z,comment,Ugwhe2Sp7_fNB__Tm8F4AaABAg,,FALSE
qv86iKkdjAo,2025-05-29T09:25:34Z,49197,2484,0,250,Vespa_velutina,Portugal,Insects,established,plagas,Post-Introduction,Invasion,Invasion,2011,2011-06-01T12:00:00Z,comment,UgwrVMaMackCzyA0FBN4AaABAg,,FALSE
qv86iKkdjAo,2025-05-29T09:20:57Z,49197,2484,2,250,Vespa_velutina,Portugal,Insects,established,prohibido,Post-Introduction,eCommerce,eCommerce,2011,2011-06-01T12:00:00Z,comment,UgzZRknblKM71-aqmp54AaABAg,,FALSE
qv86iKkdjAo,2025-05-30T12:15:33Z,49197,2484,1,250,Vespa_velutina,Portugal,Insects,established,ataca,Post-Introduction,Threat,Threat,2011,2011-06-01T12:00:00Z,comment,UgxsoVlwz-MKesWDsHN4AaABAg.AIhXhSohSzYAIkFuqkg6ne,UgxsoVlwz-MKesWDsHN4AaABAg,TRUE
qv86iKkdjAo,2025-05-30T13:02:58Z,49197,2484,1,250,Vespa_velutina,Portugal,Insects,established,invasora,Post-Introduction,Invasion,Invasion,2011,2011-06-01T12:00:00Z,comment,UgxsoVlwz-MKesWDsHN4AaABAg.AIhXhSohSzYAIkLL5dDmH-,UgxsoVlwz-MKesWDsHN4AaABAg,TRUE
qv86iKkdjAo,2025-05-29T13:42:50Z,49197,2484,9,250,Vespa_velutina,Portugal,Insects,established,ataca,Post-Introduction,Threat,Threat,2011,2011-06-01T12:00:00Z,comment,UgzWQUebAt5yQda2gX94AaABAg.AIhTjbRRfZ4AIhq6G24aV6,UgzWQUebAt5yQda2gX94AaABAg,TRUE
qv86iKkdjAo,2025-05-29T13:42:50Z,49197,2484,9,250,Vespa_velutina,Portugal,Insects,established,trampas,Post-Introduction,Detection,Detection,2011,2011-06-01T12:00:00Z,comment,UgzWQUebAt5yQda2gX94AaABAg.AIhTjbRRfZ4AIhq6G24aV6,UgzWQUebAt5yQda2gX94AaABAg,TRUE
qv86iKkdjAo,2025-05-30T07:22:29Z,49197,2484,2,250,Vespa_velutina,Portugal,Insects,established,riesgo,Post-Introduction,Threat,Threat,2011,2011-06-01T12:00:00Z,comment,UgzWQUebAt5yQda2gX94AaABAg.AIhTjbRRfZ4AIjjNKxDuOV,UgzWQUebAt5yQda2gX94AaABAg,TRUE
qv86iKkdjAo,2025-05-29T10:52:19Z,49197,2484,0,250,Vespa_velutina,Portugal,Insects,established,plagas,Post-Introduction,Invasion,Invasion,2011,2011-06-01T12:00:00Z,comment,Ugw3bKdT1Rf6W0ere1F4AaABAg.AIhPIVhzU4jAIhXaOLvlPK,Ugw3bKdT1Rf6W0ere1F4AaABAg,TRUE
qv86iKkdjAo,2025-05-29T10:52:19Z,49197,2484,0,250,Vespa_velutina,Portugal,Insects,established,invasora,Post-Introduction,Invasion,Invasion,2011,2011-06-01T12:00:00Z,comment,Ugw3bKdT1Rf6W0ere1F4AaABAg.AIhPIVhzU4jAIhXaOLvlPK,Ugw3bKdT1Rf6W0ere1F4AaABAg,TRUE
qv86iKkdjAo,2025-05-30T05:42:02Z,49197,2484,4,250,Vespa_velutina,Portugal,Insects,established,trampa,Post-Introduction,Detection,Detection,2011,2011-06-01T12:00:00Z,comment,Ugwhe2Sp7_fNB__Tm8F4AaABAg.AIhNv-oMGwNAIjYs_Dnldz,Ugwhe2Sp7_fNB__Tm8F4AaABAg,TRUE
qv86iKkdjAo,2025-05-30T05:42:02Z,49197,2484,4,250,Vespa_velutina,Portugal,Insects,established,visto,Post-Introduction,Detection,Detection,2011,2011-06-01T12:00:00Z,comment,Ugwhe2Sp7_fNB__Tm8F4AaABAg.AIhNv-oMGwNAIjYs_Dnldz,Ugwhe2Sp7_fNB__Tm8F4AaABAg,TRUE
qv86iKkdjAo,2025-05-29T10:05:33Z,49197,2484,0,250,Vespa_velutina,Portugal,Insects,established,trampa,Post-Introduction,Detection,Detection,2011,2011-06-01T12:00:00Z,comment,Ugy_n1eMBpq1MM2BxFJ4AaABAg.AIhNI9YxzGBAIhSErqpUm4,Ugy_n1eMBpq1MM2BxFJ4AaABAg,TRUE
qv86iKkdjAo,2025-05-29T10:05:33Z,49197,2484,0,250,Vespa_velutina,Portugal,Insects,established,trampa,Post-Introduction,Detection,Detection,2011,2011-06-01T12:00:00Z,comment,Ugy_n1eMBpq1MM2BxFJ4AaABAg.AIhNI9YxzGBAIhSErqpUm4,Ugy_n1eMBpq1MM2BxFJ4AaABAg,TRUE
qv86iKkdjAo,2025-05-29T10:05:33Z,49197,2484,0,250,Vespa_velutina,Portugal,Insects,established,invasoras,Post-Introduction,Invasion,Invasion,2011,2011-06-01T12:00:00Z,comment,Ugy_n1eMBpq1MM2BxFJ4AaABAg.AIhNI9YxzGBAIhSErqpUm4,Ugy_n1eMBpq1MM2BxFJ4AaABAg,TRUE
tQO3iCfJWrs,2024-01-20T21:56:17Z,221734,1168,0,127,Vespa_velutina,Portugal,Insects,established,euros,Post-Introduction,eCommerce,eCommerce,2011,2011-06-01T12:00:00Z,comment,UgzYc4at8EzylDfXERF4AaABAg,,FALSE
tQO3iCfJWrs,2024-01-20T21:56:17Z,221734,1168,0,127,Vespa_velutina,Portugal,Insects,established,plaga,Post-Introduction,Invasion,Invasion,2011,2011-06-01T12:00:00Z,comment,UgzYc4at8EzylDfXERF4AaABAg,,FALSE
tQO3iCfJWrs,2023-07-17T20:32:20Z,221734,1168,0,127,Vespa_velutina,Portugal,Insects,established,cara,Post-Introduction,eCommerce,eCommerce,2011,2011-06-01T12:00:00Z,comment,Ugx91xW8LFfoYYLEMX14AaABAg,,FALSE
tQO3iCfJWrs,2022-09-03T20:23:35Z,221734,1168,0,127,Vespa_velutina,Portugal,Insects,established,caro,Post-Introduction,eCommerce,eCommerce,2011,2011-06-01T12:00:00Z,comment,UgwiQcX0kIt6_2toJh14AaABAg,,FALSE
tQO3iCfJWrs,2021-06-02T22:31:34Z,221734,1168,0,127,Vespa_velutina,Portugal,Insects,established,invasora,Post-Introduction,Invasion,Invasion,2011,2011-06-01T12:00:00Z,comment,UgzW___u5eamMwK4Zzp4AaABAg,,FALSE
tQO3iCfJWrs,2020-06-05T20:20:19Z,221734,1168,0,127,Vespa_velutina,Portugal,Insects,established,extendido,Post-Introduction,Invasion,Invasion,2011,2011-06-01T12:00:00Z,comment,UgwkKT6vJrnEkIV9_5l4AaABAg,,FALSE
tQO3iCfJWrs,2020-06-05T20:20:19Z,221734,1168,0,127,Vespa_velutina,Portugal,Insects,established,plaga,Post-Introduction,Invasion,Invasion,2011,2011-06-01T12:00:00Z,comment,UgwkKT6vJrnEkIV9_5l4AaABAg,,FALSE
tQO3iCfJWrs,2020-05-27T18:09:44Z,221734,1168,0,127,Vespa_velutina,Portugal,Insects,established,amenaza,Post-Introduction,Threat,Threat,2011,2011-06-01T12:00:00Z,comment,Ugywxjt86ZoXFbswgu54AaABAg,,FALSE
tQO3iCfJWrs,2020-05-27T18:09:44Z,221734,1168,0,127,Vespa_velutina,Portugal,Insects,established,plagas,Post-Introduction,Invasion,Invasion,2011,2011-06-01T12:00:00Z,comment,Ugywxjt86ZoXFbswgu54AaABAg,,FALSE
tQO3iCfJWrs,2020-05-12T07:59:58Z,221734,1168,0,127,Vespa_velutina,Portugal,Insects,established,plagas,Post-Introduction,Invasion,Invasion,2011,2011-06-01T12:00:00Z,comment,UgzjuRh772LAnuNNo5F4AaABAg,,FALSE
tQO3iCfJWrs,2019-12-15T21:59:32Z,221734,1168,5,127,Vespa_velutina,Portugal,Insects,established,visto,Post-Introduction,Detection,Detection,2011,2011-06-01T12:00:00Z,comment,Ugxuda-4X_C9nIZ6G3l4AaABAg,,FALSE
tQO3iCfJWrs,2018-09-12T06:31:34Z,221734,1168,0,127,Vespa_velutina,Portugal,Insects,established,plaga,Post-Introduction,Invasion,Invasion,2011,2011-06-01T12:00:00Z,comment,Ugyaf5R_XrvFTkivzWl4AaABAg,,FALSE
tQO3iCfJWrs,2018-09-12T06:31:34Z,221734,1168,0,127,Vespa_velutina,Portugal,Insects,established,veneno,Post-Introduction,Threat,Threat,2011,2011-06-01T12:00:00Z,comment,Ugyaf5R_XrvFTkivzWl4AaABAg,,FALSE
tQO3iCfJWrs,2018-08-12T13:58:18Z,221734,1168,0,127,Vespa_velutina,Portugal,Insects,established,toxico,Post-Introduction,Threat,Threat,2011,2011-06-01T12:00:00Z,comment,UgzniLJfobBldbESSQh4AaABAg,,FALSE
tQO3iCfJWrs,2018-02-14T12:39:07Z,221734,1168,8,127,Vespa_velutina,Portugal,Insects,established,expansion,Post-Introduction,Invasion,Invasion,2011,2011-06-01T12:00:00Z,comment,Ugyi5rH0B8XoOqyOPwt4AaABAg,,FALSE
tQO3iCfJWrs,2024-08-02T00:27:29Z,221734,1168,0,127,Vespa_velutina,Portugal,Insects,established,peligro,Post-Introduction,Threat,Threat,2011,2011-06-01T12:00:00Z,comment,UgwiQcX0kIt6_2toJh14AaABAg.9fXCqHxIvyGA6bwbOfBPib,UgwiQcX0kIt6_2toJh14AaABAg,TRUE
tQO3iCfJWrs,2024-04-18T10:56:25Z,221734,1168,0,127,Vespa_velutina,Portugal,Insects,established,plaga,Post-Introduction,Invasion,Invasion,2011,2011-06-01T12:00:00Z,comment,UgwM7LHrkiu3KvO3pVN4AaABAg.98onfcKFEc0A2N7K42o64D,UgwM7LHrkiu3KvO3pVN4AaABAg,TRUE
tQO3iCfJWrs,2021-05-05T18:06:09Z,221734,1168,1,127,Vespa_velutina,Portugal,Insects,established,caro,Post-Introduction,eCommerce,eCommerce,2011,2011-06-01T12:00:00Z,comment,UgxZtRwI2tH_rcDOJgV4AaABAg.98T5ofdP-QS9MyYmZe_djg,UgxZtRwI2tH_rcDOJgV4AaABAg,TRUE
tQO3iCfJWrs,2020-05-09T11:29:54Z,221734,1168,0,127,Vespa_velutina,Portugal,Insects,established,plaga,Post-Introduction,Invasion,Invasion,2011,2011-06-01T12:00:00Z,comment,Ugx-GD2j5Y0BXVeUAc54AaABAg.8xeKxQ-kjay98RITSnGRee,Ugx-GD2j5Y0BXVeUAc54AaABAg,TRUE
tQO3iCfJWrs,2020-05-11T06:50:41Z,221734,1168,0,127,Vespa_velutina,Portugal,Insects,established,amenaza,Post-Introduction,Threat,Threat,2011,2011-06-01T12:00:00Z,comment,Ugx-GD2j5Y0BXVeUAc54AaABAg.8xeKxQ-kjay98Vx6687lkq,Ugx-GD2j5Y0BXVeUAc54AaABAg,TRUE
tQO3iCfJWrs,2018-09-22T14:04:00Z,221734,1168,0,127,Vespa_velutina,Portugal,Insects,established,barato,Post-Introduction,eCommerce,eCommerce,2011,2011-06-01T12:00:00Z,comment,Ugyaf5R_XrvFTkivzWl4AaABAg.8l4wP-34Qpg8lVV7Ux0DeD,Ugyaf5R_XrvFTkivzWl4AaABAg,TRUE
tQO3iCfJWrs,2020-06-06T22:02:12Z,221734,1168,1,127,Vespa_velutina,Portugal,Insects,established,observado,Post-Introduction,Detection,Detection,2011,2011-06-01T12:00:00Z,comment,UgyjR5MPY05Ul5izCtl4AaABAg.8Gc9lCt7g3S99_X51vprrt,UgyjR5MPY05Ul5izCtl4AaABAg,TRUE
sxgMBPuJ0Ik,2025-01-16T07:48:10Z,136217,1884,2,178,Vespa_velutina,Portugal,Insects,established,visto,Post-Introduction,Detection,Detection,2011,2011-06-01T12:00:00Z,comment,UgytozrsKyzWVSQ8GFt4AaABAg,,FALSE
sxgMBPuJ0Ik,2024-10-27T15:55:52Z,136217,1884,0,178,Vespa_velutina,Portugal,Insects,established,compra,Post-Introduction,eCommerce,eCommerce,2011,2011-06-01T12:00:00Z,comment,UgydRnz48FolV7n4WZh4AaABAg,,FALSE
sxgMBPuJ0Ik,2023-11-07T22:05:40Z,136217,1884,0,178,Vespa_velutina,Portugal,Insects,established,visto,Post-Introduction,Detection,Detection,2011,2011-06-01T12:00:00Z,comment,Ugw8vybL-8cTq0YFiE54AaABAg,,FALSE
sxgMBPuJ0Ik,2023-11-07T22:05:40Z,136217,1884,0,178,Vespa_velutina,Portugal,Insects,established,veneno,Post-Introduction,Threat,Threat,2011,2011-06-01T12:00:00Z,comment,Ugw8vybL-8cTq0YFiE54AaABAg,,FALSE
sxgMBPuJ0Ik,2023-08-30T11:31:35Z,136217,1884,0,178,Vespa_velutina,Portugal,Insects,established,veneno,Post-Introduction,Threat,Threat,2011,2011-06-01T12:00:00Z,comment,UgxVMybirl8Ei2nk0CF4AaABAg,,FALSE
sxgMBPuJ0Ik,2023-08-30T11:31:35Z,136217,1884,0,178,Vespa_velutina,Portugal,Insects,established,toxico,Post-Introduction,Threat,Threat,2011,2011-06-01T12:00:00Z,comment,UgxVMybirl8Ei2nk0CF4AaABAg,,FALSE
sxgMBPuJ0Ik,2023-08-30T11:31:35Z,136217,1884,0,178,Vespa_velutina,Portugal,Insects,established,veneno,Post-Introduction,Threat,Threat,2011,2011-06-01T12:00:00Z,comment,UgxVMybirl8Ei2nk0CF4AaABAg,,FALSE
sxgMBPuJ0Ik,2023-08-30T11:31:35Z,136217,1884,0,178,Vespa_velutina,Portugal,Insects,established,caro,Post-Introduction,eCommerce,eCommerce,2011,2011-06-01T12:00:00Z,comment,UgxVMybirl8Ei2nk0CF4AaABAg,,FALSE
sxgMBPuJ0Ik,2023-05-27T11:39:37Z,136217,1884,1,178,Vespa_velutina,Portugal,Insects,established,visto,Post-Introduction,Detection,Detection,2011,2011-06-01T12:00:00Z,comment,UgwK_IUbyxdzeHeuhv94AaABAg,,FALSE
sxgMBPuJ0Ik,2023-05-27T11:39:37Z,136217,1884,1,178,Vespa_velutina,Portugal,Insects,established,peligro,Post-Introduction,Threat,Threat,2011,2011-06-01T12:00:00Z,comment,UgwK_IUbyxdzeHeuhv94AaABAg,,FALSE
sxgMBPuJ0Ik,2022-09-15T21:08:51Z,136217,1884,1,178,Vespa_velutina,Portugal,Insects,established,veneno,Post-Introduction,Threat,Threat,2011,2011-06-01T12:00:00Z,comment,UgxY5I6DQyfnSdgFhQ14AaABAg,,FALSE
sxgMBPuJ0Ik,2022-08-31T15:01:51Z,136217,1884,2,178,Vespa_velutina,Portugal,Insects,established,invasoras,Post-Introduction,Invasion,Invasion,2011,2011-06-01T12:00:00Z,comment,UgzAkLATR70kwzoioGJ4AaABAg,,FALSE
sxgMBPuJ0Ik,2022-08-25T08:08:45Z,136217,1884,0,178,Vespa_velutina,Portugal,Insects,established,veneno,Post-Introduction,Threat,Threat,2011,2011-06-01T12:00:00Z,comment,UgxV9pA402gFvQ5khK54AaABAg,,FALSE
sxgMBPuJ0Ik,2022-08-24T03:26:46Z,136217,1884,3,178,Vespa_velutina,Portugal,Insects,established,veneno,Post-Introduction,Threat,Threat,2011,2011-06-01T12:00:00Z,comment,UgxWjJelB7YUHvhhFDl4AaABAg,,FALSE
sxgMBPuJ0Ik,2022-08-23T22:15:23Z,136217,1884,7,178,Vespa_velutina,Portugal,Insects,established,barato,Post-Introduction,eCommerce,eCommerce,2011,2011-06-01T12:00:00Z,comment,UgwNH7S9t5eKEFdOPI14AaABAg,,FALSE
sxgMBPuJ0Ik,2022-08-23T22:15:23Z,136217,1884,7,178,Vespa_velutina,Portugal,Insects,established,precio,Post-Introduction,eCommerce,eCommerce,2011,2011-06-01T12:00:00Z,comment,UgwNH7S9t5eKEFdOPI14AaABAg,,FALSE
sxgMBPuJ0Ik,2022-08-23T07:02:08Z,136217,1884,0,178,Vespa_velutina,Portugal,Insects,established,veneno,Post-Introduction,Threat,Threat,2011,2011-06-01T12:00:00Z,comment,UgxSuL5Ac-PyD2djw7Z4AaABAg,,FALSE
sxgMBPuJ0Ik,2022-08-21T15:06:47Z,136217,1884,0,178,Vespa_velutina,Portugal,Insects,established,trampas,Post-Introduction,Detection,Detection,2011,2011-06-01T12:00:00Z,comment,UgwvVaF123GwrTy6Qup4AaABAg,,FALSE
sxgMBPuJ0Ik,2022-08-15T12:34:44Z,136217,1884,14,178,Vespa_velutina,Portugal,Insects,established,competencia,Post-Introduction,Threat,Threat,2011,2011-06-01T12:00:00Z,comment,UgyIFKuRk-qZ4bl2Kvt4AaABAg,,FALSE
sxgMBPuJ0Ik,2022-08-15T12:34:44Z,136217,1884,14,178,Vespa_velutina,Portugal,Insects,established,control,Post-Introduction,Detection,Detection,2011,2011-06-01T12:00:00Z,comment,UgyIFKuRk-qZ4bl2Kvt4AaABAg,,FALSE
sxgMBPuJ0Ik,2022-08-15T12:34:44Z,136217,1884,14,178,Vespa_velutina,Portugal,Insects,established,nocivo,Post-Introduction,Threat,Threat,2011,2011-06-01T12:00:00Z,comment,UgyIFKuRk-qZ4bl2Kvt4AaABAg,,FALSE
sxgMBPuJ0Ik,2022-08-15T12:34:44Z,136217,1884,14,178,Vespa_velutina,Portugal,Insects,established,control,Post-Introduction,Detection,Detection,2011,2011-06-01T12:00:00Z,comment,UgyIFKuRk-qZ4bl2Kvt4AaABAg,,FALSE
sxgMBPuJ0Ik,2022-08-15T12:34:44Z,136217,1884,14,178,Vespa_velutina,Portugal,Insects,established,registro,Post-Introduction,Detection,Detection,2011,2011-06-01T12:00:00Z,comment,UgyIFKuRk-qZ4bl2Kvt4AaABAg,,FALSE
sxgMBPuJ0Ik,2022-08-15T12:34:44Z,136217,1884,14,178,Vespa_velutina,Portugal,Insects,established,control,Post-Introduction,Detection,Detection,2011,2011-06-01T12:00:00Z,comment,UgyIFKuRk-qZ4bl2Kvt4AaABAg,,FALSE
sxgMBPuJ0Ik,2022-08-15T12:34:44Z,136217,1884,14,178,Vespa_velutina,Portugal,Insects,established,plagas,Post-Introduction,Invasion,Invasion,2011,2011-06-01T12:00:00Z,comment,UgyIFKuRk-qZ4bl2Kvt4AaABAg,,FALSE
sxgMBPuJ0Ik,2022-08-15T12:34:44Z,136217,1884,14,178,Vespa_velutina,Portugal,Insects,established,plagas,Post-Introduction,Invasion,Invasion,2011,2011-06-01T12:00:00Z,comment,UgyIFKuRk-qZ4bl2Kvt4AaABAg,,FALSE
sxgMBPuJ0Ik,2022-08-15T12:34:44Z,136217,1884,14,178,Vespa_velutina,Portugal,Insects,established,contaminacion,Post-Introduction,Threat,Threat,2011,2011-06-01T12:00:00Z,comment,UgyIFKuRk-qZ4bl2Kvt4AaABAg,,FALSE
sxgMBPuJ0Ik,2022-08-15T08:15:59Z,136217,1884,9,178,Vespa_velutina,Portugal,Insects,established,riesgo,Post-Introduction,Threat,Threat,2011,2011-06-01T12:00:00Z,comment,Ugw69cvcWcnwG6iK38h4AaABAg,,FALSE
sxgMBPuJ0Ik,2022-08-15T08:15:59Z,136217,1884,9,178,Vespa_velutina,Portugal,Insects,established,visto,Post-Introduction,Detection,Detection,2011,2011-06-01T12:00:00Z,comment,Ugw69cvcWcnwG6iK38h4AaABAg,,FALSE
sxgMBPuJ0Ik,2022-08-08T12:10:49Z,136217,1884,0,178,Vespa_velutina,Portugal,Insects,established,veneno,Post-Introduction,Threat,Threat,2011,2011-06-01T12:00:00Z,comment,UgyRNSezV3MMrF_xbSt4AaABAg,,FALSE
sxgMBPuJ0Ik,2022-08-03T07:32:42Z,136217,1884,31,178,Vespa_velutina,Portugal,Insects,established,euros,Post-Introduction,eCommerce,eCommerce,2011,2011-06-01T12:00:00Z,comment,UgzVaU06zAx5YqH41A54AaABAg,,FALSE
sxgMBPuJ0Ik,2022-08-03T07:32:42Z,136217,1884,31,178,Vespa_velutina,Portugal,Insects,established,veneno,Post-Introduction,Threat,Threat,2011,2011-06-01T12:00:00Z,comment,UgzVaU06zAx5YqH41A54AaABAg,,FALSE
sxgMBPuJ0Ik,2022-08-02T14:40:16Z,136217,1884,22,178,Vespa_velutina,Portugal,Insects,established,riesgo,Post-Introduction,Threat,Threat,2011,2011-06-01T12:00:00Z,comment,Ugx1vqzC6Qa6NZ2QZsx4AaABAg,,FALSE
sxgMBPuJ0Ik,2024-10-27T15:55:20Z,136217,1884,0,178,Vespa_velutina,Portugal,Insects,established,compra,Post-Introduction,eCommerce,eCommerce,2011,2011-06-01T12:00:00Z,comment,UgzkHi4Wq4iSsBE7RAd4AaABAg.A7bEW8VFUULAA629V-JQMa,UgzkHi4Wq4iSsBE7RAd4AaABAg,TRUE
sxgMBPuJ0Ik,2022-08-25T21:38:32Z,136217,1884,1,178,Vespa_velutina,Portugal,Insects,established,barato,Post-Introduction,eCommerce,eCommerce,2011,2011-06-01T12:00:00Z,comment,UgwNH7S9t5eKEFdOPI14AaABAg.9f54tY9cbCe9fAAGO9MzE6,UgwNH7S9t5eKEFdOPI14AaABAg,TRUE
sxgMBPuJ0Ik,2022-08-28T14:29:47Z,136217,1884,0,178,Vespa_velutina,Portugal,Insects,established,letal,Post-Introduction,Threat,Threat,2011,2011-06-01T12:00:00Z,comment,UgwNH7S9t5eKEFdOPI14AaABAg.9f54tY9cbCe9fH7_r0OmGw,UgwNH7S9t5eKEFdOPI14AaABAg,TRUE
sxgMBPuJ0Ik,2022-08-25T12:00:15Z,136217,1884,6,178,Vespa_velutina,Portugal,Insects,established,visto,Post-Introduction,Detection,Detection,2011,2011-06-01T12:00:00Z,comment,UgyVqWa2zWIqkWk4_RF4AaABAg.9f3fPWpxKUb9f984y0PKS_,UgyVqWa2zWIqkWk4_RF4AaABAg,TRUE
sxgMBPuJ0Ik,2022-08-25T12:00:15Z,136217,1884,6,178,Vespa_velutina,Portugal,Insects,established,visto,Post-Introduction,Detection,Detection,2011,2011-06-01T12:00:00Z,comment,UgyVqWa2zWIqkWk4_RF4AaABAg.9f3fPWpxKUb9f984y0PKS_,UgyVqWa2zWIqkWk4_RF4AaABAg,TRUE
sxgMBPuJ0Ik,2022-08-17T16:06:01Z,136217,1884,6,178,Vespa_velutina,Portugal,Insects,established,trampa,Post-Introduction,Detection,Detection,2011,2011-06-01T12:00:00Z,comment,UgyIFKuRk-qZ4bl2Kvt4AaABAg.9ekS4mAWZDY9epyr35rmsg,UgyIFKuRk-qZ4bl2Kvt4AaABAg,TRUE
sxgMBPuJ0Ik,2022-08-17T16:06:01Z,136217,1884,6,178,Vespa_velutina,Portugal,Insects,established,trampas,Post-Introduction,Detection,Detection,2011,2011-06-01T12:00:00Z,comment,UgyIFKuRk-qZ4bl2Kvt4AaABAg.9ekS4mAWZDY9epyr35rmsg,UgyIFKuRk-qZ4bl2Kvt4AaABAg,TRUE
sxgMBPuJ0Ik,2022-08-17T16:06:01Z,136217,1884,6,178,Vespa_velutina,Portugal,Insects,established,contaminacion,Post-Introduction,Threat,Threat,2011,2011-06-01T12:00:00Z,comment,UgyIFKuRk-qZ4bl2Kvt4AaABAg.9ekS4mAWZDY9epyr35rmsg,UgyIFKuRk-qZ4bl2Kvt4AaABAg,TRUE
sxgMBPuJ0Ik,2022-08-17T16:06:01Z,136217,1884,6,178,Vespa_velutina,Portugal,Insects,established,seguimiento,Post-Introduction,Detection,Detection,2011,2011-06-01T12:00:00Z,comment,UgyIFKuRk-qZ4bl2Kvt4AaABAg.9ekS4mAWZDY9epyr35rmsg,UgyIFKuRk-qZ4bl2Kvt4AaABAg,TRUE
sxgMBPuJ0Ik,2022-08-17T16:06:01Z,136217,1884,6,178,Vespa_velutina,Portugal,Insects,established,contaminacion,Post-Introduction,Threat,Threat,2011,2011-06-01T12:00:00Z,comment,UgyIFKuRk-qZ4bl2Kvt4AaABAg.9ekS4mAWZDY9epyr35rmsg,UgyIFKuRk-qZ4bl2Kvt4AaABAg,TRUE
sxgMBPuJ0Ik,2022-08-17T16:06:01Z,136217,1884,6,178,Vespa_velutina,Portugal,Insects,established,veneno,Post-Introduction,Threat,Threat,2011,2011-06-01T12:00:00Z,comment,UgyIFKuRk-qZ4bl2Kvt4AaABAg.9ekS4mAWZDY9epyr35rmsg,UgyIFKuRk-qZ4bl2Kvt4AaABAg,TRUE
sxgMBPuJ0Ik,2022-08-17T16:06:01Z,136217,1884,6,178,Vespa_velutina,Portugal,Insects,established,peligroso,Post-Introduction,Threat,Threat,2011,2011-06-01T12:00:00Z,comment,UgyIFKuRk-qZ4bl2Kvt4AaABAg.9ekS4mAWZDY9epyr35rmsg,UgyIFKuRk-qZ4bl2Kvt4AaABAg,TRUE
sxgMBPuJ0Ik,2022-08-17T16:06:01Z,136217,1884,6,178,Vespa_velutina,Portugal,Insects,established,veneno,Post-Introduction,Threat,Threat,2011,2011-06-01T12:00:00Z,comment,UgyIFKuRk-qZ4bl2Kvt4AaABAg.9ekS4mAWZDY9epyr35rmsg,UgyIFKuRk-qZ4bl2Kvt4AaABAg,TRUE
sxgMBPuJ0Ik,2022-08-17T16:06:01Z,136217,1884,6,178,Vespa_velutina,Portugal,Insects,established,encontrado,Post-Introduction,Detection,Detection,2011,2011-06-01T12:00:00Z,comment,UgyIFKuRk-qZ4bl2Kvt4AaABAg.9ekS4mAWZDY9epyr35rmsg,UgyIFKuRk-qZ4bl2Kvt4AaABAg,TRUE
sxgMBPuJ0Ik,2022-08-17T16:06:01Z,136217,1884,6,178,Vespa_velutina,Portugal,Insects,established,peligroso,Post-Introduction,Threat,Threat,2011,2011-06-01T12:00:00Z,comment,UgyIFKuRk-qZ4bl2Kvt4AaABAg.9ekS4mAWZDY9epyr35rmsg,UgyIFKuRk-qZ4bl2Kvt4AaABAg,TRUE
sxgMBPuJ0Ik,2022-09-14T15:19:42Z,136217,1884,2,178,Vespa_velutina,Portugal,Insects,established,toxico,Post-Introduction,Threat,Threat,2011,2011-06-01T12:00:00Z,comment,UgwVeXDP4ZdIEdqSATp4AaABAg.9ebQRg3jKF-9fxzoDVAbms,UgwVeXDP4ZdIEdqSATp4AaABAg,TRUE
sxgMBPuJ0Ik,2022-09-14T15:19:42Z,136217,1884,2,178,Vespa_velutina,Portugal,Insects,established,veneno,Post-Introduction,Threat,Threat,2011,2011-06-01T12:00:00Z,comment,UgwVeXDP4ZdIEdqSATp4AaABAg.9ebQRg3jKF-9fxzoDVAbms,UgwVeXDP4ZdIEdqSATp4AaABAg,TRUE
sxgMBPuJ0Ik,2022-09-07T12:03:59Z,136217,1884,2,178,Vespa_velutina,Portugal,Insects,established,compra,Post-Introduction,eCommerce,eCommerce,2011,2011-06-01T12:00:00Z,comment,Ugy2hsAY9DmNcXeZESB4AaABAg.9eHZSh8qDsS9ffbqgBKjFd,Ugy2hsAY9DmNcXeZESB4AaABAg,TRUE
sxgMBPuJ0Ik,2022-09-07T12:03:59Z,136217,1884,2,178,Vespa_velutina,Portugal,Insects,established,compra,Post-Introduction,eCommerce,eCommerce,2011,2011-06-01T12:00:00Z,comment,Ugy2hsAY9DmNcXeZESB4AaABAg.9eHZSh8qDsS9ffbqgBKjFd,Ugy2hsAY9DmNcXeZESB4AaABAg,TRUE
sxgMBPuJ0Ik,2022-08-30T16:42:49Z,136217,1884,2,178,Vespa_velutina,Portugal,Insects,established,plaga,Post-Introduction,Invasion,Invasion,2011,2011-06-01T12:00:00Z,comment,UgzVaU06zAx5YqH41A54AaABAg.9eG-z2zS6qm9fMWOwt81Xj,UgzVaU06zAx5YqH41A54AaABAg,TRUE
D8xF0gVkIFc,2025-11-20T00:52:04Z,70679,1758,0,71,Vespa_velutina,Portugal,Insects,established,trampa,Post-Introduction,Detection,Detection,2011,2011-06-01T12:00:00Z,comment,Ugz9Bqo5KOAMi7DS5yx4AaABAg,,FALSE
D8xF0gVkIFc,2025-11-08T14:32:06Z,70679,1758,0,71,Vespa_velutina,Portugal,Insects,established,barata,Post-Introduction,eCommerce,eCommerce,2011,2011-06-01T12:00:00Z,comment,UgxHZfv956aB6atRRht4AaABAg,,FALSE
D8xF0gVkIFc,2025-10-01T09:12:59Z,70679,1758,0,71,Vespa_velutina,Portugal,Insects,established,visto,Post-Introduction,Detection,Detection,2011,2011-06-01T12:00:00Z,comment,UgyHoiHcc-ytpwZBO1F4AaABAg,,FALSE
D8xF0gVkIFc,2025-06-22T18:20:01Z,70679,1758,1,71,Vespa_velutina,Portugal,Insects,established,peligro,Post-Introduction,Threat,Threat,2011,2011-06-01T12:00:00Z,comment,UgxqMQzZUVRRsPlrJ614AaABAg,,FALSE
D8xF0gVkIFc,2025-04-25T15:37:03Z,70679,1758,0,71,Vespa_velutina,Portugal,Insects,established,trampa,Post-Introduction,Detection,Detection,2011,2011-06-01T12:00:00Z,comment,UgyfUCgvCP3LZ_xNtYR4AaABAg,,FALSE
D8xF0gVkIFc,2024-11-02T19:06:01Z,70679,1758,1,71,Vespa_velutina,Portugal,Insects,established,plaga,Post-Introduction,Invasion,Invasion,2011,2011-06-01T12:00:00Z,comment,Ugyh16ELJvgy5TUMvRh4AaABAg,,FALSE
D8xF0gVkIFc,2024-09-08T14:53:43Z,70679,1758,8,71,Vespa_velutina,Portugal,Insects,established,riesgo,Post-Introduction,Threat,Threat,2011,2011-06-01T12:00:00Z,comment,UgzoR27PY4qwEDJiAlh4AaABAg,,FALSE
D8xF0gVkIFc,2024-08-28T22:11:27Z,70679,1758,1,71,Vespa_velutina,Portugal,Insects,established,visto,Post-Introduction,Detection,Detection,2011,2011-06-01T12:00:00Z,comment,UgzZBYLOY0lBHE-LmlR4AaABAg,,FALSE
D8xF0gVkIFc,2024-08-28T22:11:27Z,70679,1758,1,71,Vespa_velutina,Portugal,Insects,established,veneno,Post-Introduction,Threat,Threat,2011,2011-06-01T12:00:00Z,comment,UgzZBYLOY0lBHE-LmlR4AaABAg,,FALSE
D8xF0gVkIFc,2024-08-28T22:11:27Z,70679,1758,1,71,Vespa_velutina,Portugal,Insects,established,veneno,Post-Introduction,Threat,Threat,2011,2011-06-01T12:00:00Z,comment,UgzZBYLOY0lBHE-LmlR4AaABAg,,FALSE
D8xF0gVkIFc,2024-08-21T17:47:22Z,70679,1758,1,71,Vespa_velutina,Portugal,Insects,established,barata,Post-Introduction,eCommerce,eCommerce,2011,2011-06-01T12:00:00Z,comment,UgxkDzWZ3ewWRFtpf0t4AaABAg,,FALSE
D8xF0gVkIFc,2024-07-17T18:39:50Z,70679,1758,1,71,Vespa_velutina,Portugal,Insects,established,trampa,Post-Introduction,Detection,Detection,2011,2011-06-01T12:00:00Z,comment,Ugx-ZUcLvIb_9i3k30d4AaABAg,,FALSE
D8xF0gVkIFc,2024-07-17T18:39:50Z,70679,1758,1,71,Vespa_velutina,Portugal,Insects,established,extincion,Post-Introduction,Threat,Threat,2011,2011-06-01T12:00:00Z,comment,Ugx-ZUcLvIb_9i3k30d4AaABAg,,FALSE
D8xF0gVkIFc,2024-05-13T16:15:35Z,70679,1758,9,71,Vespa_velutina,Portugal,Insects,established,trampa,Post-Introduction,Detection,Detection,2011,2011-06-01T12:00:00Z,comment,Ugwlh2mrAWYjDKSSMY94AaABAg,,FALSE
D8xF0gVkIFc,2024-05-13T16:15:35Z,70679,1758,9,71,Vespa_velutina,Portugal,Insects,established,peligro,Post-Introduction,Threat,Threat,2011,2011-06-01T12:00:00Z,comment,Ugwlh2mrAWYjDKSSMY94AaABAg,,FALSE
D8xF0gVkIFc,2024-05-13T16:15:35Z,70679,1758,9,71,Vespa_velutina,Portugal,Insects,established,peligroso,Post-Introduction,Threat,Threat,2011,2011-06-01T12:00:00Z,comment,Ugwlh2mrAWYjDKSSMY94AaABAg,,FALSE
D8xF0gVkIFc,2024-05-07T15:52:59Z,70679,1758,1,71,Vespa_velutina,Portugal,Insects,established,trampas,Post-Introduction,Detection,Detection,2011,2011-06-01T12:00:00Z,comment,UgwC4BIpWO3ThAa1XsV4AaABAg,,FALSE
D8xF0gVkIFc,2024-05-07T15:52:22Z,70679,1758,0,71,Vespa_velutina,Portugal,Insects,established,trampas,Post-Introduction,Detection,Detection,2011,2011-06-01T12:00:00Z,comment,Ugyjn1S_1iOSAI_GHAJ4AaABAg,,FALSE
D8xF0gVkIFc,2024-05-07T15:52:22Z,70679,1758,0,71,Vespa_velutina,Portugal,Insects,established,trampa,Post-Introduction,Detection,Detection,2011,2011-06-01T12:00:00Z,comment,Ugyjn1S_1iOSAI_GHAJ4AaABAg,,FALSE
D8xF0gVkIFc,2025-10-15T17:04:29Z,70679,1758,1,71,Vespa_velutina,Portugal,Insects,established,trampa,Post-Introduction,Detection,Detection,2011,2011-06-01T12:00:00Z,comment,UgynGRhSDAkJdHA0yv14AaABAg.ANokxzvEcbRAOJ6fo1FumR,UgynGRhSDAkJdHA0yv14AaABAg,TRUE
D8xF0gVkIFc,2025-10-04T16:04:49Z,70679,1758,0,71,Vespa_velutina,Portugal,Insects,established,nativa,Post-Introduction,Invasion,Invasion,2011,2011-06-01T12:00:00Z,comment,Ugw4VQPQEWsIMFG3dWh4AaABAg.AAYxVVSB4tXANrg66VWSgN,Ugw4VQPQEWsIMFG3dWh4AaABAg,TRUE
D8xF0gVkIFc,2025-10-04T16:04:49Z,70679,1758,0,71,Vespa_velutina,Portugal,Insects,established,invasion,Post-Introduction,Invasion,Invasion,2011,2011-06-01T12:00:00Z,comment,Ugw4VQPQEWsIMFG3dWh4AaABAg.AAYxVVSB4tXANrg66VWSgN,Ugw4VQPQEWsIMFG3dWh4AaABAg,TRUE
D8xF0gVkIFc,2025-01-27T19:25:18Z,70679,1758,2,71,Vespa_velutina,Portugal,Insects,established,trampa,Post-Introduction,Detection,Detection,2011,2011-06-01T12:00:00Z,comment,Ugyh16ELJvgy5TUMvRh4AaABAg.AALpkHlIMsqADoJJjpHGeV,Ugyh16ELJvgy5TUMvRh4AaABAg,TRUE
D8xF0gVkIFc,2024-09-10T15:16:47Z,70679,1758,9,71,Vespa_velutina,Portugal,Insects,established,riesgo,Post-Introduction,Threat,Threat,2011,2011-06-01T12:00:00Z,comment,UgzoR27PY4qwEDJiAlh4AaABAg.A87l9LI8gTnA8CxO0V1YkQ,UgzoR27PY4qwEDJiAlh4AaABAg,TRUE
D8xF0gVkIFc,2024-09-10T14:53:24Z,70679,1758,3,71,Vespa_velutina,Portugal,Insects,established,plaga,Post-Introduction,Invasion,Invasion,2011,2011-06-01T12:00:00Z,comment,UgwMiLtOM7p8VOW8FK14AaABAg.A80oJm-N_SiA8CuhekM75x,UgwMiLtOM7p8VOW8FK14AaABAg,TRUE
D8xF0gVkIFc,2024-11-02T00:04:35Z,70679,1758,0,71,Vespa_velutina,Portugal,Insects,established,veneno,Post-Introduction,Threat,Threat,2011,2011-06-01T12:00:00Z,comment,UgwMiLtOM7p8VOW8FK14AaABAg.A80oJm-N_SiAAJn7Ebd2Ib,UgwMiLtOM7p8VOW8FK14AaABAg,TRUE
D8xF0gVkIFc,2025-02-17T13:13:25Z,70679,1758,0,71,Vespa_velutina,Portugal,Insects,established,vista,Post-Introduction,Detection,Detection,2011,2011-06-01T12:00:00Z,comment,UgwCw1EkrsTV2Kgn_SJ4AaABAg.A7kEyb9U4nIAEdiSOkL38Y,UgwCw1EkrsTV2Kgn_SJ4AaABAg,TRUE
D8xF0gVkIFc,2025-02-17T13:11:08Z,70679,1758,0,71,Vespa_velutina,Portugal,Insects,established,trampa,Post-Introduction,Detection,Detection,2011,2011-06-01T12:00:00Z,comment,UgyrctG7N7vTox-xHyV4AaABAg.A7SiX8TuV6ZAEdiBkbKjaO,UgyrctG7N7vTox-xHyV4AaABAg,TRUE
D8xF0gVkIFc,2025-02-17T13:11:40Z,70679,1758,3,71,Vespa_velutina,Portugal,Insects,established,visto,Post-Introduction,Detection,Detection,2011,2011-06-01T12:00:00Z,comment,UgxnbYVZG0MDpUuX_iJ4AaABAg.A7DVG0zz4JpAEdiFaGBk2a,UgxnbYVZG0MDpUuX_iJ4AaABAg,TRUE
D8xF0gVkIFc,2025-02-17T18:11:05Z,70679,1758,1,71,Vespa_velutina,Portugal,Insects,established,trampa,Post-Introduction,Detection,Detection,2011,2011-06-01T12:00:00Z,comment,UgxnbYVZG0MDpUuX_iJ4AaABAg.A7DVG0zz4JpAEeFWWwo_hS,UgxnbYVZG0MDpUuX_iJ4AaABAg,TRUE
D8xF0gVkIFc,2025-02-17T13:12:13Z,70679,1758,1,71,Vespa_velutina,Portugal,Insects,established,trampa,Post-Introduction,Detection,Detection,2011,2011-06-01T12:00:00Z,comment,UgwjJWS1Cf0s-GWxpo94AaABAg.A6kyFU8D4IZAEdiJgfn_wx,UgwjJWS1Cf0s-GWxpo94AaABAg,TRUE
D8xF0gVkIFc,2024-11-02T00:12:02Z,70679,1758,1,71,Vespa_velutina,Portugal,Insects,established,trampa,Post-Introduction,Detection,Detection,2011,2011-06-01T12:00:00Z,comment,Ugx-ZUcLvIb_9i3k30d4AaABAg.A6-gu-fzeV8AAJnyl7Lwy4,Ugx-ZUcLvIb_9i3k30d4AaABAg,TRUE
D8xF0gVkIFc,2025-02-17T13:15:32Z,70679,1758,0,71,Vespa_velutina,Portugal,Insects,established,trampa,Post-Introduction,Detection,Detection,2011,2011-06-01T12:00:00Z,comment,Ugx-ZUcLvIb_9i3k30d4AaABAg.A6-gu-fzeV8AEdigvawN52,Ugx-ZUcLvIb_9i3k30d4AaABAg,TRUE
D8xF0gVkIFc,2024-07-15T08:00:40Z,70679,1758,1,71,Vespa_velutina,Portugal,Insects,established,trampa,Post-Introduction,Detection,Detection,2011,2011-06-01T12:00:00Z,comment,UgzqlywlbgFXOvba_TF4AaABAg.A568MkjA_3EA5uP9voBj0R,UgzqlywlbgFXOvba_TF4AaABAg,TRUE
D8xF0gVkIFc,2024-05-25T05:46:01Z,70679,1758,2,71,Vespa_velutina,Portugal,Insects,established,trampa,Post-Introduction,Detection,Detection,2011,2011-06-01T12:00:00Z,comment,UgzwWYoDq5nixLcISIZ4AaABAg.A3PAVcnUwDOA3qqD6Zaq6g,UgzwWYoDq5nixLcISIZ4AaABAg,TRUE
D8xF0gVkIFc,2024-07-23T09:05:19Z,70679,1758,0,71,Vespa_velutina,Portugal,Insects,established,trampas,Post-Introduction,Detection,Detection,2011,2011-06-01T12:00:00Z,comment,Ugyjn1S_1iOSAI_GHAJ4AaABAg.A38_IOX_mxAA6E6vMmGOLW,Ugyjn1S_1iOSAI_GHAJ4AaABAg,TRUE
SKaunwOcgiY,2025-11-06T12:23:59Z,22083,373,1,19,Vespa_velutina,Portugal,Insects,established,trampa,Post-Introduction,Detection,Detection,2011,2011-06-01T12:00:00Z,comment,UgzR11bYWIZw9j2cWlp4AaABAg,,FALSE
SKaunwOcgiY,2025-10-04T16:48:28Z,22083,373,0,19,Vespa_velutina,Portugal,Insects,established,trampa,Post-Introduction,Detection,Detection,2011,2011-06-01T12:00:00Z,comment,Ugzk8FmNEc-nykWkXfx4AaABAg,,FALSE
SKaunwOcgiY,2024-03-18T10:42:22Z,22083,373,1,19,Vespa_velutina,Portugal,Insects,established,establecido,Post-Introduction,Invasion,Invasion,2011,2011-06-01T12:00:00Z,comment,UgwqY3SGXWLAh5TK5D14AaABAg,,FALSE
SKaunwOcgiY,2023-10-14T20:14:13Z,22083,373,1,19,Vespa_velutina,Portugal,Insects,established,invasion,Post-Introduction,Invasion,Invasion,2011,2011-06-01T12:00:00Z,comment,Ugz2u5hNbW4kDVKy5sx4AaABAg,,FALSE
SKaunwOcgiY,2023-10-14T20:14:13Z,22083,373,1,19,Vespa_velutina,Portugal,Insects,established,capturada,Post-Introduction,Detection,Detection,2011,2011-06-01T12:00:00Z,comment,Ugz2u5hNbW4kDVKy5sx4AaABAg,,FALSE
SKaunwOcgiY,2023-10-14T20:14:13Z,22083,373,1,19,Vespa_velutina,Portugal,Insects,established,trampas,Post-Introduction,Detection,Detection,2011,2011-06-01T12:00:00Z,comment,Ugz2u5hNbW4kDVKy5sx4AaABAg,,FALSE
SKaunwOcgiY,2023-10-14T20:14:13Z,22083,373,1,19,Vespa_velutina,Portugal,Insects,established,capturas,Post-Introduction,Detection,Detection,2011,2011-06-01T12:00:00Z,comment,Ugz2u5hNbW4kDVKy5sx4AaABAg,,FALSE
SKaunwOcgiY,2023-10-14T20:14:13Z,22083,373,1,19,Vespa_velutina,Portugal,Insects,established,trampas,Post-Introduction,Detection,Detection,2011,2011-06-01T12:00:00Z,comment,Ugz2u5hNbW4kDVKy5sx4AaABAg,,FALSE
SKaunwOcgiY,2023-10-14T20:14:13Z,22083,373,1,19,Vespa_velutina,Portugal,Insects,established,captures,Post-Introduction,Detection,Detection,2011,2011-06-01T12:00:00Z,comment,Ugz2u5hNbW4kDVKy5sx4AaABAg,,FALSE
SKaunwOcgiY,2023-10-14T20:14:13Z,22083,373,1,19,Vespa_velutina,Portugal,Insects,established,capturas,Post-Introduction,Detection,Detection,2011,2011-06-01T12:00:00Z,comment,Ugz2u5hNbW4kDVKy5sx4AaABAg,,FALSE
SKaunwOcgiY,2023-10-14T20:14:13Z,22083,373,1,19,Vespa_velutina,Portugal,Insects,established,trampas,Post-Introduction,Detection,Detection,2011,2011-06-01T12:00:00Z,comment,Ugz2u5hNbW4kDVKy5sx4AaABAg,,FALSE
SKaunwOcgiY,2023-10-14T20:14:13Z,22083,373,1,19,Vespa_velutina,Portugal,Insects,established,contaminacion,Post-Introduction,Threat,Threat,2011,2011-06-01T12:00:00Z,comment,Ugz2u5hNbW4kDVKy5sx4AaABAg,,FALSE
SKaunwOcgiY,2023-10-14T20:14:13Z,22083,373,1,19,Vespa_velutina,Portugal,Insects,established,captura,Post-Introduction,Detection,Detection,2011,2011-06-01T12:00:00Z,comment,Ugz2u5hNbW4kDVKy5sx4AaABAg,,FALSE
SKaunwOcgiY,2023-09-01T15:44:06Z,22083,373,0,19,Vespa_velutina,Portugal,Insects,established,trampas,Post-Introduction,Detection,Detection,2011,2011-06-01T12:00:00Z,comment,UgyGQsbUZyGY82kUpL54AaABAg.9u4TD4xLcmU9u7PPs9hYk5,UgyGQsbUZyGY82kUpL54AaABAg,TRUE
wNCzKVxxct0,2018-07-28T08:30:33Z,19568,868,2,83,Vespa_velutina,Portugal,Insects,established,competencia,Post-Introduction,Threat,Threat,2011,2011-06-01T12:00:00Z,comment,Ugw7QtIgh9CE4JWx7K14AaABAg,,FALSE
wNCzKVxxct0,2018-08-02T09:14:37Z,19568,868,0,83,Vespa_velutina,Portugal,Insects,established,visto,Post-Introduction,Detection,Detection,2011,2011-06-01T12:00:00Z,comment,Ugw7QtIgh9CE4JWx7K14AaABAg.8jEhSDFcKy18jReTOUi9Ok,Ugw7QtIgh9CE4JWx7K14AaABAg,TRUE
hoc3LhpVh8w,2024-10-19T06:54:33Z,12798,45,0,7,Vespa_velutina,Portugal,Insects,established,peligroso,Post-Introduction,Threat,Threat,2011,2011-06-01T12:00:00Z,comment,Ugx7bDtwDbt1tQ8zn6p4AaABAg,,FALSE
hoc3LhpVh8w,2024-07-18T12:43:04Z,12798,45,0,7,Vespa_velutina,Portugal,Insects,established,veneno,Post-Introduction,Threat,Threat,2011,2011-06-01T12:00:00Z,comment,Ugz-MLrh0gI2ED1LO6h4AaABAg,,FALSE
KWSaoIqbPHA,2023-08-12T06:03:51Z,69183,907,10,33,Vespa_velutina,Portugal,Insects,established,peligro,Post-Introduction,Threat,Threat,2011,2011-06-01T12:00:00Z,comment,UgxwFRcfX2R3YyDymKZ4AaABAg.9tIT9mZI3u89tIs6_D06CH,UgxwFRcfX2R3YyDymKZ4AaABAg,TRUE
KWSaoIqbPHA,2023-08-15T15:29:29Z,69183,907,0,33,Vespa_velutina,Portugal,Insects,established,plaga,Post-Introduction,Invasion,Invasion,2011,2011-06-01T12:00:00Z,comment,UgxwFRcfX2R3YyDymKZ4AaABAg.9tIT9mZI3u89tRbE5iSsm-,UgxwFRcfX2R3YyDymKZ4AaABAg,TRUE
_uVdUKjecgo,2019-09-23T03:34:43Z,32818,138,1,8,Vespa_velutina,Portugal,Insects,established,invadir,Post-Introduction,Invasion,Invasion,2011,2011-06-01T12:00:00Z,comment,UgxOW6D_WotK0n2pxfx4AaABAg,,FALSE
_uVdUKjecgo,2018-09-12T06:35:14Z,32818,138,0,8,Vespa_velutina,Portugal,Insects,established,veneno,Post-Introduction,Threat,Threat,2011,2011-06-01T12:00:00Z,comment,UgxCMzAz9U7-9L2xzEJ4AaABAg,,FALSE
acYv6m43Ncg,2025-08-29T15:13:54Z,12696,310,0,3,Vespa_velutina,Portugal,Insects,established,trampas,Post-Introduction,Detection,Detection,2011,2011-06-01T12:00:00Z,comment,UgyB85U991_uXPojF-F4AaABAg,,FALSE
acYv6m43Ncg,2025-10-02T10:00:42Z,12696,310,0,3,Vespa_velutina,Portugal,Insects,established,barata,Post-Introduction,eCommerce,eCommerce,2011,2011-06-01T12:00:00Z,comment,UgyOW40uiz1ZoaPK2Q94AaABAg.AN7m-tq0fGuANlsq_NkURt,UgyOW40uiz1ZoaPK2Q94AaABAg,TRUE
acYv6m43Ncg,2025-08-29T15:16:07Z,12696,310,0,3,Vespa_velutina,Portugal,Insects,established,trampas,Post-Introduction,Detection,Detection,2011,2011-06-01T12:00:00Z,comment,UgyB85U991_uXPojF-F4AaABAg.AMPtek4ANXAAMPtuvml3dh,UgyB85U991_uXPojF-F4AaABAg,TRUE
acYv6m43Ncg,2025-08-02T22:07:53Z,12696,310,0,3,Vespa_velutina,Portugal,Insects,established,trampa,Post-Introduction,Detection,Detection,2011,2011-06-01T12:00:00Z,comment,UgxS5N81u1rjGwctZVN4AaABAg.9tHR4MHF1kOALL6_BNx3j0,UgxS5N81u1rjGwctZVN4AaABAg,TRUE
IHa5t68Yqyo,2019-09-28T08:16:50Z,297,4,0,1,Vespa_velutina,Portugal,Insects,established,trampas,Post-Introduction,Detection,Detection,2011,2011-06-01T12:00:00Z,comment,Ugw6twiXuziDFkgHPit4AaABAg,,FALSE
IHa5t68Yqyo,2019-09-28T08:16:50Z,297,4,0,1,Vespa_velutina,Portugal,Insects,established,trampas,Post-Introduction,Detection,Detection,2011,2011-06-01T12:00:00Z,comment,Ugw6twiXuziDFkgHPit4AaABAg,,FALSE
_ipMjAKWW38,2013-10-08T16:54:17Z,3879,13,0,1,Vespa_velutina,Portugal,Insects,established,peligrosa,Post-Introduction,Threat,Threat,2011,2011-06-01T12:00:00Z,comment,UgzlS__yR3AtPTLuw2x4AaABAg,,FALSE
kt7ksi_oAsM,2020-05-04T16:06:28Z,4858,43,1,4,Vespa_velutina,Portugal,Insects,established,invasion,Post-Introduction,Invasion,Invasion,2011,2011-06-01T12:00:00Z,comment,UgxYcAFn5aP7gzwNHCZ4AaABAg,,FALSE
kt7ksi_oAsM,2020-05-04T16:06:28Z,4858,43,1,4,Vespa_velutina,Portugal,Insects,established,control,Post-Introduction,Detection,Detection,2011,2011-06-01T12:00:00Z,comment,UgxYcAFn5aP7gzwNHCZ4AaABAg,,FALSE
-s2Jk_3BUJ0,2022-11-08T16:23:38Z,42854,443,0,43,Vespa_velutina,Portugal,Insects,established,extincion,Post-Introduction,Threat,Threat,2011,2011-06-01T12:00:00Z,comment,UgwLU5OLJYVlCX7GW_d4AaABAg,,FALSE
-s2Jk_3BUJ0,2022-08-02T10:51:47Z,42854,443,0,43,Vespa_velutina,Portugal,Insects,established,trampas,Post-Introduction,Detection,Detection,2011,2011-06-01T12:00:00Z,comment,Ugyez_7JsiDHfx_N8G94AaABAg,,FALSE
-s2Jk_3BUJ0,2021-07-18T23:18:10Z,42854,443,0,43,Vespa_velutina,Portugal,Insects,established,visto,Post-Introduction,Detection,Detection,2011,2011-06-01T12:00:00Z,comment,UgwOtHohhWGUhVC5t3h4AaABAg,,FALSE
-s2Jk_3BUJ0,2019-08-11T17:09:15Z,42854,443,2,43,Vespa_velutina,Portugal,Insects,established,trampas,Post-Introduction,Detection,Detection,2011,2011-06-01T12:00:00Z,comment,Ugz9Yv_i3yuPqgC8pb14AaABAg,,FALSE
-s2Jk_3BUJ0,2019-08-11T17:09:15Z,42854,443,2,43,Vespa_velutina,Portugal,Insects,established,trampa,Post-Introduction,Detection,Detection,2011,2011-06-01T12:00:00Z,comment,Ugz9Yv_i3yuPqgC8pb14AaABAg,,FALSE
-s2Jk_3BUJ0,2018-06-17T20:05:51Z,42854,443,1,43,Vespa_velutina,Portugal,Insects,established,trampas,Post-Introduction,Detection,Detection,2011,2011-06-01T12:00:00Z,comment,UgyBxZ05wQHheZGfU_94AaABAg,,FALSE
-s2Jk_3BUJ0,2017-08-07T15:00:43Z,42854,443,1,43,Vespa_velutina,Portugal,Insects,established,alien,Post-Introduction,Invasion,Invasion,2011,2011-06-01T12:00:00Z,comment,UgxT0eWmzQIqjMi1qph4AaABAg,,FALSE
-s2Jk_3BUJ0,2018-06-18T14:14:00Z,42854,443,1,43,Vespa_velutina,Portugal,Insects,established,capturar,Post-Introduction,Detection,Detection,2011,2011-06-01T12:00:00Z,comment,UgyBxZ05wQHheZGfU_94AaABAg.8hbNQsWu-aB8hdJxi7l8aQ,UgyBxZ05wQHheZGfU_94AaABAg,TRUE
-s2Jk_3BUJ0,2018-06-18T14:14:00Z,42854,443,1,43,Vespa_velutina,Portugal,Insects,established,expansion,Post-Introduction,Invasion,Invasion,2011,2011-06-01T12:00:00Z,comment,UgyBxZ05wQHheZGfU_94AaABAg.8hbNQsWu-aB8hdJxi7l8aQ,UgyBxZ05wQHheZGfU_94AaABAg,TRUE
-s2Jk_3BUJ0,2018-06-18T14:14:00Z,42854,443,1,43,Vespa_velutina,Portugal,Insects,established,capturar,Post-Introduction,Detection,Detection,2011,2011-06-01T12:00:00Z,comment,UgyBxZ05wQHheZGfU_94AaABAg.8hbNQsWu-aB8hdJxi7l8aQ,UgyBxZ05wQHheZGfU_94AaABAg,TRUE
-s2Jk_3BUJ0,2018-06-18T14:14:00Z,42854,443,1,43,Vespa_velutina,Portugal,Insects,established,control,Post-Introduction,Detection,Detection,2011,2011-06-01T12:00:00Z,comment,UgyBxZ05wQHheZGfU_94AaABAg.8hbNQsWu-aB8hdJxi7l8aQ,UgyBxZ05wQHheZGfU_94AaABAg,TRUE
-s2Jk_3BUJ0,2018-06-20T20:37:10Z,42854,443,1,43,Vespa_velutina,Portugal,Insects,established,trampas,Post-Introduction,Detection,Detection,2011,2011-06-01T12:00:00Z,comment,UgyBxZ05wQHheZGfU_94AaABAg.8hbNQsWu-aB8hj9OqpSFES,UgyBxZ05wQHheZGfU_94AaABAg,TRUE
-s2Jk_3BUJ0,2018-06-20T20:37:10Z,42854,443,1,43,Vespa_velutina,Portugal,Insects,established,trampas,Post-Introduction,Detection,Detection,2011,2011-06-01T12:00:00Z,comment,UgyBxZ05wQHheZGfU_94AaABAg.8hbNQsWu-aB8hj9OqpSFES,UgyBxZ05wQHheZGfU_94AaABAg,TRUE
-s2Jk_3BUJ0,2018-06-20T20:37:10Z,42854,443,1,43,Vespa_velutina,Portugal,Insects,established,trampa,Post-Introduction,Detection,Detection,2011,2011-06-01T12:00:00Z,comment,UgyBxZ05wQHheZGfU_94AaABAg.8hbNQsWu-aB8hj9OqpSFES,UgyBxZ05wQHheZGfU_94AaABAg,TRUE
-s2Jk_3BUJ0,2018-06-26T21:59:40Z,42854,443,1,43,Vespa_velutina,Portugal,Insects,established,capturar,Post-Introduction,Detection,Detection,2011,2011-06-01T12:00:00Z,comment,UgyBxZ05wQHheZGfU_94AaABAg.8hbNQsWu-aB8hykbKN0i2M,UgyBxZ05wQHheZGfU_94AaABAg,TRUE
-s2Jk_3BUJ0,2018-06-26T21:59:40Z,42854,443,1,43,Vespa_velutina,Portugal,Insects,established,expansion,Post-Introduction,Invasion,Invasion,2011,2011-06-01T12:00:00Z,comment,UgyBxZ05wQHheZGfU_94AaABAg.8hbNQsWu-aB8hykbKN0i2M,UgyBxZ05wQHheZGfU_94AaABAg,TRUE
-s2Jk_3BUJ0,2018-06-26T21:59:40Z,42854,443,1,43,Vespa_velutina,Portugal,Insects,established,trampas,Post-Introduction,Detection,Detection,2011,2011-06-01T12:00:00Z,comment,UgyBxZ05wQHheZGfU_94AaABAg.8hbNQsWu-aB8hykbKN0i2M,UgyBxZ05wQHheZGfU_94AaABAg,TRUE
-s2Jk_3BUJ0,2018-06-26T21:59:40Z,42854,443,1,43,Vespa_velutina,Portugal,Insects,established,captura,Post-Introduction,Detection,Detection,2011,2011-06-01T12:00:00Z,comment,UgyBxZ05wQHheZGfU_94AaABAg.8hbNQsWu-aB8hykbKN0i2M,UgyBxZ05wQHheZGfU_94AaABAg,TRUE
JWYd2KeMCtM,2023-02-22T20:10:48Z,4098,89,0,25,Vespa_velutina,Portugal,Insects,established,trampas,Post-Introduction,Detection,Detection,2011,2011-06-01T12:00:00Z,comment,UgwgqafGbbykcoNqMZx4AaABAg,,FALSE
JWYd2KeMCtM,2022-08-02T20:52:28Z,4098,89,2,25,Vespa_velutina,Portugal,Insects,established,visto,Post-Introduction,Detection,Detection,2011,2011-06-01T12:00:00Z,comment,UgwLegsKna3IT_KijfZ4AaABAg,,FALSE
JWYd2KeMCtM,2022-07-27T18:31:20Z,4098,89,2,25,Vespa_velutina,Portugal,Insects,established,dinero,Post-Introduction,eCommerce,eCommerce,2011,2011-06-01T12:00:00Z,comment,UgxhSGhgkRUFrUWiQ7R4AaABAg,,FALSE
JWYd2KeMCtM,2022-07-27T10:50:40Z,4098,89,1,25,Vespa_velutina,Portugal,Insects,established,trampa,Post-Introduction,Detection,Detection,2011,2011-06-01T12:00:00Z,comment,Ugy57HYcsD4TKo7q01F4AaABAg,,FALSE
JWYd2KeMCtM,2022-07-27T08:42:02Z,4098,89,3,25,Vespa_velutina,Portugal,Insects,established,visto,Post-Introduction,Detection,Detection,2011,2011-06-01T12:00:00Z,comment,UgzA1s4XkMjqmw4bNSt4AaABAg,,FALSE
JWYd2KeMCtM,2022-07-27T08:42:02Z,4098,89,3,25,Vespa_velutina,Portugal,Insects,established,trampas,Post-Introduction,Detection,Detection,2011,2011-06-01T12:00:00Z,comment,UgzA1s4XkMjqmw4bNSt4AaABAg,,FALSE
JWYd2KeMCtM,2022-07-26T21:53:09Z,4098,89,0,25,Vespa_velutina,Portugal,Insects,established,trampas,Post-Introduction,Detection,Detection,2011,2011-06-01T12:00:00Z,comment,Ugwwb9vI9ZWNfRYON5t4AaABAg,,FALSE
JWYd2KeMCtM,2022-08-02T21:06:07Z,4098,89,1,25,Vespa_velutina,Portugal,Insects,established,expansion,Post-Introduction,Invasion,Invasion,2011,2011-06-01T12:00:00Z,comment,UgwLegsKna3IT_KijfZ4AaABAg.9eErhtZ5BUt9eEtGpwxilg,UgwLegsKna3IT_KijfZ4AaABAg,TRUE
JWYd2KeMCtM,2022-07-28T19:14:23Z,4098,89,1,25,Vespa_velutina,Portugal,Insects,established,costes,Post-Introduction,eCommerce,eCommerce,2011,2011-06-01T12:00:00Z,comment,UgxhSGhgkRUFrUWiQ7R4AaABAg.9e-9mzDHATe9e1oW6z0go4,UgxhSGhgkRUFrUWiQ7R4AaABAg,TRUE
JWYd2KeMCtM,2022-07-27T02:45:30Z,4098,89,0,25,Vespa_velutina,Portugal,Insects,established,trampas,Post-Introduction,Detection,Detection,2011,2011-06-01T12:00:00Z,comment,Ugwwb9vI9ZWNfRYON5t4AaABAg.9dxx5Cu3kvs9dyTYTj86qN,Ugwwb9vI9ZWNfRYON5t4AaABAg,TRUE
JWYd2KeMCtM,2022-07-27T12:20:05Z,4098,89,1,25,Vespa_velutina,Portugal,Insects,established,trampas,Post-Introduction,Detection,Detection,2011,2011-06-01T12:00:00Z,comment,Ugwwb9vI9ZWNfRYON5t4AaABAg.9dxx5Cu3kvs9dzVInOnJIA,Ugwwb9vI9ZWNfRYON5t4AaABAg,TRUE
edu8gEIzAmw,2020-06-07T00:32:15Z,201397,407,0,33,Vespa_velutina,Portugal,Insects,established,encontre,Post-Introduction,Detection,Detection,2011,2011-06-01T12:00:00Z,comment,UgzVIa_3ZenT1gKX7sd4AaABAg,,FALSE
edu8gEIzAmw,2020-05-05T20:18:23Z,201397,407,0,33,Vespa_velutina,Portugal,Insects,established,invasor,Post-Introduction,Invasion,Invasion,2011,2011-06-01T12:00:00Z,comment,UgxaGgCykDOMx-Kc_DR4AaABAg.919CCsRUTQh98Hwld8nbeW,UgxaGgCykDOMx-Kc_DR4AaABAg,TRUE
sbHjYXs6VJU,2025-04-18T15:22:44Z,2667,296,1,19,Vespa_velutina,Portugal,Insects,established,trampas,Post-Introduction,Detection,Detection,2011,2011-06-01T12:00:00Z,comment,UgyO5sQXhEPYOdNHoGF4AaABAg,,FALSE
sbHjYXs6VJU,2025-04-18T15:22:44Z,2667,296,1,19,Vespa_velutina,Portugal,Insects,established,trampas,Post-Introduction,Detection,Detection,2011,2011-06-01T12:00:00Z,comment,UgyO5sQXhEPYOdNHoGF4AaABAg,,FALSE
Ts_ScnLyvVU,2022-01-11T00:52:08Z,3333,99,0,37,Vespa_velutina,Portugal,Insects,established,comprar,Post-Introduction,eCommerce,eCommerce,2011,2011-06-01T12:00:00Z,comment,Ugxqvp7g9rCKeCxM1o94AaABAg,,FALSE
Ts_ScnLyvVU,2022-01-08T01:15:38Z,3333,99,0,37,Vespa_velutina,Portugal,Insects,established,dinero,Post-Introduction,eCommerce,eCommerce,2011,2011-06-01T12:00:00Z,comment,UgylCUhJh1urIYo_uQJ4AaABAg,,FALSE
Ts_ScnLyvVU,2022-01-05T22:29:06Z,3333,99,1,37,Vespa_velutina,Portugal,Insects,established,capturar,Post-Introduction,Detection,Detection,2011,2011-06-01T12:00:00Z,comment,UgzKkG0z4vyxMgtzpLF4AaABAg,,FALSE
Ts_ScnLyvVU,2022-01-05T22:29:06Z,3333,99,1,37,Vespa_velutina,Portugal,Insects,established,trampas,Post-Introduction,Detection,Detection,2011,2011-06-01T12:00:00Z,comment,UgzKkG0z4vyxMgtzpLF4AaABAg,,FALSE
Ts_ScnLyvVU,2022-01-04T23:11:15Z,3333,99,1,37,Vespa_velutina,Portugal,Insects,established,trampas,Post-Introduction,Detection,Detection,2011,2011-06-01T12:00:00Z,comment,UgwKeWSsldmA5mNnVcJ4AaABAg,,FALSE
Ts_ScnLyvVU,2022-01-04T23:11:15Z,3333,99,1,37,Vespa_velutina,Portugal,Insects,established,visto,Post-Introduction,Detection,Detection,2011,2011-06-01T12:00:00Z,comment,UgwKeWSsldmA5mNnVcJ4AaABAg,,FALSE
Ts_ScnLyvVU,2022-01-04T19:20:31Z,3333,99,3,37,Vespa_velutina,Portugal,Insects,established,establecida,Post-Introduction,Invasion,Invasion,2011,2011-06-01T12:00:00Z,comment,UgwWucPCBQqjwOG1rWF4AaABAg,,FALSE
Ts_ScnLyvVU,2022-01-04T19:20:31Z,3333,99,3,37,Vespa_velutina,Portugal,Insects,established,reproduciendose,Post-Introduction,Invasion,Invasion,2011,2011-06-01T12:00:00Z,comment,UgwWucPCBQqjwOG1rWF4AaABAg,,FALSE
Ts_ScnLyvVU,2022-08-08T12:20:11Z,3333,99,0,37,Vespa_velutina,Portugal,Insects,established,veneno,Post-Introduction,Threat,Threat,2011,2011-06-01T12:00:00Z,comment,UgzOuON9dDiHj8yDJLZ4AaABAg.9eQxU8R5fcQ9eTOr1iYK-3,UgzOuON9dDiHj8yDJLZ4AaABAg,TRUE
Ts_ScnLyvVU,2022-01-04T22:07:40Z,3333,99,0,37,Vespa_velutina,Portugal,Insects,established,trampas,Post-Introduction,Detection,Detection,2011,2011-06-01T12:00:00Z,comment,UgwWucPCBQqjwOG1rWF4AaABAg.9WmyFj7y95M9WnGNx9yI9T,UgwWucPCBQqjwOG1rWF4AaABAg,TRUE
Jyed3xj1mQo,2024-10-04T16:39:03Z,1366,53,0,4,Vespa_velutina,Portugal,Insects,established,encontre,Post-Introduction,Detection,Detection,2011,2011-06-01T12:00:00Z,comment,UgxE7-IQofSBtEOgDwF4AaABAg.9wYGtETd9jxA9AtsWkTigG,UgxE7-IQofSBtEOgDwF4AaABAg,TRUE
Jyed3xj1mQo,2024-10-04T16:38:48Z,1366,53,0,4,Vespa_velutina,Portugal,Insects,established,encontre,Post-Introduction,Detection,Detection,2011,2011-06-01T12:00:00Z,comment,UgzcQq84ynQgLYD7oZx4AaABAg.9wYG0AHcultA9Atqf0zSzp,UgzcQq84ynQgLYD7oZx4AaABAg,TRUE
dLdj0SbAmGw,2018-01-17T09:50:06Z,15317,80,0,4,Vespa_velutina,Portugal,Insects,established,invasora,Post-Introduction,Invasion,Invasion,2011,2011-06-01T12:00:00Z,comment,Ugyo-aU-leovbtonc2l4AaABAg.8GcEsTfSge58bWSvwK4WMa,Ugyo-aU-leovbtonc2l4AaABAg,TRUE
8jiJ-emDXiQ,2020-09-29T03:09:15Z,19044,148,0,15,Vespa_velutina,Portugal,Insects,established,encontrado,Post-Introduction,Detection,Detection,2011,2011-06-01T12:00:00Z,comment,UgzJHWOHjII6zBdfQD54AaABAg,,FALSE
8jiJ-emDXiQ,2019-06-12T01:51:02Z,19044,148,0,15,Vespa_velutina,Portugal,Insects,established,reciente,Post-Introduction,Detection,Detection,2011,2011-06-01T12:00:00Z,comment,UgxlsJHaGuj3j7sRBV54AaABAg,,FALSE
8jiJ-emDXiQ,2018-12-26T20:42:08Z,19044,148,3,15,Vespa_velutina,Portugal,Insects,established,trampas,Post-Introduction,Detection,Detection,2011,2011-06-01T12:00:00Z,comment,UgyEBq2IWmGP0ntQnF14AaABAg,,FALSE
8jiJ-emDXiQ,2018-12-26T20:42:08Z,19044,148,3,15,Vespa_velutina,Portugal,Insects,established,trampas,Post-Introduction,Detection,Detection,2011,2011-06-01T12:00:00Z,comment,UgyEBq2IWmGP0ntQnF14AaABAg,,FALSE
8jiJ-emDXiQ,2013-11-26T01:16:27Z,19044,148,1,15,Vespa_velutina,Portugal,Insects,established,plaga,Post-Introduction,Invasion,Invasion,2011,2011-06-01T12:00:00Z,comment,Ughe5X3G3QP_0XgCoAEC,,FALSE
8jiJ-emDXiQ,2013-01-13T14:10:22Z,19044,148,0,15,Vespa_velutina,Portugal,Insects,established,visto,Post-Introduction,Detection,Detection,2011,2011-06-01T12:00:00Z,comment,UgwBNKGWqa2JrDmbbQV4AaABAg,,FALSE
8jiJ-emDXiQ,2013-01-13T14:10:22Z,19044,148,0,15,Vespa_velutina,Portugal,Insects,established,trampa,Post-Introduction,Detection,Detection,2011,2011-06-01T12:00:00Z,comment,UgwBNKGWqa2JrDmbbQV4AaABAg,,FALSE
iBbQN0IbMFw,2018-11-01T02:11:13Z,1691,18,0,3,Vespa_velutina,Portugal,Insects,established,plagas,Post-Introduction,Invasion,Invasion,2011,2011-06-01T12:00:00Z,comment,UgzqEbcYQIopTQkVDjx4AaABAg,,FALSE
TvQBlmvo2XY,2020-06-07T17:20:44Z,33018,455,1,60,Vespa_velutina,Portugal,Insects,established,introducida,Post-Introduction,Invasion,Invasion,2011,2011-06-01T12:00:00Z,comment,Ugz5sHiH-Po8tr2_gjV4AaABAg,,FALSE
TvQBlmvo2XY,2018-09-28T15:56:53Z,33018,455,1,60,Vespa_velutina,Portugal,Insects,established,invasion,Post-Introduction,Invasion,Invasion,2011,2011-06-01T12:00:00Z,comment,UgwT4OMSgb9hkiGP2cR4AaABAg,,FALSE
TvQBlmvo2XY,2018-09-28T15:56:53Z,33018,455,1,60,Vespa_velutina,Portugal,Insects,established,visto,Post-Introduction,Detection,Detection,2011,2011-06-01T12:00:00Z,comment,UgwT4OMSgb9hkiGP2cR4AaABAg,,FALSE
TvQBlmvo2XY,2018-09-28T15:56:53Z,33018,455,1,60,Vespa_velutina,Portugal,Insects,established,visto,Post-Introduction,Detection,Detection,2011,2011-06-01T12:00:00Z,comment,UgwT4OMSgb9hkiGP2cR4AaABAg,,FALSE
TvQBlmvo2XY,2018-09-28T15:56:53Z,33018,455,1,60,Vespa_velutina,Portugal,Insects,established,visto,Post-Introduction,Detection,Detection,2011,2011-06-01T12:00:00Z,comment,UgwT4OMSgb9hkiGP2cR4AaABAg,,FALSE
TvQBlmvo2XY,2018-09-05T16:39:11Z,33018,455,1,60,Vespa_velutina,Portugal,Insects,established,plaga,Post-Introduction,Invasion,Invasion,2011,2011-06-01T12:00:00Z,comment,UgxQnMhlcsBQB8Q9gEp4AaABAg,,FALSE
TvQBlmvo2XY,2018-09-05T16:39:11Z,33018,455,1,60,Vespa_velutina,Portugal,Insects,established,controlada,Post-Introduction,Detection,Detection,2011,2011-06-01T12:00:00Z,comment,UgxQnMhlcsBQB8Q9gEp4AaABAg,,FALSE
TvQBlmvo2XY,2018-09-01T01:26:43Z,33018,455,1,60,Vespa_velutina,Portugal,Insects,established,invasion,Post-Introduction,Invasion,Invasion,2011,2011-06-01T12:00:00Z,comment,UgyjrDhV9asw3NY3ZQN4AaABAg,,FALSE
TvQBlmvo2XY,2018-08-28T01:14:50Z,33018,455,4,60,Vespa_velutina,Portugal,Insects,established,plaga,Post-Introduction,Invasion,Invasion,2011,2011-06-01T12:00:00Z,comment,UgyTJUMgcA0LUzuyQi94AaABAg,,FALSE
TvQBlmvo2XY,2018-08-28T01:14:50Z,33018,455,4,60,Vespa_velutina,Portugal,Insects,established,visto,Post-Introduction,Detection,Detection,2011,2011-06-01T12:00:00Z,comment,UgyTJUMgcA0LUzuyQi94AaABAg,,FALSE
TvQBlmvo2XY,2018-08-26T18:54:50Z,33018,455,1,60,Vespa_velutina,Portugal,Insects,established,trampas,Post-Introduction,Detection,Detection,2011,2011-06-01T12:00:00Z,comment,UgwULQila75Bh36M6PJ4AaABAg,,FALSE
TvQBlmvo2XY,2018-08-21T19:32:03Z,33018,455,1,60,Vespa_velutina,Portugal,Insects,established,visto,Post-Introduction,Detection,Detection,2011,2011-06-01T12:00:00Z,comment,UgwMV3RA20pRSiH4Sd94AaABAg,,FALSE
TvQBlmvo2XY,2018-08-20T06:28:12Z,33018,455,1,60,Vespa_velutina,Portugal,Insects,established,dispersar,Post-Introduction,Invasion,Invasion,2011,2011-06-01T12:00:00Z,comment,UgyQfkbkjgJib5DMbnZ4AaABAg,,FALSE
TvQBlmvo2XY,2018-08-18T16:20:51Z,33018,455,1,60,Vespa_velutina,Portugal,Insects,established,visto,Post-Introduction,Detection,Detection,2011,2011-06-01T12:00:00Z,comment,Ugwwdwbv6b8u0JjQmzV4AaABAg,,FALSE
TvQBlmvo2XY,2018-08-18T16:20:51Z,33018,455,1,60,Vespa_velutina,Portugal,Insects,established,captura,Post-Introduction,Detection,Detection,2011,2011-06-01T12:00:00Z,comment,Ugwwdwbv6b8u0JjQmzV4AaABAg,,FALSE
TvQBlmvo2XY,2018-08-18T16:20:51Z,33018,455,1,60,Vespa_velutina,Portugal,Insects,established,trampas,Post-Introduction,Detection,Detection,2011,2011-06-01T12:00:00Z,comment,Ugwwdwbv6b8u0JjQmzV4AaABAg,,FALSE
TvQBlmvo2XY,2018-08-18T16:20:51Z,33018,455,1,60,Vespa_velutina,Portugal,Insects,established,trampa,Post-Introduction,Detection,Detection,2011,2011-06-01T12:00:00Z,comment,Ugwwdwbv6b8u0JjQmzV4AaABAg,,FALSE
TvQBlmvo2XY,2018-08-18T16:20:51Z,33018,455,1,60,Vespa_velutina,Portugal,Insects,established,trampas,Post-Introduction,Detection,Detection,2011,2011-06-01T12:00:00Z,comment,Ugwwdwbv6b8u0JjQmzV4AaABAg,,FALSE
TvQBlmvo2XY,2018-08-18T16:20:51Z,33018,455,1,60,Vespa_velutina,Portugal,Insects,established,controlar,Post-Introduction,Detection,Detection,2011,2011-06-01T12:00:00Z,comment,Ugwwdwbv6b8u0JjQmzV4AaABAg,,FALSE
TvQBlmvo2XY,2018-08-18T16:20:51Z,33018,455,1,60,Vespa_velutina,Portugal,Insects,established,trampas,Post-Introduction,Detection,Detection,2011,2011-06-01T12:00:00Z,comment,Ugwwdwbv6b8u0JjQmzV4AaABAg,,FALSE
TvQBlmvo2XY,2018-06-28T20:46:11Z,33018,455,1,60,Vespa_velutina,Portugal,Insects,established,capturado,Post-Introduction,Detection,Detection,2011,2011-06-01T12:00:00Z,comment,UgyTptFgoVTQs7SVJBp4AaABAg,,FALSE
TvQBlmvo2XY,2018-06-28T20:46:11Z,33018,455,1,60,Vespa_velutina,Portugal,Insects,established,visto,Post-Introduction,Detection,Detection,2011,2011-06-01T12:00:00Z,comment,UgyTptFgoVTQs7SVJBp4AaABAg,,FALSE
TvQBlmvo2XY,2018-05-07T13:07:22Z,33018,455,1,60,Vespa_velutina,Portugal,Insects,established,armadilhas,Post-Introduction,Detection,Detection,2011,2011-06-01T12:00:00Z,comment,Ugxy2FXW36I9FFRknC54AaABAg,,FALSE
TvQBlmvo2XY,2018-05-05T08:11:18Z,33018,455,5,60,Vespa_velutina,Portugal,Insects,established,plaga,Post-Introduction,Invasion,Invasion,2011,2011-06-01T12:00:00Z,comment,UgxH0BOMQWlspI3tsKV4AaABAg,,FALSE
TvQBlmvo2XY,2018-05-05T08:11:18Z,33018,455,5,60,Vespa_velutina,Portugal,Insects,established,invade,Post-Introduction,Invasion,Invasion,2011,2011-06-01T12:00:00Z,comment,UgxH0BOMQWlspI3tsKV4AaABAg,,FALSE
TvQBlmvo2XY,2018-05-04T12:30:10Z,33018,455,2,60,Vespa_velutina,Portugal,Insects,established,trampas,Post-Introduction,Detection,Detection,2011,2011-06-01T12:00:00Z,comment,Ugye17aPtHy_H38mnZJ4AaABAg,,FALSE
TvQBlmvo2XY,2018-08-20T22:11:31Z,33018,455,2,60,Vespa_velutina,Portugal,Insects,established,capturado,Post-Introduction,Detection,Detection,2011,2011-06-01T12:00:00Z,comment,Ugwwdwbv6b8u0JjQmzV4AaABAg.8k5by71Wg8n8kBOgHzfQVX,Ugwwdwbv6b8u0JjQmzV4AaABAg,TRUE
TvQBlmvo2XY,2018-05-07T13:56:42Z,33018,455,1,60,Vespa_velutina,Portugal,Insects,established,trampa,Post-Introduction,Detection,Detection,2011,2011-06-01T12:00:00Z,comment,Ugxy2FXW36I9FFRknC54AaABAg.8fx2wrkEkwY8fx8aJmdwKF,Ugxy2FXW36I9FFRknC54AaABAg,TRUE
TvQBlmvo2XY,2018-05-07T17:22:02Z,33018,455,1,60,Vespa_velutina,Portugal,Insects,established,armadilha,Post-Introduction,Detection,Detection,2011,2011-06-01T12:00:00Z,comment,Ugxy2FXW36I9FFRknC54AaABAg.8fx2wrkEkwY8fxW5AHDYKD,Ugxy2FXW36I9FFRknC54AaABAg,TRUE
TvQBlmvo2XY,2018-05-05T19:22:09Z,33018,455,2,60,Vespa_velutina,Portugal,Insects,established,aparecer,Post-Introduction,Detection,Detection,2011,2011-06-01T12:00:00Z,comment,Ugye17aPtHy_H38mnZJ4AaABAg.8fpGIoHES5_8fs_F7kuqBZ,Ugye17aPtHy_H38mnZJ4AaABAg,TRUE
TvQBlmvo2XY,2018-05-05T19:22:09Z,33018,455,2,60,Vespa_velutina,Portugal,Insects,established,capturadas,Post-Introduction,Detection,Detection,2011,2011-06-01T12:00:00Z,comment,Ugye17aPtHy_H38mnZJ4AaABAg.8fpGIoHES5_8fs_F7kuqBZ,Ugye17aPtHy_H38mnZJ4AaABAg,TRUE
TvQBlmvo2XY,2018-05-05T19:35:38Z,33018,455,2,60,Vespa_velutina,Portugal,Insects,established,trampas,Post-Introduction,Detection,Detection,2011,2011-06-01T12:00:00Z,comment,Ugye17aPtHy_H38mnZJ4AaABAg.8fpGIoHES5_8fsamy5Tgzh,Ugye17aPtHy_H38mnZJ4AaABAg,TRUE
TvQBlmvo2XY,2018-05-06T07:27:03Z,33018,455,6,60,Vespa_velutina,Portugal,Insects,established,capturado,Post-Introduction,Detection,Detection,2011,2011-06-01T12:00:00Z,comment,Ugye17aPtHy_H38mnZJ4AaABAg.8fpGIoHES5_8ftsCSZ1KJs,Ugye17aPtHy_H38mnZJ4AaABAg,TRUE
TvQBlmvo2XY,2018-05-06T07:27:03Z,33018,455,6,60,Vespa_velutina,Portugal,Insects,established,trampas,Post-Introduction,Detection,Detection,2011,2011-06-01T12:00:00Z,comment,Ugye17aPtHy_H38mnZJ4AaABAg.8fpGIoHES5_8ftsCSZ1KJs,Ugye17aPtHy_H38mnZJ4AaABAg,TRUE
TvQBlmvo2XY,2018-05-06T07:27:03Z,33018,455,6,60,Vespa_velutina,Portugal,Insects,established,trampa,Post-Introduction,Detection,Detection,2011,2011-06-01T12:00:00Z,comment,Ugye17aPtHy_H38mnZJ4AaABAg.8fpGIoHES5_8ftsCSZ1KJs,Ugye17aPtHy_H38mnZJ4AaABAg,TRUE
TvQBlmvo2XY,2018-05-06T09:45:25Z,33018,455,2,60,Vespa_velutina,Portugal,Insects,established,invasion,Post-Introduction,Invasion,Invasion,2011,2011-06-01T12:00:00Z,comment,Ugye17aPtHy_H38mnZJ4AaABAg.8fpGIoHES5_8fu71sH-6Uf,Ugye17aPtHy_H38mnZJ4AaABAg,TRUE
LHiTwT_Erd4,2018-09-12T22:16:18Z,36774,393,1,23,Vespa_velutina,Portugal,Insects,established,plagas,Post-Introduction,Invasion,Invasion,2011,2011-06-01T12:00:00Z,comment,UgzjvcJuozOZeEUj4bt4AaABAg,,FALSE
LHiTwT_Erd4,2018-09-12T22:16:18Z,36774,393,1,23,Vespa_velutina,Portugal,Insects,established,trampa,Post-Introduction,Detection,Detection,2011,2011-06-01T12:00:00Z,comment,UgzjvcJuozOZeEUj4bt4AaABAg,,FALSE
LHiTwT_Erd4,2018-07-27T02:23:53Z,36774,393,1,23,Vespa_velutina,Portugal,Insects,established,trampa,Post-Introduction,Detection,Detection,2011,2011-06-01T12:00:00Z,comment,Ugzi75x4J7VeObFonSJ4AaABAg,,FALSE
LHiTwT_Erd4,2017-04-11T11:24:33Z,36774,393,1,23,Vespa_velutina,Portugal,Insects,established,trampa,Post-Introduction,Detection,Detection,2011,2011-06-01T12:00:00Z,comment,Ugg7piMYAfWnYXgCoAEC,,FALSE
LHiTwT_Erd4,2017-04-11T11:24:33Z,36774,393,1,23,Vespa_velutina,Portugal,Insects,established,trampas,Post-Introduction,Detection,Detection,2011,2011-06-01T12:00:00Z,comment,Ugg7piMYAfWnYXgCoAEC,,FALSE
LHiTwT_Erd4,2017-04-11T11:24:33Z,36774,393,1,23,Vespa_velutina,Portugal,Insects,established,trampas,Post-Introduction,Detection,Detection,2011,2011-06-01T12:00:00Z,comment,Ugg7piMYAfWnYXgCoAEC,,FALSE
LHiTwT_Erd4,2021-08-06T13:45:42Z,36774,393,1,23,Vespa_velutina,Portugal,Insects,established,plagas,Post-Introduction,Invasion,Invasion,2011,2011-06-01T12:00:00Z,comment,Ugxh2CEa4OXUQbWHR414AaABAg.9QeC4SX2twq9QhYuITK9Po,Ugxh2CEa4OXUQbWHR414AaABAg,TRUE
LHiTwT_Erd4,2021-08-05T14:31:16Z,36774,393,1,23,Vespa_velutina,Portugal,Insects,established,plagas,Post-Introduction,Invasion,Invasion,2011,2011-06-01T12:00:00Z,comment,UgwPN3PS3UjEsqMELQ14AaABAg.9QeBxkP1iey9Qf3K8cJrY9,UgwPN3PS3UjEsqMELQ14AaABAg,TRUE
wuq1lQd2rn4,2021-09-04T12:39:55Z,2974,21,0,1,Vespa_velutina,Portugal,Insects,established,encontre,Post-Introduction,Detection,Detection,2011,2011-06-01T12:00:00Z,comment,Ugyr2deUlC_gIIOPs014AaABAg,,FALSE
1gdN10fxh4w,2021-08-07T13:13:16Z,1717,77,1,8,Vespa_velutina,Portugal,Insects,established,visto,Post-Introduction,Detection,Detection,2011,2011-06-01T12:00:00Z,comment,UgwGwrQGFvOPL3Fc9al4AaABAg,,FALSE
dNz5cDZRmec,2024-03-18T22:08:23Z,37410,297,2,52,Vespa_velutina,Portugal,Insects,established,trampa,Post-Introduction,Detection,Detection,2011,2011-06-01T12:00:00Z,comment,UgzmVF3o6KUqQkgXIEx4AaABAg,,FALSE
dNz5cDZRmec,2024-03-14T20:12:36Z,37410,297,1,52,Vespa_velutina,Portugal,Insects,established,plaga,Post-Introduction,Invasion,Invasion,2011,2011-06-01T12:00:00Z,comment,UgzH_0U13RNWUIDvsdB4AaABAg,,FALSE
dNz5cDZRmec,2022-11-16T16:08:30Z,37410,297,2,52,Vespa_velutina,Portugal,Insects,established,trampa,Post-Introduction,Detection,Detection,2011,2011-06-01T12:00:00Z,comment,Ugy7qsAbj3j4J1Oo2Cd4AaABAg,,FALSE
dNz5cDZRmec,2024-12-31T18:39:04Z,37410,297,0,52,Vespa_velutina,Portugal,Insects,established,plaga,Post-Introduction,Invasion,Invasion,2011,2011-06-01T12:00:00Z,comment,Ugyq0FRHkC9gPh6Ost54AaABAg.ACidBSQ5AuSACihZVKk9Bf,Ugyq0FRHkC9gPh6Ost54AaABAg,TRUE
dNz5cDZRmec,2025-04-18T11:13:29Z,37410,297,1,52,Vespa_velutina,Portugal,Insects,established,trampas,Post-Introduction,Detection,Detection,2011,2011-06-01T12:00:00Z,comment,UgxJm6NsoUrENpa2Jv54AaABAg.ABeI0y6N-tkAH3-QTrC-Kx,UgxJm6NsoUrENpa2Jv54AaABAg,TRUE
dNz5cDZRmec,2025-04-18T11:13:29Z,37410,297,1,52,Vespa_velutina,Portugal,Insects,established,trampa,Post-Introduction,Detection,Detection,2011,2011-06-01T12:00:00Z,comment,UgxJm6NsoUrENpa2Jv54AaABAg.ABeI0y6N-tkAH3-QTrC-Kx,UgxJm6NsoUrENpa2Jv54AaABAg,TRUE
dNz5cDZRmec,2024-05-08T05:38:23Z,37410,297,4,52,Vespa_velutina,Portugal,Insects,established,trampas,Post-Introduction,Detection,Detection,2011,2011-06-01T12:00:00Z,comment,UgzeOrbRQenc19vfe914AaABAg.A3944qa5lybA3A2pG4hSTu,UgzeOrbRQenc19vfe914AaABAg,TRUE
dNz5cDZRmec,2023-10-21T22:46:20Z,37410,297,0,52,Vespa_velutina,Portugal,Insects,established,trampas,Post-Introduction,Detection,Detection,2011,2011-06-01T12:00:00Z,comment,UgxAdhizkohzjbXavdt4AaABAg.9vp03-YII-A9w8uUCN-O3v,UgxAdhizkohzjbXavdt4AaABAg,TRUE
SW9JLgHaLgk,2025-03-03T06:38:25Z,60411,1845,19,29,Vespa_velutina,Portugal,Insects,established,invasora,Post-Introduction,Invasion,Invasion,2011,2011-06-01T12:00:00Z,comment,Ugx8sLRwDAf-7Zy_LoN4AaABAg,,FALSE
SW9JLgHaLgk,2024-08-14T17:23:40Z,60411,1845,11,29,Vespa_velutina,Portugal,Insects,established,letal,Post-Introduction,Threat,Threat,2011,2011-06-01T12:00:00Z,comment,Ugybgur4SVpMLMjEOgt4AaABAg,,FALSE
SW9JLgHaLgk,2024-08-06T21:51:21Z,60411,1845,2,29,Vespa_velutina,Portugal,Insects,established,invasor,Post-Introduction,Invasion,Invasion,2011,2011-06-01T12:00:00Z,comment,UgztK0UuUQNlVT_TPed4AaABAg.A6nii-8cX8jA6oXiHaRERW,UgztK0UuUQNlVT_TPed4AaABAg,TRUE
TEQPU5tA3Q4,2025-03-04T18:31:23Z,192862,3244,0,37,Vespa_velutina,Portugal,Insects,established,plaga,Post-Introduction,Invasion,Invasion,2011,2011-06-01T12:00:00Z,comment,Ugz8vBy7wlDpbXDvS9t4AaABAg,,FALSE
TEQPU5tA3Q4,2024-05-25T21:30:19Z,192862,3244,1,37,Vespa_velutina,Portugal,Insects,established,veneno,Post-Introduction,Threat,Threat,2011,2011-06-01T12:00:00Z,comment,UgyOH6i55aPQ6Y46f-d4AaABAg.A3iwF88vZGeA3sXHKQjPHC,UgyOH6i55aPQ6Y46f-d4AaABAg,TRUE
TEQPU5tA3Q4,2024-05-25T21:30:19Z,192862,3244,1,37,Vespa_velutina,Portugal,Insects,established,trampas,Post-Introduction,Detection,Detection,2011,2011-06-01T12:00:00Z,comment,UgyOH6i55aPQ6Y46f-d4AaABAg.A3iwF88vZGeA3sXHKQjPHC,UgyOH6i55aPQ6Y46f-d4AaABAg,TRUE
aHFPSn8a_b8,2020-08-22T13:41:14Z,36781,269,1,42,Vespa_velutina,Portugal,Insects,established,vista,Post-Introduction,Detection,Detection,2011,2011-06-01T12:00:00Z,comment,UgxMEf-kmRZTMp1ICMl4AaABAg,,FALSE
aHFPSn8a_b8,2020-02-23T18:13:29Z,36781,269,0,42,Vespa_velutina,Portugal,Insects,established,caro,Post-Introduction,eCommerce,eCommerce,2011,2011-06-01T12:00:00Z,comment,UgyK760DFofgfKhL_zZ4AaABAg,,FALSE
aHFPSn8a_b8,2020-02-23T18:13:29Z,36781,269,0,42,Vespa_velutina,Portugal,Insects,established,trampa,Post-Introduction,Detection,Detection,2011,2011-06-01T12:00:00Z,comment,UgyK760DFofgfKhL_zZ4AaABAg,,FALSE
aHFPSn8a_b8,2020-02-23T18:13:29Z,36781,269,0,42,Vespa_velutina,Portugal,Insects,established,dinero,Post-Introduction,eCommerce,eCommerce,2011,2011-06-01T12:00:00Z,comment,UgyK760DFofgfKhL_zZ4AaABAg,,FALSE
aHFPSn8a_b8,2018-12-04T00:36:43Z,36781,269,0,42,Vespa_velutina,Portugal,Insects,established,invadir,Post-Introduction,Invasion,Invasion,2011,2011-06-01T12:00:00Z,comment,Ugw4fzdB-5Zsi-hHP1F4AaABAg,,FALSE
aHFPSn8a_b8,2018-09-14T09:12:09Z,36781,269,1,42,Vespa_velutina,Portugal,Insects,established,peligrosa,Post-Introduction,Threat,Threat,2011,2011-06-01T12:00:00Z,comment,UgwTmeEOXNx5-1aNTup4AaABAg,,FALSE
aHFPSn8a_b8,2018-05-25T13:44:26Z,36781,269,1,42,Vespa_velutina,Portugal,Insects,established,trampa,Post-Introduction,Detection,Detection,2011,2011-06-01T12:00:00Z,comment,Ugwwt4y90RwLUAPEOw54AaABAg,,FALSE
aHFPSn8a_b8,2018-01-23T21:29:11Z,36781,269,1,42,Vespa_velutina,Portugal,Insects,established,plaga,Post-Introduction,Invasion,Invasion,2011,2011-06-01T12:00:00Z,comment,Ugxlx0TIK_WI61vabeR4AaABAg,,FALSE
aHFPSn8a_b8,2018-01-23T17:19:36Z,36781,269,1,42,Vespa_velutina,Portugal,Insects,established,trampas,Post-Introduction,Detection,Detection,2011,2011-06-01T12:00:00Z,comment,UgxhUqMf54SoBaVoDV54AaABAg,,FALSE
aHFPSn8a_b8,2018-01-23T17:25:29Z,36781,269,2,42,Vespa_velutina,Portugal,Insects,established,encontramos,Post-Introduction,Detection,Detection,2011,2011-06-01T12:00:00Z,comment,UgxhUqMf54SoBaVoDV54AaABAg.8bli8JHPqHo8blioT_G4xw,UgxhUqMf54SoBaVoDV54AaABAg,TRUE
aHFPSn8a_b8,2018-01-23T17:28:45Z,36781,269,1,42,Vespa_velutina,Portugal,Insects,established,trampas,Post-Introduction,Detection,Detection,2011,2011-06-01T12:00:00Z,comment,UgxhUqMf54SoBaVoDV54AaABAg.8bli8JHPqHo8bljBMOhLmv,UgxhUqMf54SoBaVoDV54AaABAg,TRUE
D1RYKXfj-b8,2021-10-14T08:03:21Z,2915,82,1,7,Vespa_velutina,Portugal,Insects,established,visto,Post-Introduction,Detection,Detection,2011,2011-06-01T12:00:00Z,comment,UgxWCqE_3EuX6yNzI1l4AaABAg.9TDIphe7XfR9TTb_FLzQIP,UgxWCqE_3EuX6yNzI1l4AaABAg,TRUE
-RBtQYmYb2Y,2019-05-31T16:38:23Z,24994,77,0,4,Vespa_velutina,Portugal,Insects,established,descubierto,Post-Introduction,Detection,Detection,2011,2011-06-01T12:00:00Z,comment,Ugz7l1N8Mw-4h03ZjjV4AaABAg,,FALSE
-RBtQYmYb2Y,2019-05-31T16:38:23Z,24994,77,0,4,Vespa_velutina,Portugal,Insects,established,trampas,Post-Introduction,Detection,Detection,2011,2011-06-01T12:00:00Z,comment,Ugz7l1N8Mw-4h03ZjjV4AaABAg,,FALSE
-RBtQYmYb2Y,2019-05-31T17:40:37Z,24994,77,0,4,Vespa_velutina,Portugal,Insects,established,veneno,Post-Introduction,Threat,Threat,2011,2011-06-01T12:00:00Z,comment,Ugz7l1N8Mw-4h03ZjjV4AaABAg.8vb4Jmwae9r8vbBRanS-I-,Ugz7l1N8Mw-4h03ZjjV4AaABAg,TRUE
KeKR021fZZo,2025-05-30T11:48:27Z,11418,152,1,29,Vespa_velutina,Portugal,Insects,established,trampa,Post-Introduction,Detection,Detection,2011,2011-06-01T12:00:00Z,comment,UgxHZ0fnBUDlUt46DAd4AaABAg,,FALSE
KeKR021fZZo,2023-11-04T16:45:17Z,11418,152,2,29,Vespa_velutina,Portugal,Insects,established,trampas,Post-Introduction,Detection,Detection,2011,2011-06-01T12:00:00Z,comment,UgztKHbVICKPhT1aPp94AaABAg,,FALSE
KeKR021fZZo,2023-11-04T16:45:17Z,11418,152,2,29,Vespa_velutina,Portugal,Insects,established,trampas,Post-Introduction,Detection,Detection,2011,2011-06-01T12:00:00Z,comment,UgztKHbVICKPhT1aPp94AaABAg,,FALSE
KeKR021fZZo,2023-11-05T07:49:12Z,11418,152,0,29,Vespa_velutina,Portugal,Insects,established,trampas,Post-Introduction,Detection,Detection,2011,2011-06-01T12:00:00Z,comment,UgztKHbVICKPhT1aPp94AaABAg.9whJHyE77SP9wivjW2swWU,UgztKHbVICKPhT1aPp94AaABAg,TRUE
KeKR021fZZo,2023-11-05T07:49:12Z,11418,152,0,29,Vespa_velutina,Portugal,Insects,established,plaga,Post-Introduction,Invasion,Invasion,2011,2011-06-01T12:00:00Z,comment,UgztKHbVICKPhT1aPp94AaABAg.9whJHyE77SP9wivjW2swWU,UgztKHbVICKPhT1aPp94AaABAg,TRUE
KeKR021fZZo,2023-11-05T07:49:12Z,11418,152,0,29,Vespa_velutina,Portugal,Insects,established,peligrosa,Post-Introduction,Threat,Threat,2011,2011-06-01T12:00:00Z,comment,UgztKHbVICKPhT1aPp94AaABAg.9whJHyE77SP9wivjW2swWU,UgztKHbVICKPhT1aPp94AaABAg,TRUE
KeKR021fZZo,2023-11-05T07:49:12Z,11418,152,0,29,Vespa_velutina,Portugal,Insects,established,trampas,Post-Introduction,Detection,Detection,2011,2011-06-01T12:00:00Z,comment,UgztKHbVICKPhT1aPp94AaABAg.9whJHyE77SP9wivjW2swWU,UgztKHbVICKPhT1aPp94AaABAg,TRUE
KeKR021fZZo,2023-10-10T12:30:22Z,11418,152,0,29,Vespa_velutina,Portugal,Insects,established,plaga,Post-Introduction,Invasion,Invasion,2011,2011-06-01T12:00:00Z,comment,Ugxvb-Dzx-59mcCcF-R4AaABAg.9vehmKAYxBQ9vgUF8wde51,Ugxvb-Dzx-59mcCcF-R4AaABAg,TRUE
KeKR021fZZo,2023-10-10T12:30:22Z,11418,152,0,29,Vespa_velutina,Portugal,Insects,established,trampa,Post-Introduction,Detection,Detection,2011,2011-06-01T12:00:00Z,comment,Ugxvb-Dzx-59mcCcF-R4AaABAg.9vehmKAYxBQ9vgUF8wde51,Ugxvb-Dzx-59mcCcF-R4AaABAg,TRUE
KeKR021fZZo,2024-05-30T20:27:37Z,11418,152,0,29,Vespa_velutina,Portugal,Insects,established,vistos,Post-Introduction,Detection,Detection,2011,2011-06-01T12:00:00Z,comment,Ugxvb-Dzx-59mcCcF-R4AaABAg.9vehmKAYxBQA44I4T5bgEC,Ugxvb-Dzx-59mcCcF-R4AaABAg,TRUE
KeKR021fZZo,2023-08-29T13:22:28Z,11418,152,1,29,Vespa_velutina,Portugal,Insects,established,trampas,Post-Introduction,Detection,Detection,2011,2011-06-01T12:00:00Z,comment,Ugw6u1Jzt09ZlAdK3kV4AaABAg.9tztU3VRSL89u-Qozpvo9E,Ugw6u1Jzt09ZlAdK3kV4AaABAg,TRUE
DvZ_pMw_4h8,2021-09-24T17:58:20Z,841,11,0,2,Vespa_velutina,Portugal,Insects,established,trampa,Post-Introduction,Detection,Detection,2011,2011-06-01T12:00:00Z,comment,Ugz5E8l25fR0H2MkgYh4AaABAg,,FALSE
EyY6KodBTE0,2024-10-07T13:04:16Z,336143,2323,1,207,Vespa_velutina,Portugal,Insects,established,comprar,Post-Introduction,eCommerce,eCommerce,2011,2011-06-01T12:00:00Z,comment,Ugzf9sGWmSej0lCmJrd4AaABAg,,FALSE
EyY6KodBTE0,2024-10-07T13:04:16Z,336143,2323,1,207,Vespa_velutina,Portugal,Insects,established,trampa,Post-Introduction,Detection,Detection,2011,2011-06-01T12:00:00Z,comment,Ugzf9sGWmSej0lCmJrd4AaABAg,,FALSE
EyY6KodBTE0,2021-03-21T18:23:57Z,336143,2323,0,207,Vespa_velutina,Portugal,Insects,established,trampa,Post-Introduction,Detection,Detection,2011,2011-06-01T12:00:00Z,comment,UgwrGdY5Es7JSGARSfx4AaABAg,,FALSE
EyY6KodBTE0,2021-03-21T18:23:57Z,336143,2323,0,207,Vespa_velutina,Portugal,Insects,established,capturar,Post-Introduction,Detection,Detection,2011,2011-06-01T12:00:00Z,comment,UgwrGdY5Es7JSGARSfx4AaABAg,,FALSE
EyY6KodBTE0,2020-07-02T16:10:17Z,336143,2323,1,207,Vespa_velutina,Portugal,Insects,established,visto,Post-Introduction,Detection,Detection,2011,2011-06-01T12:00:00Z,comment,UgzD883JARDxxGV4VdF4AaABAg,,FALSE
EyY6KodBTE0,2020-07-02T16:10:17Z,336143,2323,1,207,Vespa_velutina,Portugal,Insects,established,trampa,Post-Introduction,Detection,Detection,2011,2011-06-01T12:00:00Z,comment,UgzD883JARDxxGV4VdF4AaABAg,,FALSE
EyY6KodBTE0,2020-05-11T19:15:29Z,336143,2323,0,207,Vespa_velutina,Portugal,Insects,established,trampas,Post-Introduction,Detection,Detection,2011,2011-06-01T12:00:00Z,comment,UgwbpuYHEDMvxoS4hu54AaABAg,,FALSE
EyY6KodBTE0,2019-08-30T13:34:04Z,336143,2323,0,207,Vespa_velutina,Portugal,Insects,established,trampa,Post-Introduction,Detection,Detection,2011,2011-06-01T12:00:00Z,comment,UgyKM_7heQmvS7I9Y714AaABAg,,FALSE
EyY6KodBTE0,2019-07-11T03:26:20Z,336143,2323,0,207,Vespa_velutina,Portugal,Insects,established,veneno,Post-Introduction,Threat,Threat,2011,2011-06-01T12:00:00Z,comment,Ugy21aDVPvQhKOZwovB4AaABAg,,FALSE
EyY6KodBTE0,2019-07-04T07:09:22Z,336143,2323,1,207,Vespa_velutina,Portugal,Insects,established,visto,Post-Introduction,Detection,Detection,2011,2011-06-01T12:00:00Z,comment,UgxUez-wtEodUTNHpRB4AaABAg,,FALSE
EyY6KodBTE0,2019-07-04T07:09:22Z,336143,2323,1,207,Vespa_velutina,Portugal,Insects,established,encontre,Post-Introduction,Detection,Detection,2011,2011-06-01T12:00:00Z,comment,UgxUez-wtEodUTNHpRB4AaABAg,,FALSE
EyY6KodBTE0,2018-08-23T13:37:07Z,336143,2323,0,207,Vespa_velutina,Portugal,Insects,established,peligro,Post-Introduction,Threat,Threat,2011,2011-06-01T12:00:00Z,comment,UgyVPAeD6md1yA6AcD54AaABAg,,FALSE
EyY6KodBTE0,2018-08-23T11:55:59Z,336143,2323,0,207,Vespa_velutina,Portugal,Insects,established,trampas,Post-Introduction,Detection,Detection,2011,2011-06-01T12:00:00Z,comment,UgxIvRaej_vX7YziNJd4AaABAg,,FALSE
EyY6KodBTE0,2018-07-28T20:39:06Z,336143,2323,3,207,Vespa_velutina,Portugal,Insects,established,visto,Post-Introduction,Detection,Detection,2011,2011-06-01T12:00:00Z,comment,Ugxirug6NfC-H2eNG6F4AaABAg,,FALSE
EyY6KodBTE0,2018-07-19T16:38:40Z,336143,2323,2,207,Vespa_velutina,Portugal,Insects,established,cara,Post-Introduction,eCommerce,eCommerce,2011,2011-06-01T12:00:00Z,comment,UgwC3Mr6O6IEIC4HSMd4AaABAg,,FALSE
EyY6KodBTE0,2018-07-19T16:38:40Z,336143,2323,2,207,Vespa_velutina,Portugal,Insects,established,visto,Post-Introduction,Detection,Detection,2011,2011-06-01T12:00:00Z,comment,UgwC3Mr6O6IEIC4HSMd4AaABAg,,FALSE
EyY6KodBTE0,2018-05-30T00:54:02Z,336143,2323,0,207,Vespa_velutina,Portugal,Insects,established,trampa,Post-Introduction,Detection,Detection,2011,2011-06-01T12:00:00Z,comment,UgwYr9Pd-Eu6WTXyPyt4AaABAg,,FALSE
EyY6KodBTE0,2018-03-31T23:01:07Z,336143,2323,1,207,Vespa_velutina,Portugal,Insects,established,peligroso,Post-Introduction,Threat,Threat,2011,2011-06-01T12:00:00Z,comment,UgwRe4mfNyl_ZboYrGB4AaABAg,,FALSE
EyY6KodBTE0,2018-03-31T23:01:07Z,336143,2323,1,207,Vespa_velutina,Portugal,Insects,established,control,Post-Introduction,Detection,Detection,2011,2011-06-01T12:00:00Z,comment,UgwRe4mfNyl_ZboYrGB4AaABAg,,FALSE
EyY6KodBTE0,2018-03-23T08:45:07Z,336143,2323,14,207,Vespa_velutina,Portugal,Insects,established,trampa,Post-Introduction,Detection,Detection,2011,2011-06-01T12:00:00Z,comment,UgxuVpofQLsGk4voMo94AaABAg,,FALSE
EyY6KodBTE0,2018-01-05T14:37:29Z,336143,2323,3,207,Vespa_velutina,Portugal,Insects,established,veneno,Post-Introduction,Threat,Threat,2011,2011-06-01T12:00:00Z,comment,UgxiAjF6EU_gdamZP2h4AaABAg,,FALSE
EyY6KodBTE0,2017-12-28T18:28:11Z,336143,2323,1,207,Vespa_velutina,Portugal,Insects,established,trampa,Post-Introduction,Detection,Detection,2011,2011-06-01T12:00:00Z,comment,UgxscF50C0SehRqxrcl4AaABAg,,FALSE
EyY6KodBTE0,2017-11-15T15:33:30Z,336143,2323,1,207,Vespa_velutina,Portugal,Insects,established,atacado,Post-Introduction,Threat,Threat,2011,2011-06-01T12:00:00Z,comment,UgzCeDy5qAgrLCvyIS54AaABAg,,FALSE
EyY6KodBTE0,2017-11-12T10:21:59Z,336143,2323,4,207,Vespa_velutina,Portugal,Insects,established,invasora,Post-Introduction,Invasion,Invasion,2011,2011-06-01T12:00:00Z,comment,UgzyFvC2ntCfWLBsORh4AaABAg,,FALSE
EyY6KodBTE0,2017-11-06T19:01:59Z,336143,2323,1,207,Vespa_velutina,Portugal,Insects,established,trampa,Post-Introduction,Detection,Detection,2011,2011-06-01T12:00:00Z,comment,UgzvJ5KILb2lTj-qttV4AaABAg,,FALSE
EyY6KodBTE0,2017-11-06T19:01:59Z,336143,2323,1,207,Vespa_velutina,Portugal,Insects,established,trampa,Post-Introduction,Detection,Detection,2011,2011-06-01T12:00:00Z,comment,UgzvJ5KILb2lTj-qttV4AaABAg,,FALSE
EyY6KodBTE0,2017-11-06T19:01:59Z,336143,2323,1,207,Vespa_velutina,Portugal,Insects,established,visto,Post-Introduction,Detection,Detection,2011,2011-06-01T12:00:00Z,comment,UgzvJ5KILb2lTj-qttV4AaABAg,,FALSE
EyY6KodBTE0,2017-11-06T19:01:59Z,336143,2323,1,207,Vespa_velutina,Portugal,Insects,established,trampa,Post-Introduction,Detection,Detection,2011,2011-06-01T12:00:00Z,comment,UgzvJ5KILb2lTj-qttV4AaABAg,,FALSE
EyY6KodBTE0,2017-11-06T19:01:59Z,336143,2323,1,207,Vespa_velutina,Portugal,Insects,established,trampa,Post-Introduction,Detection,Detection,2011,2011-06-01T12:00:00Z,comment,UgzvJ5KILb2lTj-qttV4AaABAg,,FALSE
EyY6KodBTE0,2017-10-22T16:33:35Z,336143,2323,1,207,Vespa_velutina,Portugal,Insects,established,trampa,Post-Introduction,Detection,Detection,2011,2011-06-01T12:00:00Z,comment,Ugxi--E_N7DIXy1uu8V4AaABAg,,FALSE
EyY6KodBTE0,2017-09-24T19:29:19Z,336143,2323,5,207,Vespa_velutina,Portugal,Insects,established,trampas,Post-Introduction,Detection,Detection,2011,2011-06-01T12:00:00Z,comment,Ugz8ta3tliE2vzWc5MZ4AaABAg,,FALSE
EyY6KodBTE0,2017-09-24T19:29:19Z,336143,2323,5,207,Vespa_velutina,Portugal,Insects,established,trampa,Post-Introduction,Detection,Detection,2011,2011-06-01T12:00:00Z,comment,Ugz8ta3tliE2vzWc5MZ4AaABAg,,FALSE
EyY6KodBTE0,2017-09-14T16:07:00Z,336143,2323,6,207,Vespa_velutina,Portugal,Insects,established,trampa,Post-Introduction,Detection,Detection,2011,2011-06-01T12:00:00Z,comment,UgzMAuKan7nGjya8Idl4AaABAg,,FALSE
EyY6KodBTE0,2017-09-09T22:58:05Z,336143,2323,1,207,Vespa_velutina,Portugal,Insects,established,trampa,Post-Introduction,Detection,Detection,2011,2011-06-01T12:00:00Z,comment,UgyHGPOI4dMq0eCXibZ4AaABAg,,FALSE
EyY6KodBTE0,2017-09-09T22:58:05Z,336143,2323,1,207,Vespa_velutina,Portugal,Insects,established,trampa,Post-Introduction,Detection,Detection,2011,2011-06-01T12:00:00Z,comment,UgyHGPOI4dMq0eCXibZ4AaABAg,,FALSE
EyY6KodBTE0,2017-09-09T09:57:56Z,336143,2323,1,207,Vespa_velutina,Portugal,Insects,established,trampa,Post-Introduction,Detection,Detection,2011,2011-06-01T12:00:00Z,comment,UgyKHSLUINBmbmnLPnZ4AaABAg,,FALSE
EyY6KodBTE0,2017-09-06T23:21:47Z,336143,2323,1,207,Vespa_velutina,Portugal,Insects,established,veneno,Post-Introduction,Threat,Threat,2011,2011-06-01T12:00:00Z,comment,Ugw_s9qB0r0-eFFwwq94AaABAg,,FALSE
EyY6KodBTE0,2017-09-06T22:12:11Z,336143,2323,1,207,Vespa_velutina,Portugal,Insects,established,plagas,Post-Introduction,Invasion,Invasion,2011,2011-06-01T12:00:00Z,comment,Ugzkhnh7m2OYyIDLVed4AaABAg,,FALSE
EyY6KodBTE0,2017-09-06T22:12:11Z,336143,2323,1,207,Vespa_velutina,Portugal,Insects,established,plagas,Post-Introduction,Invasion,Invasion,2011,2011-06-01T12:00:00Z,comment,Ugzkhnh7m2OYyIDLVed4AaABAg,,FALSE
EyY6KodBTE0,2017-09-06T21:57:10Z,336143,2323,21,207,Vespa_velutina,Portugal,Insects,established,trampa,Post-Introduction,Detection,Detection,2011,2011-06-01T12:00:00Z,comment,UgwnRKO7W-m5ZTYLa8F4AaABAg,,FALSE
EyY6KodBTE0,2020-10-24T18:24:00Z,336143,2323,1,207,Vespa_velutina,Portugal,Insects,established,plaga,Post-Introduction,Invasion,Invasion,2011,2011-06-01T12:00:00Z,comment,Ugx922wGYOhE9CpO3Px4AaABAg.9FC70hN11No9FCcPR8670a,Ugx922wGYOhE9CpO3Px4AaABAg,TRUE
EyY6KodBTE0,2020-05-27T18:37:01Z,336143,2323,1,207,Vespa_velutina,Portugal,Insects,established,trampa,Post-Introduction,Detection,Detection,2011,2011-06-01T12:00:00Z,comment,UgwybHTsMNkR5OUM3dx4AaABAg.999yMm7Obz499APeVB5coi,UgwybHTsMNkR5OUM3dx4AaABAg,TRUE
EyY6KodBTE0,2020-05-09T00:50:48Z,336143,2323,1,207,Vespa_velutina,Portugal,Insects,established,trampa,Post-Introduction,Detection,Detection,2011,2011-06-01T12:00:00Z,comment,Ugx_f7olcdOAs0ul2hB4AaABAg.98HFyvWgrcr98Q9KUeBNoO,Ugx_f7olcdOAs0ul2hB4AaABAg,TRUE
EyY6KodBTE0,2018-09-18T17:18:46Z,336143,2323,1,207,Vespa_velutina,Portugal,Insects,established,cara,Post-Introduction,eCommerce,eCommerce,2011,2011-06-01T12:00:00Z,comment,UgzGNpvp23v-dpZgTgV4AaABAg.8lLQpqL1vZa8lLYEWQp-Pv,UgzGNpvp23v-dpZgTgV4AaABAg,TRUE
EyY6KodBTE0,2018-09-20T12:13:02Z,336143,2323,0,207,Vespa_velutina,Portugal,Insects,established,praga,Post-Introduction,Invasion,Invasion,2011,2011-06-01T12:00:00Z,comment,UgzGNpvp23v-dpZgTgV4AaABAg.8lLQpqL1vZa8lQ8q2BKZZk,UgzGNpvp23v-dpZgTgV4AaABAg,TRUE
EyY6KodBTE0,2019-07-04T01:25:09Z,336143,2323,0,207,Vespa_velutina,Portugal,Insects,established,invasora,Post-Introduction,Invasion,Invasion,2011,2011-06-01T12:00:00Z,comment,UgzGNpvp23v-dpZgTgV4AaABAg.8lLQpqL1vZa8wwzpr5mkiv,UgzGNpvp23v-dpZgTgV4AaABAg,TRUE
EyY6KodBTE0,2019-07-04T01:25:09Z,336143,2323,0,207,Vespa_velutina,Portugal,Insects,established,visto,Post-Introduction,Detection,Detection,2011,2011-06-01T12:00:00Z,comment,UgzGNpvp23v-dpZgTgV4AaABAg.8lLQpqL1vZa8wwzpr5mkiv,UgzGNpvp23v-dpZgTgV4AaABAg,TRUE
EyY6KodBTE0,2019-07-04T01:25:09Z,336143,2323,0,207,Vespa_velutina,Portugal,Insects,established,amenaza,Post-Introduction,Threat,Threat,2011,2011-06-01T12:00:00Z,comment,UgzGNpvp23v-dpZgTgV4AaABAg.8lLQpqL1vZa8wwzpr5mkiv,UgzGNpvp23v-dpZgTgV4AaABAg,TRUE
EyY6KodBTE0,2019-07-04T01:25:09Z,336143,2323,0,207,Vespa_velutina,Portugal,Insects,established,controlado,Post-Introduction,Detection,Detection,2011,2011-06-01T12:00:00Z,comment,UgzGNpvp23v-dpZgTgV4AaABAg.8lLQpqL1vZa8wwzpr5mkiv,UgzGNpvp23v-dpZgTgV4AaABAg,TRUE
EyY6KodBTE0,2021-10-12T07:48:02Z,336143,2323,0,207,Vespa_velutina,Portugal,Insects,established,trampas,Post-Introduction,Detection,Detection,2011,2011-06-01T12:00:00Z,comment,Ugxirug6NfC-H2eNG6F4AaABAg.8jG-pEB--0c9TOREHcmxFA,Ugxirug6NfC-H2eNG6F4AaABAg,TRUE
EyY6KodBTE0,2018-07-23T19:57:38Z,336143,2323,0,207,Vespa_velutina,Portugal,Insects,established,trampa,Post-Introduction,Detection,Detection,2011,2011-06-01T12:00:00Z,comment,Ugz75XVd5FOHLgyUR494AaABAg.8j31eBdmokx8j336FjMq5r,Ugz75XVd5FOHLgyUR494AaABAg,TRUE
EyY6KodBTE0,2018-07-23T20:53:59Z,336143,2323,0,207,Vespa_velutina,Portugal,Insects,established,peligro,Post-Introduction,Threat,Threat,2011,2011-06-01T12:00:00Z,comment,Ugz75XVd5FOHLgyUR494AaABAg.8j31eBdmokx8j39Yvo3hTC,Ugz75XVd5FOHLgyUR494AaABAg,TRUE
EyY6KodBTE0,2018-09-20T12:17:19Z,336143,2323,0,207,Vespa_velutina,Portugal,Insects,established,introducida,Post-Introduction,Invasion,Invasion,2011,2011-06-01T12:00:00Z,comment,UgwC3Mr6O6IEIC4HSMd4AaABAg.8itP9Q9MxAj8lQ9KJ58Dg8,UgwC3Mr6O6IEIC4HSMd4AaABAg,TRUE
EyY6KodBTE0,2018-09-20T12:17:19Z,336143,2323,0,207,Vespa_velutina,Portugal,Insects,established,trampa,Post-Introduction,Detection,Detection,2011,2011-06-01T12:00:00Z,comment,UgwC3Mr6O6IEIC4HSMd4AaABAg.8itP9Q9MxAj8lQ9KJ58Dg8,UgwC3Mr6O6IEIC4HSMd4AaABAg,TRUE
EyY6KodBTE0,2018-04-01T09:22:13Z,336143,2323,1,207,Vespa_velutina,Portugal,Insects,established,veneno,Post-Introduction,Threat,Threat,2011,2011-06-01T12:00:00Z,comment,UgwRe4mfNyl_ZboYrGB4AaABAg.8eTqUK5FXHE8eUxZQ1z3R9,UgwRe4mfNyl_ZboYrGB4AaABAg,TRUE
EyY6KodBTE0,2018-02-19T22:41:38Z,336143,2323,0,207,Vespa_velutina,Portugal,Insects,established,trampas,Post-Introduction,Detection,Detection,2011,2011-06-01T12:00:00Z,comment,Ugwq4eRYcFg2OINZNMF4AaABAg.8crbk6aVapH8croSay7G62,Ugwq4eRYcFg2OINZNMF4AaABAg,TRUE
EyY6KodBTE0,2018-01-05T20:07:25Z,336143,2323,1,207,Vespa_velutina,Portugal,Insects,established,veneno,Post-Introduction,Threat,Threat,2011,2011-06-01T12:00:00Z,comment,UgxiAjF6EU_gdamZP2h4AaABAg.8b24H9qO46a8b2f1iSLaJB,UgxiAjF6EU_gdamZP2h4AaABAg,TRUE
EyY6KodBTE0,2018-03-31T23:04:20Z,336143,2323,0,207,Vespa_velutina,Portugal,Insects,established,veneno,Post-Introduction,Threat,Threat,2011,2011-06-01T12:00:00Z,comment,UgxiAjF6EU_gdamZP2h4AaABAg.8b24H9qO46a8eTqqpDlD7N,UgxiAjF6EU_gdamZP2h4AaABAg,TRUE
EyY6KodBTE0,2018-03-31T23:04:20Z,336143,2323,0,207,Vespa_velutina,Portugal,Insects,established,peligroso,Post-Introduction,Threat,Threat,2011,2011-06-01T12:00:00Z,comment,UgxiAjF6EU_gdamZP2h4AaABAg.8b24H9qO46a8eTqqpDlD7N,UgxiAjF6EU_gdamZP2h4AaABAg,TRUE
EyY6KodBTE0,2017-11-15T18:27:12Z,336143,2323,0,207,Vespa_velutina,Portugal,Insects,established,amenaza,Post-Introduction,Threat,Threat,2011,2011-06-01T12:00:00Z,comment,UgzCeDy5qAgrLCvyIS54AaABAg.8Zzr8o66dFI8_-A1BL7cgF,UgzCeDy5qAgrLCvyIS54AaABAg,TRUE
EyY6KodBTE0,2017-11-15T18:27:12Z,336143,2323,0,207,Vespa_velutina,Portugal,Insects,established,plaga,Post-Introduction,Invasion,Invasion,2011,2011-06-01T12:00:00Z,comment,UgzCeDy5qAgrLCvyIS54AaABAg.8Zzr8o66dFI8_-A1BL7cgF,UgzCeDy5qAgrLCvyIS54AaABAg,TRUE
EyY6KodBTE0,2017-11-15T18:27:12Z,336143,2323,0,207,Vespa_velutina,Portugal,Insects,established,invasora,Post-Introduction,Invasion,Invasion,2011,2011-06-01T12:00:00Z,comment,UgzCeDy5qAgrLCvyIS54AaABAg.8Zzr8o66dFI8_-A1BL7cgF,UgzCeDy5qAgrLCvyIS54AaABAg,TRUE
EyY6KodBTE0,2017-11-13T15:18:26Z,336143,2323,1,207,Vespa_velutina,Portugal,Insects,established,trampas,Post-Introduction,Detection,Detection,2011,2011-06-01T12:00:00Z,comment,UgzyFvC2ntCfWLBsORh4AaABAg.8Zr_6aNJpnx8Zufpit3mg_,UgzyFvC2ntCfWLBsORh4AaABAg,TRUE
EyY6KodBTE0,2017-11-13T15:27:16Z,336143,2323,1,207,Vespa_velutina,Portugal,Insects,established,precio,Post-Introduction,eCommerce,eCommerce,2011,2011-06-01T12:00:00Z,comment,UgzyFvC2ntCfWLBsORh4AaABAg.8Zr_6aNJpnx8ZugqXhv6PS,UgzyFvC2ntCfWLBsORh4AaABAg,TRUE
EyY6KodBTE0,2017-10-23T00:16:04Z,336143,2323,0,207,Vespa_velutina,Portugal,Insects,established,trampa,Post-Introduction,Detection,Detection,2011,2011-06-01T12:00:00Z,comment,Ugxi--E_N7DIXy1uu8V4AaABAg.8Z19wqyImWy8Z1zsDtz3RO,Ugxi--E_N7DIXy1uu8V4AaABAg,TRUE
EyY6KodBTE0,2017-10-20T06:26:48Z,336143,2323,1,207,Vespa_velutina,Portugal,Insects,established,trampa,Post-Introduction,Detection,Detection,2011,2011-06-01T12:00:00Z,comment,UgwqYllXhGO0b8HoAU14AaABAg.8YKLZH1XKZ18YvvuzFF1Tg,UgwqYllXhGO0b8HoAU14AaABAg,TRUE
EyY6KodBTE0,2017-09-25T17:01:35Z,336143,2323,0,207,Vespa_velutina,Portugal,Insects,established,trampas,Post-Introduction,Detection,Detection,2011,2011-06-01T12:00:00Z,comment,Ugzf5ItnNpEcOQh-nN14AaABAg.8XuOyBD4amC8XwggO1r6w2,Ugzf5ItnNpEcOQh-nN14AaABAg,TRUE
EyY6KodBTE0,2017-09-25T17:04:50Z,336143,2323,0,207,Vespa_velutina,Portugal,Insects,established,capturar,Post-Introduction,Detection,Detection,2011,2011-06-01T12:00:00Z,comment,Ugz8ta3tliE2vzWc5MZ4AaABAg.8XuNnVJrJC_8Xwh39mWzhd,Ugz8ta3tliE2vzWc5MZ4AaABAg,TRUE
EyY6KodBTE0,2017-09-14T16:13:20Z,336143,2323,0,207,Vespa_velutina,Portugal,Insects,established,trampa,Post-Introduction,Detection,Detection,2011,2011-06-01T12:00:00Z,comment,UgzMAuKan7nGjya8Idl4AaABAg.8XVGgyOByX78XVHQP1QKvK,UgzMAuKan7nGjya8Idl4AaABAg,TRUE
EyY6KodBTE0,2017-09-14T16:13:20Z,336143,2323,0,207,Vespa_velutina,Portugal,Insects,established,captura,Post-Introduction,Detection,Detection,2011,2011-06-01T12:00:00Z,comment,UgzMAuKan7nGjya8Idl4AaABAg.8XVGgyOByX78XVHQP1QKvK,UgzMAuKan7nGjya8Idl4AaABAg,TRUE
EyY6KodBTE0,2017-09-14T16:13:20Z,336143,2323,0,207,Vespa_velutina,Portugal,Insects,established,trampa,Post-Introduction,Detection,Detection,2011,2011-06-01T12:00:00Z,comment,UgzMAuKan7nGjya8Idl4AaABAg.8XVGgyOByX78XVHQP1QKvK,UgzMAuKan7nGjya8Idl4AaABAg,TRUE
EyY6KodBTE0,2018-04-18T18:59:43Z,336143,2323,0,207,Vespa_velutina,Portugal,Insects,established,trampa,Post-Introduction,Detection,Detection,2011,2011-06-01T12:00:00Z,comment,UgzMAuKan7nGjya8Idl4AaABAg.8XVGgyOByX78fBlA-m_gMI,UgzMAuKan7nGjya8Idl4AaABAg,TRUE
EyY6KodBTE0,2017-09-09T13:10:12Z,336143,2323,0,207,Vespa_velutina,Portugal,Insects,established,plagas,Post-Introduction,Invasion,Invasion,2011,2011-06-01T12:00:00Z,comment,UgyKHSLUINBmbmnLPnZ4AaABAg.8XHjUQFAYZA8XI4UeY-6jB,UgyKHSLUINBmbmnLPnZ4AaABAg,TRUE
EyY6KodBTE0,2017-09-08T06:26:52Z,336143,2323,1,207,Vespa_velutina,Portugal,Insects,established,plaga,Post-Introduction,Invasion,Invasion,2011,2011-06-01T12:00:00Z,comment,UgykQoaE1C_dJ2snI6N4AaABAg.8XDlYdVm8ii8XEmXj9Jgws,UgykQoaE1C_dJ2snI6N4AaABAg,TRUE
EyY6KodBTE0,2017-09-08T06:26:52Z,336143,2323,1,207,Vespa_velutina,Portugal,Insects,established,encontramos,Post-Introduction,Detection,Detection,2011,2011-06-01T12:00:00Z,comment,UgykQoaE1C_dJ2snI6N4AaABAg.8XDlYdVm8ii8XEmXj9Jgws,UgykQoaE1C_dJ2snI6N4AaABAg,TRUE
EyY6KodBTE0,2017-09-08T06:26:52Z,336143,2323,1,207,Vespa_velutina,Portugal,Insects,established,invasoras,Post-Introduction,Invasion,Invasion,2011,2011-06-01T12:00:00Z,comment,UgykQoaE1C_dJ2snI6N4AaABAg.8XDlYdVm8ii8XEmXj9Jgws,UgykQoaE1C_dJ2snI6N4AaABAg,TRUE
EyY6KodBTE0,2017-09-08T19:32:59Z,336143,2323,0,207,Vespa_velutina,Portugal,Insects,established,plagas,Post-Introduction,Invasion,Invasion,2011,2011-06-01T12:00:00Z,comment,UgykQoaE1C_dJ2snI6N4AaABAg.8XDlYdVm8ii8XGBVRdDQbF,UgykQoaE1C_dJ2snI6N4AaABAg,TRUE
EyY6KodBTE0,2017-09-08T19:32:59Z,336143,2323,0,207,Vespa_velutina,Portugal,Insects,established,invasoras,Post-Introduction,Invasion,Invasion,2011,2011-06-01T12:00:00Z,comment,UgykQoaE1C_dJ2snI6N4AaABAg.8XDlYdVm8ii8XGBVRdDQbF,UgykQoaE1C_dJ2snI6N4AaABAg,TRUE
EyY6KodBTE0,2017-09-07T13:52:03Z,336143,2323,1,207,Vespa_velutina,Portugal,Insects,established,visto,Post-Introduction,Detection,Detection,2011,2011-06-01T12:00:00Z,comment,Ugw_s9qB0r0-eFFwwq94AaABAg.8XBS5Ph5lVa8XD-gPpcY37,Ugw_s9qB0r0-eFFwwq94AaABAg,TRUE
EyY6KodBTE0,2017-09-07T13:52:03Z,336143,2323,1,207,Vespa_velutina,Portugal,Insects,established,trampa,Post-Introduction,Detection,Detection,2011,2011-06-01T12:00:00Z,comment,Ugw_s9qB0r0-eFFwwq94AaABAg.8XBS5Ph5lVa8XD-gPpcY37,Ugw_s9qB0r0-eFFwwq94AaABAg,TRUE
EyY6KodBTE0,2017-09-07T13:55:40Z,336143,2323,1,207,Vespa_velutina,Portugal,Insects,established,plaga,Post-Introduction,Invasion,Invasion,2011,2011-06-01T12:00:00Z,comment,Ugzkhnh7m2OYyIDLVed4AaABAg.8XBK7eD0_Y18XD05vB78_8,Ugzkhnh7m2OYyIDLVed4AaABAg,TRUE
EyY6KodBTE0,2017-09-07T14:00:20Z,336143,2323,4,207,Vespa_velutina,Portugal,Insects,established,encontrado,Post-Introduction,Detection,Detection,2011,2011-06-01T12:00:00Z,comment,UgwnRKO7W-m5ZTYLa8F4AaABAg.8XBIPbU0o7x8XD0d7SxW58,UgwnRKO7W-m5ZTYLa8F4AaABAg,TRUE
EyY6KodBTE0,2017-11-03T19:22:24Z,336143,2323,1,207,Vespa_velutina,Portugal,Insects,established,visto,Post-Introduction,Detection,Detection,2011,2011-06-01T12:00:00Z,comment,UgwnRKO7W-m5ZTYLa8F4AaABAg.8XBIPbU0o7x8ZWMntoNsDU,UgwnRKO7W-m5ZTYLa8F4AaABAg,TRUE
EyY6KodBTE0,2017-11-06T19:04:02Z,336143,2323,2,207,Vespa_velutina,Portugal,Insects,established,trampa,Post-Introduction,Detection,Detection,2011,2011-06-01T12:00:00Z,comment,UgwnRKO7W-m5ZTYLa8F4AaABAg.8XBIPbU0o7x8Zd352cXOMD,UgwnRKO7W-m5ZTYLa8F4AaABAg,TRUE
EyY6KodBTE0,2017-11-06T19:23:23Z,336143,2323,2,207,Vespa_velutina,Portugal,Insects,established,visto,Post-Introduction,Detection,Detection,2011,2011-06-01T12:00:00Z,comment,UgwnRKO7W-m5ZTYLa8F4AaABAg.8XBIPbU0o7x8Zd5Ij1TtCP,UgwnRKO7W-m5ZTYLa8F4AaABAg,TRUE
EyY6KodBTE0,2017-09-07T14:07:45Z,336143,2323,0,207,Vespa_velutina,Portugal,Insects,established,barato,Post-Introduction,eCommerce,eCommerce,2011,2011-06-01T12:00:00Z,comment,Ugw_XqKneXzsJLlXkvJ4AaABAg.8XAxpmC5vDd8XD1UVNQ0zF,Ugw_XqKneXzsJLlXkvJ4AaABAg,TRUE
EyY6KodBTE0,2017-09-06T18:27:32Z,336143,2323,1,207,Vespa_velutina,Portugal,Insects,established,plaga,Post-Introduction,Invasion,Invasion,2011,2011-06-01T12:00:00Z,comment,UgwRwm_YASUqvrgi7Vx4AaABAg.8XArgf027UP8XAvQJKeKu8,UgwRwm_YASUqvrgi7Vx4AaABAg,TRUE
EyY6KodBTE0,2017-09-06T18:18:25Z,336143,2323,3,207,Vespa_velutina,Portugal,Insects,established,trampa,Post-Introduction,Detection,Detection,2011,2011-06-01T12:00:00Z,comment,UgzGtPmZX8NxI2U2kH94AaABAg.8XAqO0RsdQy8XAuNYqZRjD,UgzGtPmZX8NxI2U2kH94AaABAg,TRUE
0Imuflnxa8g,2018-09-18T22:17:18Z,1335,38,1,10,Vespa_velutina,Portugal,Insects,established,control,Post-Introduction,Detection,Detection,2011,2011-06-01T12:00:00Z,comment,UgxpaGxpSu-nAsYySm94AaABAg,,FALSE
0Imuflnxa8g,2018-09-21T13:29:07Z,1335,38,0,10,Vespa_velutina,Portugal,Insects,established,plaga,Post-Introduction,Invasion,Invasion,2011,2011-06-01T12:00:00Z,comment,UgxQI9MlkvGDp9znNel4AaABAg.8lSnydjw4_B8lSrL2g2n1J,UgxQI9MlkvGDp9znNel4AaABAg,TRUE
wFy2AiKEINo,2020-06-12T23:00:17Z,65330,509,1,106,Vespa_velutina,Portugal,Insects,established,alerta,Post-Introduction,Detection,Detection,2011,2011-06-01T12:00:00Z,comment,Ugw0b5Llst2wPVhxPxh4AaABAg,,FALSE
wFy2AiKEINo,2020-05-09T10:46:44Z,65330,509,0,106,Vespa_velutina,Portugal,Insects,established,plaga,Post-Introduction,Invasion,Invasion,2011,2011-06-01T12:00:00Z,comment,Ugz4CsJdLmEzmio-H6J4AaABAg,,FALSE
wFy2AiKEINo,2020-05-09T10:46:44Z,65330,509,0,106,Vespa_velutina,Portugal,Insects,established,plaga,Post-Introduction,Invasion,Invasion,2011,2011-06-01T12:00:00Z,comment,Ugz4CsJdLmEzmio-H6J4AaABAg,,FALSE
wFy2AiKEINo,2020-05-05T13:52:14Z,65330,509,2,106,Vespa_velutina,Portugal,Insects,established,plaga,Post-Introduction,Invasion,Invasion,2011,2011-06-01T12:00:00Z,comment,UgxKV2RV5YyQEk3xevF4AaABAg,,FALSE
wFy2AiKEINo,2018-11-04T22:07:05Z,65330,509,1,106,Vespa_velutina,Portugal,Insects,established,plagas,Post-Introduction,Invasion,Invasion,2011,2011-06-01T12:00:00Z,comment,Ugz8eDlCkdd5o6X-qet4AaABAg,,FALSE
wFy2AiKEINo,2018-01-25T11:41:58Z,65330,509,2,106,Vespa_velutina,Portugal,Insects,established,plaga,Post-Introduction,Invasion,Invasion,2011,2011-06-01T12:00:00Z,comment,UgzkybbVUCpvfSzV1M14AaABAg,,FALSE
wFy2AiKEINo,2018-01-25T11:41:58Z,65330,509,2,106,Vespa_velutina,Portugal,Insects,established,trampas,Post-Introduction,Detection,Detection,2011,2011-06-01T12:00:00Z,comment,UgzkybbVUCpvfSzV1M14AaABAg,,FALSE
wFy2AiKEINo,2018-01-25T11:41:58Z,65330,509,2,106,Vespa_velutina,Portugal,Insects,established,capturas,Post-Introduction,Detection,Detection,2011,2011-06-01T12:00:00Z,comment,UgzkybbVUCpvfSzV1M14AaABAg,,FALSE
wFy2AiKEINo,2018-01-25T11:41:58Z,65330,509,2,106,Vespa_velutina,Portugal,Insects,established,plaga,Post-Introduction,Invasion,Invasion,2011,2011-06-01T12:00:00Z,comment,UgzkybbVUCpvfSzV1M14AaABAg,,FALSE
wFy2AiKEINo,2018-01-25T11:41:58Z,65330,509,2,106,Vespa_velutina,Portugal,Insects,established,aparecido,Post-Introduction,Detection,Detection,2011,2011-06-01T12:00:00Z,comment,UgzkybbVUCpvfSzV1M14AaABAg,,FALSE
wFy2AiKEINo,2017-12-16T16:08:24Z,65330,509,2,106,Vespa_velutina,Portugal,Insects,established,dinheiro,Post-Introduction,eCommerce,eCommerce,2011,2011-06-01T12:00:00Z,comment,UgyCYiDb6dtRO48UzON4AaABAg,,FALSE
wFy2AiKEINo,2017-12-16T16:08:24Z,65330,509,2,106,Vespa_velutina,Portugal,Insects,established,descoberta,Post-Introduction,Detection,Detection,2011,2011-06-01T12:00:00Z,comment,UgyCYiDb6dtRO48UzON4AaABAg,,FALSE
wFy2AiKEINo,2017-12-16T16:08:24Z,65330,509,2,106,Vespa_velutina,Portugal,Insects,established,praga,Post-Introduction,Invasion,Invasion,2011,2011-06-01T12:00:00Z,comment,UgyCYiDb6dtRO48UzON4AaABAg,,FALSE
wFy2AiKEINo,2017-12-04T22:18:47Z,65330,509,2,106,Vespa_velutina,Portugal,Insects,established,veneno,Post-Introduction,Threat,Threat,2011,2011-06-01T12:00:00Z,comment,UgydjTNm0aN6-DPcBHR4AaABAg,,FALSE
wFy2AiKEINo,2017-11-05T13:40:49Z,65330,509,2,106,Vespa_velutina,Portugal,Insects,established,plaga,Post-Introduction,Invasion,Invasion,2011,2011-06-01T12:00:00Z,comment,Ugyo2QQVRo-63jfiNjV4AaABAg,,FALSE
wFy2AiKEINo,2017-11-05T13:40:49Z,65330,509,2,106,Vespa_velutina,Portugal,Insects,established,captura,Post-Introduction,Detection,Detection,2011,2011-06-01T12:00:00Z,comment,Ugyo2QQVRo-63jfiNjV4AaABAg,,FALSE
wFy2AiKEINo,2017-09-24T13:36:32Z,65330,509,14,106,Vespa_velutina,Portugal,Insects,established,plaga,Post-Introduction,Invasion,Invasion,2011,2011-06-01T12:00:00Z,comment,UgyCv8bTaitHtzxe7dd4AaABAg,,FALSE
wFy2AiKEINo,2017-09-24T13:36:32Z,65330,509,14,106,Vespa_velutina,Portugal,Insects,established,invasora,Post-Introduction,Invasion,Invasion,2011,2011-06-01T12:00:00Z,comment,UgyCv8bTaitHtzxe7dd4AaABAg,,FALSE
wFy2AiKEINo,2017-09-24T13:36:32Z,65330,509,14,106,Vespa_velutina,Portugal,Insects,established,danina,Post-Introduction,Threat,Threat,2011,2011-06-01T12:00:00Z,comment,UgyCv8bTaitHtzxe7dd4AaABAg,,FALSE
wFy2AiKEINo,2017-09-13T19:27:51Z,65330,509,7,106,Vespa_velutina,Portugal,Insects,established,plaga,Post-Introduction,Invasion,Invasion,2011,2011-06-01T12:00:00Z,comment,Ugy8mVtorSArwpmVkeh4AaABAg,,FALSE
wFy2AiKEINo,2017-09-13T11:15:33Z,65330,509,2,106,Vespa_velutina,Portugal,Insects,established,afectando,Post-Introduction,Invasion,Invasion,2011,2011-06-01T12:00:00Z,comment,Ugwgh0sZLaObCedOto54AaABAg,,FALSE
wFy2AiKEINo,2017-09-13T11:15:33Z,65330,509,2,106,Vespa_velutina,Portugal,Insects,established,veneno,Post-Introduction,Threat,Threat,2011,2011-06-01T12:00:00Z,comment,Ugwgh0sZLaObCedOto54AaABAg,,FALSE
wFy2AiKEINo,2017-09-13T01:53:21Z,65330,509,2,106,Vespa_velutina,Portugal,Insects,established,visto,Post-Introduction,Detection,Detection,2011,2011-06-01T12:00:00Z,comment,UgxVsADA2q8KhWGt5f94AaABAg,,FALSE
wFy2AiKEINo,2017-09-12T20:55:34Z,65330,509,2,106,Vespa_velutina,Portugal,Insects,established,plaga,Post-Introduction,Invasion,Invasion,2011,2011-06-01T12:00:00Z,comment,UgycOw60aA41iv43_cB4AaABAg,,FALSE
wFy2AiKEINo,2018-08-09T12:13:26Z,65330,509,0,106,Vespa_velutina,Portugal,Insects,established,plaga,Post-Introduction,Invasion,Invasion,2011,2011-06-01T12:00:00Z,comment,UgwudUKGABZ6DObftn94AaABAg.8jeuUk9CjjT8jj-VET-7qT,UgwudUKGABZ6DObftn94AaABAg,TRUE
wFy2AiKEINo,2018-01-25T13:33:04Z,65330,509,1,106,Vespa_velutina,Portugal,Insects,established,plaga,Post-Introduction,Invasion,Invasion,2011,2011-06-01T12:00:00Z,comment,UgzkybbVUCpvfSzV1M14AaABAg.8bqG5B8J9nF8bqSntPEIjq,UgzkybbVUCpvfSzV1M14AaABAg,TRUE
wFy2AiKEINo,2018-01-25T13:33:04Z,65330,509,1,106,Vespa_velutina,Portugal,Insects,established,plaga,Post-Introduction,Invasion,Invasion,2011,2011-06-01T12:00:00Z,comment,UgzkybbVUCpvfSzV1M14AaABAg.8bqG5B8J9nF8bqSntPEIjq,UgzkybbVUCpvfSzV1M14AaABAg,TRUE
wFy2AiKEINo,2018-01-25T13:33:04Z,65330,509,1,106,Vespa_velutina,Portugal,Insects,established,plaga,Post-Introduction,Invasion,Invasion,2011,2011-06-01T12:00:00Z,comment,UgzkybbVUCpvfSzV1M14AaABAg.8bqG5B8J9nF8bqSntPEIjq,UgzkybbVUCpvfSzV1M14AaABAg,TRUE
wFy2AiKEINo,2018-01-25T13:33:04Z,65330,509,1,106,Vespa_velutina,Portugal,Insects,established,compra,Post-Introduction,eCommerce,eCommerce,2011,2011-06-01T12:00:00Z,comment,UgzkybbVUCpvfSzV1M14AaABAg.8bqG5B8J9nF8bqSntPEIjq,UgzkybbVUCpvfSzV1M14AaABAg,TRUE
wFy2AiKEINo,2018-01-25T13:33:04Z,65330,509,1,106,Vespa_velutina,Portugal,Insects,established,controlar,Post-Introduction,Detection,Detection,2011,2011-06-01T12:00:00Z,comment,UgzkybbVUCpvfSzV1M14AaABAg.8bqG5B8J9nF8bqSntPEIjq,UgzkybbVUCpvfSzV1M14AaABAg,TRUE
wFy2AiKEINo,2018-01-25T13:33:04Z,65330,509,1,106,Vespa_velutina,Portugal,Insects,established,plagas,Post-Introduction,Invasion,Invasion,2011,2011-06-01T12:00:00Z,comment,UgzkybbVUCpvfSzV1M14AaABAg.8bqG5B8J9nF8bqSntPEIjq,UgzkybbVUCpvfSzV1M14AaABAg,TRUE
wFy2AiKEINo,2018-01-25T13:33:04Z,65330,509,1,106,Vespa_velutina,Portugal,Insects,established,invasoras,Post-Introduction,Invasion,Invasion,2011,2011-06-01T12:00:00Z,comment,UgzkybbVUCpvfSzV1M14AaABAg.8bqG5B8J9nF8bqSntPEIjq,UgzkybbVUCpvfSzV1M14AaABAg,TRUE
wFy2AiKEINo,2018-01-25T13:33:04Z,65330,509,1,106,Vespa_velutina,Portugal,Insects,established,plagas,Post-Introduction,Invasion,Invasion,2011,2011-06-01T12:00:00Z,comment,UgzkybbVUCpvfSzV1M14AaABAg.8bqG5B8J9nF8bqSntPEIjq,UgzkybbVUCpvfSzV1M14AaABAg,TRUE
wFy2AiKEINo,2018-01-25T13:33:04Z,65330,509,1,106,Vespa_velutina,Portugal,Insects,established,plagas,Post-Introduction,Invasion,Invasion,2011,2011-06-01T12:00:00Z,comment,UgzkybbVUCpvfSzV1M14AaABAg.8bqG5B8J9nF8bqSntPEIjq,UgzkybbVUCpvfSzV1M14AaABAg,TRUE
wFy2AiKEINo,2017-12-17T16:18:03Z,65330,509,0,106,Vespa_velutina,Portugal,Insects,established,precio,Post-Introduction,eCommerce,eCommerce,2011,2011-06-01T12:00:00Z,comment,UgyCYiDb6dtRO48UzON4AaABAg.8aEjmcWvHmM8aHKgCy8u0l,UgyCYiDb6dtRO48UzON4AaABAg,TRUE
wFy2AiKEINo,2017-09-13T15:11:33Z,65330,509,2,106,Vespa_velutina,Portugal,Insects,established,plaga,Post-Introduction,Invasion,Invasion,2011,2011-06-01T12:00:00Z,comment,UgycdIH4u-94qQrPsKl4AaABAg.8XSR1uj1kP-8XSaZ2fC_Sy,UgycdIH4u-94qQrPsKl4AaABAg,TRUE
wFy2AiKEINo,2017-09-13T15:18:54Z,65330,509,1,106,Vespa_velutina,Portugal,Insects,established,controlada,Post-Introduction,Detection,Detection,2011,2011-06-01T12:00:00Z,comment,UgxVsADA2q8KhWGt5f94AaABAg.8XRACkLG9248XSbOrJ8Nc5,UgxVsADA2q8KhWGt5f94AaABAg,TRUE
wFy2AiKEINo,2017-09-12T22:16:01Z,65330,509,0,106,Vespa_velutina,Portugal,Insects,established,controlar,Post-Introduction,Detection,Detection,2011,2011-06-01T12:00:00Z,comment,UgwSZpCFLMldKdiFOQ14AaABAg.8XQlLcEsT9O8XQmL0ICLFC,UgwSZpCFLMldKdiFOQ14AaABAg,TRUE
wFy2AiKEINo,2018-01-01T07:54:10Z,65330,509,1,106,Vespa_velutina,Portugal,Insects,established,nativa,Post-Introduction,Invasion,Invasion,2011,2011-06-01T12:00:00Z,comment,UgwSZpCFLMldKdiFOQ14AaABAg.8XQlLcEsT9O8as2wh2Oc5I,UgwSZpCFLMldKdiFOQ14AaABAg,TRUE
wFy2AiKEINo,2018-01-01T07:54:10Z,65330,509,1,106,Vespa_velutina,Portugal,Insects,established,avistado,Post-Introduction,Detection,Detection,2011,2011-06-01T12:00:00Z,comment,UgwSZpCFLMldKdiFOQ14AaABAg.8XQlLcEsT9O8as2wh2Oc5I,UgwSZpCFLMldKdiFOQ14AaABAg,TRUE
wFy2AiKEINo,2018-01-01T07:54:10Z,65330,509,1,106,Vespa_velutina,Portugal,Insects,established,custos,Post-Introduction,eCommerce,eCommerce,2011,2011-06-01T12:00:00Z,comment,UgwSZpCFLMldKdiFOQ14AaABAg.8XQlLcEsT9O8as2wh2Oc5I,UgwSZpCFLMldKdiFOQ14AaABAg,TRUE
wFy2AiKEINo,2017-09-12T19:45:22Z,65330,509,0,106,Vespa_velutina,Portugal,Insects,established,precio,Post-Introduction,eCommerce,eCommerce,2011,2011-06-01T12:00:00Z,comment,Ugzo7oT6jEMmmbNk5kl4AaABAg.8XQJcJZTdRt8XQW5c6bN-F,Ugzo7oT6jEMmmbNk5kl4AaABAg,TRUE
saFGBI3NYpo,2019-06-23T19:45:47Z,10944,34,0,5,Vespa_velutina,Portugal,Insects,established,dinero,Post-Introduction,eCommerce,eCommerce,2011,2011-06-01T12:00:00Z,comment,UgzCdUOHShpJ0pfwiNd4AaABAg.8WOC5l0RB_J8wXd2UItzxk,UgzCdUOHShpJ0pfwiNd4AaABAg,TRUE
ea1LlgZgrdY,2024-07-01T08:23:08Z,27909,117,0,18,Vespa_velutina,Portugal,Insects,established,invadir,Post-Introduction,Invasion,Invasion,2011,2011-06-01T12:00:00Z,comment,Ugwq-rA3sNkSK-ptQzd4AaABAg,,FALSE
_9VGwzuSAiU,2024-12-25T23:27:30Z,2012,34,0,5,Vespa_velutina,Portugal,Insects,established,trampa,Post-Introduction,Detection,Detection,2011,2011-06-01T12:00:00Z,comment,Ugydbi9tbYINF-pkRnh4AaABAg,,FALSE
_9VGwzuSAiU,2024-08-11T12:50:17Z,2012,34,2,5,Vespa_velutina,Portugal,Insects,established,plaga,Post-Introduction,Invasion,Invasion,2011,2011-06-01T12:00:00Z,comment,UgwHIvRsNDCDh2QUAFN4AaABAg,,FALSE
_9VGwzuSAiU,2024-08-11T12:50:17Z,2012,34,2,5,Vespa_velutina,Portugal,Insects,established,trampa,Post-Introduction,Detection,Detection,2011,2011-06-01T12:00:00Z,comment,UgwHIvRsNDCDh2QUAFN4AaABAg,,FALSE
_9VGwzuSAiU,2024-08-11T12:50:17Z,2012,34,2,5,Vespa_velutina,Portugal,Insects,established,trampa,Post-Introduction,Detection,Detection,2011,2011-06-01T12:00:00Z,comment,UgwHIvRsNDCDh2QUAFN4AaABAg,,FALSE
_9VGwzuSAiU,2024-08-11T12:50:17Z,2012,34,2,5,Vespa_velutina,Portugal,Insects,established,plaga,Post-Introduction,Invasion,Invasion,2011,2011-06-01T12:00:00Z,comment,UgwHIvRsNDCDh2QUAFN4AaABAg,,FALSE
_9VGwzuSAiU,2024-08-04T01:22:59Z,2012,34,1,5,Vespa_velutina,Portugal,Insects,established,caro,Post-Introduction,eCommerce,eCommerce,2011,2011-06-01T12:00:00Z,comment,UgyAMm9KOT1CZQ7KxmZ4AaABAg,,FALSE
_9VGwzuSAiU,2024-08-04T01:22:59Z,2012,34,1,5,Vespa_velutina,Portugal,Insects,established,peligro,Post-Introduction,Threat,Threat,2011,2011-06-01T12:00:00Z,comment,UgyAMm9KOT1CZQ7KxmZ4AaABAg,,FALSE
IIsUkjurRoY,2023-12-04T20:09:41Z,451,28,1,5,Vespa_velutina,Portugal,Insects,established,trampa,Post-Introduction,Detection,Detection,2011,2011-06-01T12:00:00Z,comment,UgxIIpkwtgc8hueBJNB4AaABAg,,FALSE
HjJOmrrZuYQ,2020-12-05T23:20:05Z,7995,39,0,6,Vespa_velutina,Portugal,Insects,established,trampas,Post-Introduction,Detection,Detection,2011,2011-06-01T12:00:00Z,comment,UgxmGXMDtkkTN0Cm5g14AaABAg,,FALSE
L0b9okeJeEs,2021-08-01T18:56:48Z,12767,179,0,27,Vespa_velutina,Portugal,Insects,established,veneno,Post-Introduction,Threat,Threat,2011,2011-06-01T12:00:00Z,comment,Ugx8sR-ef3GbQSU9cYt4AaABAg,,FALSE
L0b9okeJeEs,2020-05-08T05:31:08Z,12767,179,1,27,Vespa_velutina,Portugal,Insects,established,afectando,Post-Introduction,Invasion,Invasion,2011,2011-06-01T12:00:00Z,comment,UgzaF6aaq5Nsn7Z7ctt4AaABAg,,FALSE
L0b9okeJeEs,2020-01-09T10:08:55Z,12767,179,0,27,Vespa_velutina,Portugal,Insects,established,visto,Post-Introduction,Detection,Detection,2011,2011-06-01T12:00:00Z,comment,Ugxu1YQ9iwpe5SybicF4AaABAg,,FALSE
L0b9okeJeEs,2019-10-12T18:01:40Z,12767,179,0,27,Vespa_velutina,Portugal,Insects,established,comprar,Post-Introduction,eCommerce,eCommerce,2011,2011-06-01T12:00:00Z,comment,Ugz9KEbepUPf2ZSwtcl4AaABAg,,FALSE
L0b9okeJeEs,2019-10-11T21:09:34Z,12767,179,2,27,Vespa_velutina,Portugal,Insects,established,trampas,Post-Introduction,Detection,Detection,2011,2011-06-01T12:00:00Z,comment,UgwQgivzo6hBBhpFC8Z4AaABAg,,FALSE
b6CRpNcqM2M,2022-09-23T11:42:43Z,72141,477,0,36,Vespa_velutina,Portugal,Insects,established,trampas,Post-Introduction,Detection,Detection,2011,2011-06-01T12:00:00Z,comment,UgwEi_8S1j08QewHUkR4AaABAg,,FALSE
b6CRpNcqM2M,2021-12-16T01:56:37Z,72141,477,0,36,Vespa_velutina,Portugal,Insects,established,plaga,Post-Introduction,Invasion,Invasion,2011,2011-06-01T12:00:00Z,comment,Ugzx0TR_Uc_3uP9ZTgl4AaABAg,,FALSE
b6CRpNcqM2M,2020-05-05T01:46:25Z,72141,477,0,36,Vespa_velutina,Portugal,Insects,established,visto,Post-Introduction,Detection,Detection,2011,2011-06-01T12:00:00Z,comment,UgzWZu3UjFHkJrE5k5B4AaABAg,,FALSE
b6CRpNcqM2M,2018-12-10T12:43:37Z,72141,477,11,36,Vespa_velutina,Portugal,Insects,established,plaga,Post-Introduction,Invasion,Invasion,2011,2011-06-01T12:00:00Z,comment,Ugz4iyWGX5WsXz5DX5t4AaABAg,,FALSE
Rqt_TnxqYjA,2020-05-17T00:25:41Z,76821,908,1,63,Vespa_velutina,Portugal,Insects,established,invasora,Post-Introduction,Invasion,Invasion,2011,2011-06-01T12:00:00Z,comment,UgwVWa4pfLDU7YM37i14AaABAg,,FALSE
Rqt_TnxqYjA,2020-05-09T06:25:00Z,76821,908,0,63,Vespa_velutina,Portugal,Insects,established,veneno,Post-Introduction,Threat,Threat,2011,2011-06-01T12:00:00Z,comment,Ugwhs7OHmNTyBAAl1Fd4AaABAg,,FALSE
Rqt_TnxqYjA,2019-12-08T21:44:35Z,76821,908,0,63,Vespa_velutina,Portugal,Insects,established,cara,Post-Introduction,eCommerce,eCommerce,2011,2011-06-01T12:00:00Z,comment,Ugz_-Lno9KOnP0vSb6d4AaABAg,,FALSE
Rqt_TnxqYjA,2019-12-08T21:44:35Z,76821,908,0,63,Vespa_velutina,Portugal,Insects,established,visto,Post-Introduction,Detection,Detection,2011,2011-06-01T12:00:00Z,comment,Ugz_-Lno9KOnP0vSb6d4AaABAg,,FALSE
Rqt_TnxqYjA,2018-10-10T14:47:56Z,76821,908,6,63,Vespa_velutina,Portugal,Insects,established,trampas,Post-Introduction,Detection,Detection,2011,2011-06-01T12:00:00Z,comment,UgzfZh3Q1tblyCckViJ4AaABAg,,FALSE
Rqt_TnxqYjA,2018-10-10T14:47:56Z,76821,908,6,63,Vespa_velutina,Portugal,Insects,established,control,Post-Introduction,Detection,Detection,2011,2011-06-01T12:00:00Z,comment,UgzfZh3Q1tblyCckViJ4AaABAg,,FALSE
Rqt_TnxqYjA,2018-10-10T14:47:56Z,76821,908,6,63,Vespa_velutina,Portugal,Insects,established,plaga,Post-Introduction,Invasion,Invasion,2011,2011-06-01T12:00:00Z,comment,UgzfZh3Q1tblyCckViJ4AaABAg,,FALSE
Rqt_TnxqYjA,2018-01-08T14:27:41Z,76821,908,1,63,Vespa_velutina,Portugal,Insects,established,trampas,Post-Introduction,Detection,Detection,2011,2011-06-01T12:00:00Z,comment,UgwyivCW2jqJr0N05YR4AaABAg,,FALSE
Rqt_TnxqYjA,2018-01-08T14:27:41Z,76821,908,1,63,Vespa_velutina,Portugal,Insects,established,trampas,Post-Introduction,Detection,Detection,2011,2011-06-01T12:00:00Z,comment,UgwyivCW2jqJr0N05YR4AaABAg,,FALSE
Rqt_TnxqYjA,2018-01-08T14:27:41Z,76821,908,1,63,Vespa_velutina,Portugal,Insects,established,trampa,Post-Introduction,Detection,Detection,2011,2011-06-01T12:00:00Z,comment,UgwyivCW2jqJr0N05YR4AaABAg,,FALSE
Rqt_TnxqYjA,2017-12-06T16:04:31Z,76821,908,0,63,Vespa_velutina,Portugal,Insects,established,capturar,Post-Introduction,Detection,Detection,2011,2011-06-01T12:00:00Z,comment,UgxBBE7k-x9SXKO2ZEl4AaABAg,,FALSE
8bnOB7ZTKeI,2020-10-30T13:03:29Z,335,7,2,3,Vespa_velutina,Portugal,Insects,established,invasora,Post-Introduction,Invasion,Invasion,2011,2011-06-01T12:00:00Z,comment,UgzK5nPB8l7HW6OTsgV4AaABAg.9FRKfMIzN0H9FRVV7HXvV8,UgzK5nPB8l7HW6OTsgV4AaABAg,TRUE
7tS87EqaKCQ,2019-07-17T23:43:23Z,1358,7,0,3,Vespa_velutina,Portugal,Insects,established,visto,Post-Introduction,Detection,Detection,2011,2011-06-01T12:00:00Z,comment,UgxkvnInecTXTqzG0al4AaABAg,,FALSE
7tS87EqaKCQ,2018-09-22T13:51:54Z,1358,7,0,3,Vespa_velutina,Portugal,Insects,established,trampas,Post-Introduction,Detection,Detection,2011,2011-06-01T12:00:00Z,comment,UgzXajJXEYqGYNWBXcd4AaABAg,,FALSE
rPQLpYowUQw,2024-07-15T12:25:12Z,59603,556,0,33,Vespa_velutina,Portugal,Insects,established,encontre,Post-Introduction,Detection,Detection,2011,2011-06-01T12:00:00Z,comment,UgztmVvvW3ItalMFcrN4AaABAg,,FALSE
rPQLpYowUQw,2024-07-15T12:25:12Z,59603,556,0,33,Vespa_velutina,Portugal,Insects,established,peligroso,Post-Introduction,Threat,Threat,2011,2011-06-01T12:00:00Z,comment,UgztmVvvW3ItalMFcrN4AaABAg,,FALSE
rPQLpYowUQw,2024-07-15T12:23:06Z,59603,556,0,33,Vespa_velutina,Portugal,Insects,established,visto,Post-Introduction,Detection,Detection,2011,2011-06-01T12:00:00Z,comment,Ugz_No9VrNjX8CyNm094AaABAg,,FALSE
rPQLpYowUQw,2021-04-29T15:24:06Z,59603,556,0,33,Vespa_velutina,Portugal,Insects,established,trampa,Post-Introduction,Detection,Detection,2011,2011-06-01T12:00:00Z,comment,Ugz9ha6ghUXtDpk2hjh4AaABAg,,FALSE
rPQLpYowUQw,2021-02-25T00:24:02Z,59603,556,1,33,Vespa_velutina,Portugal,Insects,established,comprar,Post-Introduction,eCommerce,eCommerce,2011,2011-06-01T12:00:00Z,comment,UgyLInK9khl-MFIJxHt4AaABAg,,FALSE
rPQLpYowUQw,2020-06-03T19:08:02Z,59603,556,0,33,Vespa_velutina,Portugal,Insects,established,trampa,Post-Introduction,Detection,Detection,2011,2011-06-01T12:00:00Z,comment,UgzdbwQzNL6Vo9Y5SsN4AaABAg,,FALSE
rPQLpYowUQw,2020-05-10T00:47:41Z,59603,556,0,33,Vespa_velutina,Portugal,Insects,established,trampa,Post-Introduction,Detection,Detection,2011,2011-06-01T12:00:00Z,comment,UgzMehbperOUvS_YvA54AaABAg,,FALSE
rPQLpYowUQw,2019-09-25T22:48:03Z,59603,556,1,33,Vespa_velutina,Portugal,Insects,established,invasoras,Post-Introduction,Invasion,Invasion,2011,2011-06-01T12:00:00Z,comment,UgxPYR0ifeXshwPJJvd4AaABAg,,FALSE
rPQLpYowUQw,2019-09-25T22:48:03Z,59603,556,1,33,Vespa_velutina,Portugal,Insects,established,armadilhas,Post-Introduction,Detection,Detection,2011,2011-06-01T12:00:00Z,comment,UgxPYR0ifeXshwPJJvd4AaABAg,,FALSE
rPQLpYowUQw,2019-09-01T17:27:49Z,59603,556,1,33,Vespa_velutina,Portugal,Insects,established,aparece,Post-Introduction,Detection,Detection,2011,2011-06-01T12:00:00Z,comment,UgyJwLIQlSLrkUayWtZ4AaABAg,,FALSE
rPQLpYowUQw,2019-01-28T19:09:27Z,59603,556,2,33,Vespa_velutina,Portugal,Insects,established,plaga,Post-Introduction,Invasion,Invasion,2011,2011-06-01T12:00:00Z,comment,UgwNwFN85Mfgo2NYH6l4AaABAg,,FALSE
rPQLpYowUQw,2019-01-28T19:09:27Z,59603,556,2,33,Vespa_velutina,Portugal,Insects,established,visto,Post-Introduction,Detection,Detection,2011,2011-06-01T12:00:00Z,comment,UgwNwFN85Mfgo2NYH6l4AaABAg,,FALSE
rPQLpYowUQw,2019-01-28T19:09:27Z,59603,556,2,33,Vespa_velutina,Portugal,Insects,established,trampas,Post-Introduction,Detection,Detection,2011,2011-06-01T12:00:00Z,comment,UgwNwFN85Mfgo2NYH6l4AaABAg,,FALSE
rPQLpYowUQw,2018-12-21T22:30:38Z,59603,556,8,33,Vespa_velutina,Portugal,Insects,established,visto,Post-Introduction,Detection,Detection,2011,2011-06-01T12:00:00Z,comment,UgwODTaJRU0QTD0NtJh4AaABAg,,FALSE
rPQLpYowUQw,2018-12-21T22:30:38Z,59603,556,8,33,Vespa_velutina,Portugal,Insects,established,expansion,Post-Introduction,Invasion,Invasion,2011,2011-06-01T12:00:00Z,comment,UgwODTaJRU0QTD0NtJh4AaABAg,,FALSE
rPQLpYowUQw,2018-10-30T08:56:57Z,59603,556,0,33,Vespa_velutina,Portugal,Insects,established,trampas,Post-Introduction,Detection,Detection,2011,2011-06-01T12:00:00Z,comment,Ugz8YlXoZ9wQ_v5ja_V4AaABAg,,FALSE
rPQLpYowUQw,2018-08-30T09:53:23Z,59603,556,1,33,Vespa_velutina,Portugal,Insects,established,trampa,Post-Introduction,Detection,Detection,2011,2011-06-01T12:00:00Z,comment,UgwjE73X5hLcizpxVOd4AaABAg,,FALSE
rPQLpYowUQw,2018-06-17T19:33:37Z,59603,556,4,33,Vespa_velutina,Portugal,Insects,established,epidemia,Post-Introduction,Threat,Threat,2011,2011-06-01T12:00:00Z,comment,UgyizNRKskA20k2pGkV4AaABAg,,FALSE
rPQLpYowUQw,2018-06-17T19:33:37Z,59603,556,4,33,Vespa_velutina,Portugal,Insects,established,trampas,Post-Introduction,Detection,Detection,2011,2011-06-01T12:00:00Z,comment,UgyizNRKskA20k2pGkV4AaABAg,,FALSE
rPQLpYowUQw,2018-06-17T19:33:37Z,59603,556,4,33,Vespa_velutina,Portugal,Insects,established,trampas,Post-Introduction,Detection,Detection,2011,2011-06-01T12:00:00Z,comment,UgyizNRKskA20k2pGkV4AaABAg,,FALSE
rPQLpYowUQw,2020-05-06T14:46:07Z,59603,556,1,33,Vespa_velutina,Portugal,Insects,established,ataca,Post-Introduction,Threat,Threat,2011,2011-06-01T12:00:00Z,comment,UgwNwFN85Mfgo2NYH6l4AaABAg.8qecp_QrV3y98JvXw51q1K,UgwNwFN85Mfgo2NYH6l4AaABAg,TRUE
rPQLpYowUQw,2020-07-29T08:02:22Z,59603,556,2,33,Vespa_velutina,Portugal,Insects,established,trampas,Post-Introduction,Detection,Detection,2011,2011-06-01T12:00:00Z,comment,UgwNwFN85Mfgo2NYH6l4AaABAg.8qecp_QrV3y9BgV6Liyjz_,UgwNwFN85Mfgo2NYH6l4AaABAg,TRUE
rPQLpYowUQw,2020-07-29T11:01:25Z,59603,556,0,33,Vespa_velutina,Portugal,Insects,established,aparecieron,Post-Introduction,Detection,Detection,2011,2011-06-01T12:00:00Z,comment,UgwNwFN85Mfgo2NYH6l4AaABAg.8qecp_QrV3y9Bgoajxh6Kn,UgwNwFN85Mfgo2NYH6l4AaABAg,TRUE
rPQLpYowUQw,2020-07-31T06:55:51Z,59603,556,1,33,Vespa_velutina,Portugal,Insects,established,aparecido,Post-Introduction,Detection,Detection,2011,2011-06-01T12:00:00Z,comment,UgwNwFN85Mfgo2NYH6l4AaABAg.8qecp_QrV3y9BlX4uvFxvv,UgwNwFN85Mfgo2NYH6l4AaABAg,TRUE
rPQLpYowUQw,2020-07-31T06:55:51Z,59603,556,1,33,Vespa_velutina,Portugal,Insects,established,colonizacion,Post-Introduction,Invasion,Invasion,2011,2011-06-01T12:00:00Z,comment,UgwNwFN85Mfgo2NYH6l4AaABAg.8qecp_QrV3y9BlX4uvFxvv,UgwNwFN85Mfgo2NYH6l4AaABAg,TRUE
rPQLpYowUQw,2020-07-31T06:55:51Z,59603,556,1,33,Vespa_velutina,Portugal,Insects,established,plaga,Post-Introduction,Invasion,Invasion,2011,2011-06-01T12:00:00Z,comment,UgwNwFN85Mfgo2NYH6l4AaABAg.8qecp_QrV3y9BlX4uvFxvv,UgwNwFN85Mfgo2NYH6l4AaABAg,TRUE
rPQLpYowUQw,2019-06-29T08:04:40Z,59603,556,1,33,Vespa_velutina,Portugal,Insects,established,trampas,Post-Introduction,Detection,Detection,2011,2011-06-01T12:00:00Z,comment,UgwjE73X5hLcizpxVOd4AaABAg.8kZp9gtmswy8wkp_eSsPMT,UgwjE73X5hLcizpxVOd4AaABAg,TRUE
rPQLpYowUQw,2019-06-29T08:04:40Z,59603,556,1,33,Vespa_velutina,Portugal,Insects,established,visto,Post-Introduction,Detection,Detection,2011,2011-06-01T12:00:00Z,comment,UgwjE73X5hLcizpxVOd4AaABAg.8kZp9gtmswy8wkp_eSsPMT,UgwjE73X5hLcizpxVOd4AaABAg,TRUE
rPQLpYowUQw,2019-06-29T08:04:40Z,59603,556,1,33,Vespa_velutina,Portugal,Insects,established,visto,Post-Introduction,Detection,Detection,2011,2011-06-01T12:00:00Z,comment,UgwjE73X5hLcizpxVOd4AaABAg.8kZp9gtmswy8wkp_eSsPMT,UgwjE73X5hLcizpxVOd4AaABAg,TRUE
czfzZo4a2so,2022-04-17T14:35:39Z,87,3,3,5,Vespa_velutina,Portugal,Insects,established,plaga,Post-Introduction,Invasion,Invasion,2011,2011-06-01T12:00:00Z,comment,UgxAtRyBBtyTqNDYAd94AaABAg.9_vJirUO7wq9_vfXRhHEQl,UgxAtRyBBtyTqNDYAd94AaABAg,TRUE
GFFCzGlMVlE,2018-07-26T22:36:59Z,67369,2456,0,320,Vespa_velutina,Portugal,Insects,established,vista,Post-Introduction,Detection,Detection,2011,2011-06-01T12:00:00Z,comment,UgwaD2Jv9nYlrZbv-Sd4AaABAg,,FALSE
GFFCzGlMVlE,2018-07-26T22:31:49Z,67369,2456,0,320,Vespa_velutina,Portugal,Insects,established,vistas,Post-Introduction,Detection,Detection,2011,2011-06-01T12:00:00Z,comment,UgwXYLuXgBXPkFssxrl4AaABAg,,FALSE
0edLWEXVY60,2024-04-27T20:03:21Z,40032,124,0,14,Vespa_velutina,Portugal,Insects,established,armadilhas,Post-Introduction,Detection,Detection,2011,2011-06-01T12:00:00Z,comment,UgzbX_XSGs8xnbe3tRF4AaABAg,,FALSE
0edLWEXVY60,2021-10-21T19:57:09Z,40032,124,1,14,Vespa_velutina,Portugal,Insects,established,invasora,Post-Introduction,Invasion,Invasion,2011,2011-06-01T12:00:00Z,comment,UgyY8kk_oO_m2rbg7f54AaABAg,,FALSE
0edLWEXVY60,2020-08-20T20:35:27Z,40032,124,0,14,Vespa_velutina,Portugal,Insects,established,barato,Post-Introduction,eCommerce,eCommerce,2011,2011-06-01T12:00:00Z,comment,UgwLjni8ctwo7fPul694AaABAg,,FALSE
dhF6OJQvvKg,2023-10-08T21:18:18Z,1675,51,1,8,Vespa_velutina,Portugal,Insects,established,descobertos,Post-Introduction,Detection,Detection,2011,2011-06-01T12:00:00Z,comment,UgzmsSOun5FyiY9DR_d4AaABAg,,FALSE
dhF6OJQvvKg,2023-10-08T15:58:32Z,1675,51,1,8,Vespa_velutina,Portugal,Insects,established,aparece,Post-Introduction,Detection,Detection,2011,2011-06-01T12:00:00Z,comment,Ugwgcs7Db5qgpjmcwkt4AaABAg,,FALSE
II2jW3eVKn4,2022-08-16T22:54:28Z,5259,96,1,8,Vespa_velutina,Portugal,Insects,established,mercado,Post-Introduction,eCommerce,eCommerce,2011,2011-06-01T12:00:00Z,comment,Ugy8ifxpk1BabFc5Vg94AaABAg,,FALSE
-kuYeB2qTl4,2023-11-12T14:09:30Z,714,12,0,4,Vespa_velutina,Portugal,Insects,established,praga,Post-Introduction,Invasion,Invasion,2011,2011-06-01T12:00:00Z,comment,Ugwtck9yMWPvhYh0GrF4AaABAg,,FALSE
-kuYeB2qTl4,2023-11-12T20:49:11Z,714,12,0,4,Vespa_velutina,Portugal,Insects,established,praga,Post-Introduction,Invasion,Invasion,2011,2011-06-01T12:00:00Z,comment,Ugwtck9yMWPvhYh0GrF4AaABAg.9x0cozbB8mQ9x1LZP8O0S_,Ugwtck9yMWPvhYh0GrF4AaABAg,TRUE
OfZmDPPepe0,2022-02-12T16:51:34Z,877,9,0,2,Vespa_velutina,Portugal,Insects,established,pandemia,Post-Introduction,Threat,Threat,2011,2011-06-01T12:00:00Z,comment,UgzakmRX0uDjJjUC4Rx4AaABAg.9PdFWeVIdO_9YM7CrLwY_W,UgzakmRX0uDjJjUC4Rx4AaABAg,TRUE
_33QU7WnpnI,2023-11-28T16:40:29Z,3773,83,0,41,Vespa_velutina,Portugal,Insects,established,trampas,Post-Introduction,Detection,Detection,2011,2011-06-01T12:00:00Z,comment,UgwvcgHBvwQXPFAumER4AaABAg,,FALSE
_33QU7WnpnI,2023-09-04T16:31:51Z,3773,83,0,41,Vespa_velutina,Portugal,Insects,established,encontramos,Post-Introduction,Detection,Detection,2011,2011-06-01T12:00:00Z,comment,Ugy4roI81bnyoEwAyvd4AaABAg,,FALSE
_33QU7WnpnI,2023-09-01T19:36:28Z,3773,83,1,41,Vespa_velutina,Portugal,Insects,established,visto,Post-Introduction,Detection,Detection,2011,2011-06-01T12:00:00Z,comment,UgxGEXGvQGTk-Lh5hz94AaABAg,,FALSE
_33QU7WnpnI,2023-11-28T17:41:59Z,3773,83,2,41,Vespa_velutina,Portugal,Insects,established,veneno,Post-Introduction,Threat,Threat,2011,2011-06-01T12:00:00Z,comment,UgwvcgHBvwQXPFAumER4AaABAg.9xf5ou2vS9K9xfCrLhzny5,UgwvcgHBvwQXPFAumER4AaABAg,TRUE
_33QU7WnpnI,2023-11-28T17:41:59Z,3773,83,2,41,Vespa_velutina,Portugal,Insects,established,trampa,Post-Introduction,Detection,Detection,2011,2011-06-01T12:00:00Z,comment,UgwvcgHBvwQXPFAumER4AaABAg.9xf5ou2vS9K9xfCrLhzny5,UgwvcgHBvwQXPFAumER4AaABAg,TRUE
_33QU7WnpnI,2023-11-28T17:41:59Z,3773,83,2,41,Vespa_velutina,Portugal,Insects,established,trampa,Post-Introduction,Detection,Detection,2011,2011-06-01T12:00:00Z,comment,UgwvcgHBvwQXPFAumER4AaABAg.9xf5ou2vS9K9xfCrLhzny5,UgwvcgHBvwQXPFAumER4AaABAg,TRUE
_33QU7WnpnI,2023-10-10T07:06:23Z,3773,83,1,41,Vespa_velutina,Portugal,Insects,established,atacando,Post-Introduction,Threat,Threat,2011,2011-06-01T12:00:00Z,comment,UgyVoHfu_Zgt3tUFsjh4AaABAg.9veLeOuu7Al9vfuA5j2XIY,UgyVoHfu_Zgt3tUFsjh4AaABAg,TRUE
_33QU7WnpnI,2023-10-10T07:06:23Z,3773,83,1,41,Vespa_velutina,Portugal,Insects,established,invasion,Post-Introduction,Invasion,Invasion,2011,2011-06-01T12:00:00Z,comment,UgyVoHfu_Zgt3tUFsjh4AaABAg.9veLeOuu7Al9vfuA5j2XIY,UgyVoHfu_Zgt3tUFsjh4AaABAg,TRUE
_33QU7WnpnI,2023-10-10T09:51:53Z,3773,83,0,41,Vespa_velutina,Portugal,Insects,established,plaga,Post-Introduction,Invasion,Invasion,2011,2011-06-01T12:00:00Z,comment,UgyVoHfu_Zgt3tUFsjh4AaABAg.9veLeOuu7Al9vgC6NOAjBo,UgyVoHfu_Zgt3tUFsjh4AaABAg,TRUE
_33QU7WnpnI,2023-10-13T15:30:11Z,3773,83,0,41,Vespa_velutina,Portugal,Insects,established,encontre,Post-Introduction,Detection,Detection,2011,2011-06-01T12:00:00Z,comment,UgyVoHfu_Zgt3tUFsjh4AaABAg.9veLeOuu7Al9voXCk4sEke,UgyVoHfu_Zgt3tUFsjh4AaABAg,TRUE
_33QU7WnpnI,2023-10-13T15:30:11Z,3773,83,0,41,Vespa_velutina,Portugal,Insects,established,visto,Post-Introduction,Detection,Detection,2011,2011-06-01T12:00:00Z,comment,UgyVoHfu_Zgt3tUFsjh4AaABAg.9veLeOuu7Al9voXCk4sEke,UgyVoHfu_Zgt3tUFsjh4AaABAg,TRUE
_33QU7WnpnI,2023-10-09T16:41:14Z,3773,83,0,41,Vespa_velutina,Portugal,Insects,established,peligro,Post-Introduction,Threat,Threat,2011,2011-06-01T12:00:00Z,comment,UgwBWGQjCS9ob_XFE3N4AaABAg.9vHtZwrsHQv9veM9eujLM5,UgwBWGQjCS9ob_XFE3N4AaABAg,TRUE
_33QU7WnpnI,2023-09-18T06:53:16Z,3773,83,0,41,Vespa_velutina,Portugal,Insects,established,tienda,Post-Introduction,eCommerce,eCommerce,2011,2011-06-01T12:00:00Z,comment,Ugwv1DiatzwT1T8kyr94AaABAg.9ulOy_Mmo919unEAohdtWc,Ugwv1DiatzwT1T8kyr94AaABAg,TRUE
_33QU7WnpnI,2023-09-30T14:10:17Z,3773,83,0,41,Vespa_velutina,Portugal,Insects,established,dinero,Post-Introduction,eCommerce,eCommerce,2011,2011-06-01T12:00:00Z,comment,Ugwv1DiatzwT1T8kyr94AaABAg.9ulOy_Mmo919vHujBQRVjd,Ugwv1DiatzwT1T8kyr94AaABAg,TRUE
_33QU7WnpnI,2023-09-30T14:10:17Z,3773,83,0,41,Vespa_velutina,Portugal,Insects,established,veneno,Post-Introduction,Threat,Threat,2011,2011-06-01T12:00:00Z,comment,Ugwv1DiatzwT1T8kyr94AaABAg.9ulOy_Mmo919vHujBQRVjd,Ugwv1DiatzwT1T8kyr94AaABAg,TRUE
_33QU7WnpnI,2023-09-03T08:09:29Z,3773,83,1,41,Vespa_velutina,Portugal,Insects,established,control,Post-Introduction,Detection,Detection,2011,2011-06-01T12:00:00Z,comment,UgwXI9oYBEXAyrxXhFh4AaABAg.9u9J8MJbWSn9uBjyy6teIc,UgwXI9oYBEXAyrxXhFh4AaABAg,TRUE
zSNONsdqKS4,2021-05-07T11:12:29Z,23096,221,4,21,Vespa_velutina,Portugal,Insects,established,visto,Post-Introduction,Detection,Detection,2011,2011-06-01T12:00:00Z,comment,Ugzz1JXTV0UBS9EbXSN4AaABAg,,FALSE
zSNONsdqKS4,2023-12-20T10:55:51Z,23096,221,0,21,Vespa_velutina,Portugal,Insects,established,plaga,Post-Introduction,Invasion,Invasion,2011,2011-06-01T12:00:00Z,comment,UgyCimAyfXun2kpfjht4AaABAg,,FALSE
zSNONsdqKS4,2023-09-15T21:15:13Z,23096,221,0,21,Vespa_velutina,Portugal,Insects,established,ataca,Post-Introduction,Threat,Threat,2011,2011-06-01T12:00:00Z,comment,UgyPIoNhEZyD0jL0knp4AaABAg,,FALSE
zSNONsdqKS4,2022-09-02T14:13:15Z,23096,221,2,21,Vespa_velutina,Portugal,Insects,established,cara,Post-Introduction,eCommerce,eCommerce,2011,2011-06-01T12:00:00Z,comment,UgzKn8jKBIOcrxDeCk14AaABAg,,FALSE
zSNONsdqKS4,2022-09-02T14:13:15Z,23096,221,2,21,Vespa_velutina,Portugal,Insects,established,cara,Post-Introduction,eCommerce,eCommerce,2011,2011-06-01T12:00:00Z,comment,UgzKn8jKBIOcrxDeCk14AaABAg,,FALSE
zSNONsdqKS4,2022-09-02T14:13:15Z,23096,221,2,21,Vespa_velutina,Portugal,Insects,established,cara,Post-Introduction,eCommerce,eCommerce,2011,2011-06-01T12:00:00Z,comment,UgzKn8jKBIOcrxDeCk14AaABAg,,FALSE
zSNONsdqKS4,2022-08-24T18:24:41Z,23096,221,1,21,Vespa_velutina,Portugal,Insects,established,veneno,Post-Introduction,Threat,Threat,2011,2011-06-01T12:00:00Z,comment,Ugwy26VaPT7tO-DDcm54AaABAg,,FALSE
xiz2AQxNB40,2021-12-15T00:22:28Z,2373,22,1,5,Vespa_velutina,Portugal,Insects,established,deteccion,Post-Introduction,Detection,Detection,2011,2011-06-01T12:00:00Z,comment,Ugwfjbsad5c6u-V6nMh4AaABAg,,FALSE
xiz2AQxNB40,2015-10-02T20:43:06Z,2373,22,2,5,Vespa_velutina,Portugal,Insects,established,encontrado,Post-Introduction,Detection,Detection,2011,2011-06-01T12:00:00Z,comment,Ugg9j0Bgj8XWf3gCoAEC,,FALSE
MGHcIy-llZ4,2020-05-21T07:04:01Z,1296,17,1,7,Vespa_velutina,Portugal,Insects,established,visto,Post-Introduction,Detection,Detection,2011,2011-06-01T12:00:00Z,comment,Ugw5DBn4NnWnrK2iQc14AaABAg,,FALSE
MGHcIy-llZ4,2020-05-21T07:04:01Z,1296,17,1,7,Vespa_velutina,Portugal,Insects,established,trampa,Post-Introduction,Detection,Detection,2011,2011-06-01T12:00:00Z,comment,Ugw5DBn4NnWnrK2iQc14AaABAg,,FALSE
MGHcIy-llZ4,2020-05-21T10:45:40Z,1296,17,1,7,Vespa_velutina,Portugal,Insects,established,invasion,Post-Introduction,Invasion,Invasion,2011,2011-06-01T12:00:00Z,comment,Ugw5DBn4NnWnrK2iQc14AaABAg.98ui_TuNYqH98v6wxYLawF,Ugw5DBn4NnWnrK2iQc14AaABAg,TRUE
_5r5IvoJtys,2017-10-17T23:11:32Z,3678,33,1,6,Vespa_velutina,Portugal,Insects,established,captura,Post-Introduction,Detection,Detection,2011,2011-06-01T12:00:00Z,comment,UgxgAQLy59l9wNYhhix4AaABAg,,FALSE
orNFa_vM3Gc,2016-11-14T16:18:17Z,1957,11,1,1,Vespa_velutina,Portugal,Insects,established,deteccion,Post-Introduction,Detection,Detection,2011,2011-06-01T12:00:00Z,comment,UgikS07KIOICcXgCoAEC,,FALSE
orNFa_vM3Gc,2016-11-14T16:18:17Z,1957,11,1,1,Vespa_velutina,Portugal,Insects,established,seguimiento,Post-Introduction,Detection,Detection,2011,2011-06-01T12:00:00Z,comment,UgikS07KIOICcXgCoAEC,,FALSE
orNFa_vM3Gc,2016-11-14T16:18:17Z,1957,11,1,1,Vespa_velutina,Portugal,Insects,established,control,Post-Introduction,Detection,Detection,2011,2011-06-01T12:00:00Z,comment,UgikS07KIOICcXgCoAEC,,FALSE
orNFa_vM3Gc,2016-11-14T16:18:17Z,1957,11,1,1,Vespa_velutina,Portugal,Insects,established,exotica,Post-Introduction,Invasion,Invasion,2011,2011-06-01T12:00:00Z,comment,UgikS07KIOICcXgCoAEC,,FALSE
orNFa_vM3Gc,2016-11-14T16:18:17Z,1957,11,1,1,Vespa_velutina,Portugal,Insects,established,invasora,Post-Introduction,Invasion,Invasion,2011,2011-06-01T12:00:00Z,comment,UgikS07KIOICcXgCoAEC,,FALSE
sO5hNu7ACBQ,2019-12-26T01:14:41Z,13765,214,1,35,Vespa_velutina,Portugal,Insects,established,veneno,Post-Introduction,Threat,Threat,2011,2011-06-01T12:00:00Z,comment,UgxKqdnEJ5Rg5lFwV454AaABAg,,FALSE
sO5hNu7ACBQ,2019-12-26T01:14:41Z,13765,214,1,35,Vespa_velutina,Portugal,Insects,established,venenosa,Post-Introduction,Threat,Threat,2011,2011-06-01T12:00:00Z,comment,UgxKqdnEJ5Rg5lFwV454AaABAg,,FALSE
sO5hNu7ACBQ,2019-12-26T01:14:41Z,13765,214,1,35,Vespa_velutina,Portugal,Insects,established,invasora,Post-Introduction,Invasion,Invasion,2011,2011-06-01T12:00:00Z,comment,UgxKqdnEJ5Rg5lFwV454AaABAg,,FALSE
sO5hNu7ACBQ,2019-12-26T01:14:41Z,13765,214,1,35,Vespa_velutina,Portugal,Insects,established,vendido,Post-Introduction,eCommerce,eCommerce,2011,2011-06-01T12:00:00Z,comment,UgxKqdnEJ5Rg5lFwV454AaABAg,,FALSE
sO5hNu7ACBQ,2019-09-06T11:26:20Z,13765,214,0,35,Vespa_velutina,Portugal,Insects,established,veneno,Post-Introduction,Threat,Threat,2011,2011-06-01T12:00:00Z,comment,UgxFEonjkNLuPvwypVd4AaABAg,,FALSE
sO5hNu7ACBQ,2019-09-05T18:44:36Z,13765,214,0,35,Vespa_velutina,Portugal,Insects,established,veneno,Post-Introduction,Threat,Threat,2011,2011-06-01T12:00:00Z,comment,Ugxi4GIZJ2aQMURdZ0B4AaABAg,,FALSE
sO5hNu7ACBQ,2019-09-05T18:44:36Z,13765,214,0,35,Vespa_velutina,Portugal,Insects,established,peligro,Post-Introduction,Threat,Threat,2011,2011-06-01T12:00:00Z,comment,Ugxi4GIZJ2aQMURdZ0B4AaABAg,,FALSE
sO5hNu7ACBQ,2019-09-05T18:44:36Z,13765,214,0,35,Vespa_velutina,Portugal,Insects,established,trampas,Post-Introduction,Detection,Detection,2011,2011-06-01T12:00:00Z,comment,Ugxi4GIZJ2aQMURdZ0B4AaABAg,,FALSE
sO5hNu7ACBQ,2019-06-21T18:13:45Z,13765,214,0,35,Vespa_velutina,Portugal,Insects,established,expansion,Post-Introduction,Invasion,Invasion,2011,2011-06-01T12:00:00Z,comment,Ugw9-d9fv2p-mG0_gMh4AaABAg,,FALSE
sO5hNu7ACBQ,2018-11-01T02:25:15Z,13765,214,1,35,Vespa_velutina,Portugal,Insects,established,visto,Post-Introduction,Detection,Detection,2011,2011-06-01T12:00:00Z,comment,UgxfD5HReKCijywEt0F4AaABAg,,FALSE
sO5hNu7ACBQ,2018-09-23T02:07:18Z,13765,214,3,35,Vespa_velutina,Portugal,Insects,established,veneno,Post-Introduction,Threat,Threat,2011,2011-06-01T12:00:00Z,comment,UgzPpLIoFxDE4Pc0CIN4AaABAg,,FALSE
sO5hNu7ACBQ,2018-07-26T00:24:55Z,13765,214,2,35,Vespa_velutina,Portugal,Insects,established,extincion,Post-Introduction,Threat,Threat,2011,2011-06-01T12:00:00Z,comment,UgzmtxhXI5lfaGIhl0x4AaABAg,,FALSE
sO5hNu7ACBQ,2018-07-26T00:24:55Z,13765,214,2,35,Vespa_velutina,Portugal,Insects,established,peligro,Post-Introduction,Threat,Threat,2011,2011-06-01T12:00:00Z,comment,UgzmtxhXI5lfaGIhl0x4AaABAg,,FALSE
sO5hNu7ACBQ,2018-07-25T14:08:10Z,13765,214,2,35,Vespa_velutina,Portugal,Insects,established,dinero,Post-Introduction,eCommerce,eCommerce,2011,2011-06-01T12:00:00Z,comment,Ugwy9GQeilWnqZqLItF4AaABAg,,FALSE
sO5hNu7ACBQ,2018-07-25T09:39:34Z,13765,214,1,35,Vespa_velutina,Portugal,Insects,established,trampa,Post-Introduction,Detection,Detection,2011,2011-06-01T12:00:00Z,comment,UgypU7u3KXP3tK9fxzd4AaABAg,,FALSE
sO5hNu7ACBQ,2019-08-18T00:51:45Z,13765,214,0,35,Vespa_velutina,Portugal,Insects,established,plaga,Post-Introduction,Invasion,Invasion,2011,2011-06-01T12:00:00Z,comment,UgxfD5HReKCijywEt0F4AaABAg.8n5Exg-_TxN8yknmeOan0F,UgxfD5HReKCijywEt0F4AaABAg,TRUE
sO5hNu7ACBQ,2019-08-18T00:51:45Z,13765,214,0,35,Vespa_velutina,Portugal,Insects,established,plaga,Post-Introduction,Invasion,Invasion,2011,2011-06-01T12:00:00Z,comment,UgxfD5HReKCijywEt0F4AaABAg.8n5Exg-_TxN8yknmeOan0F,UgxfD5HReKCijywEt0F4AaABAg,TRUE
sO5hNu7ACBQ,2019-08-18T00:51:45Z,13765,214,0,35,Vespa_velutina,Portugal,Insects,established,plaga,Post-Introduction,Invasion,Invasion,2011,2011-06-01T12:00:00Z,comment,UgxfD5HReKCijywEt0F4AaABAg.8n5Exg-_TxN8yknmeOan0F,UgxfD5HReKCijywEt0F4AaABAg,TRUE
sO5hNu7ACBQ,2019-08-18T00:51:45Z,13765,214,0,35,Vespa_velutina,Portugal,Insects,established,plaga,Post-Introduction,Invasion,Invasion,2011,2011-06-01T12:00:00Z,comment,UgxfD5HReKCijywEt0F4AaABAg.8n5Exg-_TxN8yknmeOan0F,UgxfD5HReKCijywEt0F4AaABAg,TRUE
sO5hNu7ACBQ,2020-07-12T08:15:59Z,13765,214,0,35,Vespa_velutina,Portugal,Insects,established,veneno,Post-Introduction,Threat,Threat,2011,2011-06-01T12:00:00Z,comment,Ugz1j3592QF6N4e_U1t4AaABAg.8lY37tdCM_V9B-k95hhWBD,Ugz1j3592QF6N4e_U1t4AaABAg,TRUE
sO5hNu7ACBQ,2020-07-12T08:15:59Z,13765,214,0,35,Vespa_velutina,Portugal,Insects,established,veneno,Post-Introduction,Threat,Threat,2011,2011-06-01T12:00:00Z,comment,Ugz1j3592QF6N4e_U1t4AaABAg.8lY37tdCM_V9B-k95hhWBD,Ugz1j3592QF6N4e_U1t4AaABAg,TRUE
sO5hNu7ACBQ,2018-08-03T00:57:57Z,13765,214,0,35,Vespa_velutina,Portugal,Insects,established,trampa,Post-Introduction,Detection,Detection,2011,2011-06-01T12:00:00Z,comment,UgypU7u3KXP3tK9fxzd4AaABAg.8j75y-ELAGL8jTLQ_lz4VR,UgypU7u3KXP3tK9fxzd4AaABAg,TRUE
BkBlMctkt7M,2021-09-05T09:37:31Z,1352,42,1,11,Vespa_velutina,Portugal,Insects,established,aparece,Post-Introduction,Detection,Detection,2011,2011-06-01T12:00:00Z,comment,Ugwj4Wt3Cwe4Q1IpVeZ4AaABAg,,FALSE
RjQYn7ZwveI,2019-06-26T12:22:55Z,13958,45,4,15,Vespa_velutina,Portugal,Insects,established,riesgo,Post-Introduction,Threat,Threat,2011,2011-06-01T12:00:00Z,comment,UgxhJUqNOfAqly9BEQN4AaABAg,,FALSE
RjQYn7ZwveI,2019-06-01T23:10:16Z,13958,45,2,15,Vespa_velutina,Portugal,Insects,established,veneno,Post-Introduction,Threat,Threat,2011,2011-06-01T12:00:00Z,comment,UgxSs3xLoQiHF_Iv0_N4AaABAg,,FALSE
RjQYn7ZwveI,2018-09-13T18:13:52Z,13958,45,0,15,Vespa_velutina,Portugal,Insects,established,riesgo,Post-Introduction,Threat,Threat,2011,2011-06-01T12:00:00Z,comment,Ugwxjw1BwnH82MlfIX14AaABAg.8it3nEo8mdk8l8lZcyzVCr,Ugwxjw1BwnH82MlfIX14AaABAg,TRUE
RSi9yiu5JRQ,2018-08-14T17:34:57Z,21916,140,1,24,Vespa_velutina,Portugal,Insects,established,invasoras,Post-Introduction,Invasion,Invasion,2011,2011-06-01T12:00:00Z,comment,UgwiHRj5lF4MY1D57jx4AaABAg,,FALSE
RSi9yiu5JRQ,2013-10-26T20:33:22Z,21916,140,3,24,Vespa_velutina,Portugal,Insects,established,plaga,Post-Introduction,Invasion,Invasion,2011,2011-06-01T12:00:00Z,comment,UgzTJRfDxG76yqcD-bZ4AaABAg,,FALSE
RSi9yiu5JRQ,2013-01-14T08:31:01Z,21916,140,1,24,Vespa_velutina,Portugal,Insects,established,invasion,Post-Introduction,Invasion,Invasion,2011,2011-06-01T12:00:00Z,comment,UgwaLoGNcodtFbZTpXp4AaABAg,,FALSE
yicST4L0YkU,2019-04-14T23:21:46Z,31814,83,0,9,Vespa_velutina,Portugal,Insects,established,plagas,Post-Introduction,Invasion,Invasion,2011,2011-06-01T12:00:00Z,comment,UgwJ5s7AMmiH-gWuk514AaABAg,,FALSE
yicST4L0YkU,2019-04-14T23:21:46Z,31814,83,0,9,Vespa_velutina,Portugal,Insects,established,descubierto,Post-Introduction,Detection,Detection,2011,2011-06-01T12:00:00Z,comment,UgwJ5s7AMmiH-gWuk514AaABAg,,FALSE
yicST4L0YkU,2019-04-14T23:21:46Z,31814,83,0,9,Vespa_velutina,Portugal,Insects,established,trampas,Post-Introduction,Detection,Detection,2011,2011-06-01T12:00:00Z,comment,UgwJ5s7AMmiH-gWuk514AaABAg,,FALSE
yicST4L0YkU,2017-09-05T13:13:38Z,31814,83,2,9,Vespa_velutina,Portugal,Insects,established,trampas,Post-Introduction,Detection,Detection,2011,2011-06-01T12:00:00Z,comment,UgxWyGIyM69rsXYcMHV4AaABAg,,FALSE
85A6fy65yJA,2020-08-29T04:22:20Z,4952,29,0,11,Vespa_velutina,Portugal,Insects,established,plagas,Post-Introduction,Invasion,Invasion,2011,2011-06-01T12:00:00Z,comment,UgyMuJ-g8uHAZNVRx-F4AaABAg.98O-tOrXkrQ9CvvZq3mVB0,UgyMuJ-g8uHAZNVRx-F4AaABAg,TRUE
85A6fy65yJA,2020-08-29T04:22:20Z,4952,29,0,11,Vespa_velutina,Portugal,Insects,established,plagas,Post-Introduction,Invasion,Invasion,2011,2011-06-01T12:00:00Z,comment,UgyMuJ-g8uHAZNVRx-F4AaABAg.98O-tOrXkrQ9CvvZq3mVB0,UgyMuJ-g8uHAZNVRx-F4AaABAg,TRUE
a3uff97mg0k,2019-10-29T04:38:37Z,37065,116,3,13,Vespa_velutina,Portugal,Insects,established,vista,Post-Introduction,Detection,Detection,2011,2011-06-01T12:00:00Z,comment,UgxUkdxO58w1Z--2C_94AaABAg,,FALSE
BilSshxtNQA,2020-09-14T12:01:20Z,1983,37,1,9,Vespa_velutina,Portugal,Insects,established,trampa,Post-Introduction,Detection,Detection,2011,2011-06-01T12:00:00Z,comment,UgzxDU-D8qCNHuQmMLV4AaABAg,,FALSE
_rAzWNJAqEE,2021-07-11T11:46:20Z,231,6,0,6,Vespa_velutina,Portugal,Insects,established,trampa,Post-Introduction,Detection,Detection,2011,2011-06-01T12:00:00Z,comment,UgwoOupbg4AdKWnEcll4AaABAg,,FALSE
_rAzWNJAqEE,2021-07-11T14:24:08Z,231,6,1,6,Vespa_velutina,Portugal,Insects,established,trampa,Post-Introduction,Detection,Detection,2011,2011-06-01T12:00:00Z,comment,UgwoOupbg4AdKWnEcll4AaABAg.9PeO_FaAVVr9Pefd-NKCQu,UgwoOupbg4AdKWnEcll4AaABAg,TRUE
_rAzWNJAqEE,2021-07-11T14:24:08Z,231,6,1,6,Vespa_velutina,Portugal,Insects,established,vist,Post-Introduction,Detection,Detection,2011,2011-06-01T12:00:00Z,comment,UgwoOupbg4AdKWnEcll4AaABAg.9PeO_FaAVVr9Pefd-NKCQu,UgwoOupbg4AdKWnEcll4AaABAg,TRUE
_rAzWNJAqEE,2021-07-11T14:24:08Z,231,6,1,6,Vespa_velutina,Portugal,Insects,established,trampa,Post-Introduction,Detection,Detection,2011,2011-06-01T12:00:00Z,comment,UgwoOupbg4AdKWnEcll4AaABAg.9PeO_FaAVVr9Pefd-NKCQu,UgwoOupbg4AdKWnEcll4AaABAg,TRUE
_rAzWNJAqEE,2021-07-11T14:47:46Z,231,6,0,6,Vespa_velutina,Portugal,Insects,established,trampa,Post-Introduction,Detection,Detection,2011,2011-06-01T12:00:00Z,comment,UgwoOupbg4AdKWnEcll4AaABAg.9PeO_FaAVVr9PeiL8l2c2t,UgwoOupbg4AdKWnEcll4AaABAg,TRUE
OEUUtvmgDHg,2023-08-27T13:48:10Z,1998,19,1,10,Vespa_velutina,Portugal,Insects,established,visto,Post-Introduction,Detection,Detection,2011,2011-06-01T12:00:00Z,comment,Ugzq3aoYKBsoWmwxq_F4AaABAg.9tUfy-lSk8B9tvKATbnR3a,Ugzq3aoYKBsoWmwxq_F4AaABAg,TRUE
OEUUtvmgDHg,2023-08-27T13:48:10Z,1998,19,1,10,Vespa_velutina,Portugal,Insects,established,observado,Post-Introduction,Detection,Detection,2011,2011-06-01T12:00:00Z,comment,Ugzq3aoYKBsoWmwxq_F4AaABAg.9tUfy-lSk8B9tvKATbnR3a,Ugzq3aoYKBsoWmwxq_F4AaABAg,TRUE
OEUUtvmgDHg,2023-08-27T13:58:35Z,1998,19,1,10,Vespa_velutina,Portugal,Insects,established,encontrado,Post-Introduction,Detection,Detection,2011,2011-06-01T12:00:00Z,comment,Ugzq3aoYKBsoWmwxq_F4AaABAg.9tUfy-lSk8B9tvLMmp7VcF,Ugzq3aoYKBsoWmwxq_F4AaABAg,TRUE
OEUUtvmgDHg,2017-11-05T17:24:18Z,1998,19,1,10,Vespa_velutina,Portugal,Insects,established,ameaca,Post-Introduction,Threat,Threat,2011,2011-06-01T12:00:00Z,comment,Ugz6yoH1H-6I56Lyx-d4AaABAg.8ZaHpJ9Y-Sl8ZaIscdgQqt,Ugz6yoH1H-6I56Lyx-d4AaABAg,TRUE
OEUUtvmgDHg,2017-11-05T17:24:18Z,1998,19,1,10,Vespa_velutina,Portugal,Insects,established,expansao,Post-Introduction,Invasion,Invasion,2011,2011-06-01T12:00:00Z,comment,Ugz6yoH1H-6I56Lyx-d4AaABAg.8ZaHpJ9Y-Sl8ZaIscdgQqt,Ugz6yoH1H-6I56Lyx-d4AaABAg,TRUE
OEUUtvmgDHg,2017-11-05T17:24:18Z,1998,19,1,10,Vespa_velutina,Portugal,Insects,established,risco,Post-Introduction,Threat,Threat,2011,2011-06-01T12:00:00Z,comment,Ugz6yoH1H-6I56Lyx-d4AaABAg.8ZaHpJ9Y-Sl8ZaIscdgQqt,Ugz6yoH1H-6I56Lyx-d4AaABAg,TRUE
ydqO1YpdixA,2023-12-08T21:23:44Z,1015,34,0,13,Vespa_velutina,Portugal,Insects,established,manejar,Post-Introduction,Detection,Detection,2011,2011-06-01T12:00:00Z,comment,UgydiDx1vs1SiswYI9p4AaABAg,,FALSE
ydqO1YpdixA,2023-12-08T21:23:44Z,1015,34,0,13,Vespa_velutina,Portugal,Insects,established,visto,Post-Introduction,Detection,Detection,2011,2011-06-01T12:00:00Z,comment,UgydiDx1vs1SiswYI9p4AaABAg,,FALSE
ydqO1YpdixA,2023-06-19T09:52:33Z,1015,34,1,13,Vespa_velutina,Portugal,Insects,established,trampas,Post-Introduction,Detection,Detection,2011,2011-06-01T12:00:00Z,comment,Ugx6hQO5qN4HopGh6mh4AaABAg,,FALSE
ydqO1YpdixA,2023-06-19T09:52:33Z,1015,34,1,13,Vespa_velutina,Portugal,Insects,established,trampas,Post-Introduction,Detection,Detection,2011,2011-06-01T12:00:00Z,comment,Ugx6hQO5qN4HopGh6mh4AaABAg,,FALSE
ydqO1YpdixA,2023-06-19T09:52:33Z,1015,34,1,13,Vespa_velutina,Portugal,Insects,established,peligro,Post-Introduction,Threat,Threat,2011,2011-06-01T12:00:00Z,comment,Ugx6hQO5qN4HopGh6mh4AaABAg,,FALSE
ydqO1YpdixA,2023-12-09T08:02:13Z,1015,34,0,13,Vespa_velutina,Portugal,Insects,established,captura,Post-Introduction,Detection,Detection,2011,2011-06-01T12:00:00Z,comment,UgydiDx1vs1SiswYI9p4AaABAg.9y4MBFfkXl29y5VFcxQeEP,UgydiDx1vs1SiswYI9p4AaABAg,TRUE
ydqO1YpdixA,2023-06-20T07:17:11Z,1015,34,2,13,Vespa_velutina,Portugal,Insects,established,trampas,Post-Introduction,Detection,Detection,2011,2011-06-01T12:00:00Z,comment,Ugx6hQO5qN4HopGh6mh4AaABAg.9r8EMLS3O089rAXNOSOkLF,Ugx6hQO5qN4HopGh6mh4AaABAg,TRUE
ydqO1YpdixA,2023-06-20T07:17:11Z,1015,34,2,13,Vespa_velutina,Portugal,Insects,established,trampas,Post-Introduction,Detection,Detection,2011,2011-06-01T12:00:00Z,comment,Ugx6hQO5qN4HopGh6mh4AaABAg.9r8EMLS3O089rAXNOSOkLF,Ugx6hQO5qN4HopGh6mh4AaABAg,TRUE
ydqO1YpdixA,2021-11-30T17:56:22Z,1015,34,0,13,Vespa_velutina,Portugal,Insects,established,vender,Post-Introduction,eCommerce,eCommerce,2011,2011-06-01T12:00:00Z,comment,Ugx9-ycghRJaQpq0SqB4AaABAg.9TXcep_oACP9VNgnha69ke,Ugx9-ycghRJaQpq0SqB4AaABAg,TRUE
ydqO1YpdixA,2021-11-30T17:56:22Z,1015,34,0,13,Vespa_velutina,Portugal,Insects,established,perjudicial,Post-Introduction,Threat,Threat,2011,2011-06-01T12:00:00Z,comment,Ugx9-ycghRJaQpq0SqB4AaABAg.9TXcep_oACP9VNgnha69ke,Ugx9-ycghRJaQpq0SqB4AaABAg,TRUE
GLv0CmVXyzc,2020-05-08T04:30:22Z,19857,72,2,8,Vespa_velutina,Portugal,Insects,established,plaga,Post-Introduction,Invasion,Invasion,2011,2011-06-01T12:00:00Z,comment,UgzV9nHh3AL6bNdWKaJ4AaABAg,,FALSE
GLv0CmVXyzc,2017-06-23T07:42:14Z,19857,72,3,8,Vespa_velutina,Portugal,Insects,established,captura,Post-Introduction,Detection,Detection,2011,2011-06-01T12:00:00Z,comment,UgguQeh2zvVqHHgCoAEC,,FALSE
GLv0CmVXyzc,2019-11-25T04:11:23Z,19857,72,0,8,Vespa_velutina,Portugal,Insects,established,captura,Post-Introduction,Detection,Detection,2011,2011-06-01T12:00:00Z,comment,UgguQeh2zvVqHHgCoAEC.8U8dxFZ3Ibt91k4KQX9VS_,UgguQeh2zvVqHHgCoAEC,TRUE
Ri82oPT7n6s,2021-08-27T16:24:33Z,256,46,0,32,Vespa_velutina,Portugal,Insects,established,praga,Post-Introduction,Invasion,Invasion,2011,2011-06-01T12:00:00Z,comment,UgxLnh8MSjZJPpK1fd54AaABAg.9RY6lNsATzD9RYumEDrQyJ,UgxLnh8MSjZJPpK1fd54AaABAg,TRUE
Ri82oPT7n6s,2022-01-16T06:11:10Z,256,46,1,32,Vespa_velutina,Portugal,Insects,established,praga,Post-Introduction,Invasion,Invasion,2011,2011-06-01T12:00:00Z,comment,UgzrNEPqFR1HTnoudPt4AaABAg.9XE3Dp_U-Bf9XFSSorGM56,UgzrNEPqFR1HTnoudPt4AaABAg,TRUE
Ri82oPT7n6s,2021-08-26T12:46:58Z,256,46,1,32,Vespa_velutina,Portugal,Insects,established,praga,Post-Introduction,Invasion,Invasion,2011,2011-06-01T12:00:00Z,comment,UgxWuq28snGgtIlUKal4AaABAg.9RVq_QsPWay9RVx4cOxcLJ,UgxWuq28snGgtIlUKal4AaABAg,TRUE
Ri82oPT7n6s,2021-08-26T12:46:58Z,256,46,1,32,Vespa_velutina,Portugal,Insects,established,vistos,Post-Introduction,Detection,Detection,2011,2011-06-01T12:00:00Z,comment,UgxWuq28snGgtIlUKal4AaABAg.9RVq_QsPWay9RVx4cOxcLJ,UgxWuq28snGgtIlUKal4AaABAg,TRUE
Ri82oPT7n6s,2021-08-26T12:46:58Z,256,46,1,32,Vespa_velutina,Portugal,Insects,established,praga,Post-Introduction,Invasion,Invasion,2011,2011-06-01T12:00:00Z,comment,UgxWuq28snGgtIlUKal4AaABAg.9RVq_QsPWay9RVx4cOxcLJ,UgxWuq28snGgtIlUKal4AaABAg,TRUE
Ri82oPT7n6s,2021-08-26T12:37:33Z,256,46,0,32,Vespa_velutina,Portugal,Insects,established,praga,Post-Introduction,Invasion,Invasion,2011,2011-06-01T12:00:00Z,comment,UgxChzHOauSZrl93izd4AaABAg.9RVZ8bj3AC_9RVw-cCras8,UgxChzHOauSZrl93izd4AaABAg,TRUE
Ri82oPT7n6s,2021-08-26T04:18:58Z,256,46,1,32,Vespa_velutina,Portugal,Insects,established,praga,Post-Introduction,Invasion,Invasion,2011,2011-06-01T12:00:00Z,comment,UgwhIbJCs6idHHfsqEJ4AaABAg.9RUzfqBhPKB9RV1wuDZNCC,UgwhIbJCs6idHHfsqEJ4AaABAg,TRUE
rE2DgMtB3VE,2024-08-17T17:34:19Z,12879,667,2,29,Wasmannia_auropunctata,Spain,Insects,established,invasion,Post-Introduction,Invasion,Invasion,2018,2018-06-01T12:00:00Z,comment,UgzUg53pg379lZuVJmZ4AaABAg,,FALSE
rE2DgMtB3VE,2024-08-08T17:36:34Z,12879,667,5,29,Wasmannia_auropunctata,Spain,Insects,established,invasora,Post-Introduction,Invasion,Invasion,2018,2018-06-01T12:00:00Z,comment,UgxCNbId-a1K5mfhQdR4AaABAg,,FALSE
rE2DgMtB3VE,2024-08-06T23:18:42Z,12879,667,1,29,Wasmannia_auropunctata,Spain,Insects,established,encontre,Post-Introduction,Detection,Detection,2018,2018-06-01T12:00:00Z,comment,Ugx-iFJr1N9ITArd0wN4AaABAg,,FALSE
rE2DgMtB3VE,2024-08-06T23:18:42Z,12879,667,1,29,Wasmannia_auropunctata,Spain,Insects,established,invasora,Post-Introduction,Invasion,Invasion,2018,2018-06-01T12:00:00Z,comment,Ugx-iFJr1N9ITArd0wN4AaABAg,,FALSE
rE2DgMtB3VE,2024-08-06T22:47:20Z,12879,667,2,29,Wasmannia_auropunctata,Spain,Insects,established,peligrosa,Post-Introduction,Threat,Threat,2018,2018-06-01T12:00:00Z,comment,UgxzTn73BJVN8FQoxPp4AaABAg,,FALSE
rE2DgMtB3VE,2024-11-09T15:45:08Z,12879,667,2,29,Wasmannia_auropunctata,Spain,Insects,established,invasora,Post-Introduction,Invasion,Invasion,2018,2018-06-01T12:00:00Z,comment,Ugxgymgy44RktXx-zBd4AaABAg.AAc3tN0egKkAAcVK4ikSyZ,Ugxgymgy44RktXx-zBd4AaABAg,TRUE
rE2DgMtB3VE,2024-11-09T16:26:22Z,12879,667,1,29,Wasmannia_auropunctata,Spain,Insects,established,vista,Post-Introduction,Detection,Detection,2018,2018-06-01T12:00:00Z,comment,Ugxgymgy44RktXx-zBd4AaABAg.AAc3tN0egKkAAc_26eyudg,Ugxgymgy44RktXx-zBd4AaABAg,TRUE
rE2DgMtB3VE,2024-12-18T00:10:09Z,12879,667,1,29,Wasmannia_auropunctata,Spain,Insects,established,descubiertas,Post-Introduction,Detection,Detection,2018,2018-06-01T12:00:00Z,comment,UgxCNbId-a1K5mfhQdR4AaABAg.A6tE8rLsjDeACAFKEnE9dm,UgxCNbId-a1K5mfhQdR4AaABAg,TRUE
rE2DgMtB3VE,2024-08-06T23:31:20Z,12879,667,1,29,Wasmannia_auropunctata,Spain,Insects,established,establecida,Post-Introduction,Invasion,Invasion,2018,2018-06-01T12:00:00Z,comment,UgxzTn73BJVN8FQoxPp4AaABAg.A6od7EUzjrAA6oi9W_6OAI,UgxzTn73BJVN8FQoxPp4AaABAg,TRUE
Z2qq3d_C1Zw,2025-01-21T13:58:44Z,1552,104,1,7,Wasmannia_auropunctata,Spain,Insects,established,vista,Post-Introduction,Detection,Detection,2018,2018-06-01T12:00:00Z,comment,UgxVRAgCCGrX-8cwp654AaABAg,,FALSE
4pFS5ltwVmc,2018-09-08T11:42:41Z,1657,27,0,3,Xylella_fastidiosa,Spain,"Bacteria, Viruses, Fungi",alien,plagas,Post-Introduction,Invasion,Invasion,2016,2016-06-01T12:00:00Z,comment,UgyV-bsEbm1KR7EaVph4AaABAg,,FALSE
xO_hcnZATPE,2022-01-24T08:43:59Z,1540,20,0,3,Xylella_fastidiosa,Spain,"Bacteria, Viruses, Fungi",alien,detectado,Post-Introduction,Detection,Detection,2016,2016-06-01T12:00:00Z,comment,UgzoPSYbfQQ4pjZK0wF4AaABAg.9VZhIkkaitc9X_KJ5Z838q,UgzoPSYbfQQ4pjZK0wF4AaABAg,TRUE
qWt8KkU5yzI,2017-09-03T14:03:57Z,7562,13,1,5,Xylella_fastidiosa,Spain,"Bacteria, Viruses, Fungi",alien,aparece,Post-Introduction,Detection,Detection,2016,2016-06-01T12:00:00Z,comment,UgxNuW9ZkytOvvcZkXB4AaABAg,,FALSE
qWt8KkU5yzI,2017-09-03T14:03:57Z,7562,13,1,5,Xylella_fastidiosa,Spain,"Bacteria, Viruses, Fungi",alien,aparezca,Post-Introduction,Detection,Detection,2016,2016-06-01T12:00:00Z,comment,UgxNuW9ZkytOvvcZkXB4AaABAg,,FALSE
qWt8KkU5yzI,2017-09-03T14:03:57Z,7562,13,1,5,Xylella_fastidiosa,Spain,"Bacteria, Viruses, Fungi",alien,controlar,Post-Introduction,Detection,Detection,2016,2016-06-01T12:00:00Z,comment,UgxNuW9ZkytOvvcZkXB4AaABAg,,FALSE
qWt8KkU5yzI,2017-09-03T14:03:51Z,7562,13,0,5,Xylella_fastidiosa,Spain,"Bacteria, Viruses, Fungi",alien,aparece,Post-Introduction,Detection,Detection,2016,2016-06-01T12:00:00Z,comment,Ugy6uZkCzCqOjlN8gZJ4AaABAg,,FALSE
qWt8KkU5yzI,2017-09-03T14:03:51Z,7562,13,0,5,Xylella_fastidiosa,Spain,"Bacteria, Viruses, Fungi",alien,aparezca,Post-Introduction,Detection,Detection,2016,2016-06-01T12:00:00Z,comment,Ugy6uZkCzCqOjlN8gZJ4AaABAg,,FALSE
qWt8KkU5yzI,2017-09-03T14:03:51Z,7562,13,0,5,Xylella_fastidiosa,Spain,"Bacteria, Viruses, Fungi",alien,controlar,Post-Introduction,Detection,Detection,2016,2016-06-01T12:00:00Z,comment,Ugy6uZkCzCqOjlN8gZJ4AaABAg,,FALSE
gzpFMN3hRDc,2018-09-08T11:44:02Z,100,2,1,1,Xylella_fastidiosa,Spain,"Bacteria, Viruses, Fungi",alien,plagas,Post-Introduction,Invasion,Invasion,2016,2016-06-01T12:00:00Z,comment,UgySdVffJHtzpFc-hKV4AaABAg,,FALSE
dGjdz8C6vQY,2022-04-07T04:41:59Z,168,13,1,13,Zebrasoma_flavescens,Spain,Fishes,uncertain,presente,Post-Introduction,Invasion,Invasion,2008,2008-06-01T12:00:00Z,comment,UgwFV_Z9LvJq8xBI5AV4AaABAg,,FALSE
vgW4G7HGYQ4,2017-05-24T19:21:52Z,43,2,0,2,Zebrasoma_flavescens,Spain,Fishes,uncertain,acuario,Post-Introduction,eCommerce,eCommerce,2008,2008-06-01T12:00:00Z,comment,UgjWaJ0H1u23VngCoAEC,,FALSE
tUfHmSiesqw,2017-11-04T23:01:36Z,6060,176,1,34,Zebrasoma_flavescens,Spain,Fishes,uncertain,acuario,Post-Introduction,eCommerce,eCommerce,2008,2008-06-01T12:00:00Z,comment,UgwNtnKUdm_lSEoDlI94AaABAg,,FALSE
tUfHmSiesqw,2017-11-04T17:53:57Z,6060,176,2,34,Zebrasoma_flavescens,Spain,Fishes,uncertain,acuario,Post-Introduction,eCommerce,eCommerce,2008,2008-06-01T12:00:00Z,comment,UgwIgL6V5mf-skRJXX54AaABAg,,FALSE
tUfHmSiesqw,2017-11-04T16:46:27Z,6060,176,0,34,Zebrasoma_flavescens,Spain,Fishes,uncertain,extension,Post-Introduction,Invasion,Invasion,2008,2008-06-01T12:00:00Z,comment,UgyQS5RXewAZ3XzO3NJ4AaABAg,,FALSE
tUfHmSiesqw,2017-10-31T20:19:59Z,6060,176,1,34,Zebrasoma_flavescens,Spain,Fishes,uncertain,acuario,Post-Introduction,eCommerce,eCommerce,2008,2008-06-01T12:00:00Z,comment,Ugy4XEZhteO1KqmgPhN4AaABAg,,FALSE
tUfHmSiesqw,2017-10-30T22:06:21Z,6060,176,0,34,Zebrasoma_flavescens,Spain,Fishes,uncertain,acuario,Post-Introduction,eCommerce,eCommerce,2008,2008-06-01T12:00:00Z,comment,Ugwwg-FcMOXJcbrT3EZ4AaABAg,,FALSE
tUfHmSiesqw,2017-10-30T21:18:30Z,6060,176,0,34,Zebrasoma_flavescens,Spain,Fishes,uncertain,acuario,Post-Introduction,eCommerce,eCommerce,2008,2008-06-01T12:00:00Z,comment,UgxzkAAifzEYVj9EZBV4AaABAg,,FALSE
tUfHmSiesqw,2017-10-30T20:23:50Z,6060,176,1,34,Zebrasoma_flavescens,Spain,Fishes,uncertain,acuario,Post-Introduction,eCommerce,eCommerce,2008,2008-06-01T12:00:00Z,comment,UgwDHaEZbdQ6_8g7bnV4AaABAg,,FALSE
tUfHmSiesqw,2017-10-30T14:48:40Z,6060,176,2,34,Zebrasoma_flavescens,Spain,Fishes,uncertain,acuario,Post-Introduction,eCommerce,eCommerce,2008,2008-06-01T12:00:00Z,comment,UgxbDcgs7TMUAOAW9N94AaABAg,,FALSE
tUfHmSiesqw,2017-10-30T14:38:11Z,6060,176,1,34,Zebrasoma_flavescens,Spain,Fishes,uncertain,acuario,Post-Introduction,eCommerce,eCommerce,2008,2008-06-01T12:00:00Z,comment,Ugz9oLd6hikmOnFn3fJ4AaABAg,,FALSE
tUfHmSiesqw,2017-10-30T14:32:49Z,6060,176,2,34,Zebrasoma_flavescens,Spain,Fishes,uncertain,acuario,Post-Introduction,eCommerce,eCommerce,2008,2008-06-01T12:00:00Z,comment,UgyDmfWDwC1JHwkLJzh4AaABAg,,FALSE
tUfHmSiesqw,2017-11-01T22:56:35Z,6060,176,0,34,Zebrasoma_flavescens,Spain,Fishes,uncertain,aparece,Post-Introduction,Detection,Detection,2008,2008-06-01T12:00:00Z,comment,UgwY28SsJPhekSgCfKx4AaABAg.8ZR_d86GeLY8ZRaiqt0mqU,UgwY28SsJPhekSgCfKx4AaABAg,TRUE
tUfHmSiesqw,2017-10-31T03:03:45Z,6060,176,0,34,Zebrasoma_flavescens,Spain,Fishes,uncertain,compre,Post-Introduction,eCommerce,eCommerce,2008,2008-06-01T12:00:00Z,comment,UgyalvI7IKqh0g_4ZtJ4AaABAg.8ZMh2ggoyxh8ZMtQUP5eg5,UgyalvI7IKqh0g_4ZtJ4AaABAg,TRUE
tUfHmSiesqw,2017-10-31T03:03:45Z,6060,176,0,34,Zebrasoma_flavescens,Spain,Fishes,uncertain,tienda,Post-Introduction,eCommerce,eCommerce,2008,2008-06-01T12:00:00Z,comment,UgyalvI7IKqh0g_4ZtJ4AaABAg.8ZMh2ggoyxh8ZMtQUP5eg5,UgyalvI7IKqh0g_4ZtJ4AaABAg,TRUE
tUfHmSiesqw,2017-10-31T03:03:45Z,6060,176,0,34,Zebrasoma_flavescens,Spain,Fishes,uncertain,tienda,Post-Introduction,eCommerce,eCommerce,2008,2008-06-01T12:00:00Z,comment,UgyalvI7IKqh0g_4ZtJ4AaABAg.8ZMh2ggoyxh8ZMtQUP5eg5,UgyalvI7IKqh0g_4ZtJ4AaABAg,TRUE
tUfHmSiesqw,2017-10-31T02:59:56Z,6060,176,0,34,Zebrasoma_flavescens,Spain,Fishes,uncertain,acuario,Post-Introduction,eCommerce,eCommerce,2008,2008-06-01T12:00:00Z,comment,UgxzkAAifzEYVj9EZBV4AaABAg.8ZMGufmYXgd8ZMszUwan3Z,UgxzkAAifzEYVj9EZBV4AaABAg,TRUE
tUfHmSiesqw,2017-10-31T02:59:56Z,6060,176,0,34,Zebrasoma_flavescens,Spain,Fishes,uncertain,acuario,Post-Introduction,eCommerce,eCommerce,2008,2008-06-01T12:00:00Z,comment,UgxzkAAifzEYVj9EZBV4AaABAg.8ZMGufmYXgd8ZMszUwan3Z,UgxzkAAifzEYVj9EZBV4AaABAg,TRUE
tUfHmSiesqw,2017-10-31T07:03:41Z,6060,176,0,34,Zebrasoma_flavescens,Spain,Fishes,uncertain,acuario,Post-Introduction,eCommerce,eCommerce,2008,2008-06-01T12:00:00Z,comment,UgxzkAAifzEYVj9EZBV4AaABAg.8ZMGufmYXgd8ZNJsgvAvYt,UgxzkAAifzEYVj9EZBV4AaABAg,TRUE
tUfHmSiesqw,2017-10-31T07:03:41Z,6060,176,0,34,Zebrasoma_flavescens,Spain,Fishes,uncertain,acuario,Post-Introduction,eCommerce,eCommerce,2008,2008-06-01T12:00:00Z,comment,UgxzkAAifzEYVj9EZBV4AaABAg.8ZMGufmYXgd8ZNJsgvAvYt,UgxzkAAifzEYVj9EZBV4AaABAg,TRUE
RwzwUB92Tro,2020-10-18T15:33:11Z,5187,294,0,71,Zebrasoma_flavescens,Spain,Fishes,uncertain,aquario,Post-Introduction,eCommerce,eCommerce,2008,2008-06-01T12:00:00Z,comment,UgxMvtK39CS8TeWGSeB4AaABAg,,FALSE
RwzwUB92Tro,2020-10-17T11:10:39Z,5187,294,0,71,Zebrasoma_flavescens,Spain,Fishes,uncertain,acuario,Post-Introduction,eCommerce,eCommerce,2008,2008-06-01T12:00:00Z,comment,UgxeCKNDgbBHobK-Hqx4AaABAg,,FALSE
RwzwUB92Tro,2020-10-17T10:09:10Z,5187,294,0,71,Zebrasoma_flavescens,Spain,Fishes,uncertain,acuario,Post-Introduction,eCommerce,eCommerce,2008,2008-06-01T12:00:00Z,comment,UgyksO1Hl5_sB6_fp1F4AaABAg,,FALSE
RwzwUB92Tro,2020-10-17T07:13:28Z,5187,294,1,71,Zebrasoma_flavescens,Spain,Fishes,uncertain,acuario,Post-Introduction,eCommerce,eCommerce,2008,2008-06-01T12:00:00Z,comment,UgyAYjMyO7JPmI0c-K14AaABAg,,FALSE
RwzwUB92Tro,2020-10-17T07:00:20Z,5187,294,0,71,Zebrasoma_flavescens,Spain,Fishes,uncertain,tienda,Post-Introduction,eCommerce,eCommerce,2008,2008-06-01T12:00:00Z,comment,UgwYwc28Mvw6bRCOjCR4AaABAg,,FALSE
RwzwUB92Tro,2020-10-17T04:01:48Z,5187,294,0,71,Zebrasoma_flavescens,Spain,Fishes,uncertain,adquisicion,Post-Introduction,eCommerce,eCommerce,2008,2008-06-01T12:00:00Z,comment,UgzpsPXbLe3WImL3jH14AaABAg,,FALSE
RwzwUB92Tro,2020-10-17T03:07:12Z,5187,294,0,71,Zebrasoma_flavescens,Spain,Fishes,uncertain,acuario,Post-Introduction,eCommerce,eCommerce,2008,2008-06-01T12:00:00Z,comment,Ugz6HJS9s8CupfnTZLB4AaABAg,,FALSE
RwzwUB92Tro,2020-10-17T03:04:29Z,5187,294,0,71,Zebrasoma_flavescens,Spain,Fishes,uncertain,acuario,Post-Introduction,eCommerce,eCommerce,2008,2008-06-01T12:00:00Z,comment,UgxX-nmU7V8p4N-A0rN4AaABAg,,FALSE
RwzwUB92Tro,2020-10-16T22:57:43Z,5187,294,3,71,Zebrasoma_flavescens,Spain,Fishes,uncertain,acuario,Post-Introduction,eCommerce,eCommerce,2008,2008-06-01T12:00:00Z,comment,UgzSa6RFgTTkDiMNi1x4AaABAg,,FALSE
RwzwUB92Tro,2020-10-16T22:16:17Z,5187,294,5,71,Zebrasoma_flavescens,Spain,Fishes,uncertain,precio,Post-Introduction,eCommerce,eCommerce,2008,2008-06-01T12:00:00Z,comment,UgwoFRHsDsr-K9m6NFV4AaABAg,,FALSE
RwzwUB92Tro,2020-10-16T22:11:24Z,5187,294,0,71,Zebrasoma_flavescens,Spain,Fishes,uncertain,acuario,Post-Introduction,eCommerce,eCommerce,2008,2008-06-01T12:00:00Z,comment,UgwoK8Uw20CUri0RYHd4AaABAg,,FALSE
RwzwUB92Tro,2020-10-17T07:12:45Z,5187,294,0,71,Zebrasoma_flavescens,Spain,Fishes,uncertain,acuarios,Post-Introduction,eCommerce,eCommerce,2008,2008-06-01T12:00:00Z,comment,UgwCxtluCnDk2kQEJcZ4AaABAg.9EtXrkMADwy9EuP0v0bnst,UgwCxtluCnDk2kQEJcZ4AaABAg,TRUE
mnhwLulFE-M,2022-04-26T12:23:05Z,2299,82,0,3,Zebrasoma_flavescens,Spain,Fishes,uncertain,prohibida,Post-Introduction,eCommerce,eCommerce,2008,2008-06-01T12:00:00Z,comment,Ugz5GLzFYHmIuc1l-Rt4AaABAg,,FALSE
mnhwLulFE-M,2021-10-31T08:24:13Z,2299,82,2,3,Zebrasoma_flavescens,Spain,Fishes,uncertain,tienda,Post-Introduction,eCommerce,eCommerce,2008,2008-06-01T12:00:00Z,comment,UgyQhebhKrPJRGKdEDd4AaABAg,,FALSE
mnhwLulFE-M,2023-06-06T14:34:34Z,2299,82,1,3,Zebrasoma_flavescens,Spain,Fishes,uncertain,prohibido,Post-Introduction,eCommerce,eCommerce,2008,2008-06-01T12:00:00Z,comment,Ugz5GLzFYHmIuc1l-Rt4AaABAg.9aHbWIJNOqD9qcGIbvNpTF,Ugz5GLzFYHmIuc1l-Rt4AaABAg,TRUE
mnhwLulFE-M,2023-06-06T14:34:34Z,2299,82,1,3,Zebrasoma_flavescens,Spain,Fishes,uncertain,prohibido,Post-Introduction,eCommerce,eCommerce,2008,2008-06-01T12:00:00Z,comment,Ugz5GLzFYHmIuc1l-Rt4AaABAg.9aHbWIJNOqD9qcGIbvNpTF,Ugz5GLzFYHmIuc1l-Rt4AaABAg,TRUE
Odshg4-xpN0,2021-11-08T16:53:50Z,7662,221,0,70,Zebrasoma_flavescens,Spain,Fishes,uncertain,compre,Post-Introduction,eCommerce,eCommerce,2008,2008-06-01T12:00:00Z,comment,UgymuFKPcqS1dWy_45V4AaABAg,,FALSE
Odshg4-xpN0,2021-11-08T16:53:50Z,7662,221,0,70,Zebrasoma_flavescens,Spain,Fishes,uncertain,acuario,Post-Introduction,eCommerce,eCommerce,2008,2008-06-01T12:00:00Z,comment,UgymuFKPcqS1dWy_45V4AaABAg,,FALSE
Odshg4-xpN0,2021-01-24T06:55:46Z,7662,221,0,70,Zebrasoma_flavescens,Spain,Fishes,uncertain,acuario,Post-Introduction,eCommerce,eCommerce,2008,2008-06-01T12:00:00Z,comment,UgyYtOAIcvGhT2nHmpt4AaABAg,,FALSE
Odshg4-xpN0,2020-08-22T07:57:27Z,7662,221,0,70,Zebrasoma_flavescens,Spain,Fishes,uncertain,tienda,Post-Introduction,eCommerce,eCommerce,2008,2008-06-01T12:00:00Z,comment,UgygJwZcCLOuhKw4PsB4AaABAg,,FALSE
Odshg4-xpN0,2020-07-16T21:25:47Z,7662,221,0,70,Zebrasoma_flavescens,Spain,Fishes,uncertain,compre,Post-Introduction,eCommerce,eCommerce,2008,2008-06-01T12:00:00Z,comment,UgwC6HDaLJA7jlLTNd94AaABAg,,FALSE
Odshg4-xpN0,2020-07-12T21:39:06Z,7662,221,0,70,Zebrasoma_flavescens,Spain,Fishes,uncertain,acuario,Post-Introduction,eCommerce,eCommerce,2008,2008-06-01T12:00:00Z,comment,UgyyPnAxMVSONXv9Fgt4AaABAg,,FALSE
Odshg4-xpN0,2020-07-11T09:32:09Z,7662,221,0,70,Zebrasoma_flavescens,Spain,Fishes,uncertain,tienda,Post-Introduction,eCommerce,eCommerce,2008,2008-06-01T12:00:00Z,comment,UgwXyn5I8e_ka-6LikZ4AaABAg,,FALSE
Odshg4-xpN0,2020-07-11T07:41:42Z,7662,221,0,70,Zebrasoma_flavescens,Spain,Fishes,uncertain,acuario,Post-Introduction,eCommerce,eCommerce,2008,2008-06-01T12:00:00Z,comment,UgzxYiIJTyY2CnYUZHh4AaABAg,,FALSE
Odshg4-xpN0,2020-07-10T23:09:26Z,7662,221,0,70,Zebrasoma_flavescens,Spain,Fishes,uncertain,acuario,Post-Introduction,eCommerce,eCommerce,2008,2008-06-01T12:00:00Z,comment,UgyvUhhtRPD8m95gR6p4AaABAg,,FALSE
Odshg4-xpN0,2020-07-10T22:14:25Z,7662,221,0,70,Zebrasoma_flavescens,Spain,Fishes,uncertain,acuario,Post-Introduction,eCommerce,eCommerce,2008,2008-06-01T12:00:00Z,comment,Ugzrw8I9vpdYEPcGWbR4AaABAg,,FALSE
Odshg4-xpN0,2021-01-24T06:58:05Z,7662,221,1,70,Zebrasoma_flavescens,Spain,Fishes,uncertain,acuario,Post-Introduction,eCommerce,eCommerce,2008,2008-06-01T12:00:00Z,comment,UgyYtOAIcvGhT2nHmpt4AaABAg.9ItHm4sWHnE9ItI22y5Ip5,UgyYtOAIcvGhT2nHmpt4AaABAg,TRUE
Odshg4-xpN0,2021-01-24T06:58:05Z,7662,221,1,70,Zebrasoma_flavescens,Spain,Fishes,uncertain,captura,Post-Introduction,Detection,Detection,2008,2008-06-01T12:00:00Z,comment,UgyYtOAIcvGhT2nHmpt4AaABAg.9ItHm4sWHnE9ItI22y5Ip5,UgyYtOAIcvGhT2nHmpt4AaABAg,TRUE
Odshg4-xpN0,2021-01-24T06:58:05Z,7662,221,1,70,Zebrasoma_flavescens,Spain,Fishes,uncertain,trampa,Post-Introduction,Detection,Detection,2008,2008-06-01T12:00:00Z,comment,UgyYtOAIcvGhT2nHmpt4AaABAg.9ItHm4sWHnE9ItI22y5Ip5,UgyYtOAIcvGhT2nHmpt4AaABAg,TRUE
Odshg4-xpN0,2020-08-22T08:15:06Z,7662,221,0,70,Zebrasoma_flavescens,Spain,Fishes,uncertain,tienda,Post-Introduction,eCommerce,eCommerce,2008,2008-06-01T12:00:00Z,comment,UgygJwZcCLOuhKw4PsB4AaABAg.9CeHcCJB3qh9CeJdXOOtwv,UgygJwZcCLOuhKw4PsB4AaABAg,TRUE
Odshg4-xpN0,2020-07-16T21:30:01Z,7662,221,0,70,Zebrasoma_flavescens,Spain,Fishes,uncertain,tienda,Post-Introduction,eCommerce,eCommerce,2008,2008-06-01T12:00:00Z,comment,UgwC6HDaLJA7jlLTNd94AaABAg.9BBSiH4BQru9BBTCKWElgI,UgwC6HDaLJA7jlLTNd94AaABAg,TRUE
Odshg4-xpN0,2020-07-16T22:21:37Z,7662,221,0,70,Zebrasoma_flavescens,Spain,Fishes,uncertain,tienda,Post-Introduction,eCommerce,eCommerce,2008,2008-06-01T12:00:00Z,comment,UgwC6HDaLJA7jlLTNd94AaABAg.9BBSiH4BQru9BBZ6IeNvWh,UgwC6HDaLJA7jlLTNd94AaABAg,TRUE
Odshg4-xpN0,2020-07-11T07:53:09Z,7662,221,1,70,Zebrasoma_flavescens,Spain,Fishes,uncertain,adquisicion,Post-Introduction,eCommerce,eCommerce,2008,2008-06-01T12:00:00Z,comment,UgzxYiIJTyY2CnYUZHh4AaABAg.9Ay6R5noatK9Ay7k1rPo0O,UgzxYiIJTyY2CnYUZHh4AaABAg,TRUE
