video_id,created_at,viewCount,likeCount,commentCount,TaxonName,Region,LifeForm,PresentStatus,word,time_period,KeywordCategory,category,FirstRecord,FirstRecordDate,token_source,video_likeCount,comment_likeCount,comment_id,parent_id,is_reply
u9g_AG0dAjw,2024-10-05T18:10:53Z,218,0,0,Acridotheres_cristatellus,Portugal,Birds,established,exotica,Post-Introduction,Invasion,Invasion,2007,2007-06-01T00:00:00Z,title_description,,,,,
TPYumzdDZ5Y,2019-08-21T19:36:28Z,96,5,0,Acridotheres_cristatellus,Portugal,Birds,established,exotica,Post-Introduction,Invasion,Invasion,2007,2007-06-01T00:00:00Z,title_description,,,,,
TPYumzdDZ5Y,2019-08-21T19:36:28Z,96,5,0,Acridotheres_cristatellus,Portugal,Birds,established,introduzida,Post-Introduction,Invasion,Invasion,2007,2007-06-01T00:00:00Z,title_description,,,,,
FesJzaS3rTo,2024-08-14T17:22:07Z,5,0,0,Acridotheres_cristatellus,Portugal,Birds,established,exotica,Post-Introduction,Invasion,Invasion,2007,2007-06-01T00:00:00Z,title_description,,,,,
ibCDLmBoeeo,2024-08-14T17:24:40Z,8,0,0,Acridotheres_cristatellus,Portugal,Birds,established,exotica,Post-Introduction,Invasion,Invasion,2007,2007-06-01T00:00:00Z,title_description,,,,,
gUGzzXLsw08,2019-05-01T19:45:38Z,2451,23,2,Acridotheres_cristatellus,Portugal,Birds,established,exotica,Post-Introduction,Invasion,Invasion,2007,2007-06-01T00:00:00Z,title_description,,,,,
wvJkA6zgymk,2024-09-26T14:06:21Z,1789,17,1,Aedes_aegypti,Madeira,Insects,established,peligro,Post-Introduction,Threat,Threat,2006,2006-06-01T00:00:00Z,title_description,,,,,
7VHx--FCd3E,2013-04-04T17:41:01Z,5847,52,0,Aedes_aegypti,Madeira,Insects,established,introducao,Post-Introduction,Invasion,Invasion,2006,2006-06-01T00:00:00Z,title_description,,,,,
7VHx--FCd3E,2013-04-04T17:41:01Z,5847,52,0,Aedes_aegypti,Madeira,Insects,established,vetor,Post-Introduction,Threat,Threat,2006,2006-06-01T00:00:00Z,title_description,,,,,
7VHx--FCd3E,2013-04-04T17:41:01Z,5847,52,0,Aedes_aegypti,Madeira,Insects,established,introducao,Post-Introduction,Invasion,Invasion,2006,2006-06-01T00:00:00Z,title_description,,,,,
7VHx--FCd3E,2013-04-04T17:41:01Z,5847,52,0,Aedes_aegypti,Madeira,Insects,established,vetor,Post-Introduction,Threat,Threat,2006,2006-06-01T00:00:00Z,title_description,,,,,
6MMkZX7CjNU,2013-04-04T19:55:13Z,47975,517,14,Aedes_aegypti,Madeira,Insects,established,introducao,Post-Introduction,Invasion,Invasion,2006,2006-06-01T00:00:00Z,title_description,,,,,
6MMkZX7CjNU,2013-04-04T19:55:13Z,47975,517,14,Aedes_aegypti,Madeira,Insects,established,vetor,Post-Introduction,Threat,Threat,2006,2006-06-01T00:00:00Z,title_description,,,,,
J_v3RGXBkoU,2020-10-03T13:00:03Z,60183,1618,147,Agapornis_fischeri,Portugal,Birds,alien,tienda,Post-Introduction,eCommerce,eCommerce,2008,2008-06-01T00:00:00Z,title_description,,,,,
ZOi4AcAYmZU,2021-07-26T12:29:30Z,3150,117,24,Agapornis_fischeri,Portugal,Birds,alien,vista,Post-Introduction,Detection,Detection,2008,2008-06-01T00:00:00Z,title_description,,,,,
-mfHwUMbB1k,2017-11-29T20:50:10Z,54,0,0,Agapornis_nigrigenis,Spain,Birds,alien,jaula,Post-Introduction,eCommerce,eCommerce,2006,2006-06-01T00:00:00Z,title_description,,,,,
i0am-uqsH24,2014-04-26T18:13:37Z,199,1,0,Amazona_farinosa,Spain,Birds,alien,peligro,Post-Introduction,Threat,Threat,2007,2007-06-01T00:00:00Z,title_description,,,,,
CqBsUk5_pe4,2020-06-14T06:46:39Z,3114,19,3,Amazona_ochrocephala,Portugal,Birds,alien,mascota,Post-Introduction,eCommerce,eCommerce,2007,2007-06-01T00:00:00Z,title_description,,,,,
CqBsUk5_pe4,2020-06-14T06:46:39Z,3114,19,3,Amazona_ochrocephala,Portugal,Birds,alien,mascota,Post-Introduction,eCommerce,eCommerce,2007,2007-06-01T00:00:00Z,title_description,,,,,
URMi5IoBA8o,2024-05-12T19:00:20Z,903,29,11,Amazona_ochrocephala,Portugal,Birds,alien,exotico,Post-Introduction,Invasion,Invasion,2007,2007-06-01T00:00:00Z,title_description,,,,,
gCP5S_l0Bu8,2015-07-29T09:16:19Z,51178,707,54,Aratinga_jandaya,Spain,Birds,alien,mascota,Post-Introduction,eCommerce,eCommerce,2008,2008-06-01T00:00:00Z,title_description,,,,,
7GLcDLJc9d4,2017-10-13T13:49:58Z,1381,14,2,Balistoides_conspicillum,Spain,Fishes,uncertain,aquario,Post-Introduction,eCommerce,eCommerce,2012,2012-06-01T00:00:00Z,title_description,,,,,
cq8rhhN-nZk,2025-04-14T04:00:49Z,1023,12,0,Balistoides_conspicillum,Spain,Fishes,uncertain,acuario,Post-Introduction,eCommerce,eCommerce,2012,2012-06-01T00:00:00Z,title_description,,,,,
cq8rhhN-nZk,2025-04-14T04:00:49Z,1023,12,0,Balistoides_conspicillum,Spain,Fishes,uncertain,acuario,Post-Introduction,eCommerce,eCommerce,2012,2012-06-01T00:00:00Z,title_description,,,,,
NkFFa6M5m6s,2015-07-09T10:23:37Z,17163,30,6,Belonochilus_numenius,Spain,Insects,established,plaga,Post-Introduction,Invasion,Invasion,2008,2008-06-01T00:00:00Z,title_description,,,,,
NkFFa6M5m6s,2015-07-09T10:23:37Z,17163,30,6,Belonochilus_numenius,Spain,Insects,established,plaga,Post-Introduction,Invasion,Invasion,2008,2008-06-01T00:00:00Z,title_description,,,,,
NkFFa6M5m6s,2015-07-09T10:23:37Z,17163,30,6,Belonochilus_numenius,Spain,Insects,established,ataca,Post-Introduction,Threat,Threat,2008,2008-06-01T00:00:00Z,title_description,,,,,
FQFj0MfruKY,2022-07-18T11:12:38Z,196,3,0,Bemisia_tabaci,Spain,Insects,alien,aparecer,Post-Introduction,Detection,Detection,2006,2006-06-01T00:00:00Z,title_description,,,,,
_BbMsmZ2RJU,2022-10-19T06:40:47Z,118918,918,28,Bemisia_tabaci,Spain,Insects,alien,aparicion,Post-Introduction,Detection,Detection,2006,2006-06-01T00:00:00Z,title_description,,,,,
1Rr-ocW6uWw,2019-01-18T23:44:12Z,734486,21296,362,Bemisia_tabaci,Spain,Insects,alien,control,Post-Introduction,Detection,Detection,2006,2006-06-01T00:00:00Z,title_description,,,,,
1Rr-ocW6uWw,2019-01-18T23:44:12Z,734486,21296,362,Bemisia_tabaci,Spain,Insects,alien,plagas,Post-Introduction,Invasion,Invasion,2006,2006-06-01T00:00:00Z,title_description,,,,,
XXHSfJQjdJw,2020-07-14T07:07:36Z,3031,16,1,Bemisia_tabaci,Spain,Insects,alien,plaga,Post-Introduction,Invasion,Invasion,2006,2006-06-01T00:00:00Z,title_description,,,,,
oFsPXVXOCr4,2023-08-08T19:30:09Z,23586,754,14,Bemisia_tabaci,Spain,Insects,alien,aparecer,Post-Introduction,Detection,Detection,2006,2006-06-01T00:00:00Z,title_description,,,,,
J2t0WElEqVY,2013-06-21T00:14:42Z,868594,19050,929,Bemisia_tabaci,Spain,Insects,alien,trampas,Post-Introduction,Detection,Detection,2006,2006-06-01T00:00:00Z,title_description,,,,,
J2t0WElEqVY,2013-06-21T00:14:42Z,868594,19050,929,Bemisia_tabaci,Spain,Insects,alien,trampas,Post-Introduction,Detection,Detection,2006,2006-06-01T00:00:00Z,title_description,,,,,
J2t0WElEqVY,2013-06-21T00:14:42Z,868594,19050,929,Bemisia_tabaci,Spain,Insects,alien,plagas,Post-Introduction,Invasion,Invasion,2006,2006-06-01T00:00:00Z,title_description,,,,,
vL9TvnbnBBY,2022-04-03T18:15:02Z,2221,127,31,Bemisia_tabaci,Spain,Insects,alien,plagas,Post-Introduction,Invasion,Invasion,2006,2006-06-01T00:00:00Z,title_description,,,,,
feTjM3z3eDk,2023-07-28T22:00:15Z,2773,111,195,Bemisia_tabaci,Spain,Insects,alien,plaga,Post-Introduction,Invasion,Invasion,2006,2006-06-01T00:00:00Z,title_description,,,,,
feTjM3z3eDk,2023-07-28T22:00:15Z,2773,111,195,Bemisia_tabaci,Spain,Insects,alien,ataca,Post-Introduction,Threat,Threat,2006,2006-06-01T00:00:00Z,title_description,,,,,
GnArJJ-ewYY,2020-09-02T06:27:41Z,1953,2,0,Bemisia_tabaci,Spain,Insects,alien,plagas,Post-Introduction,Invasion,Invasion,2006,2006-06-01T00:00:00Z,title_description,,,,,
n2ylACNy3cI,2023-03-16T19:50:16Z,4258,214,5,Bemisia_tabaci,Spain,Insects,alien,plaga,Post-Introduction,Invasion,Invasion,2006,2006-06-01T00:00:00Z,title_description,,,,,
n2ylACNy3cI,2023-03-16T19:50:16Z,4258,214,5,Bemisia_tabaci,Spain,Insects,alien,plagas,Post-Introduction,Invasion,Invasion,2006,2006-06-01T00:00:00Z,title_description,,,,,
n2ylACNy3cI,2023-03-16T19:50:16Z,4258,214,5,Bemisia_tabaci,Spain,Insects,alien,descuento,Post-Introduction,eCommerce,eCommerce,2006,2006-06-01T00:00:00Z,title_description,,,,,
n2ylACNy3cI,2023-03-16T19:50:16Z,4258,214,5,Bemisia_tabaci,Spain,Insects,alien,descuento,Post-Introduction,eCommerce,eCommerce,2006,2006-06-01T00:00:00Z,title_description,,,,,
meiLTgm66aI,2019-04-25T15:58:16Z,817590,19070,700,Bemisia_tabaci,Spain,Insects,alien,plagas,Post-Introduction,Invasion,Invasion,2006,2006-06-01T00:00:00Z,title_description,,,,,
diZDS9qrv0M,2025-06-17T07:06:08Z,1570,9,0,Bemisia_tabaci,Spain,Insects,alien,trampa,Post-Introduction,Detection,Detection,2006,2006-06-01T00:00:00Z,title_description,,,,,
diZDS9qrv0M,2025-06-17T07:06:08Z,1570,9,0,Bemisia_tabaci,Spain,Insects,alien,trampas,Post-Introduction,Detection,Detection,2006,2006-06-01T00:00:00Z,title_description,,,,,
50o-1Gq63ow,2016-10-13T19:01:12Z,3377,14,0,Bemisia_tabaci,Spain,Insects,alien,control,Post-Introduction,Detection,Detection,2006,2006-06-01T00:00:00Z,title_description,,,,,
50o-1Gq63ow,2016-10-13T19:01:12Z,3377,14,0,Bemisia_tabaci,Spain,Insects,alien,control,Post-Introduction,Detection,Detection,2006,2006-06-01T00:00:00Z,title_description,,,,,
j0V7f-2U2oQ,2022-10-14T07:47:25Z,1516,25,2,Bemisia_tabaci,Spain,Insects,alien,plagas,Post-Introduction,Invasion,Invasion,2006,2006-06-01T00:00:00Z,title_description,,,,,
M36h9zW-pR8,2023-07-14T12:11:49Z,609,14,0,Bemisia_tabaci,Spain,Insects,alien,trampa,Post-Introduction,Detection,Detection,2006,2006-06-01T00:00:00Z,title_description,,,,,
JAUI-ZfnFMg,2012-03-29T17:16:03Z,32340,50,1,Bemisia_tabaci,Spain,Insects,alien,trampa,Post-Introduction,Detection,Detection,2006,2006-06-01T00:00:00Z,title_description,,,,,
JAUI-ZfnFMg,2012-03-29T17:16:03Z,32340,50,1,Bemisia_tabaci,Spain,Insects,alien,trampa,Post-Introduction,Detection,Detection,2006,2006-06-01T00:00:00Z,title_description,,,,,
JAUI-ZfnFMg,2012-03-29T17:16:03Z,32340,50,1,Bemisia_tabaci,Spain,Insects,alien,plagas,Post-Introduction,Invasion,Invasion,2006,2006-06-01T00:00:00Z,title_description,,,,,
5k7q7SWwdq4,2015-05-22T21:58:57Z,18166,72,8,Bemisia_tabaci,Spain,Insects,alien,controlar,Post-Introduction,Detection,Detection,2006,2006-06-01T00:00:00Z,title_description,,,,,
5k7q7SWwdq4,2015-05-22T21:58:57Z,18166,72,8,Bemisia_tabaci,Spain,Insects,alien,plagas,Post-Introduction,Invasion,Invasion,2006,2006-06-01T00:00:00Z,title_description,,,,,
5k7q7SWwdq4,2015-05-22T21:58:57Z,18166,72,8,Bemisia_tabaci,Spain,Insects,alien,trampas,Post-Introduction,Detection,Detection,2006,2006-06-01T00:00:00Z,title_description,,,,,
5k7q7SWwdq4,2015-05-22T21:58:57Z,18166,72,8,Bemisia_tabaci,Spain,Insects,alien,controlar,Post-Introduction,Detection,Detection,2006,2006-06-01T00:00:00Z,title_description,,,,,
ndz6RHweWgU,2024-12-02T12:23:13Z,240,1,,Bemisia_tabaci,Spain,Insects,alien,control,Post-Introduction,Detection,Detection,2006,2006-06-01T00:00:00Z,title_description,,,,,
ndz6RHweWgU,2024-12-02T12:23:13Z,240,1,,Bemisia_tabaci,Spain,Insects,alien,plaga,Post-Introduction,Invasion,Invasion,2006,2006-06-01T00:00:00Z,title_description,,,,,
jOi7GPnHg04,2022-05-25T22:21:15Z,5579,306,39,Bemisia_tabaci,Spain,Insects,alien,plagas,Post-Introduction,Invasion,Invasion,2006,2006-06-01T00:00:00Z,title_description,,,,,
HKFI_T--THU,2023-06-21T05:13:31Z,1810,30,2,Bemisia_tabaci,Spain,Insects,alien,trampas,Post-Introduction,Detection,Detection,2006,2006-06-01T00:00:00Z,title_description,,,,,
HKFI_T--THU,2023-06-21T05:13:31Z,1810,30,2,Bemisia_tabaci,Spain,Insects,alien,plagas,Post-Introduction,Invasion,Invasion,2006,2006-06-01T00:00:00Z,title_description,,,,,
29Qvdlsep1Y,2020-10-15T20:16:57Z,577,8,0,Bemisia_tabaci,Spain,Insects,alien,control,Post-Introduction,Detection,Detection,2006,2006-06-01T00:00:00Z,title_description,,,,,
29Qvdlsep1Y,2020-10-15T20:16:57Z,577,8,0,Bemisia_tabaci,Spain,Insects,alien,control,Post-Introduction,Detection,Detection,2006,2006-06-01T00:00:00Z,title_description,,,,,
gzQB2RvHhOs,2018-06-21T16:00:03Z,1840050,39799,1791,Bemisia_tabaci,Spain,Insects,alien,plagas,Post-Introduction,Invasion,Invasion,2006,2006-06-01T00:00:00Z,title_description,,,,,
gzQB2RvHhOs,2018-06-21T16:00:03Z,1840050,39799,1791,Bemisia_tabaci,Spain,Insects,alien,plagas,Post-Introduction,Invasion,Invasion,2006,2006-06-01T00:00:00Z,title_description,,,,,
2JlFmhn9ylI,2018-06-08T01:19:37Z,1527,13,0,Bemisia_tabaci,Spain,Insects,alien,plaga,Post-Introduction,Invasion,Invasion,2006,2006-06-01T00:00:00Z,title_description,,,,,
2Phet__WGGg,2020-07-09T12:40:13Z,995,8,0,Bemisia_tabaci,Spain,Insects,alien,plagas,Post-Introduction,Invasion,Invasion,2006,2006-06-01T00:00:00Z,title_description,,,,,
z7IwedDStBU,2022-05-08T11:19:04Z,3942,57,19,Branta_canadensis,Portugal,Birds,established,peligroso,Post-Introduction,Threat,Threat,2008,2008-06-01T00:00:00Z,title_description,,,,,
xZdyME5qPOg,2024-02-24T15:00:54Z,258,22,1,Branta_canadensis,Portugal,Birds,established,nativa,Post-Introduction,Invasion,Invasion,2008,2008-06-01T00:00:00Z,title_description,,,,,
xZdyME5qPOg,2024-02-24T15:00:54Z,258,22,1,Branta_canadensis,Portugal,Birds,established,introduzida,Post-Introduction,Invasion,Invasion,2008,2008-06-01T00:00:00Z,title_description,,,,,
XVyhcvA5SUI,2023-08-24T13:00:33Z,903,10,0,Bursaphelenchus_xylophilus,Spain,Non-arthropod invertebrates,established,control,Post-Introduction,Detection,Detection,2008,2008-06-01T00:00:00Z,title_description,,,,,
XVyhcvA5SUI,2023-08-24T13:00:33Z,903,10,0,Bursaphelenchus_xylophilus,Spain,Non-arthropod invertebrates,established,nocivo,Post-Introduction,Threat,Threat,2008,2008-06-01T00:00:00Z,title_description,,,,,
XMLG7frKE2Y,2010-05-11T16:19:54Z,508,1,0,Bursaphelenchus_xylophilus,Spain,Non-arthropod invertebrates,established,praga,Post-Introduction,Invasion,Invasion,2008,2008-06-01T00:00:00Z,title_description,,,,,
NW7qbwjJIhs,2024-10-06T21:34:22Z,768,18,2,Caloenas_nicobarica,Spain,Birds,casual,exotica,Post-Introduction,Invasion,Invasion,2008,2008-06-01T00:00:00Z,title_description,,,,,
NW7qbwjJIhs,2024-10-06T21:34:22Z,768,18,2,Caloenas_nicobarica,Spain,Birds,casual,exotica,Post-Introduction,Invasion,Invasion,2008,2008-06-01T00:00:00Z,title_description,,,,,
QnQ3Q8EcgYE,2024-03-06T22:01:42Z,37,0,0,Caracara_plancus,Spain,Birds,casual,avistamiento,Post-Introduction,Detection,Detection,2010,2010-06-01T00:00:00Z,title_description,,,,,
e4RjL4qlrx4,2024-02-07T17:51:59Z,406,3,0,Caracara_plancus,Spain,Birds,casual,avistamiento,Post-Introduction,Detection,Detection,2010,2010-06-01T00:00:00Z,title_description,,,,,
NQ6rP4wI3SU,2024-01-11T23:33:32Z,16,0,0,Caracara_plancus,Spain,Birds,casual,avistamiento,Post-Introduction,Detection,Detection,2010,2010-06-01T00:00:00Z,title_description,,,,,
oeqxUWH0E50,2023-11-27T22:19:32Z,16,0,0,Caracara_plancus,Spain,Birds,casual,avistamiento,Post-Introduction,Detection,Detection,2010,2010-06-01T00:00:00Z,title_description,,,,,
zLvNc_hE1ag,2021-11-13T11:00:34Z,34047,532,90,Ceratitis_capitata,Spain,Insects,established,trampa,Post-Introduction,Detection,Detection,2006,2006-06-01T00:00:00Z,title_description,,,,,
zLvNc_hE1ag,2021-11-13T11:00:34Z,34047,532,90,Ceratitis_capitata,Spain,Insects,established,trampa,Post-Introduction,Detection,Detection,2006,2006-06-01T00:00:00Z,title_description,,,,,
2ZNZLxhlZyA,2024-03-26T12:13:34Z,46,0,0,Ceratitis_capitata,Spain,Insects,established,control,Post-Introduction,Detection,Detection,2006,2006-06-01T00:00:00Z,title_description,,,,,
2ZNZLxhlZyA,2024-03-26T12:13:34Z,46,0,0,Ceratitis_capitata,Spain,Insects,established,monitoreo,Post-Introduction,Detection,Detection,2006,2006-06-01T00:00:00Z,title_description,,,,,
2ZNZLxhlZyA,2024-03-26T12:13:34Z,46,0,0,Ceratitis_capitata,Spain,Insects,established,trampa,Post-Introduction,Detection,Detection,2006,2006-06-01T00:00:00Z,title_description,,,,,
Dj7d0IX5NnM,2019-12-19T22:03:56Z,131,5,4,Ceratitis_capitata,Spain,Insects,established,trampa,Post-Introduction,Detection,Detection,2006,2006-06-01T00:00:00Z,title_description,,,,,
Dj7d0IX5NnM,2019-12-19T22:03:56Z,131,5,4,Ceratitis_capitata,Spain,Insects,established,trampa,Post-Introduction,Detection,Detection,2006,2006-06-01T00:00:00Z,title_description,,,,,
jll74hRSjQw,2021-10-28T11:36:46Z,94,0,0,Ceratitis_capitata,Spain,Insects,established,plaga,Post-Introduction,Invasion,Invasion,2006,2006-06-01T00:00:00Z,title_description,,,,,
GPtWrEj01VI,2022-11-01T11:30:07Z,82,2,0,Ceratitis_capitata,Spain,Insects,established,plagas,Post-Introduction,Invasion,Invasion,2006,2006-06-01T00:00:00Z,title_description,,,,,
BaloXAUhjn4,2025-08-01T11:15:18Z,147,0,0,Ceratitis_capitata,Spain,Insects,established,armadilha,Post-Introduction,Detection,Detection,2006,2006-06-01T00:00:00Z,title_description,,,,,
BaloXAUhjn4,2025-08-01T11:15:18Z,147,0,0,Ceratitis_capitata,Spain,Insects,established,armadilha,Post-Introduction,Detection,Detection,2006,2006-06-01T00:00:00Z,title_description,,,,,
BaloXAUhjn4,2025-08-01T11:15:18Z,147,0,0,Ceratitis_capitata,Spain,Insects,established,capturar,Post-Introduction,Detection,Detection,2006,2006-06-01T00:00:00Z,title_description,,,,,
7VdgX7gGBoY,2024-07-16T19:00:04Z,102199,3504,258,Ceratitis_capitata,Spain,Insects,established,plaga,Post-Introduction,Invasion,Invasion,2006,2006-06-01T00:00:00Z,title_description,,,,,
7VdgX7gGBoY,2024-07-16T19:00:04Z,102199,3504,258,Ceratitis_capitata,Spain,Insects,established,peligrosa,Post-Introduction,Threat,Threat,2006,2006-06-01T00:00:00Z,title_description,,,,,
FiF2zKXkT8M,2019-07-24T15:18:05Z,548,4,1,Ceratitis_capitata,Spain,Insects,established,trampas,Post-Introduction,Detection,Detection,2006,2006-06-01T00:00:00Z,title_description,,,,,
61kOhcFzWJc,2024-07-22T16:51:06Z,98,3,0,Ceratitis_capitata,Spain,Insects,established,manejo,Post-Introduction,Detection,Detection,2006,2006-06-01T00:00:00Z,title_description,,,,,
61kOhcFzWJc,2024-07-22T16:51:06Z,98,3,0,Ceratitis_capitata,Spain,Insects,established,plaga,Post-Introduction,Invasion,Invasion,2006,2006-06-01T00:00:00Z,title_description,,,,,
ySaF6C2w0Lg,2011-08-23T00:03:44Z,8264,7,0,Ceratitis_capitata,Spain,Insects,established,trampas,Post-Introduction,Detection,Detection,2006,2006-06-01T00:00:00Z,title_description,,,,,
zl3hA5jV0tI,2017-06-16T18:14:43Z,52,0,0,Ceratitis_capitata,Spain,Insects,established,plaga,Post-Introduction,Invasion,Invasion,2006,2006-06-01T00:00:00Z,title_description,,,,,
zl3hA5jV0tI,2017-06-16T18:14:43Z,52,0,0,Ceratitis_capitata,Spain,Insects,established,plagues,Post-Introduction,Invasion,Invasion,2006,2006-06-01T00:00:00Z,title_description,,,,,
bcH7EiDPRM8,2024-01-24T19:34:15Z,115,3,0,Ceratitis_capitata,Spain,Insects,established,mercado,Post-Introduction,eCommerce,eCommerce,2006,2006-06-01T00:00:00Z,title_description,,,,,
vEFiV78cZpQ,2016-10-04T17:47:41Z,936,6,3,Cherax_quadricarinatus,Spain,Crustaceans,alien,acuario,Post-Introduction,eCommerce,eCommerce,2013,2013-09-01T00:00:00Z,title_description,,,,,
a7GhKQpizVE,2014-01-05T19:13:06Z,91772,423,64,Cherax_quadricarinatus,Spain,Crustaceans,alien,aquario,Post-Introduction,eCommerce,eCommerce,2013,2013-09-01T00:00:00Z,title_description,,,,,
a7GhKQpizVE,2014-01-05T19:13:06Z,91772,423,64,Cherax_quadricarinatus,Spain,Crustaceans,alien,aquario,Post-Introduction,eCommerce,eCommerce,2013,2013-09-01T00:00:00Z,title_description,,,,,
a7GhKQpizVE,2014-01-05T19:13:06Z,91772,423,64,Cherax_quadricarinatus,Spain,Crustaceans,alien,capturados,Post-Introduction,Detection,Detection,2013,2013-09-01T00:00:00Z,title_description,,,,,
fi3R0hhNRPI,2019-10-14T18:38:55Z,20452,319,61,Cherax_quadricarinatus,Spain,Crustaceans,alien,acuario,Post-Introduction,eCommerce,eCommerce,2013,2013-09-01T00:00:00Z,title_description,,,,,
V5HeskiLNRY,2025-03-08T17:00:36Z,5035,129,3,Cherax_quadricarinatus,Spain,Crustaceans,alien,mascota,Post-Introduction,eCommerce,eCommerce,2013,2013-09-01T00:00:00Z,title_description,,,,,
zs-D1BSIt2g,2008-09-28T21:57:15Z,13355,5,3,Cherax_quadricarinatus,Spain,Crustaceans,alien,acuario,Pre-Introduction,eCommerce,eCommerce,2013,2013-09-01T00:00:00Z,title_description,,,,,
zs-D1BSIt2g,2008-09-28T21:57:15Z,13355,5,3,Cherax_quadricarinatus,Spain,Crustaceans,alien,acuario,Pre-Introduction,eCommerce,eCommerce,2013,2013-09-01T00:00:00Z,title_description,,,,,
yJujnELHFxk,2021-01-24T21:14:03Z,61,1,0,Cherax_quadricarinatus,Spain,Crustaceans,alien,acuario,Post-Introduction,eCommerce,eCommerce,2013,2013-09-01T00:00:00Z,title_description,,,,,
yJujnELHFxk,2021-01-24T21:14:03Z,61,1,0,Cherax_quadricarinatus,Spain,Crustaceans,alien,acuario,Post-Introduction,eCommerce,eCommerce,2013,2013-09-01T00:00:00Z,title_description,,,,,
LIoM1vMr_FA,2022-05-27T13:33:52Z,133,5,3,Chloephaga_picta,Portugal,Birds,casual,registro,Post-Introduction,Detection,Detection,2008,2008-06-01T00:00:00Z,title_description,,,,,
TFKZ8p_sVAg,2024-03-06T22:59:52Z,7,0,0,Columbina_talpacoti,Spain,Birds,casual,avistamiento,Post-Introduction,Detection,Detection,2013,2013-06-01T00:00:00Z,title_description,,,,,
fRHLvN2Kcts,2025-07-23T09:09:12Z,1853,13,2,Corvus_albus,Portugal,Birds,alien,avistamiento,Post-Introduction,Detection,Detection,2015,2015-06-01T00:00:00Z,title_description,,,,,
fRHLvN2Kcts,2025-07-23T09:09:12Z,1853,13,2,Corvus_albus,Portugal,Birds,alien,observado,Post-Introduction,Detection,Detection,2015,2015-06-01T00:00:00Z,title_description,,,,,
-E8rCCeVBq0,2022-01-24T08:50:57Z,1930,18,0,Cydalima_perspectalis,Spain,Insects,established,exotica,Post-Introduction,Invasion,Invasion,2014,2014-06-01T00:00:00Z,title_description,,,,,
-E8rCCeVBq0,2022-01-24T08:50:57Z,1930,18,0,Cydalima_perspectalis,Spain,Insects,established,invasora,Post-Introduction,Invasion,Invasion,2014,2014-06-01T00:00:00Z,title_description,,,,,
HYyXRARxKm8,2015-04-29T18:43:54Z,11346,72,10,Cydalima_perspectalis,Spain,Insects,established,plaga,Post-Introduction,Invasion,Invasion,2014,2014-06-01T00:00:00Z,title_description,,,,,
HYyXRARxKm8,2015-04-29T18:43:54Z,11346,72,10,Cydalima_perspectalis,Spain,Insects,established,plaga,Post-Introduction,Invasion,Invasion,2014,2014-06-01T00:00:00Z,title_description,,,,,
70PFTOgsg8Q,2019-10-04T11:11:14Z,2578,16,0,Cydalima_perspectalis,Spain,Insects,established,invasora,Post-Introduction,Invasion,Invasion,2014,2014-06-01T00:00:00Z,title_description,,,,,
70PFTOgsg8Q,2019-10-04T11:11:14Z,2578,16,0,Cydalima_perspectalis,Spain,Insects,established,amenaza,Post-Introduction,Threat,Threat,2014,2014-06-01T00:00:00Z,title_description,,,,,
xky_cApio_s,2018-08-22T10:35:53Z,157,0,0,Cydalima_perspectalis,Spain,Insects,established,observada,Post-Introduction,Detection,Detection,2014,2014-06-01T00:00:00Z,title_description,,,,,
4BjW093-fSs,2024-04-18T07:10:01Z,51,2,0,Cydalima_perspectalis,Spain,Insects,established,invasores,Post-Introduction,Invasion,Invasion,2014,2014-06-01T00:00:00Z,title_description,,,,,
4BjW093-fSs,2024-04-18T07:10:01Z,51,2,0,Cydalima_perspectalis,Spain,Insects,established,invasores,Post-Introduction,Invasion,Invasion,2014,2014-06-01T00:00:00Z,title_description,,,,,
w72PJqmQjSU,2021-05-18T07:30:54Z,1202,3,0,Delottococcus_aberiae,Spain,Insects,alien,control,Post-Introduction,Detection,Detection,2009,2009-06-01T00:00:00Z,title_description,,,,,
UgE8mj5AhhY,2023-03-16T12:14:58Z,6511,95,2,Delottococcus_aberiae,Spain,Insects,alien,control,Post-Introduction,Detection,Detection,2009,2009-06-01T00:00:00Z,title_description,,,,,
UgE8mj5AhhY,2023-03-16T12:14:58Z,6511,95,2,Delottococcus_aberiae,Spain,Insects,alien,control,Post-Introduction,Detection,Detection,2009,2009-06-01T00:00:00Z,title_description,,,,,
Y5m3kuYgf4g,2020-06-14T20:17:38Z,2692,56,3,Delottococcus_aberiae,Spain,Insects,alien,afectando,Post-Introduction,Invasion,Invasion,2009,2009-06-01T00:00:00Z,title_description,,,,,
1OTQNIxzkck,2021-09-22T07:27:11Z,606,6,,Delottococcus_aberiae,Spain,Insects,alien,control,Post-Introduction,Detection,Detection,2009,2009-06-01T00:00:00Z,title_description,,,,,
1OTQNIxzkck,2021-09-22T07:27:11Z,606,6,,Delottococcus_aberiae,Spain,Insects,alien,control,Post-Introduction,Detection,Detection,2009,2009-06-01T00:00:00Z,title_description,,,,,
WgpiLu4ALrs,2023-03-09T08:34:52Z,674,3,0,Delottococcus_aberiae,Spain,Insects,alien,plaga,Post-Introduction,Invasion,Invasion,2009,2009-06-01T00:00:00Z,title_description,,,,,
27DG3eD1yOw,2021-07-19T09:30:33Z,21,0,0,Delottococcus_aberiae,Spain,Insects,alien,proliferacion,Post-Introduction,Invasion,Invasion,2009,2009-06-01T00:00:00Z,title_description,,,,,
OjVVdYTq2jY,2021-08-30T06:23:27Z,1065,20,,Delottococcus_aberiae,Spain,Insects,alien,controlar,Post-Introduction,Detection,Detection,2009,2009-06-01T00:00:00Z,title_description,,,,,
OjVVdYTq2jY,2021-08-30T06:23:27Z,1065,20,,Delottococcus_aberiae,Spain,Insects,alien,control,Post-Introduction,Detection,Detection,2009,2009-06-01T00:00:00Z,title_description,,,,,
Y15Lg8NW4Vg,2021-05-06T10:31:55Z,1819,7,0,Delottococcus_aberiae,Spain,Insects,alien,control,Post-Introduction,Detection,Detection,2009,2009-06-01T00:00:00Z,title_description,,,,,
Y15Lg8NW4Vg,2021-05-06T10:31:55Z,1819,7,0,Delottococcus_aberiae,Spain,Insects,alien,plagas,Post-Introduction,Invasion,Invasion,2009,2009-06-01T00:00:00Z,title_description,,,,,
Y15Lg8NW4Vg,2021-05-06T10:31:55Z,1819,7,0,Delottococcus_aberiae,Spain,Insects,alien,control,Post-Introduction,Detection,Detection,2009,2009-06-01T00:00:00Z,title_description,,,,,
Ya_oA4zjvqU,2021-08-22T04:41:39Z,369,19,1,Delottococcus_aberiae,Spain,Insects,alien,plaga,Post-Introduction,Invasion,Invasion,2009,2009-06-01T00:00:00Z,title_description,,,,,
Ya_oA4zjvqU,2021-08-22T04:41:39Z,369,19,1,Delottococcus_aberiae,Spain,Insects,alien,plaga,Post-Introduction,Invasion,Invasion,2009,2009-06-01T00:00:00Z,title_description,,,,,
qnT8wb_iic0,2022-04-06T10:00:24Z,158,3,0,Delottococcus_aberiae,Spain,Insects,alien,plaga,Post-Introduction,Invasion,Invasion,2009,2009-06-01T00:00:00Z,title_description,,,,,
qnT8wb_iic0,2022-04-06T10:00:24Z,158,3,0,Delottococcus_aberiae,Spain,Insects,alien,expansion,Post-Introduction,Invasion,Invasion,2009,2009-06-01T00:00:00Z,title_description,,,,,
qnT8wb_iic0,2022-04-06T10:00:24Z,158,3,0,Delottococcus_aberiae,Spain,Insects,alien,visto,Post-Introduction,Detection,Detection,2009,2009-06-01T00:00:00Z,title_description,,,,,
qnT8wb_iic0,2022-04-06T10:00:24Z,158,3,0,Delottococcus_aberiae,Spain,Insects,alien,control,Post-Introduction,Detection,Detection,2009,2009-06-01T00:00:00Z,title_description,,,,,
C3c7VhCfyXE,2020-06-17T10:00:11Z,95,18,1,Delottococcus_aberiae,Spain,Insects,alien,plaga,Post-Introduction,Invasion,Invasion,2009,2009-06-01T00:00:00Z,title_description,,,,,
C3c7VhCfyXE,2020-06-17T10:00:11Z,95,18,1,Delottococcus_aberiae,Spain,Insects,alien,plaga,Post-Introduction,Invasion,Invasion,2009,2009-06-01T00:00:00Z,title_description,,,,,
bYSH9G2ed6g,2025-06-02T14:00:54Z,453,1,0,Delottococcus_aberiae,Spain,Insects,alien,plagas,Post-Introduction,Invasion,Invasion,2009,2009-06-01T00:00:00Z,title_description,,,,,
Z2IkcTef4AE,2022-03-30T12:00:32Z,206,3,0,Delottococcus_aberiae,Spain,Insects,alien,plaga,Post-Introduction,Invasion,Invasion,2009,2009-06-01T00:00:00Z,title_description,,,,,
DS91Y8Y5c6M,2020-06-26T10:46:39Z,7858,38,1,Delottococcus_aberiae,Spain,Insects,alien,plaga,Post-Introduction,Invasion,Invasion,2009,2009-06-01T00:00:00Z,title_description,,,,,
oPRmR2M8COg,2020-07-21T12:12:10Z,3042,15,,Delottococcus_aberiae,Spain,Insects,alien,control,Post-Introduction,Detection,Detection,2009,2009-06-01T00:00:00Z,title_description,,,,,
VDc35Mr2BcU,2021-06-14T10:05:26Z,1557,41,5,Delottococcus_aberiae,Spain,Insects,alien,trampa,Post-Introduction,Detection,Detection,2009,2009-06-01T00:00:00Z,title_description,,,,,
_gKtFDJsXdg,2021-05-14T08:42:36Z,931,4,0,Delottococcus_aberiae,Spain,Insects,alien,plagas,Post-Introduction,Invasion,Invasion,2009,2009-06-01T00:00:00Z,title_description,,,,,
_gKtFDJsXdg,2021-05-14T08:42:36Z,931,4,0,Delottococcus_aberiae,Spain,Insects,alien,amenaza,Post-Introduction,Threat,Threat,2009,2009-06-01T00:00:00Z,title_description,,,,,
mGBqQeVc1NM,2015-09-20T13:24:52Z,2423,12,,Diadema_antillarum,Canary Islands,Non-arthropod invertebrates,alien,presente,Post-Introduction,Invasion,Invasion,2006,2006-06-01T00:00:00Z,title_description,,,,,
9CYtWd--2nw,2021-09-07T14:19:29Z,430,3,1,Diadema_antillarum,Canary Islands,Non-arthropod invertebrates,alien,amenaza,Post-Introduction,Threat,Threat,2006,2006-06-01T00:00:00Z,title_description,,,,,
EDKBAVLMz-U,2012-03-15T15:51:49Z,2653,8,0,Drosophila_suzukii,Spain,Insects,alien,invasora,Post-Introduction,Invasion,Invasion,2008,2008-06-01T00:00:00Z,title_description,,,,,
EDKBAVLMz-U,2012-03-15T15:51:49Z,2653,8,0,Drosophila_suzukii,Spain,Insects,alien,invasion,Post-Introduction,Invasion,Invasion,2008,2008-06-01T00:00:00Z,title_description,,,,,
9vTIrk8nQcs,2013-07-11T14:49:47Z,1728,2,1,Drosophila_suzukii,Spain,Insects,alien,captura,Post-Introduction,Detection,Detection,2008,2008-06-01T00:00:00Z,title_description,,,,,
9vTIrk8nQcs,2013-07-11T14:49:47Z,1728,2,1,Drosophila_suzukii,Spain,Insects,alien,captura,Post-Introduction,Detection,Detection,2008,2008-06-01T00:00:00Z,title_description,,,,,
1026-ua0D24,2017-11-25T21:14:49Z,1161,1,0,Drosophila_suzukii,Spain,Insects,alien,plaga,Post-Introduction,Invasion,Invasion,2008,2008-06-01T00:00:00Z,title_description,,,,,
1026-ua0D24,2017-11-25T21:14:49Z,1161,1,0,Drosophila_suzukii,Spain,Insects,alien,control,Post-Introduction,Detection,Detection,2008,2008-06-01T00:00:00Z,title_description,,,,,
PS7ul1uI2Qc,2017-10-23T21:22:26Z,85,1,0,Dryocosmus_kuriphilus,Spain,Insects,alien,expansion,Post-Introduction,Invasion,Invasion,2012,2012-06-01T00:00:00Z,title_description,,,,,
B2hrMwyDZWk,2022-05-26T15:48:53Z,155,2,0,Dryocosmus_kuriphilus,Spain,Insects,alien,controlada,Post-Introduction,Detection,Detection,2012,2012-06-01T00:00:00Z,title_description,,,,,
azX71J9nJBs,2021-06-11T16:00:02Z,523,3,0,Dryocosmus_kuriphilus,Spain,Insects,alien,peligro,Post-Introduction,Threat,Threat,2012,2012-06-01T00:00:00Z,title_description,,,,,
azX71J9nJBs,2021-06-11T16:00:02Z,523,3,0,Dryocosmus_kuriphilus,Spain,Insects,alien,plaga,Post-Introduction,Invasion,Invasion,2012,2012-06-01T00:00:00Z,title_description,,,,,
Kvpz-5u4OSM,2020-04-20T06:01:56Z,744,5,1,Dryocosmus_kuriphilus,Spain,Insects,alien,comprar,Post-Introduction,eCommerce,eCommerce,2012,2012-06-01T00:00:00Z,title_description,,,,,
1uii_UmIQIc,2019-11-29T10:17:10Z,104,0,0,Dryocosmus_kuriphilus,Spain,Insects,alien,control,Post-Introduction,Detection,Detection,2012,2012-06-01T00:00:00Z,title_description,,,,,
JEOHOEXzl6E,2019-05-15T18:46:12Z,315,1,0,Dryocosmus_kuriphilus,Spain,Insects,alien,plaga,Post-Introduction,Invasion,Invasion,2012,2012-06-01T00:00:00Z,title_description,,,,,
NF-yPCSsA4U,2019-11-29T10:10:15Z,38,0,0,Dryocosmus_kuriphilus,Spain,Insects,alien,control,Post-Introduction,Detection,Detection,2012,2012-06-01T00:00:00Z,title_description,,,,,
134XIEuvXFs,2014-10-07T07:41:40Z,1679,10,1,Dryocosmus_kuriphilus,Spain,Insects,alien,plaga,Post-Introduction,Invasion,Invasion,2012,2012-06-01T00:00:00Z,title_description,,,,,
134XIEuvXFs,2014-10-07T07:41:40Z,1679,10,1,Dryocosmus_kuriphilus,Spain,Insects,alien,amenaza,Post-Introduction,Threat,Threat,2012,2012-06-01T00:00:00Z,title_description,,,,,
134XIEuvXFs,2014-10-07T07:41:40Z,1679,10,1,Dryocosmus_kuriphilus,Spain,Insects,alien,plaga,Post-Introduction,Invasion,Invasion,2012,2012-06-01T00:00:00Z,title_description,,,,,
pdjeV4Bp9QU,2015-04-22T17:58:15Z,1374,6,0,Dryocosmus_kuriphilus,Spain,Insects,alien,expansion,Post-Introduction,Invasion,Invasion,2012,2012-06-01T00:00:00Z,title_description,,,,,
pdjeV4Bp9QU,2015-04-22T17:58:15Z,1374,6,0,Dryocosmus_kuriphilus,Spain,Insects,alien,plaga,Post-Introduction,Invasion,Invasion,2012,2012-06-01T00:00:00Z,title_description,,,,,
RHieoRK4jaE,2025-05-26T09:00:11Z,18,0,0,Dryocosmus_kuriphilus,Spain,Insects,alien,plagas,Post-Introduction,Invasion,Invasion,2012,2012-06-01T00:00:00Z,title_description,,,,,
uZCRm95TTz0,2021-07-13T07:00:12Z,163,7,0,Dryocosmus_kuriphilus,Spain,Insects,alien,seguimiento,Post-Introduction,Detection,Detection,2012,2012-06-01T00:00:00Z,title_description,,,,,
uZCRm95TTz0,2021-07-13T07:00:12Z,163,7,0,Dryocosmus_kuriphilus,Spain,Insects,alien,plaga,Post-Introduction,Invasion,Invasion,2012,2012-06-01T00:00:00Z,title_description,,,,,
uZCRm95TTz0,2021-07-13T07:00:12Z,163,7,0,Dryocosmus_kuriphilus,Spain,Insects,alien,observado,Post-Introduction,Detection,Detection,2012,2012-06-01T00:00:00Z,title_description,,,,,
3IgXHcKLihE,2021-04-24T22:20:26Z,700,32,9,Dryocosmus_kuriphilus,Spain,Insects,alien,control,Post-Introduction,Detection,Detection,2012,2012-06-01T00:00:00Z,title_description,,,,,
WtCdu6rYmdU,2021-04-12T20:23:55Z,540,7,0,Dryocosmus_kuriphilus,Spain,Insects,alien,plagas,Post-Introduction,Invasion,Invasion,2012,2012-06-01T00:00:00Z,title_description,,,,,
WtCdu6rYmdU,2021-04-12T20:23:55Z,540,7,0,Dryocosmus_kuriphilus,Spain,Insects,alien,controlada,Post-Introduction,Detection,Detection,2012,2012-06-01T00:00:00Z,title_description,,,,,
lyjn1PjNiPE,2021-05-31T20:46:36Z,9,0,0,Dryocosmus_kuriphilus,Spain,Insects,alien,pandemia,Post-Introduction,Threat,Threat,2012,2012-06-01T00:00:00Z,title_description,,,,,
1-JsrSixCFU,2024-05-07T10:54:58Z,55,2,0,Dryocosmus_kuriphilus,Spain,Insects,alien,plaga,Post-Introduction,Invasion,Invasion,2012,2012-06-01T00:00:00Z,title_description,,,,,
0hXxoUzTd7o,2021-05-17T20:27:37Z,230,4,0,Dryocosmus_kuriphilus,Spain,Insects,alien,plagas,Post-Introduction,Invasion,Invasion,2012,2012-06-01T00:00:00Z,title_description,,,,,
0hXxoUzTd7o,2021-05-17T20:27:37Z,230,4,0,Dryocosmus_kuriphilus,Spain,Insects,alien,controlada,Post-Introduction,Detection,Detection,2012,2012-06-01T00:00:00Z,title_description,,,,,
wcEMCOyjDD4,2017-05-20T18:43:29Z,2563,26,0,Dryocosmus_kuriphilus,Spain,Insects,alien,perigo,Post-Introduction,Threat,Threat,2012,2012-06-01T00:00:00Z,title_description,,,,,
wcEMCOyjDD4,2017-05-20T18:43:29Z,2563,26,0,Dryocosmus_kuriphilus,Spain,Insects,alien,ataca,Post-Introduction,Threat,Threat,2012,2012-06-01T00:00:00Z,title_description,,,,,
KEQ4TRTr9KQ,2023-01-03T10:31:57Z,198,2,0,Elanoides_forficatus,Spain,Birds,casual,avistamiento,Post-Introduction,Detection,Detection,2010,2010-06-01T00:00:00Z,title_description,,,,,
XoXIKFte9ao,2011-09-28T02:06:21Z,1224,10,4,Eupsittula_pertinax,Spain,Birds,alien,cara,Post-Introduction,eCommerce,eCommerce,2011,2011-06-01T00:00:00Z,title_description,,,,,
qk3WMm7grpQ,2011-06-19T23:09:17Z,13307,46,10,Glycaspis_brimblecombei,Spain,Insects,established,plaga,Post-Introduction,Invasion,Invasion,2007,2007-06-01T00:00:00Z,title_description,,,,,
NnRbU1O3kD4,2024-10-23T11:00:32Z,1414,42,9,Glycaspis_brimblecombei,Spain,Insects,established,plaga,Post-Introduction,Invasion,Invasion,2007,2007-06-01T00:00:00Z,title_description,,,,,
UL5nryggmdg,2014-06-22T22:52:22Z,849,3,3,Glycaspis_brimblecombei,Spain,Insects,established,plaga,Post-Introduction,Invasion,Invasion,2007,2007-06-01T00:00:00Z,title_description,,,,,
wU2H3vtHvVo,2014-06-28T11:03:00Z,790,1,0,Glycaspis_brimblecombei,Spain,Insects,established,plaga,Post-Introduction,Invasion,Invasion,2007,2007-06-01T00:00:00Z,title_description,,,,,
ralk5HYpaOQ,2020-04-26T13:42:59Z,1369,41,3,Graptemys_pseudogeographica,Portugal,Herptiles,established,vendidas,Post-Introduction,eCommerce,eCommerce,2013,2013-06-01T00:00:00Z,title_description,,,,,
ralk5HYpaOQ,2020-04-26T13:42:59Z,1369,41,3,Graptemys_pseudogeographica,Portugal,Herptiles,established,mascota,Post-Introduction,eCommerce,eCommerce,2013,2013-06-01T00:00:00Z,title_description,,,,,
sqye4P0Rygs,2016-04-10T09:16:41Z,12471,117,60,Graptemys_pseudogeographica,Portugal,Herptiles,established,aquario,Post-Introduction,eCommerce,eCommerce,2013,2013-06-01T00:00:00Z,title_description,,,,,
12TLxE23c6A,2015-12-19T17:51:09Z,6605,67,22,Graptemys_pseudogeographica,Portugal,Herptiles,established,aquario,Post-Introduction,eCommerce,eCommerce,2013,2013-06-01T00:00:00Z,title_description,,,,,
YnDVnmEW0OQ,2023-08-23T09:22:49Z,550,21,10,Grus_canadensis,Spain,Birds,casual,vistas,Post-Introduction,Detection,Detection,2011,2011-06-01T00:00:00Z,title_description,,,,,
dFFQ59PgD88,2024-11-10T23:07:54Z,0,0,0,Grus_canadensis,Spain,Birds,casual,extincao,Post-Introduction,Threat,Threat,2011,2011-06-01T00:00:00Z,title_description,,,,,
vd0w5Wygx90,2020-02-28T22:43:26Z,1079,12,1,Haemorhous_mexicanus,Spain,Birds,casual,vista,Post-Introduction,Detection,Detection,2016,2016-06-01T00:00:00Z,title_description,,,,,
fr95jnH6R1o,2024-02-26T17:00:35Z,753,9,0,Haemorhous_mexicanus,Spain,Birds,casual,reciente,Post-Introduction,Detection,Detection,2016,2016-06-01T00:00:00Z,title_description,,,,,
IQLtlpFlIN4,2011-06-09T18:04:49Z,1168,3,0,Haliaeetus_leucocephalus,Spain,Birds,casual,cetreria,Post-Introduction,eCommerce,eCommerce,2008,2008-06-01T00:00:00Z,title_description,,,,,
5BQ4PL_N7Qs,2017-06-06T09:55:50Z,1486,18,1,Haliaeetus_leucocephalus,Spain,Birds,casual,cetreria,Post-Introduction,eCommerce,eCommerce,2008,2008-06-01T00:00:00Z,title_description,,,,,
skeg2txR0JM,2024-07-21T19:20:00Z,10216,115,0,Haliaeetus_leucocephalus,Spain,Birds,casual,capturar,Post-Introduction,Detection,Detection,2008,2008-06-01T00:00:00Z,title_description,,,,,
pZZrhVBWM7M,2024-12-27T14:00:52Z,43,1,0,Haliaeetus_leucocephalus,Spain,Birds,casual,jaula,Post-Introduction,eCommerce,eCommerce,2008,2008-06-01T00:00:00Z,title_description,,,,,
rbuzhusFvS8,2018-01-10T09:53:54Z,26,0,0,Haliaeetus_leucocephalus,Spain,Birds,casual,peligro,Post-Introduction,Threat,Threat,2008,2008-06-01T00:00:00Z,title_description,,,,,
rbuzhusFvS8,2018-01-10T09:53:54Z,26,0,0,Haliaeetus_leucocephalus,Spain,Birds,casual,extincion,Post-Introduction,Threat,Threat,2008,2008-06-01T00:00:00Z,title_description,,,,,
G2XOcQ1SrQI,2020-12-28T20:19:35Z,348,17,30,Haliaeetus_leucocephalus,Spain,Birds,casual,avistamiento,Post-Introduction,Detection,Detection,2008,2008-06-01T00:00:00Z,title_description,,,,,
HXljKweTo6w,2024-10-15T13:08:25Z,4399,121,11,Halyomorpha_halys,Spain,Insects,alien,plagas,Post-Introduction,Invasion,Invasion,2016,2016-09-01T00:00:00Z,title_description,,,,,
HXljKweTo6w,2024-10-15T13:08:25Z,4399,121,11,Halyomorpha_halys,Spain,Insects,alien,plaga,Post-Introduction,Invasion,Invasion,2016,2016-09-01T00:00:00Z,title_description,,,,,
HXljKweTo6w,2024-10-15T13:08:25Z,4399,121,11,Halyomorpha_halys,Spain,Insects,alien,establecido,Post-Introduction,Invasion,Invasion,2016,2016-09-01T00:00:00Z,title_description,,,,,
XEUr2wOpUio,2022-11-04T16:57:36Z,2122,13,1,Halyomorpha_halys,Spain,Insects,alien,invasora,Post-Introduction,Invasion,Invasion,2016,2016-09-01T00:00:00Z,title_description,,,,,
wSN81sDFgBw,2021-02-24T09:52:28Z,4643,39,5,Halyomorpha_halys,Spain,Insects,alien,plaga,Post-Introduction,Invasion,Invasion,2016,2016-09-01T00:00:00Z,title_description,,,,,
goCEJHq6ndk,2011-11-30T15:13:50Z,16240,33,23,Halyomorpha_halys,Spain,Insects,alien,plaga,Pre-Introduction,Invasion,Invasion,2016,2016-09-01T00:00:00Z,title_description,,,,,
4v4zHvXwhvw,2020-08-20T19:18:46Z,312,5,0,Halyomorpha_halys,Spain,Insects,alien,seguimiento,Post-Introduction,Detection,Detection,2016,2016-09-01T00:00:00Z,title_description,,,,,
4v4zHvXwhvw,2020-08-20T19:18:46Z,312,5,0,Halyomorpha_halys,Spain,Insects,alien,invasoras,Post-Introduction,Invasion,Invasion,2016,2016-09-01T00:00:00Z,title_description,,,,,
4v4zHvXwhvw,2020-08-20T19:18:46Z,312,5,0,Halyomorpha_halys,Spain,Insects,alien,invasora,Post-Introduction,Invasion,Invasion,2016,2016-09-01T00:00:00Z,title_description,,,,,
BN0yxZozaXU,2019-09-16T08:51:09Z,251,2,0,Halyomorpha_halys,Spain,Insects,alien,control,Post-Introduction,Detection,Detection,2016,2016-09-01T00:00:00Z,title_description,,,,,
BN0yxZozaXU,2019-09-16T08:51:09Z,251,2,0,Halyomorpha_halys,Spain,Insects,alien,control,Post-Introduction,Detection,Detection,2016,2016-09-01T00:00:00Z,title_description,,,,,
BN0yxZozaXU,2019-09-16T08:51:09Z,251,2,0,Halyomorpha_halys,Spain,Insects,alien,plagas,Post-Introduction,Invasion,Invasion,2016,2016-09-01T00:00:00Z,title_description,,,,,
EyY0ctHlcBQ,2021-11-12T12:27:11Z,24975,98,17,Halyomorpha_halys,Spain,Insects,alien,plaga,Post-Introduction,Invasion,Invasion,2016,2016-09-01T00:00:00Z,title_description,,,,,
ilqk3EGfEvM,2025-04-22T18:00:52Z,8277,171,7,Lagocephalus_sceleratus,Spain,Fishes,uncertain,peligroso,Post-Introduction,Threat,Threat,2014,2014-06-01T00:00:00Z,title_description,,,,,
ilqk3EGfEvM,2025-04-22T18:00:52Z,8277,171,7,Lagocephalus_sceleratus,Spain,Fishes,uncertain,toxico,Post-Introduction,Threat,Threat,2014,2014-06-01T00:00:00Z,title_description,,,,,
ilqk3EGfEvM,2025-04-22T18:00:52Z,8277,171,7,Lagocephalus_sceleratus,Spain,Fishes,uncertain,invasor,Post-Introduction,Invasion,Invasion,2014,2014-06-01T00:00:00Z,title_description,,,,,
ilqk3EGfEvM,2025-04-22T18:00:52Z,8277,171,7,Lagocephalus_sceleratus,Spain,Fishes,uncertain,peligrosa,Post-Introduction,Threat,Threat,2014,2014-06-01T00:00:00Z,title_description,,,,,
m5SFQpQpaEU,2025-05-14T09:00:56Z,1564,26,2,Lasius_neglectus,Andorra,Insects,established,invasoras,Post-Introduction,Invasion,Invasion,2012,2012-06-01T00:00:00Z,title_description,,,,,
m5SFQpQpaEU,2025-05-14T09:00:56Z,1564,26,2,Lasius_neglectus,Andorra,Insects,established,invasoras,Post-Introduction,Invasion,Invasion,2012,2012-06-01T00:00:00Z,title_description,,,,,
-K9e4dc1EEU,2019-09-20T21:13:26Z,93,1,0,Lepisiota_capensis,Canary Islands,Insects,established,adopcion,Post-Introduction,eCommerce,eCommerce,2014,2014-06-01T00:00:00Z,title_description,,,,,
-K9e4dc1EEU,2019-09-20T21:13:26Z,93,1,0,Lepisiota_capensis,Canary Islands,Insects,established,adoptar,Post-Introduction,eCommerce,eCommerce,2014,2014-06-01T00:00:00Z,title_description,,,,,
Cd4xw_fv87U,2018-09-20T06:32:42Z,4304,24,0,Leptoglossus_occidentalis,Portugal,Insects,alien,plaga,Post-Introduction,Invasion,Invasion,2010,2010-06-01T00:00:00Z,title_description,,,,,
Cd4xw_fv87U,2018-09-20T06:32:42Z,4304,24,0,Leptoglossus_occidentalis,Portugal,Insects,alien,reciente,Post-Introduction,Detection,Detection,2010,2010-06-01T00:00:00Z,title_description,,,,,
Cd4xw_fv87U,2018-09-20T06:32:42Z,4304,24,0,Leptoglossus_occidentalis,Portugal,Insects,alien,plaga,Post-Introduction,Invasion,Invasion,2010,2010-06-01T00:00:00Z,title_description,,,,,
XiAJ5d6ZBkA,2020-05-23T16:20:21Z,280,4,2,Leptoglossus_occidentalis,Portugal,Insects,alien,invasoras,Post-Introduction,Invasion,Invasion,2010,2010-06-01T00:00:00Z,title_description,,,,,
FDBd741PDa0,2024-03-09T18:39:22Z,1745,19,3,Leptoglossus_occidentalis,Portugal,Insects,alien,avistado,Post-Introduction,Detection,Detection,2010,2010-06-01T00:00:00Z,title_description,,,,,
DreHJnrpMIY,2023-03-06T15:00:17Z,59,0,0,Leptoglossus_occidentalis,Portugal,Insects,alien,control,Post-Introduction,Detection,Detection,2010,2010-06-01T00:00:00Z,title_description,,,,,
C1Dbud_KWHY,2024-07-29T18:00:05Z,455,8,0,Leptoglossus_occidentalis,Portugal,Insects,alien,invasor,Post-Introduction,Invasion,Invasion,2010,2010-06-01T00:00:00Z,title_description,,,,,
r0Bjt_XZxTQ,2020-05-29T19:26:15Z,2849,305,38,Leuciscus_aspius,Spain,Fishes,established,aparecido,Post-Introduction,Detection,Detection,2017,2017-07-20T00:00:00Z,title_description,,,,,
V_Sk8rBFVW0,2023-02-17T20:35:09Z,425,8,2,Leuciscus_aspius,Spain,Fishes,established,capturar,Post-Introduction,Detection,Detection,2017,2017-07-20T00:00:00Z,title_description,,,,,
HMtrKa0gC3A,2014-11-17T12:54:52Z,428,3,0,Leuciscus_aspius,Spain,Fishes,established,descubiertos,Pre-Introduction,Detection,Detection,2017,2017-07-20T00:00:00Z,title_description,,,,,
AgNAPTFK9A4,2015-07-21T14:58:23Z,1777,11,0,Lonchura_oryzivora,Portugal,Birds,alien,jaula,Post-Introduction,eCommerce,eCommerce,2010,2010-06-01T00:00:00Z,title_description,,,,,
R6I8cvxCu3M,2017-11-27T14:57:58Z,1234,22,5,Mauremys_reevesii,Spain,Herptiles,alien,acuario,Post-Introduction,eCommerce,eCommerce,2016,2016-04-05T00:00:00Z,title_description,,,,,
OwqvlI_ERwI,2018-07-01T11:19:26Z,494,10,2,Mauremys_reevesii,Spain,Herptiles,alien,acuario,Post-Introduction,eCommerce,eCommerce,2016,2016-04-05T00:00:00Z,title_description,,,,,
iq6-OPf92J4,2017-12-10T07:57:54Z,4780,23,4,Mauremys_sinensis,Spain,Herptiles,alien,terrario,Post-Introduction,eCommerce,eCommerce,2014,2014-10-10T00:00:00Z,title_description,,,,,
9hdvtuo_8ZM,2023-05-24T21:54:15Z,149,5,0,Mauremys_sinensis,Spain,Herptiles,alien,exotica,Post-Introduction,Invasion,Invasion,2014,2014-10-10T00:00:00Z,title_description,,,,,
GWdFKd9DYsU,2013-11-12T08:47:33Z,14909,24,2,Mnemiopsis_leidyi,Spain,Non-arthropod invertebrates,established,invasor,Post-Introduction,Invasion,Invasion,2009,2009-06-01T00:00:00Z,title_description,,,,,
MUnpO3K8n7M,2016-07-30T23:19:43Z,224,1,1,Mnemiopsis_leidyi,Spain,Non-arthropod invertebrates,established,aparicion,Post-Introduction,Detection,Detection,2009,2009-06-01T00:00:00Z,title_description,,,,,
pVPfgp1ivRo,2025-05-30T18:30:18Z,21,4,0,Mnemiopsis_leidyi,Spain,Non-arthropod invertebrates,established,invasora,Post-Introduction,Invasion,Invasion,2009,2009-06-01T00:00:00Z,title_description,,,,,
MSTFzMW5ESI,2021-01-28T21:43:25Z,442,11,1,Paratrechina_jaegerskioeldi,Portugal,Insects,established,manejo,Post-Introduction,Detection,Detection,2012,2012-06-01T00:00:00Z,title_description,,,,,
MSTFzMW5ESI,2021-01-28T21:43:25Z,442,11,1,Paratrechina_jaegerskioeldi,Portugal,Insects,established,invasora,Post-Introduction,Invasion,Invasion,2012,2012-06-01T00:00:00Z,title_description,,,,,
MSTFzMW5ESI,2021-01-28T21:43:25Z,442,11,1,Paratrechina_jaegerskioeldi,Portugal,Insects,established,nativa,Post-Introduction,Invasion,Invasion,2012,2012-06-01T00:00:00Z,title_description,,,,,
iQpwfAFZKak,2019-06-27T14:42:38Z,2514,72,28,Paratrechina_jaegerskioeldi,Portugal,Insects,established,encontre,Post-Introduction,Detection,Detection,2012,2012-06-01T00:00:00Z,title_description,,,,,
euF72VR0F8U,2008-02-17T20:35:20Z,1286,4,0,Pelodiscus_sinensis,Portugal,Herptiles,alien,acuario,Pre-Introduction,eCommerce,eCommerce,2019,2019-06-01T00:00:00Z,title_description,,,,,
euF72VR0F8U,2008-02-17T20:35:20Z,1286,4,0,Pelodiscus_sinensis,Portugal,Herptiles,alien,acuario,Pre-Introduction,eCommerce,eCommerce,2019,2019-06-01T00:00:00Z,title_description,,,,,
elWQy4ImUCg,2019-05-09T09:22:53Z,1571,19,2,Perca_fluviatilis,Portugal,Fishes,established,captura,Post-Introduction,Detection,Detection,2015,2015-06-01T00:00:00Z,title_description,,,,,
a5JAOUJ1Ujs,2019-09-24T20:09:55Z,559,19,6,Perca_fluviatilis,Portugal,Fishes,established,capturas,Post-Introduction,Detection,Detection,2015,2015-06-01T00:00:00Z,title_description,,,,,
0BKICkbDmt0,2020-05-01T15:13:54Z,211,7,0,Perca_fluviatilis,Portugal,Fishes,established,captura,Post-Introduction,Detection,Detection,2015,2015-06-01T00:00:00Z,title_description,,,,,
Ql0JfyKW_SM,2020-09-25T13:00:33Z,275,8,4,Perca_fluviatilis,Portugal,Fishes,established,encontramos,Post-Introduction,Detection,Detection,2015,2015-06-01T00:00:00Z,title_description,,,,,
b4it_OvDQf0,2022-07-05T20:02:21Z,106,1,0,Pheidole_indica,Portugal,Insects,established,ataca,Post-Introduction,Threat,Threat,2012,2012-06-01T00:00:00Z,title_description,,,,,
IPv2OH48cSA,2023-07-18T16:00:20Z,63085,2473,126,Phthorimaea_absoluta,Spain,Insects,established,controlar,Post-Introduction,Detection,Detection,2006,2006-06-01T00:00:00Z,title_description,,,,,
IPv2OH48cSA,2023-07-18T16:00:20Z,63085,2473,126,Phthorimaea_absoluta,Spain,Insects,established,controlar,Post-Introduction,Detection,Detection,2006,2006-06-01T00:00:00Z,title_description,,,,,
IPv2OH48cSA,2023-07-18T16:00:20Z,63085,2473,126,Phthorimaea_absoluta,Spain,Insects,established,dinero,Post-Introduction,eCommerce,eCommerce,2006,2006-06-01T00:00:00Z,title_description,,,,,
TTCIw5oMlLg,2017-07-27T10:15:07Z,2942,52,25,Phthorimaea_absoluta,Spain,Insects,established,ataca,Post-Introduction,Threat,Threat,2006,2006-06-01T00:00:00Z,title_description,,,,,
tUtRA84dGUY,2020-09-02T17:16:40Z,3609,15,,Phthorimaea_absoluta,Spain,Insects,established,control,Post-Introduction,Detection,Detection,2006,2006-06-01T00:00:00Z,title_description,,,,,
Xl-u5NVlyhU,2013-12-10T10:09:24Z,43956,387,13,Phthorimaea_absoluta,Spain,Insects,established,plaga,Post-Introduction,Invasion,Invasion,2006,2006-06-01T00:00:00Z,title_description,,,,,
_w6Wm6ialcA,2017-05-17T10:58:45Z,98606,784,39,Phthorimaea_absoluta,Spain,Insects,established,trampa,Post-Introduction,Detection,Detection,2006,2006-06-01T00:00:00Z,title_description,,,,,
_w6Wm6ialcA,2017-05-17T10:58:45Z,98606,784,39,Phthorimaea_absoluta,Spain,Insects,established,plaga,Post-Introduction,Invasion,Invasion,2006,2006-06-01T00:00:00Z,title_description,,,,,
_w6Wm6ialcA,2017-05-17T10:58:45Z,98606,784,39,Phthorimaea_absoluta,Spain,Insects,established,plaga,Post-Introduction,Invasion,Invasion,2006,2006-06-01T00:00:00Z,title_description,,,,,
-SVs0s1cq50,2025-06-14T04:31:07Z,1721,56,25,Phthorimaea_absoluta,Spain,Insects,established,control,Post-Introduction,Detection,Detection,2006,2006-06-01T00:00:00Z,title_description,,,,,
-SVs0s1cq50,2025-06-14T04:31:07Z,1721,56,25,Phthorimaea_absoluta,Spain,Insects,established,trampas,Post-Introduction,Detection,Detection,2006,2006-06-01T00:00:00Z,title_description,,,,,
-SVs0s1cq50,2025-06-14T04:31:07Z,1721,56,25,Phthorimaea_absoluta,Spain,Insects,established,trampas,Post-Introduction,Detection,Detection,2006,2006-06-01T00:00:00Z,title_description,,,,,
OXBmJKYB8ac,2021-11-10T16:30:02Z,1941,83,149,Phthorimaea_absoluta,Spain,Insects,established,plaga,Post-Introduction,Invasion,Invasion,2006,2006-06-01T00:00:00Z,title_description,,,,,
bEXFWYs38Uc,2024-04-16T10:44:21Z,376,5,0,Phthorimaea_absoluta,Spain,Insects,established,manejo,Post-Introduction,Detection,Detection,2006,2006-06-01T00:00:00Z,title_description,,,,,
0_s6ub-z-pw,2024-05-18T12:00:03Z,237906,3037,188,Phthorimaea_absoluta,Spain,Insects,established,plaga,Post-Introduction,Invasion,Invasion,2006,2006-06-01T00:00:00Z,title_description,,,,,
0_s6ub-z-pw,2024-05-18T12:00:03Z,237906,3037,188,Phthorimaea_absoluta,Spain,Insects,established,plaga,Post-Introduction,Invasion,Invasion,2006,2006-06-01T00:00:00Z,title_description,,,,,
b0L4hXmhGGE,2015-08-18T04:30:00Z,226350,3598,166,Phthorimaea_absoluta,Spain,Insects,established,trampa,Post-Introduction,Detection,Detection,2006,2006-06-01T00:00:00Z,title_description,,,,,
KuBwQ994u8c,2019-02-25T10:30:57Z,31912,186,12,Phthorimaea_absoluta,Spain,Insects,established,trampas,Post-Introduction,Detection,Detection,2006,2006-06-01T00:00:00Z,title_description,,,,,
HrOhzTaFSNc,2019-03-04T17:01:32Z,11404,55,4,Phthorimaea_absoluta,Spain,Insects,established,trampa,Post-Introduction,Detection,Detection,2006,2006-06-01T00:00:00Z,title_description,,,,,
HrOhzTaFSNc,2019-03-04T17:01:32Z,11404,55,4,Phthorimaea_absoluta,Spain,Insects,established,trampas,Post-Introduction,Detection,Detection,2006,2006-06-01T00:00:00Z,title_description,,,,,
NCib-HiHq00,2023-08-11T13:13:01Z,40088,461,2,Phthorimaea_absoluta,Spain,Insects,established,trampa,Post-Introduction,Detection,Detection,2006,2006-06-01T00:00:00Z,title_description,,,,,
jhZEIJ8dFmQ,2021-06-19T16:02:51Z,373381,6319,739,Phthorimaea_absoluta,Spain,Insects,established,plaga,Post-Introduction,Invasion,Invasion,2006,2006-06-01T00:00:00Z,title_description,,,,,
isL-JaHv6_I,2021-03-05T18:01:10Z,5228,36,0,Phthorimaea_absoluta,Spain,Insects,established,control,Post-Introduction,Detection,Detection,2006,2006-06-01T00:00:00Z,title_description,,,,,
l2RpW8btCVA,2025-07-02T18:00:06Z,19149,367,7,Phthorimaea_absoluta,Spain,Insects,established,trampas,Post-Introduction,Detection,Detection,2006,2006-06-01T00:00:00Z,title_description,,,,,
hz11wrowc2s,2022-01-18T16:14:00Z,2496,25,0,Phthorimaea_absoluta,Spain,Insects,established,controlar,Post-Introduction,Detection,Detection,2006,2006-06-01T00:00:00Z,title_description,,,,,
hz11wrowc2s,2022-01-18T16:14:00Z,2496,25,0,Phthorimaea_absoluta,Spain,Insects,established,plaga,Post-Introduction,Invasion,Invasion,2006,2006-06-01T00:00:00Z,title_description,,,,,
hz11wrowc2s,2022-01-18T16:14:00Z,2496,25,0,Phthorimaea_absoluta,Spain,Insects,established,trampa,Post-Introduction,Detection,Detection,2006,2006-06-01T00:00:00Z,title_description,,,,,
p0uSiiKlBKs,2018-10-11T13:24:28Z,29931,220,3,Phthorimaea_absoluta,Spain,Insects,established,control,Post-Introduction,Detection,Detection,2006,2006-06-01T00:00:00Z,title_description,,,,,
p0uSiiKlBKs,2018-10-11T13:24:28Z,29931,220,3,Phthorimaea_absoluta,Spain,Insects,established,plagas,Post-Introduction,Invasion,Invasion,2006,2006-06-01T00:00:00Z,title_description,,,,,
5ajqVCsoDtA,2024-04-15T14:58:20Z,2125,32,0,Phthorimaea_absoluta,Spain,Insects,established,control,Post-Introduction,Detection,Detection,2006,2006-06-01T00:00:00Z,title_description,,,,,
CWYC1rpVH2o,2020-08-25T11:34:48Z,563,1,,Phthorimaea_absoluta,Spain,Insects,established,trampa,Post-Introduction,Detection,Detection,2006,2006-06-01T00:00:00Z,title_description,,,,,
CWYC1rpVH2o,2020-08-25T11:34:48Z,563,1,,Phthorimaea_absoluta,Spain,Insects,established,trampa,Post-Introduction,Detection,Detection,2006,2006-06-01T00:00:00Z,title_description,,,,,
CWYC1rpVH2o,2020-08-25T11:34:48Z,563,1,,Phthorimaea_absoluta,Spain,Insects,established,capturas,Post-Introduction,Detection,Detection,2006,2006-06-01T00:00:00Z,title_description,,,,,
a_41FW-4gqw,2019-08-07T07:14:55Z,15729,,,Phthorimaea_absoluta,Spain,Insects,established,control,Post-Introduction,Detection,Detection,2006,2006-06-01T00:00:00Z,title_description,,,,,
a_41FW-4gqw,2019-08-07T07:14:55Z,15729,,,Phthorimaea_absoluta,Spain,Insects,established,control,Post-Introduction,Detection,Detection,2006,2006-06-01T00:00:00Z,title_description,,,,,
-XcL0qcDJAg,2024-04-15T14:56:45Z,5119,116,0,Phthorimaea_absoluta,Spain,Insects,established,control,Post-Introduction,Detection,Detection,2006,2006-06-01T00:00:00Z,title_description,,,,,
-XcL0qcDJAg,2024-04-15T14:56:45Z,5119,116,0,Phthorimaea_absoluta,Spain,Insects,established,controlada,Post-Introduction,Detection,Detection,2006,2006-06-01T00:00:00Z,title_description,,,,,
jFTODiz7VHQ,2013-10-15T12:12:45Z,41580,153,8,Phthorimaea_absoluta,Spain,Insects,established,plaga,Post-Introduction,Invasion,Invasion,2006,2006-06-01T00:00:00Z,title_description,,,,,
ej1hjKT1QtM,2025-05-20T14:22:10Z,22,1,0,Phthorimaea_absoluta,Spain,Insects,established,controlar,Post-Introduction,Detection,Detection,2006,2006-06-01T00:00:00Z,title_description,,,,,
ej1hjKT1QtM,2025-05-20T14:22:10Z,22,1,0,Phthorimaea_absoluta,Spain,Insects,established,plaga,Post-Introduction,Invasion,Invasion,2006,2006-06-01T00:00:00Z,title_description,,,,,
tcTKbk65Da4,2025-06-28T10:25:32Z,3743,191,6,Phthorimaea_absoluta,Spain,Insects,established,ataca,Post-Introduction,Threat,Threat,2006,2006-06-01T00:00:00Z,title_description,,,,,
tcTKbk65Da4,2025-06-28T10:25:32Z,3743,191,6,Phthorimaea_absoluta,Spain,Insects,established,plagas,Post-Introduction,Invasion,Invasion,2006,2006-06-01T00:00:00Z,title_description,,,,,
tcTKbk65Da4,2025-06-28T10:25:32Z,3743,191,6,Phthorimaea_absoluta,Spain,Insects,established,alerta,Post-Introduction,Detection,Detection,2006,2006-06-01T00:00:00Z,title_description,,,,,
tcTKbk65Da4,2025-06-28T10:25:32Z,3743,191,6,Phthorimaea_absoluta,Spain,Insects,established,plaga,Post-Introduction,Invasion,Invasion,2006,2006-06-01T00:00:00Z,title_description,,,,,
dficjE4eWqs,2025-07-04T17:45:02Z,7135,184,1,Phthorimaea_absoluta,Spain,Insects,established,trampas,Post-Introduction,Detection,Detection,2006,2006-06-01T00:00:00Z,title_description,,,,,
z1buHXWCf4U,2019-05-21T10:46:46Z,1090,6,1,Phthorimaea_absoluta,Spain,Insects,established,plaga,Post-Introduction,Invasion,Invasion,2006,2006-06-01T00:00:00Z,title_description,,,,,
z1buHXWCf4U,2019-05-21T10:46:46Z,1090,6,1,Phthorimaea_absoluta,Spain,Insects,established,plaga,Post-Introduction,Invasion,Invasion,2006,2006-06-01T00:00:00Z,title_description,,,,,
z1buHXWCf4U,2019-05-21T10:46:46Z,1090,6,1,Phthorimaea_absoluta,Spain,Insects,established,afectando,Post-Introduction,Invasion,Invasion,2006,2006-06-01T00:00:00Z,title_description,,,,,
VGhuH6LnEDg,2019-08-07T11:36:22Z,175,,,Phthorimaea_absoluta,Spain,Insects,established,control,Post-Introduction,Detection,Detection,2006,2006-06-01T00:00:00Z,title_description,,,,,
VGhuH6LnEDg,2019-08-07T11:36:22Z,175,,,Phthorimaea_absoluta,Spain,Insects,established,control,Post-Introduction,Detection,Detection,2006,2006-06-01T00:00:00Z,title_description,,,,,
J2ChF36-TnE,2025-08-04T09:52:49Z,544,4,0,Phthorimaea_absoluta,Spain,Insects,established,manejo,Post-Introduction,Detection,Detection,2006,2006-06-01T00:00:00Z,title_description,,,,,
J2ChF36-TnE,2025-08-04T09:52:49Z,544,4,0,Phthorimaea_absoluta,Spain,Insects,established,manejo,Post-Introduction,Detection,Detection,2006,2006-06-01T00:00:00Z,title_description,,,,,
Vj5nwPGsW-c,2024-06-22T11:48:15Z,47,1,0,Phthorimaea_absoluta,Spain,Insects,established,trampas,Post-Introduction,Detection,Detection,2006,2006-06-01T00:00:00Z,title_description,,,,,
Vj5nwPGsW-c,2024-06-22T11:48:15Z,47,1,0,Phthorimaea_absoluta,Spain,Insects,established,trampas,Post-Introduction,Detection,Detection,2006,2006-06-01T00:00:00Z,title_description,,,,,
k2RDZjd0q_M,2024-04-28T19:39:28Z,481,8,0,Phthorimaea_absoluta,Spain,Insects,established,trampa,Post-Introduction,Detection,Detection,2006,2006-06-01T00:00:00Z,title_description,,,,,
k2RDZjd0q_M,2024-04-28T19:39:28Z,481,8,0,Phthorimaea_absoluta,Spain,Insects,established,plaga,Post-Introduction,Invasion,Invasion,2006,2006-06-01T00:00:00Z,title_description,,,,,
lBuMrdotZfY,2019-07-01T10:34:19Z,321,1,0,Phthorimaea_absoluta,Spain,Insects,established,danina,Post-Introduction,Threat,Threat,2006,2006-06-01T00:00:00Z,title_description,,,,,
bOj20vKsuxI,2025-07-06T06:06:22Z,1678,53,10,Phthorimaea_absoluta,Spain,Insects,established,extincion,Post-Introduction,Threat,Threat,2006,2006-06-01T00:00:00Z,title_description,,,,,
r_LQMoDAAHs,2021-02-18T10:56:30Z,476,9,0,Phthorimaea_absoluta,Spain,Insects,established,control,Post-Introduction,Detection,Detection,2006,2006-06-01T00:00:00Z,title_description,,,,,
elKk2jK395w,2019-08-16T10:21:29Z,430,19,8,Phthorimaea_absoluta,Spain,Insects,established,control,Post-Introduction,Detection,Detection,2006,2006-06-01T00:00:00Z,title_description,,,,,
elKk2jK395w,2019-08-16T10:21:29Z,430,19,8,Phthorimaea_absoluta,Spain,Insects,established,control,Post-Introduction,Detection,Detection,2006,2006-06-01T00:00:00Z,title_description,,,,,
2dOeCJih1hI,2010-05-13T17:23:14Z,4712,1,0,Phthorimaea_absoluta,Spain,Insects,established,capturas,Post-Introduction,Detection,Detection,2006,2006-06-01T00:00:00Z,title_description,,,,,
QWWwThyTt7k,2019-05-21T15:07:03Z,24,1,0,Phthorimaea_absoluta,Spain,Insects,established,plaga,Post-Introduction,Invasion,Invasion,2006,2006-06-01T00:00:00Z,title_description,,,,,
SoHV1YzAzNo,2024-07-04T16:30:55Z,1673,23,0,Phthorimaea_absoluta,Spain,Insects,established,trampas,Post-Introduction,Detection,Detection,2006,2006-06-01T00:00:00Z,title_description,,,,,
SoHV1YzAzNo,2024-07-04T16:30:55Z,1673,23,0,Phthorimaea_absoluta,Spain,Insects,established,trampa,Post-Introduction,Detection,Detection,2006,2006-06-01T00:00:00Z,title_description,,,,,
ekm2p1V3j68,2021-10-29T10:07:03Z,35,1,0,Phthorimaea_absoluta,Spain,Insects,established,alerta,Post-Introduction,Detection,Detection,2006,2006-06-01T00:00:00Z,title_description,,,,,
ekm2p1V3j68,2021-10-29T10:07:03Z,35,1,0,Phthorimaea_absoluta,Spain,Insects,established,deteccion,Post-Introduction,Detection,Detection,2006,2006-06-01T00:00:00Z,title_description,,,,,
bAsaLpowKxw,2022-04-28T16:00:52Z,1689,65,22,Pionites_melanocephalus,Spain,Birds,alien,encontramos,Post-Introduction,Detection,Detection,2007,2007-06-01T00:00:00Z,title_description,,,,,
bAsaLpowKxw,2022-04-28T16:00:52Z,1689,65,22,Pionites_melanocephalus,Spain,Birds,alien,encontrado,Post-Introduction,Detection,Detection,2007,2007-06-01T00:00:00Z,title_description,,,,,
U7iDuqWUfs4,2018-12-23T13:07:20Z,18035,272,29,Platycerium_bifurcatum,Madeira,Plants,established,exotica,Post-Introduction,Invasion,Invasion,2017,2017-06-01T00:00:00Z,title_description,,,,,
njaaxyvNXek,2024-11-18T12:31:16Z,4820,90,3,Platycerium_bifurcatum,Madeira,Plants,established,terrario,Post-Introduction,eCommerce,eCommerce,2017,2017-06-01T00:00:00Z,title_description,,,,,
d-VectV2fgY,2011-10-14T12:05:27Z,34766,102,26,Pomacea_maculata,Spain,Non-arthropod invertebrates,established,acuario,Post-Introduction,eCommerce,eCommerce,2009,2009-06-01T00:00:00Z,title_description,,,,,
-0oIGA4zRQU,2017-08-10T18:47:48Z,1341,15,1,Pomacea_maculata,Spain,Non-arthropod invertebrates,established,presente,Post-Introduction,Invasion,Invasion,2009,2009-06-01T00:00:00Z,title_description,,,,,
sqYiv37pwm0,2015-11-03T13:19:27Z,3323,28,0,Pomacea_maculata,Spain,Non-arthropod invertebrates,established,control,Post-Introduction,Detection,Detection,2009,2009-06-01T00:00:00Z,title_description,,,,,
sqYiv37pwm0,2015-11-03T13:19:27Z,3323,28,0,Pomacea_maculata,Spain,Non-arthropod invertebrates,established,control,Post-Introduction,Detection,Detection,2009,2009-06-01T00:00:00Z,title_description,,,,,
fimszSPphyc,2014-09-10T16:41:36Z,3844,37,3,Pomacea_maculata,Spain,Non-arthropod invertebrates,established,presente,Post-Introduction,Invasion,Invasion,2009,2009-06-01T00:00:00Z,title_description,,,,,
fimszSPphyc,2014-09-10T16:41:36Z,3844,37,3,Pomacea_maculata,Spain,Non-arthropod invertebrates,established,peligro,Post-Introduction,Threat,Threat,2009,2009-06-01T00:00:00Z,title_description,,,,,
RdRk-oBkOPM,2017-07-31T11:57:29Z,686,10,0,Pomacea_maculata,Spain,Non-arthropod invertebrates,established,presente,Post-Introduction,Invasion,Invasion,2009,2009-06-01T00:00:00Z,title_description,,,,,
RdRk-oBkOPM,2017-07-31T11:57:29Z,686,10,0,Pomacea_maculata,Spain,Non-arthropod invertebrates,established,peligro,Post-Introduction,Threat,Threat,2009,2009-06-01T00:00:00Z,title_description,,,,,
wCy5NhYmqDU,2014-10-07T22:49:15Z,14898,242,17,Primolius_maracana,Spain,Birds,alien,mascota,Post-Introduction,eCommerce,eCommerce,2007,2007-06-01T00:00:00Z,title_description,,,,,
oqIf4tBuj5k,2012-04-13T15:01:38Z,14225,18,9,Psephotus_haematonotus,Spain,Birds,alien,compre,Post-Introduction,eCommerce,eCommerce,2006,2006-06-01T00:00:00Z,title_description,,,,,
sHxbwGRHzPI,2020-05-03T13:26:04Z,1341,32,17,Pseudemys_concinna,Portugal,Herptiles,established,compre,Post-Introduction,eCommerce,eCommerce,2013,2013-06-01T00:00:00Z,title_description,,,,,
B4SwPxa-2_w,2017-04-19T14:23:00Z,1543,12,0,Pseudemys_concinna,Portugal,Herptiles,established,invasora,Post-Introduction,Invasion,Invasion,2013,2013-06-01T00:00:00Z,title_description,,,,,
93XTzhHBz7s,2017-05-02T17:28:54Z,898,14,0,Pseudemys_concinna,Portugal,Herptiles,established,invasora,Post-Introduction,Invasion,Invasion,2013,2013-06-01T00:00:00Z,title_description,,,,,
83UjNhcLq8k,2017-09-04T00:11:34Z,169,3,0,Pseudemys_concinna,Portugal,Herptiles,established,aquisicao,Post-Introduction,eCommerce,eCommerce,2013,2013-06-01T00:00:00Z,title_description,,,,,
cTANOn_aVuY,2021-07-23T11:34:19Z,955,16,6,Pseudemys_peninsularis,Spain,Herptiles,alien,eei,Post-Introduction,Invasion,Invasion,2020,2020-06-01T00:00:00Z,title_description,,,,,
YaYTDhTFr_0,2015-10-07T15:30:10Z,369744,4095,364,Psittacus_erithacus,Portugal,Birds,casual,descuento,Post-Introduction,eCommerce,eCommerce,2014,2014-06-01T00:00:00Z,title_description,,,,,
ve_UW4u-RHo,2025-05-11T22:00:56Z,1524,47,3,Psittacus_erithacus,Portugal,Birds,casual,mascota,Post-Introduction,eCommerce,eCommerce,2014,2014-06-01T00:00:00Z,title_description,,,,,
7t4r_3k7mzY,2025-05-16T12:00:14Z,1093,32,1,Psittacus_erithacus,Portugal,Birds,casual,mascota,Post-Introduction,eCommerce,eCommerce,2014,2014-06-01T00:00:00Z,title_description,,,,,
oz9VoapIkHM,2025-01-20T19:00:36Z,227971,14214,393,Psittacus_erithacus,Portugal,Birds,casual,adoptes,Post-Introduction,eCommerce,eCommerce,2014,2014-06-01T00:00:00Z,title_description,,,,,
V0aHZf3SzME,2015-04-17T03:24:41Z,226,6,0,Psittacus_erithacus,Portugal,Birds,casual,tienda,Post-Introduction,eCommerce,eCommerce,2014,2014-06-01T00:00:00Z,title_description,,,,,
-fLrXe3cbG4,2023-11-19T17:00:00Z,260,3,0,Psittacus_erithacus,Portugal,Birds,casual,mascota,Post-Introduction,eCommerce,eCommerce,2014,2014-06-01T00:00:00Z,title_description,,,,,
EuYxJg3G1i8,2025-05-14T11:30:24Z,2148,69,3,Psittacus_erithacus,Portugal,Birds,casual,mascota,Post-Introduction,eCommerce,eCommerce,2014,2014-06-01T00:00:00Z,title_description,,,,,
zRj7sn0hkas,2025-05-11T11:30:48Z,2247,59,1,Psittacus_erithacus,Portugal,Birds,casual,mascota,Post-Introduction,eCommerce,eCommerce,2014,2014-06-01T00:00:00Z,title_description,,,,,
v3bsGsHgKuM,2025-05-13T20:00:41Z,1692,25,1,Psittacus_erithacus,Portugal,Birds,casual,mascota,Post-Introduction,eCommerce,eCommerce,2014,2014-06-01T00:00:00Z,title_description,,,,,
0Plw17UNEn0,2012-01-16T17:31:07Z,3841,6,2,Psittacus_erithacus,Portugal,Birds,casual,capturado,Pre-Introduction,Detection,Detection,2014,2014-06-01T00:00:00Z,title_description,,,,,
0Plw17UNEn0,2012-01-16T17:31:07Z,3841,6,2,Psittacus_erithacus,Portugal,Birds,casual,compre,Pre-Introduction,eCommerce,eCommerce,2014,2014-06-01T00:00:00Z,title_description,,,,,
0Plw17UNEn0,2012-01-16T17:31:07Z,3841,6,2,Psittacus_erithacus,Portugal,Birds,casual,tienda,Pre-Introduction,eCommerce,eCommerce,2014,2014-06-01T00:00:00Z,title_description,,,,,
SRidzSSbdHU,2018-08-27T10:42:34Z,106644,2056,,Psittacus_erithacus,Portugal,Birds,casual,mascota,Post-Introduction,eCommerce,eCommerce,2014,2014-06-01T00:00:00Z,title_description,,,,,
KJDtlJBCQpc,2011-07-21T10:31:40Z,74316,272,,Psittacus_erithacus,Portugal,Birds,casual,comprar,Pre-Introduction,eCommerce,eCommerce,2014,2014-06-01T00:00:00Z,title_description,,,,,
R10Qgq9MNgI,2020-04-24T19:11:42Z,8662,264,37,Psittacus_erithacus,Portugal,Birds,casual,tienda,Post-Introduction,eCommerce,eCommerce,2014,2014-06-01T00:00:00Z,title_description,,,,,
WOYJsnkxlAM,2016-09-16T16:35:48Z,7476,38,12,Psittacus_erithacus,Portugal,Birds,casual,venta,Post-Introduction,eCommerce,eCommerce,2014,2014-06-01T00:00:00Z,title_description,,,,,
WOYJsnkxlAM,2016-09-16T16:35:48Z,7476,38,12,Psittacus_erithacus,Portugal,Birds,casual,pajareria,Post-Introduction,eCommerce,eCommerce,2014,2014-06-01T00:00:00Z,title_description,,,,,
JQsj7TpP6T0,2010-12-01T02:41:29Z,27875,29,5,Psittacus_erithacus,Portugal,Birds,casual,jaula,Pre-Introduction,eCommerce,eCommerce,2014,2014-06-01T00:00:00Z,title_description,,,,,
pIEg3vZPxd8,2022-10-17T21:24:44Z,4717,125,0,Psittacus_erithacus,Portugal,Birds,casual,ataca,Post-Introduction,Threat,Threat,2014,2014-06-01T00:00:00Z,title_description,,,,,
sohv2Et0qYU,2022-08-14T17:19:22Z,422,9,4,Psittacus_erithacus,Portugal,Birds,casual,compra,Post-Introduction,eCommerce,eCommerce,2014,2014-06-01T00:00:00Z,title_description,,,,,
Lni-8JM8N1o,2011-06-28T18:44:30Z,232662,939,56,Psittacus_erithacus,Portugal,Birds,casual,jaula,Pre-Introduction,eCommerce,eCommerce,2014,2014-06-01T00:00:00Z,title_description,,,,,
LRVvRk0isuQ,2018-01-30T19:44:24Z,60,4,0,Psittacus_erithacus,Portugal,Birds,casual,costo,Post-Introduction,eCommerce,eCommerce,2014,2014-06-01T00:00:00Z,title_description,,,,,
_EMlRcFmRSk,2011-12-12T15:22:53Z,60,0,0,Psittacus_erithacus,Portugal,Birds,casual,jaula,Pre-Introduction,eCommerce,eCommerce,2014,2014-06-01T00:00:00Z,title_description,,,,,
fQjJXiVlwTk,2025-07-31T11:05:04Z,1152,13,0,Psittacus_erithacus,Portugal,Birds,casual,exotica,Post-Introduction,Invasion,Invasion,2014,2014-06-01T00:00:00Z,title_description,,,,,
sMEMsIUvwUU,2021-08-26T14:23:39Z,2855,30,0,Rapana_venosa,Spain,Non-arthropod invertebrates,uncertain,invasora,Post-Introduction,Invasion,Invasion,2007,2007-03-15T00:00:00Z,title_description,,,,,
uPHLfr8AKpc,2021-07-27T18:25:57Z,186,4,0,Reticulitermes_flavipes,Canary Islands,Insects,alien,control,Post-Introduction,Detection,Detection,2010,2010-06-01T00:00:00Z,title_description,,,,,
sEOvaJkLpv8,2021-05-31T14:00:31Z,1183,33,0,Rugulopteryx_okamurae,Spain,Plants,alien,invasion,Post-Introduction,Invasion,Invasion,2015,2015-06-01T00:00:00Z,title_description,,,,,
sEOvaJkLpv8,2021-05-31T14:00:31Z,1183,33,0,Rugulopteryx_okamurae,Spain,Plants,alien,afectando,Post-Introduction,Invasion,Invasion,2015,2015-06-01T00:00:00Z,title_description,,,,,
oZa_yUbxsRY,2023-08-31T16:00:29Z,1134,67,40,Rugulopteryx_okamurae,Spain,Plants,alien,invasora,Post-Introduction,Invasion,Invasion,2015,2015-06-01T00:00:00Z,title_description,,,,,
oZa_yUbxsRY,2023-08-31T16:00:29Z,1134,67,40,Rugulopteryx_okamurae,Spain,Plants,alien,invasora,Post-Introduction,Invasion,Invasion,2015,2015-06-01T00:00:00Z,title_description,,,,,
7ms1mJknIaw,2025-08-09T14:04:39Z,2521,7,2,Rugulopteryx_okamurae,Spain,Plants,alien,invasora,Post-Introduction,Invasion,Invasion,2015,2015-06-01T00:00:00Z,title_description,,,,,
wckzsUNqQa0,2025-05-18T07:15:12Z,56,2,0,Rugulopteryx_okamurae,Spain,Plants,alien,invasion,Post-Introduction,Invasion,Invasion,2015,2015-06-01T00:00:00Z,title_description,,,,,
po0oPyayV7g,2020-06-21T13:38:17Z,4320,49,18,Rugulopteryx_okamurae,Spain,Plants,alien,invasora,Post-Introduction,Invasion,Invasion,2015,2015-06-01T00:00:00Z,title_description,,,,,
po0oPyayV7g,2020-06-21T13:38:17Z,4320,49,18,Rugulopteryx_okamurae,Spain,Plants,alien,amenaza,Post-Introduction,Threat,Threat,2015,2015-06-01T00:00:00Z,title_description,,,,,
po0oPyayV7g,2020-06-21T13:38:17Z,4320,49,18,Rugulopteryx_okamurae,Spain,Plants,alien,captura,Post-Introduction,Detection,Detection,2015,2015-06-01T00:00:00Z,title_description,,,,,
oTpRxDBcTVk,2024-09-12T14:40:05Z,1147,29,1,Rugulopteryx_okamurae,Spain,Plants,alien,invasora,Post-Introduction,Invasion,Invasion,2015,2015-06-01T00:00:00Z,title_description,,,,,
rSqr7Cph8Y0,2019-07-31T18:59:19Z,323,2,2,Rugulopteryx_okamurae,Spain,Plants,alien,invasora,Post-Introduction,Invasion,Invasion,2015,2015-06-01T00:00:00Z,title_description,,,,,
rSqr7Cph8Y0,2019-07-31T18:59:19Z,323,2,2,Rugulopteryx_okamurae,Spain,Plants,alien,invasion,Post-Introduction,Invasion,Invasion,2015,2015-06-01T00:00:00Z,title_description,,,,,
Shq1KrxFc_E,2025-07-30T11:30:17Z,27,0,0,Rugulopteryx_okamurae,Spain,Plants,alien,invade,Post-Introduction,Invasion,Invasion,2015,2015-06-01T00:00:00Z,title_description,,,,,
Shq1KrxFc_E,2025-07-30T11:30:17Z,27,0,0,Rugulopteryx_okamurae,Spain,Plants,alien,invade,Post-Introduction,Invasion,Invasion,2015,2015-06-01T00:00:00Z,title_description,,,,,
O8Lli3uiOxU,2025-07-29T12:04:43Z,708,2,0,Rugulopteryx_okamurae,Spain,Plants,alien,invade,Post-Introduction,Invasion,Invasion,2015,2015-06-01T00:00:00Z,title_description,,,,,
O8Lli3uiOxU,2025-07-29T12:04:43Z,708,2,0,Rugulopteryx_okamurae,Spain,Plants,alien,invade,Post-Introduction,Invasion,Invasion,2015,2015-06-01T00:00:00Z,title_description,,,,,
7SIk7nuy2n0,2023-09-01T12:22:40Z,24,1,0,Rugulopteryx_okamurae,Spain,Plants,alien,expansion,Post-Introduction,Invasion,Invasion,2015,2015-06-01T00:00:00Z,title_description,,,,,
7qrRSIQnBCc,2019-09-17T15:52:32Z,1013,3,0,Rugulopteryx_okamurae,Spain,Plants,alien,invasora,Post-Introduction,Invasion,Invasion,2015,2015-06-01T00:00:00Z,title_description,,,,,
qnfcgSVktu4,2024-09-05T10:00:53Z,2166,84,2,Rugulopteryx_okamurae,Spain,Plants,alien,alerta,Post-Introduction,Detection,Detection,2015,2015-06-01T00:00:00Z,title_description,,,,,
qnfcgSVktu4,2024-09-05T10:00:53Z,2166,84,2,Rugulopteryx_okamurae,Spain,Plants,alien,invasora,Post-Introduction,Invasion,Invasion,2015,2015-06-01T00:00:00Z,title_description,,,,,
qnfcgSVktu4,2024-09-05T10:00:53Z,2166,84,2,Rugulopteryx_okamurae,Spain,Plants,alien,amenaza,Post-Introduction,Threat,Threat,2015,2015-06-01T00:00:00Z,title_description,,,,,
yG6531ZXd6s,2020-07-03T13:10:20Z,26,0,,Rugulopteryx_okamurae,Spain,Plants,alien,invasora,Post-Introduction,Invasion,Invasion,2015,2015-06-01T00:00:00Z,title_description,,,,,
yG6531ZXd6s,2020-07-03T13:10:20Z,26,0,,Rugulopteryx_okamurae,Spain,Plants,alien,visto,Post-Introduction,Detection,Detection,2015,2015-06-01T00:00:00Z,title_description,,,,,
yG6531ZXd6s,2020-07-03T13:10:20Z,26,0,,Rugulopteryx_okamurae,Spain,Plants,alien,invade,Post-Introduction,Invasion,Invasion,2015,2015-06-01T00:00:00Z,title_description,,,,,
Z7P8mPXSQGY,2025-06-05T11:47:29Z,314,3,0,Rugulopteryx_okamurae,Spain,Plants,alien,invade,Post-Introduction,Invasion,Invasion,2015,2015-06-01T00:00:00Z,title_description,,,,,
Z7P8mPXSQGY,2025-06-05T11:47:29Z,314,3,0,Rugulopteryx_okamurae,Spain,Plants,alien,invasion,Post-Introduction,Invasion,Invasion,2015,2015-06-01T00:00:00Z,title_description,,,,,
mao9iAlqHxg,2020-02-03T11:01:07Z,1748,27,,Rugulopteryx_okamurae,Spain,Plants,alien,invasora,Post-Introduction,Invasion,Invasion,2015,2015-06-01T00:00:00Z,title_description,,,,,
0ktsEYweINg,2024-04-28T05:30:00Z,322,,,Rugulopteryx_okamurae,Spain,Plants,alien,invasora,Post-Introduction,Invasion,Invasion,2015,2015-06-01T00:00:00Z,title_description,,,,,
0ktsEYweINg,2024-04-28T05:30:00Z,322,,,Rugulopteryx_okamurae,Spain,Plants,alien,invasora,Post-Introduction,Invasion,Invasion,2015,2015-06-01T00:00:00Z,title_description,,,,,
QbM_iMdDOoU,2025-08-08T13:50:52Z,2775,31,10,Rugulopteryx_okamurae,Spain,Plants,alien,invasora,Post-Introduction,Invasion,Invasion,2015,2015-06-01T00:00:00Z,title_description,,,,,
qe0WL6806gE,2025-06-11T12:28:38Z,25,0,1,Rugulopteryx_okamurae,Spain,Plants,alien,invasora,Post-Introduction,Invasion,Invasion,2015,2015-06-01T00:00:00Z,title_description,,,,,
Gt8wiQr8HlQ,2020-06-24T12:34:11Z,10,0,,Rugulopteryx_okamurae,Spain,Plants,alien,invasora,Post-Introduction,Invasion,Invasion,2015,2015-06-01T00:00:00Z,title_description,,,,,
Gt8wiQr8HlQ,2020-06-24T12:34:11Z,10,0,,Rugulopteryx_okamurae,Spain,Plants,alien,invasora,Post-Introduction,Invasion,Invasion,2015,2015-06-01T00:00:00Z,title_description,,,,,
3HyFv78-Rl0,2019-09-06T12:07:00Z,35,0,,Rugulopteryx_okamurae,Spain,Plants,alien,exotica,Post-Introduction,Invasion,Invasion,2015,2015-06-01T00:00:00Z,title_description,,,,,
3HyFv78-Rl0,2019-09-06T12:07:00Z,35,0,,Rugulopteryx_okamurae,Spain,Plants,alien,invasora,Post-Introduction,Invasion,Invasion,2015,2015-06-01T00:00:00Z,title_description,,,,,
-bymTGm-sEo,2019-09-20T12:17:58Z,18,0,,Rugulopteryx_okamurae,Spain,Plants,alien,invasora,Post-Introduction,Invasion,Invasion,2015,2015-06-01T00:00:00Z,title_description,,,,,
WY_IxuwpW1A,2024-08-04T10:00:28Z,14662,423,74,Rugulopteryx_okamurae,Spain,Plants,alien,alerta,Post-Introduction,Detection,Detection,2015,2015-06-01T00:00:00Z,title_description,,,,,
WY_IxuwpW1A,2024-08-04T10:00:28Z,14662,423,74,Rugulopteryx_okamurae,Spain,Plants,alien,invasora,Post-Introduction,Invasion,Invasion,2015,2015-06-01T00:00:00Z,title_description,,,,,
WY_IxuwpW1A,2024-08-04T10:00:28Z,14662,423,74,Rugulopteryx_okamurae,Spain,Plants,alien,invade,Post-Introduction,Invasion,Invasion,2015,2015-06-01T00:00:00Z,title_description,,,,,
WY_IxuwpW1A,2024-08-04T10:00:28Z,14662,423,74,Rugulopteryx_okamurae,Spain,Plants,alien,amenaza,Post-Introduction,Threat,Threat,2015,2015-06-01T00:00:00Z,title_description,,,,,
ZN8YyKhoLwc,2020-12-06T06:40:21Z,81,0,0,Rugulopteryx_okamurae,Spain,Plants,alien,invasora,Post-Introduction,Invasion,Invasion,2015,2015-06-01T00:00:00Z,title_description,,,,,
RKuaJSa0Omw,2021-04-13T10:42:52Z,24,0,,Rugulopteryx_okamurae,Spain,Plants,alien,invasion,Post-Introduction,Invasion,Invasion,2015,2015-06-01T00:00:00Z,title_description,,,,,
RKuaJSa0Omw,2021-04-13T10:42:52Z,24,0,,Rugulopteryx_okamurae,Spain,Plants,alien,invasion,Post-Introduction,Invasion,Invasion,2015,2015-06-01T00:00:00Z,title_description,,,,,
vZFblsxFkGE,2025-07-26T10:06:12Z,393,3,0,Rugulopteryx_okamurae,Spain,Plants,alien,invasion,Post-Introduction,Invasion,Invasion,2015,2015-06-01T00:00:00Z,title_description,,,,,
KUWZx5_n7Vg,2025-07-28T16:30:40Z,816,2,0,Rugulopteryx_okamurae,Spain,Plants,alien,alerta,Post-Introduction,Detection,Detection,2015,2015-06-01T00:00:00Z,title_description,,,,,
KUWZx5_n7Vg,2025-07-28T16:30:40Z,816,2,0,Rugulopteryx_okamurae,Spain,Plants,alien,invade,Post-Introduction,Invasion,Invasion,2015,2015-06-01T00:00:00Z,title_description,,,,,
KUWZx5_n7Vg,2025-07-28T16:30:40Z,816,2,0,Rugulopteryx_okamurae,Spain,Plants,alien,amenaza,Post-Introduction,Threat,Threat,2015,2015-06-01T00:00:00Z,title_description,,,,,
zXEjZUzniS0,2023-10-24T14:29:11Z,113,1,0,Rugulopteryx_okamurae,Spain,Plants,alien,invasora,Post-Introduction,Invasion,Invasion,2015,2015-06-01T00:00:00Z,title_description,,,,,
0kuWXgC2ENU,2025-08-10T14:00:01Z,2230,42,3,Rugulopteryx_okamurae,Spain,Plants,alien,invasora,Post-Introduction,Invasion,Invasion,2015,2015-06-01T00:00:00Z,title_description,,,,,
0kuWXgC2ENU,2025-08-10T14:00:01Z,2230,42,3,Rugulopteryx_okamurae,Spain,Plants,alien,euros,Post-Introduction,eCommerce,eCommerce,2015,2015-06-01T00:00:00Z,title_description,,,,,
0kuWXgC2ENU,2025-08-10T14:00:01Z,2230,42,3,Rugulopteryx_okamurae,Spain,Plants,alien,colonizacion,Post-Introduction,Invasion,Invasion,2015,2015-06-01T00:00:00Z,title_description,,,,,
A8xU-u9JisU,2021-07-30T16:57:11Z,135,1,0,Rugulopteryx_okamurae,Spain,Plants,alien,invasora,Post-Introduction,Invasion,Invasion,2015,2015-06-01T00:00:00Z,title_description,,,,,
A8xU-u9JisU,2021-07-30T16:57:11Z,135,1,0,Rugulopteryx_okamurae,Spain,Plants,alien,invasora,Post-Introduction,Invasion,Invasion,2015,2015-06-01T00:00:00Z,title_description,,,,,
SfUE1GDggLk,2019-09-05T12:26:56Z,9,0,,Rugulopteryx_okamurae,Spain,Plants,alien,invasora,Post-Introduction,Invasion,Invasion,2015,2015-06-01T00:00:00Z,title_description,,,,,
U4J8oEBhRHE,2019-06-14T14:08:22Z,1260,5,0,Rugulopteryx_okamurae,Spain,Plants,alien,invasora,Post-Introduction,Invasion,Invasion,2015,2015-06-01T00:00:00Z,title_description,,,,,
U4J8oEBhRHE,2019-06-14T14:08:22Z,1260,5,0,Rugulopteryx_okamurae,Spain,Plants,alien,invasion,Post-Introduction,Invasion,Invasion,2015,2015-06-01T00:00:00Z,title_description,,,,,
lbrE-0xafok,2019-10-10T09:42:40Z,1501,20,,Rugulopteryx_okamurae,Spain,Plants,alien,invasoras,Post-Introduction,Invasion,Invasion,2015,2015-06-01T00:00:00Z,title_description,,,,,
lbrE-0xafok,2019-10-10T09:42:40Z,1501,20,,Rugulopteryx_okamurae,Spain,Plants,alien,proliferacion,Post-Introduction,Invasion,Invasion,2015,2015-06-01T00:00:00Z,title_description,,,,,
qPCwT4VwGnE,2021-05-04T09:44:07Z,7,0,,Rugulopteryx_okamurae,Spain,Plants,alien,proliferacion,Post-Introduction,Invasion,Invasion,2015,2015-06-01T00:00:00Z,title_description,,,,,
YBY91aSFA74,2019-07-22T12:54:29Z,13,0,,Rugulopteryx_okamurae,Spain,Plants,alien,invasora,Post-Introduction,Invasion,Invasion,2015,2015-06-01T00:00:00Z,title_description,,,,,
aktr5on5aio,2021-04-22T11:37:13Z,11,0,,Rugulopteryx_okamurae,Spain,Plants,alien,amenaza,Post-Introduction,Threat,Threat,2015,2015-06-01T00:00:00Z,title_description,,,,,
HuDvbVX61gA,2023-11-02T08:43:52Z,414,11,0,Rugulopteryx_okamurae,Spain,Plants,alien,invasora,Post-Introduction,Invasion,Invasion,2015,2015-06-01T00:00:00Z,title_description,,,,,
jxUWodoIlXk,2020-07-27T09:31:04Z,253,14,0,Rugulopteryx_okamurae,Spain,Plants,alien,invasion,Post-Introduction,Invasion,Invasion,2015,2015-06-01T00:00:00Z,title_description,,,,,
jxUWodoIlXk,2020-07-27T09:31:04Z,253,14,0,Rugulopteryx_okamurae,Spain,Plants,alien,invasion,Post-Introduction,Invasion,Invasion,2015,2015-06-01T00:00:00Z,title_description,,,,,
eqxAlluZM78,2019-09-17T16:31:50Z,19,0,0,Rugulopteryx_okamurae,Spain,Plants,alien,visto,Post-Introduction,Detection,Detection,2015,2015-06-01T00:00:00Z,title_description,,,,,
eqxAlluZM78,2019-09-17T16:31:50Z,19,0,0,Rugulopteryx_okamurae,Spain,Plants,alien,capturas,Post-Introduction,Detection,Detection,2015,2015-06-01T00:00:00Z,title_description,,,,,
Eiziw7KsqQE,2021-04-08T12:11:17Z,16,0,,Rugulopteryx_okamurae,Spain,Plants,alien,euros,Post-Introduction,eCommerce,eCommerce,2015,2015-06-01T00:00:00Z,title_description,,,,,
4aZ4eanqoxI,2024-09-10T10:00:04Z,1938,83,0,Rugulopteryx_okamurae,Spain,Plants,alien,invasora,Post-Introduction,Invasion,Invasion,2015,2015-06-01T00:00:00Z,title_description,,,,,
4aZ4eanqoxI,2024-09-10T10:00:04Z,1938,83,0,Rugulopteryx_okamurae,Spain,Plants,alien,amenaza,Post-Introduction,Threat,Threat,2015,2015-06-01T00:00:00Z,title_description,,,,,
rtal6VvFLCM,2024-09-06T10:01:02Z,4106,127,7,Rugulopteryx_okamurae,Spain,Plants,alien,invasora,Post-Introduction,Invasion,Invasion,2015,2015-06-01T00:00:00Z,title_description,,,,,
rtal6VvFLCM,2024-09-06T10:01:02Z,4106,127,7,Rugulopteryx_okamurae,Spain,Plants,alien,amenaza,Post-Introduction,Threat,Threat,2015,2015-06-01T00:00:00Z,title_description,,,,,
pRLfhWW6NPw,2021-06-14T11:00:17Z,8231,41,,Rugulopteryx_okamurae,Spain,Plants,alien,peligro,Post-Introduction,Threat,Threat,2015,2015-06-01T00:00:00Z,title_description,,,,,
mEeIh6tNWpU,2021-04-29T12:23:24Z,5,0,,Rugulopteryx_okamurae,Spain,Plants,alien,proliferacion,Post-Introduction,Invasion,Invasion,2015,2015-06-01T00:00:00Z,title_description,,,,,
7cUogd7khVM,2024-09-11T10:00:06Z,1494,44,3,Rugulopteryx_okamurae,Spain,Plants,alien,invasora,Post-Introduction,Invasion,Invasion,2015,2015-06-01T00:00:00Z,title_description,,,,,
7cUogd7khVM,2024-09-11T10:00:06Z,1494,44,3,Rugulopteryx_okamurae,Spain,Plants,alien,amenaza,Post-Introduction,Threat,Threat,2015,2015-06-01T00:00:00Z,title_description,,,,,
FJtRqdjCub0,2022-06-08T10:22:47Z,6,0,,Rugulopteryx_okamurae,Spain,Plants,alien,invasora,Post-Introduction,Invasion,Invasion,2015,2015-06-01T00:00:00Z,title_description,,,,,
FJtRqdjCub0,2022-06-08T10:22:47Z,6,0,,Rugulopteryx_okamurae,Spain,Plants,alien,invasora,Post-Introduction,Invasion,Invasion,2015,2015-06-01T00:00:00Z,title_description,,,,,
yRPRZJ5_3TU,2021-07-06T12:21:50Z,21,0,,Rugulopteryx_okamurae,Spain,Plants,alien,invasora,Post-Introduction,Invasion,Invasion,2015,2015-06-01T00:00:00Z,title_description,,,,,
QxulW77G_B8,2024-09-04T10:00:22Z,1474,82,1,Rugulopteryx_okamurae,Spain,Plants,alien,alerta,Post-Introduction,Detection,Detection,2015,2015-06-01T00:00:00Z,title_description,,,,,
QxulW77G_B8,2024-09-04T10:00:22Z,1474,82,1,Rugulopteryx_okamurae,Spain,Plants,alien,invasora,Post-Introduction,Invasion,Invasion,2015,2015-06-01T00:00:00Z,title_description,,,,,
QxulW77G_B8,2024-09-04T10:00:22Z,1474,82,1,Rugulopteryx_okamurae,Spain,Plants,alien,amenaza,Post-Introduction,Threat,Threat,2015,2015-06-01T00:00:00Z,title_description,,,,,
Ar0Wme-EiYc,2024-09-07T10:00:18Z,18133,231,4,Rugulopteryx_okamurae,Spain,Plants,alien,invasora,Post-Introduction,Invasion,Invasion,2015,2015-06-01T00:00:00Z,title_description,,,,,
Ar0Wme-EiYc,2024-09-07T10:00:18Z,18133,231,4,Rugulopteryx_okamurae,Spain,Plants,alien,amenaza,Post-Introduction,Threat,Threat,2015,2015-06-01T00:00:00Z,title_description,,,,,
gpbAmfYv-0w,2025-07-26T12:50:34Z,1,0,0,Rugulopteryx_okamurae,Spain,Plants,alien,invasora,Post-Introduction,Invasion,Invasion,2015,2015-06-01T00:00:00Z,title_description,,,,,
JfGt1Z3ipzQ,2024-11-06T11:12:52Z,103,1,0,Rugulopteryx_okamurae,Spain,Plants,alien,invasora,Post-Introduction,Invasion,Invasion,2015,2015-06-01T00:00:00Z,title_description,,,,,
JfGt1Z3ipzQ,2024-11-06T11:12:52Z,103,1,0,Rugulopteryx_okamurae,Spain,Plants,alien,invasion,Post-Introduction,Invasion,Invasion,2015,2015-06-01T00:00:00Z,title_description,,,,,
zXeNfpMuQ-w,2021-04-29T12:12:10Z,57,2,0,Rugulopteryx_okamurae,Spain,Plants,alien,invasora,Post-Introduction,Invasion,Invasion,2015,2015-06-01T00:00:00Z,title_description,,,,,
zXeNfpMuQ-w,2021-04-29T12:12:10Z,57,2,0,Rugulopteryx_okamurae,Spain,Plants,alien,vector,Post-Introduction,Threat,Threat,2015,2015-06-01T00:00:00Z,title_description,,,,,
zXeNfpMuQ-w,2021-04-29T12:12:10Z,57,2,0,Rugulopteryx_okamurae,Spain,Plants,alien,invasora,Post-Introduction,Invasion,Invasion,2015,2015-06-01T00:00:00Z,title_description,,,,,
Kv6UIGkNt5c,2024-01-12T17:00:13Z,80,10,8,Rugulopteryx_okamurae,Spain,Plants,alien,amenaza,Post-Introduction,Threat,Threat,2015,2015-06-01T00:00:00Z,title_description,,,,,
Kv6UIGkNt5c,2024-01-12T17:00:13Z,80,10,8,Rugulopteryx_okamurae,Spain,Plants,alien,amenaza,Post-Introduction,Threat,Threat,2015,2015-06-01T00:00:00Z,title_description,,,,,
Kv6UIGkNt5c,2024-01-12T17:00:13Z,80,10,8,Rugulopteryx_okamurae,Spain,Plants,alien,amenaza,Post-Introduction,Threat,Threat,2015,2015-06-01T00:00:00Z,title_description,,,,,
J7YlnHQzu_A,2025-08-11T15:37:16Z,1621,35,14,Rugulopteryx_okamurae,Spain,Plants,alien,invasoras,Post-Introduction,Invasion,Invasion,2015,2015-06-01T00:00:00Z,title_description,,,,,
J7YlnHQzu_A,2025-08-11T15:37:16Z,1621,35,14,Rugulopteryx_okamurae,Spain,Plants,alien,invasora,Post-Introduction,Invasion,Invasion,2015,2015-06-01T00:00:00Z,title_description,,,,,
cqDuk55vT5w,2024-09-12T11:29:08Z,1063,2,0,Rugulopteryx_okamurae,Spain,Plants,alien,invasora,Post-Introduction,Invasion,Invasion,2015,2015-06-01T00:00:00Z,title_description,,,,,
cqDuk55vT5w,2024-09-12T11:29:08Z,1063,2,0,Rugulopteryx_okamurae,Spain,Plants,alien,invasora,Post-Introduction,Invasion,Invasion,2015,2015-06-01T00:00:00Z,title_description,,,,,
h5WZL72C34Y,2021-05-27T14:09:04Z,21,0,0,Rugulopteryx_okamurae,Spain,Plants,alien,invasora,Post-Introduction,Invasion,Invasion,2015,2015-06-01T00:00:00Z,title_description,,,,,
RfpSq1ct8zU,2025-07-16T14:41:41Z,93,1,0,Rugulopteryx_okamurae,Spain,Plants,alien,invasora,Post-Introduction,Invasion,Invasion,2015,2015-06-01T00:00:00Z,title_description,,,,,
ANdDqCA46Lg,2020-01-21T11:56:27Z,42,0,0,Rugulopteryx_okamurae,Spain,Plants,alien,invasora,Post-Introduction,Invasion,Invasion,2015,2015-06-01T00:00:00Z,title_description,,,,,
ANdDqCA46Lg,2020-01-21T11:56:27Z,42,0,0,Rugulopteryx_okamurae,Spain,Plants,alien,invasora,Post-Introduction,Invasion,Invasion,2015,2015-06-01T00:00:00Z,title_description,,,,,
ANdDqCA46Lg,2020-01-21T11:56:27Z,42,0,0,Rugulopteryx_okamurae,Spain,Plants,alien,competencia,Post-Introduction,Threat,Threat,2015,2015-06-01T00:00:00Z,title_description,,,,,
bN2JWJVoTi8,2019-10-30T19:38:34Z,30,0,0,Rugulopteryx_okamurae,Spain,Plants,alien,invasora,Post-Introduction,Invasion,Invasion,2015,2015-06-01T00:00:00Z,title_description,,,,,
2MFXlCqWCLI,2019-06-21T07:26:30Z,372,4,0,Rugulopteryx_okamurae,Spain,Plants,alien,invasora,Post-Introduction,Invasion,Invasion,2015,2015-06-01T00:00:00Z,title_description,,,,,
1dCHTtNl3XQ,2019-10-30T19:39:59Z,16,0,0,Rugulopteryx_okamurae,Spain,Plants,alien,invasora,Post-Introduction,Invasion,Invasion,2015,2015-06-01T00:00:00Z,title_description,,,,,
1d-OKX3wnmM,2019-10-30T19:42:59Z,36,0,0,Rugulopteryx_okamurae,Spain,Plants,alien,invasora,Post-Introduction,Invasion,Invasion,2015,2015-06-01T00:00:00Z,title_description,,,,,
Jp2f6x28Lu0,2019-10-30T19:36:17Z,55,0,0,Rugulopteryx_okamurae,Spain,Plants,alien,invasora,Post-Introduction,Invasion,Invasion,2015,2015-06-01T00:00:00Z,title_description,,,,,
bT3FujhNdho,2019-10-30T19:45:03Z,32,0,0,Rugulopteryx_okamurae,Spain,Plants,alien,invasora,Post-Introduction,Invasion,Invasion,2015,2015-06-01T00:00:00Z,title_description,,,,,
0Jyo_wpJZYc,2019-09-16T19:27:32Z,31,0,0,Rugulopteryx_okamurae,Spain,Plants,alien,invasora,Post-Introduction,Invasion,Invasion,2015,2015-06-01T00:00:00Z,title_description,,,,,
JACMNkYHmic,2023-07-18T16:40:58Z,1014,15,2,Rugulopteryx_okamurae,Spain,Plants,alien,invasion,Post-Introduction,Invasion,Invasion,2015,2015-06-01T00:00:00Z,title_description,,,,,
rzcUxWxl9S4,2019-11-04T11:00:07Z,897,,,Rugulopteryx_okamurae,Spain,Plants,alien,invasora,Post-Introduction,Invasion,Invasion,2015,2015-06-01T00:00:00Z,title_description,,,,,
rzcUxWxl9S4,2019-11-04T11:00:07Z,897,,,Rugulopteryx_okamurae,Spain,Plants,alien,invasora,Post-Introduction,Invasion,Invasion,2015,2015-06-01T00:00:00Z,title_description,,,,,
qGn3DB4EJgg,2021-06-20T12:00:21Z,519,9,0,Rugulopteryx_okamurae,Spain,Plants,alien,invasion,Post-Introduction,Invasion,Invasion,2015,2015-06-01T00:00:00Z,title_description,,,,,
qGn3DB4EJgg,2021-06-20T12:00:21Z,519,9,0,Rugulopteryx_okamurae,Spain,Plants,alien,invasion,Post-Introduction,Invasion,Invasion,2015,2015-06-01T00:00:00Z,title_description,,,,,
g9JQBNlVZiw,2022-06-24T12:17:34Z,132,1,0,Rugulopteryx_okamurae,Spain,Plants,alien,invasoras,Post-Introduction,Invasion,Invasion,2015,2015-06-01T00:00:00Z,title_description,,,,,
lbbXkweyvz0,2025-06-15T16:20:32Z,216,2,1,Rugulopteryx_okamurae,Spain,Plants,alien,invasion,Post-Introduction,Invasion,Invasion,2015,2015-06-01T00:00:00Z,title_description,,,,,
lbbXkweyvz0,2025-06-15T16:20:32Z,216,2,1,Rugulopteryx_okamurae,Spain,Plants,alien,invasora,Post-Introduction,Invasion,Invasion,2015,2015-06-01T00:00:00Z,title_description,,,,,
x647Jo_MfoI,2019-11-26T08:27:11Z,6098,82,,Rugulopteryx_okamurae,Spain,Plants,alien,invasoras,Post-Introduction,Invasion,Invasion,2015,2015-06-01T00:00:00Z,title_description,,,,,
IBQ4ehvk2Jg,2023-07-19T21:36:02Z,5773,50,6,Rugulopteryx_okamurae,Spain,Plants,alien,invasion,Post-Introduction,Invasion,Invasion,2015,2015-06-01T00:00:00Z,title_description,,,,,
eA4zL5v5DUM,2024-06-11T12:32:52Z,199,1,0,Rugulopteryx_okamurae,Spain,Plants,alien,expansion,Post-Introduction,Invasion,Invasion,2015,2015-06-01T00:00:00Z,title_description,,,,,
eA4zL5v5DUM,2024-06-11T12:32:52Z,199,1,0,Rugulopteryx_okamurae,Spain,Plants,alien,afectando,Post-Introduction,Invasion,Invasion,2015,2015-06-01T00:00:00Z,title_description,,,,,
39qmezbJ2aw,2024-05-13T11:14:28Z,35,0,0,Rugulopteryx_okamurae,Spain,Plants,alien,invasoras,Post-Introduction,Invasion,Invasion,2015,2015-06-01T00:00:00Z,title_description,,,,,
GWDT7hWvPwQ,2025-02-07T18:36:22Z,356,22,,Rugulopteryx_okamurae,Spain,Plants,alien,invasora,Post-Introduction,Invasion,Invasion,2015,2015-06-01T00:00:00Z,title_description,,,,,
WRkv5Qwei1E,2024-11-17T09:07:39Z,78,1,0,Rugulopteryx_okamurae,Spain,Plants,alien,invasoras,Post-Introduction,Invasion,Invasion,2015,2015-06-01T00:00:00Z,title_description,,,,,
ll4KOOJI-Tc,2025-08-16T19:26:23Z,2,0,0,Rugulopteryx_okamurae,Spain,Plants,alien,invasoras,Post-Introduction,Invasion,Invasion,2015,2015-06-01T00:00:00Z,title_description,,,,,
-heCRkxXS44,2025-07-18T11:30:21Z,55,1,0,Rugulopteryx_okamurae,Spain,Plants,alien,proliferacion,Post-Introduction,Invasion,Invasion,2015,2015-06-01T00:00:00Z,title_description,,,,,
8G3m25J_-VE,2025-08-08T17:15:32Z,658,6,0,Rugulopteryx_okamurae,Spain,Plants,alien,invasora,Post-Introduction,Invasion,Invasion,2015,2015-06-01T00:00:00Z,title_description,,,,,
8G3m25J_-VE,2025-08-08T17:15:32Z,658,6,0,Rugulopteryx_okamurae,Spain,Plants,alien,invasora,Post-Introduction,Invasion,Invasion,2015,2015-06-01T00:00:00Z,title_description,,,,,
Do-k9FdE89o,2023-09-29T06:27:46Z,3521,33,6,Rugulopteryx_okamurae,Spain,Plants,alien,invasora,Post-Introduction,Invasion,Invasion,2015,2015-06-01T00:00:00Z,title_description,,,,,
Do-k9FdE89o,2023-09-29T06:27:46Z,3521,33,6,Rugulopteryx_okamurae,Spain,Plants,alien,exotica,Post-Introduction,Invasion,Invasion,2015,2015-06-01T00:00:00Z,title_description,,,,,
Do-k9FdE89o,2023-09-29T06:27:46Z,3521,33,6,Rugulopteryx_okamurae,Spain,Plants,alien,invasora,Post-Introduction,Invasion,Invasion,2015,2015-06-01T00:00:00Z,title_description,,,,,
CZBxY8cW1b0,2024-02-06T10:25:44Z,194,0,0,Rugulopteryx_okamurae,Spain,Plants,alien,invasora,Post-Introduction,Invasion,Invasion,2015,2015-06-01T00:00:00Z,title_description,,,,,
aUSTZzoOh2E,2025-02-16T08:11:42Z,81,0,0,Rugulopteryx_okamurae,Spain,Plants,alien,invasoras,Post-Introduction,Invasion,Invasion,2015,2015-06-01T00:00:00Z,title_description,,,,,
aUSTZzoOh2E,2025-02-16T08:11:42Z,81,0,0,Rugulopteryx_okamurae,Spain,Plants,alien,invasoras,Post-Introduction,Invasion,Invasion,2015,2015-06-01T00:00:00Z,title_description,,,,,
J9RxUrIYddQ,2025-04-02T17:11:21Z,36,0,0,Rugulopteryx_okamurae,Spain,Plants,alien,control,Post-Introduction,Detection,Detection,2015,2015-06-01T00:00:00Z,title_description,,,,,
J9RxUrIYddQ,2025-04-02T17:11:21Z,36,0,0,Rugulopteryx_okamurae,Spain,Plants,alien,control,Post-Introduction,Detection,Detection,2015,2015-06-01T00:00:00Z,title_description,,,,,
b3mT5JdqYrg,2021-11-05T10:30:17Z,111,2,,Rugulopteryx_okamurae,Spain,Plants,alien,invasora,Post-Introduction,Invasion,Invasion,2015,2015-06-01T00:00:00Z,title_description,,,,,
b3mT5JdqYrg,2021-11-05T10:30:17Z,111,2,,Rugulopteryx_okamurae,Spain,Plants,alien,invasora,Post-Introduction,Invasion,Invasion,2015,2015-06-01T00:00:00Z,title_description,,,,,
cTWzG1EFEZs,2025-03-22T12:50:25Z,89,6,0,Rugulopteryx_okamurae,Spain,Plants,alien,invasora,Post-Introduction,Invasion,Invasion,2015,2015-06-01T00:00:00Z,title_description,,,,,
unHrZaQJCJc,2025-04-02T18:23:27Z,99,0,0,Rugulopteryx_okamurae,Spain,Plants,alien,control,Post-Introduction,Detection,Detection,2015,2015-06-01T00:00:00Z,title_description,,,,,
unHrZaQJCJc,2025-04-02T18:23:27Z,99,0,0,Rugulopteryx_okamurae,Spain,Plants,alien,control,Post-Introduction,Detection,Detection,2015,2015-06-01T00:00:00Z,title_description,,,,,
unHrZaQJCJc,2025-04-02T18:23:27Z,99,0,0,Rugulopteryx_okamurae,Spain,Plants,alien,control,Post-Introduction,Detection,Detection,2015,2015-06-01T00:00:00Z,title_description,,,,,
1fUYpITmLHM,2020-06-25T12:13:38Z,97,2,,Rugulopteryx_okamurae,Spain,Plants,alien,invasora,Post-Introduction,Invasion,Invasion,2015,2015-06-01T00:00:00Z,title_description,,,,,
1RiPUgXrR9k,2020-12-01T13:47:29Z,116,0,,Rugulopteryx_okamurae,Spain,Plants,alien,invasora,Post-Introduction,Invasion,Invasion,2015,2015-06-01T00:00:00Z,title_description,,,,,
Kp95pPz0AWM,2021-04-12T14:02:28Z,849,1,,Rugulopteryx_okamurae,Spain,Plants,alien,invasora,Post-Introduction,Invasion,Invasion,2015,2015-06-01T00:00:00Z,title_description,,,,,
Kp95pPz0AWM,2021-04-12T14:02:28Z,849,1,,Rugulopteryx_okamurae,Spain,Plants,alien,detectada,Post-Introduction,Detection,Detection,2015,2015-06-01T00:00:00Z,title_description,,,,,
Kp95pPz0AWM,2021-04-12T14:02:28Z,849,1,,Rugulopteryx_okamurae,Spain,Plants,alien,amenaza,Post-Introduction,Threat,Threat,2015,2015-06-01T00:00:00Z,title_description,,,,,
1fFastMpjhc,2022-02-28T21:07:11Z,215,5,0,Rugulopteryx_okamurae,Spain,Plants,alien,invasora,Post-Introduction,Invasion,Invasion,2015,2015-06-01T00:00:00Z,title_description,,,,,
gkUQub5ygzk,2023-01-25T09:26:20Z,74,0,0,Rugulopteryx_okamurae,Spain,Plants,alien,monitoreo,Post-Introduction,Detection,Detection,2015,2015-06-01T00:00:00Z,title_description,,,,,
gkUQub5ygzk,2023-01-25T09:26:20Z,74,0,0,Rugulopteryx_okamurae,Spain,Plants,alien,oferta,Post-Introduction,eCommerce,eCommerce,2015,2015-06-01T00:00:00Z,title_description,,,,,
gn6llI3y2N8,2025-04-02T18:24:02Z,179,2,0,Rugulopteryx_okamurae,Spain,Plants,alien,control,Post-Introduction,Detection,Detection,2015,2015-06-01T00:00:00Z,title_description,,,,,
gn6llI3y2N8,2025-04-02T18:24:02Z,179,2,0,Rugulopteryx_okamurae,Spain,Plants,alien,control,Post-Introduction,Detection,Detection,2015,2015-06-01T00:00:00Z,title_description,,,,,
-u3l1e9NLjQ,2024-07-30T21:37:57Z,55,1,0,Rugulopteryx_okamurae,Spain,Plants,alien,ataca,Post-Introduction,Threat,Threat,2015,2015-06-01T00:00:00Z,title_description,,,,,
-u3l1e9NLjQ,2024-07-30T21:37:57Z,55,1,0,Rugulopteryx_okamurae,Spain,Plants,alien,ataca,Post-Introduction,Threat,Threat,2015,2015-06-01T00:00:00Z,title_description,,,,,
1-oZxbec8_8,2025-04-02T18:31:52Z,63,0,0,Rugulopteryx_okamurae,Spain,Plants,alien,control,Post-Introduction,Detection,Detection,2015,2015-06-01T00:00:00Z,title_description,,,,,
1-oZxbec8_8,2025-04-02T18:31:52Z,63,0,0,Rugulopteryx_okamurae,Spain,Plants,alien,control,Post-Introduction,Detection,Detection,2015,2015-06-01T00:00:00Z,title_description,,,,,
IRkLEOQBq_4,2023-08-23T13:09:12Z,181,8,0,Rugulopteryx_okamurae,Spain,Plants,alien,invasora,Post-Introduction,Invasion,Invasion,2015,2015-06-01T00:00:00Z,title_description,,,,,
IRkLEOQBq_4,2023-08-23T13:09:12Z,181,8,0,Rugulopteryx_okamurae,Spain,Plants,alien,presente,Post-Introduction,Invasion,Invasion,2015,2015-06-01T00:00:00Z,title_description,,,,,
IRkLEOQBq_4,2023-08-23T13:09:12Z,181,8,0,Rugulopteryx_okamurae,Spain,Plants,alien,invasora,Post-Introduction,Invasion,Invasion,2015,2015-06-01T00:00:00Z,title_description,,,,,
i-vB3rNox_I,2023-05-16T17:17:59Z,47,3,0,Rugulopteryx_okamurae,Spain,Plants,alien,invasora,Post-Introduction,Invasion,Invasion,2015,2015-06-01T00:00:00Z,title_description,,,,,
yRyypNR79_M,2019-06-10T10:02:15Z,82,2,0,Rugulopteryx_okamurae,Spain,Plants,alien,invasion,Post-Introduction,Invasion,Invasion,2015,2015-06-01T00:00:00Z,title_description,,,,,
yRyypNR79_M,2019-06-10T10:02:15Z,82,2,0,Rugulopteryx_okamurae,Spain,Plants,alien,invasion,Post-Introduction,Invasion,Invasion,2015,2015-06-01T00:00:00Z,title_description,,,,,
bTjlNEc056w,2024-03-20T16:19:51Z,38,4,1,Rugulopteryx_okamurae,Spain,Plants,alien,invasion,Post-Introduction,Invasion,Invasion,2015,2015-06-01T00:00:00Z,title_description,,,,,
YRAa0MIVIQk,2025-06-15T17:30:49Z,204,7,0,Rugulopteryx_okamurae,Spain,Plants,alien,invasora,Post-Introduction,Invasion,Invasion,2015,2015-06-01T00:00:00Z,title_description,,,,,
OetG12LtFL0,2022-06-08T08:13:57Z,116,19,0,Rugulopteryx_okamurae,Spain,Plants,alien,exotica,Post-Introduction,Invasion,Invasion,2015,2015-06-01T00:00:00Z,title_description,,,,,
OetG12LtFL0,2022-06-08T08:13:57Z,116,19,0,Rugulopteryx_okamurae,Spain,Plants,alien,invasora,Post-Introduction,Invasion,Invasion,2015,2015-06-01T00:00:00Z,title_description,,,,,
3gNAJrYELJI,2025-04-02T11:07:26Z,51,1,0,Rugulopteryx_okamurae,Spain,Plants,alien,invasion,Post-Introduction,Invasion,Invasion,2015,2015-06-01T00:00:00Z,title_description,,,,,
V4lPzbleL7M,2019-10-06T22:47:05Z,187,3,1,Rugulopteryx_okamurae,Spain,Plants,alien,invasoras,Post-Introduction,Invasion,Invasion,2015,2015-06-01T00:00:00Z,title_description,,,,,
EX2Bdme7Ywo,2022-07-24T15:19:08Z,11188,548,79,Rugulopteryx_okamurae,Spain,Plants,alien,invasora,Post-Introduction,Invasion,Invasion,2015,2015-06-01T00:00:00Z,title_description,,,,,
EX2Bdme7Ywo,2022-07-24T15:19:08Z,11188,548,79,Rugulopteryx_okamurae,Spain,Plants,alien,ataca,Post-Introduction,Threat,Threat,2015,2015-06-01T00:00:00Z,title_description,,,,,
EX2Bdme7Ywo,2022-07-24T15:19:08Z,11188,548,79,Rugulopteryx_okamurae,Spain,Plants,alien,propagar,Post-Introduction,Invasion,Invasion,2015,2015-06-01T00:00:00Z,title_description,,,,,
VKnKrInPTnE,2021-01-22T08:08:53Z,1210,4,0,Rugulopteryx_okamurae,Spain,Plants,alien,controlar,Post-Introduction,Detection,Detection,2015,2015-06-01T00:00:00Z,title_description,,,,,
VKnKrInPTnE,2021-01-22T08:08:53Z,1210,4,0,Rugulopteryx_okamurae,Spain,Plants,alien,expansion,Post-Introduction,Invasion,Invasion,2015,2015-06-01T00:00:00Z,title_description,,,,,
VKnKrInPTnE,2021-01-22T08:08:53Z,1210,4,0,Rugulopteryx_okamurae,Spain,Plants,alien,deteccion,Post-Introduction,Detection,Detection,2015,2015-06-01T00:00:00Z,title_description,,,,,
Ld-UnVNq6BY,2022-12-01T14:01:02Z,95,0,0,Rugulopteryx_okamurae,Spain,Plants,alien,expansion,Post-Introduction,Invasion,Invasion,2015,2015-06-01T00:00:00Z,title_description,,,,,
Ld-UnVNq6BY,2022-12-01T14:01:02Z,95,0,0,Rugulopteryx_okamurae,Spain,Plants,alien,deteccion,Post-Introduction,Detection,Detection,2015,2015-06-01T00:00:00Z,title_description,,,,,
GfzWQTzTEWM,2021-04-30T10:10:22Z,115,2,0,Rugulopteryx_okamurae,Spain,Plants,alien,invasora,Post-Introduction,Invasion,Invasion,2015,2015-06-01T00:00:00Z,title_description,,,,,
GfzWQTzTEWM,2021-04-30T10:10:22Z,115,2,0,Rugulopteryx_okamurae,Spain,Plants,alien,invasion,Post-Introduction,Invasion,Invasion,2015,2015-06-01T00:00:00Z,title_description,,,,,
KRCcdAldgj4,2019-07-26T19:39:30Z,96,1,0,Rugulopteryx_okamurae,Spain,Plants,alien,invasora,Post-Introduction,Invasion,Invasion,2015,2015-06-01T00:00:00Z,title_description,,,,,
9fQbjnDwngU,2023-11-03T07:29:13Z,559,8,0,Rugulopteryx_okamurae,Spain,Plants,alien,invasora,Post-Introduction,Invasion,Invasion,2015,2015-06-01T00:00:00Z,title_description,,,,,
9fQbjnDwngU,2023-11-03T07:29:13Z,559,8,0,Rugulopteryx_okamurae,Spain,Plants,alien,invasora,Post-Introduction,Invasion,Invasion,2015,2015-06-01T00:00:00Z,title_description,,,,,
uSrx1hxl66g,2024-08-13T21:13:01Z,26,0,0,Rugulopteryx_okamurae,Spain,Plants,alien,invasora,Post-Introduction,Invasion,Invasion,2015,2015-06-01T00:00:00Z,title_description,,,,,
uSrx1hxl66g,2024-08-13T21:13:01Z,26,0,0,Rugulopteryx_okamurae,Spain,Plants,alien,plaga,Post-Introduction,Invasion,Invasion,2015,2015-06-01T00:00:00Z,title_description,,,,,
jHm4JeODrGk,2025-06-05T10:05:08Z,26,3,0,Rugulopteryx_okamurae,Spain,Plants,alien,invasion,Post-Introduction,Invasion,Invasion,2015,2015-06-01T00:00:00Z,title_description,,,,,
h2TJOgjE8z8,2022-07-04T11:41:41Z,25,0,0,Rugulopteryx_okamurae,Spain,Plants,alien,invasion,Post-Introduction,Invasion,Invasion,2015,2015-06-01T00:00:00Z,title_description,,,,,
2mRNCUNTP4k,2025-07-28T10:06:17Z,186,0,0,Rugulopteryx_okamurae,Spain,Plants,alien,proliferacion,Post-Introduction,Invasion,Invasion,2015,2015-06-01T00:00:00Z,title_description,,,,,
2mRNCUNTP4k,2025-07-28T10:06:17Z,186,0,0,Rugulopteryx_okamurae,Spain,Plants,alien,invasora,Post-Introduction,Invasion,Invasion,2015,2015-06-01T00:00:00Z,title_description,,,,,
KGTWXgiGEAQ,2019-06-29T17:53:14Z,148,2,0,Rugulopteryx_okamurae,Spain,Plants,alien,invasora,Post-Introduction,Invasion,Invasion,2015,2015-06-01T00:00:00Z,title_description,,,,,
W9ozjDkD5AA,2021-05-07T07:14:55Z,40,0,0,Rugulopteryx_okamurae,Spain,Plants,alien,invasora,Post-Introduction,Invasion,Invasion,2015,2015-06-01T00:00:00Z,title_description,,,,,
W9ozjDkD5AA,2021-05-07T07:14:55Z,40,0,0,Rugulopteryx_okamurae,Spain,Plants,alien,invasion,Post-Introduction,Invasion,Invasion,2015,2015-06-01T00:00:00Z,title_description,,,,,
W9ozjDkD5AA,2021-05-07T07:14:55Z,40,0,0,Rugulopteryx_okamurae,Spain,Plants,alien,invasora,Post-Introduction,Invasion,Invasion,2015,2015-06-01T00:00:00Z,title_description,,,,,
fXgImarFs54,2021-11-09T08:17:36Z,44,0,0,Rugulopteryx_okamurae,Spain,Plants,alien,invasion,Post-Introduction,Invasion,Invasion,2015,2015-06-01T00:00:00Z,title_description,,,,,
fXgImarFs54,2021-11-09T08:17:36Z,44,0,0,Rugulopteryx_okamurae,Spain,Plants,alien,invasora,Post-Introduction,Invasion,Invasion,2015,2015-06-01T00:00:00Z,title_description,,,,,
fXgImarFs54,2021-11-09T08:17:36Z,44,0,0,Rugulopteryx_okamurae,Spain,Plants,alien,colonizacion,Post-Introduction,Invasion,Invasion,2015,2015-06-01T00:00:00Z,title_description,,,,,
jUi35VrXxfM,2025-05-10T07:57:44Z,104,7,0,Rugulopteryx_okamurae,Spain,Plants,alien,invasora,Post-Introduction,Invasion,Invasion,2015,2015-06-01T00:00:00Z,title_description,,,,,
jUi35VrXxfM,2025-05-10T07:57:44Z,104,7,0,Rugulopteryx_okamurae,Spain,Plants,alien,amenaza,Post-Introduction,Threat,Threat,2015,2015-06-01T00:00:00Z,title_description,,,,,
iIuusyuSx58,2022-02-18T03:15:26Z,1148,29,0,Rugulopteryx_okamurae,Spain,Plants,alien,invasora,Post-Introduction,Invasion,Invasion,2015,2015-06-01T00:00:00Z,title_description,,,,,
dQfgmayPbX4,2025-07-26T11:10:10Z,22,0,0,Rugulopteryx_okamurae,Spain,Plants,alien,invasao,Post-Introduction,Invasion,Invasion,2015,2015-06-01T00:00:00Z,title_description,,,,,
dQfgmayPbX4,2025-07-26T11:10:10Z,22,0,0,Rugulopteryx_okamurae,Spain,Plants,alien,ameaca,Post-Introduction,Threat,Threat,2015,2015-06-01T00:00:00Z,title_description,,,,,
dQfgmayPbX4,2025-07-26T11:10:10Z,22,0,0,Rugulopteryx_okamurae,Spain,Plants,alien,invasao,Post-Introduction,Invasion,Invasion,2015,2015-06-01T00:00:00Z,title_description,,,,,
dQfgmayPbX4,2025-07-26T11:10:10Z,22,0,0,Rugulopteryx_okamurae,Spain,Plants,alien,ameaca,Post-Introduction,Threat,Threat,2015,2015-06-01T00:00:00Z,title_description,,,,,
dQfgmayPbX4,2025-07-26T11:10:10Z,22,0,0,Rugulopteryx_okamurae,Spain,Plants,alien,invasora,Post-Introduction,Invasion,Invasion,2015,2015-06-01T00:00:00Z,title_description,,,,,
YUPD_WJt0iU,2022-07-06T07:31:29Z,20,0,0,Rugulopteryx_okamurae,Spain,Plants,alien,invasion,Post-Introduction,Invasion,Invasion,2015,2015-06-01T00:00:00Z,title_description,,,,,
_fhJyNDo5dE,2022-08-21T15:48:02Z,2215,,,Rugulopteryx_okamurae,Spain,Plants,alien,invasoras,Post-Introduction,Invasion,Invasion,2015,2015-06-01T00:00:00Z,title_description,,,,,
TCp9bzz6dBU,2025-07-26T11:06:01Z,16,0,2,Rugulopteryx_okamurae,Spain,Plants,alien,invasao,Post-Introduction,Invasion,Invasion,2015,2015-06-01T00:00:00Z,title_description,,,,,
TCp9bzz6dBU,2025-07-26T11:06:01Z,16,0,2,Rugulopteryx_okamurae,Spain,Plants,alien,ameaca,Post-Introduction,Threat,Threat,2015,2015-06-01T00:00:00Z,title_description,,,,,
TCp9bzz6dBU,2025-07-26T11:06:01Z,16,0,2,Rugulopteryx_okamurae,Spain,Plants,alien,invasao,Post-Introduction,Invasion,Invasion,2015,2015-06-01T00:00:00Z,title_description,,,,,
TCp9bzz6dBU,2025-07-26T11:06:01Z,16,0,2,Rugulopteryx_okamurae,Spain,Plants,alien,ameaca,Post-Introduction,Threat,Threat,2015,2015-06-01T00:00:00Z,title_description,,,,,
jA83q5HoWus,2024-08-08T23:35:12Z,122,2,0,Rugulopteryx_okamurae,Spain,Plants,alien,invasion,Post-Introduction,Invasion,Invasion,2015,2015-06-01T00:00:00Z,title_description,,,,,
ukCDugtumtI,2025-06-04T13:12:41Z,101,0,0,Rugulopteryx_okamurae,Spain,Plants,alien,invasora,Post-Introduction,Invasion,Invasion,2015,2015-06-01T00:00:00Z,title_description,,,,,
VVM5c3IDw10,2025-02-20T12:35:22Z,140,5,0,Rugulopteryx_okamurae,Spain,Plants,alien,invasoras,Post-Introduction,Invasion,Invasion,2015,2015-06-01T00:00:00Z,title_description,,,,,
VVM5c3IDw10,2025-02-20T12:35:22Z,140,5,0,Rugulopteryx_okamurae,Spain,Plants,alien,amenaza,Post-Introduction,Threat,Threat,2015,2015-06-01T00:00:00Z,title_description,,,,,
VVM5c3IDw10,2025-02-20T12:35:22Z,140,5,0,Rugulopteryx_okamurae,Spain,Plants,alien,invasion,Post-Introduction,Invasion,Invasion,2015,2015-06-01T00:00:00Z,title_description,,,,,
k944L4ZzHDU,2021-05-27T14:13:17Z,122,1,0,Rugulopteryx_okamurae,Spain,Plants,alien,invasora,Post-Introduction,Invasion,Invasion,2015,2015-06-01T00:00:00Z,title_description,,,,,
quue0aRMQUE,2021-05-25T12:30:34Z,2139,552,57,Rugulopteryx_okamurae,Spain,Plants,alien,control,Post-Introduction,Detection,Detection,2015,2015-06-01T00:00:00Z,title_description,,,,,
lj6OsU-wR54,2025-08-16T19:29:02Z,0,0,0,Rugulopteryx_okamurae,Spain,Plants,alien,invasora,Post-Introduction,Invasion,Invasion,2015,2015-06-01T00:00:00Z,title_description,,,,,
tQHhyLdBzMc,2025-08-16T19:18:03Z,2,0,0,Rugulopteryx_okamurae,Spain,Plants,alien,invasion,Post-Introduction,Invasion,Invasion,2015,2015-06-01T00:00:00Z,title_description,,,,,
tQHhyLdBzMc,2025-08-16T19:18:03Z,2,0,0,Rugulopteryx_okamurae,Spain,Plants,alien,invasora,Post-Introduction,Invasion,Invasion,2015,2015-06-01T00:00:00Z,title_description,,,,,
tQHhyLdBzMc,2025-08-16T19:18:03Z,2,0,0,Rugulopteryx_okamurae,Spain,Plants,alien,afectando,Post-Introduction,Invasion,Invasion,2015,2015-06-01T00:00:00Z,title_description,,,,,
mvalGL2RNBQ,2023-03-28T14:38:03Z,,,,Rugulopteryx_okamurae,Spain,Plants,alien,invasora,Post-Introduction,Invasion,Invasion,2015,2015-06-01T00:00:00Z,title_description,,,,,
6VRQSAX4ZDE,2025-07-24T10:02:47Z,3982,95,8,Scyphophorus_acupunctatus,Spain,Insects,established,plaga,Post-Introduction,Invasion,Invasion,2007,2007-06-01T00:00:00Z,title_description,,,,,
SoqD6DjYVKA,2016-04-09T17:28:47Z,1450,6,0,Scyphophorus_acupunctatus,Spain,Insects,established,captura,Post-Introduction,Detection,Detection,2007,2007-06-01T00:00:00Z,title_description,,,,,
rJFqS9iFUDA,2014-04-03T10:00:36Z,1890,5,0,Scyphophorus_acupunctatus,Spain,Insects,established,exotico,Post-Introduction,Invasion,Invasion,2007,2007-06-01T00:00:00Z,title_description,,,,,
rJFqS9iFUDA,2014-04-03T10:00:36Z,1890,5,0,Scyphophorus_acupunctatus,Spain,Insects,established,invade,Post-Introduction,Invasion,Invasion,2007,2007-06-01T00:00:00Z,title_description,,,,,
IA5FwWN7Ef8,2021-03-09T07:02:52Z,102115,2290,81,Spodoptera_frugiperda,Canary Islands,Insects,alien,trampa,Post-Introduction,Detection,Detection,2020,2020-07-01T00:00:00Z,title_description,,,,,
IA5FwWN7Ef8,2021-03-09T07:02:52Z,102115,2290,81,Spodoptera_frugiperda,Canary Islands,Insects,alien,trampas,Post-Introduction,Detection,Detection,2020,2020-07-01T00:00:00Z,title_description,,,,,
Jq46qTs_O2A,2024-03-15T12:33:06Z,45,9,0,Spodoptera_frugiperda,Canary Islands,Insects,alien,pragas,Post-Introduction,Invasion,Invasion,2020,2020-07-01T00:00:00Z,title_description,,,,,
Jq46qTs_O2A,2024-03-15T12:33:06Z,45,9,0,Spodoptera_frugiperda,Canary Islands,Insects,alien,praga,Post-Introduction,Invasion,Invasion,2020,2020-07-01T00:00:00Z,title_description,,,,,
3Xx8lz8D71g,2023-08-24T09:47:00Z,2151,19,0,Spodoptera_frugiperda,Canary Islands,Insects,alien,pragas,Post-Introduction,Invasion,Invasion,2020,2020-07-01T00:00:00Z,title_description,,,,,
3Xx8lz8D71g,2023-08-24T09:47:00Z,2151,19,0,Spodoptera_frugiperda,Canary Islands,Insects,alien,pragas,Post-Introduction,Invasion,Invasion,2020,2020-07-01T00:00:00Z,title_description,,,,,
mk3ZbfXGwus,2020-03-20T16:41:53Z,1547,87,29,Synoicus_chinensis,Spain,Birds,alien,encontrado,Post-Introduction,Detection,Detection,2006,2006-06-01T00:00:00Z,title_description,,,,,
iZCCmQzyArU,2020-12-05T17:32:28Z,1009,30,3,Testudo_marginata,Spain,Herptiles,established,terrario,Post-Introduction,eCommerce,eCommerce,2017,2017-06-01T00:00:00Z,title_description,,,,,
BeBPNrPYTcM,2015-01-29T09:09:36Z,339,1,0,Testudo_marginata,Spain,Herptiles,established,tienda,Pre-Introduction,eCommerce,eCommerce,2017,2017-06-01T00:00:00Z,title_description,,,,,
BeBPNrPYTcM,2015-01-29T09:09:36Z,339,1,0,Testudo_marginata,Spain,Herptiles,established,tienda,Pre-Introduction,eCommerce,eCommerce,2017,2017-06-01T00:00:00Z,title_description,,,,,
BeBPNrPYTcM,2015-01-29T09:09:36Z,339,1,0,Testudo_marginata,Spain,Herptiles,established,venta,Pre-Introduction,eCommerce,eCommerce,2017,2017-06-01T00:00:00Z,title_description,,,,,
3e1nSjNURM4,2012-10-16T15:09:53Z,195,3,0,Testudo_marginata,Spain,Herptiles,established,terrario,Pre-Introduction,eCommerce,eCommerce,2017,2017-06-01T00:00:00Z,title_description,,,,,
Kf7U0xXgfyU,2024-09-25T11:34:01Z,246,3,0,Tobamovirus_fructirugosum,Spain,"Bacteria, Viruses, Fungi",alien,control,Post-Introduction,Detection,Detection,2019,2019-10-01T00:00:00Z,title_description,,,,,
Kf7U0xXgfyU,2024-09-25T11:34:01Z,246,3,0,Tobamovirus_fructirugosum,Spain,"Bacteria, Viruses, Fungi",alien,manejo,Post-Introduction,Detection,Detection,2019,2019-10-01T00:00:00Z,title_description,,,,,
Kf7U0xXgfyU,2024-09-25T11:34:01Z,246,3,0,Tobamovirus_fructirugosum,Spain,"Bacteria, Viruses, Fungi",alien,manejo,Post-Introduction,Detection,Detection,2019,2019-10-01T00:00:00Z,title_description,,,,,
gjF7EOsd9Js,2024-09-25T11:33:51Z,203,0,0,Tobamovirus_fructirugosum,Spain,"Bacteria, Viruses, Fungi",alien,control,Post-Introduction,Detection,Detection,2019,2019-10-01T00:00:00Z,title_description,,,,,
fU9PPDFvsDc,2019-12-18T17:41:51Z,1853,15,,Tobamovirus_fructirugosum,Spain,"Bacteria, Viruses, Fungi",alien,amenaza,Post-Introduction,Threat,Threat,2019,2019-10-01T00:00:00Z,title_description,,,,,
5ffXaJX9rm4,2024-09-25T11:34:11Z,147,0,0,Tobamovirus_fructirugosum,Spain,"Bacteria, Viruses, Fungi",alien,control,Post-Introduction,Detection,Detection,2019,2019-10-01T00:00:00Z,title_description,,,,,
5ffXaJX9rm4,2024-09-25T11:34:11Z,147,0,0,Tobamovirus_fructirugosum,Spain,"Bacteria, Viruses, Fungi",alien,manejo,Post-Introduction,Detection,Detection,2019,2019-10-01T00:00:00Z,title_description,,,,,
kFaHB8XO5PQ,2020-10-11T09:02:42Z,1572,41,4,Tobamovirus_fructirugosum,Spain,"Bacteria, Viruses, Fungi",alien,amenaza,Post-Introduction,Threat,Threat,2019,2019-10-01T00:00:00Z,title_description,,,,,
gMql4LgMG04,2024-09-25T11:34:43Z,163,1,0,Tobamovirus_fructirugosum,Spain,"Bacteria, Viruses, Fungi",alien,control,Post-Introduction,Detection,Detection,2019,2019-10-01T00:00:00Z,title_description,,,,,
5A773I6g13s,2021-10-01T10:01:27Z,128,0,0,Tobamovirus_fructirugosum,Spain,"Bacteria, Viruses, Fungi",alien,deteccion,Post-Introduction,Detection,Detection,2019,2019-10-01T00:00:00Z,title_description,,,,,
b7ER1Lp12oM,2024-09-25T11:34:35Z,356,5,0,Tobamovirus_fructirugosum,Spain,"Bacteria, Viruses, Fungi",alien,control,Post-Introduction,Detection,Detection,2019,2019-10-01T00:00:00Z,title_description,,,,,
Agu2kF1QkbU,2024-09-25T11:34:25Z,115,1,0,Tobamovirus_fructirugosum,Spain,"Bacteria, Viruses, Fungi",alien,control,Post-Introduction,Detection,Detection,2019,2019-10-01T00:00:00Z,title_description,,,,,
Agu2kF1QkbU,2024-09-25T11:34:25Z,115,1,0,Tobamovirus_fructirugosum,Spain,"Bacteria, Viruses, Fungi",alien,vista,Post-Introduction,Detection,Detection,2019,2019-10-01T00:00:00Z,title_description,,,,,
UNjUGrTG26w,2024-09-25T11:33:40Z,204,1,0,Tobamovirus_fructirugosum,Spain,"Bacteria, Viruses, Fungi",alien,control,Post-Introduction,Detection,Detection,2019,2019-10-01T00:00:00Z,title_description,,,,,
NrQCYWpR0iw,2024-11-29T12:27:21Z,461,6,1,Tomato_leaf_curl_New_Delhi_virus,Spain,"Bacteria, Viruses, Fungi",alien,cara,Post-Introduction,eCommerce,eCommerce,2012,2012-06-01T00:00:00Z,title_description,,,,,
5qv1wLqdDJ8,2020-11-25T18:46:26Z,960,22,21,Varanus_exanthematicus,Spain,Herptiles,uncertain,mascota,Post-Introduction,eCommerce,eCommerce,2011,2011-06-01T00:00:00Z,title_description,,,,,
5qv1wLqdDJ8,2020-11-25T18:46:26Z,960,22,21,Varanus_exanthematicus,Spain,Herptiles,uncertain,exotica,Post-Introduction,Invasion,Invasion,2011,2011-06-01T00:00:00Z,title_description,,,,,
RyVDXf2xC14,2011-06-28T19:34:27Z,698,1,0,Varanus_exanthematicus,Spain,Herptiles,uncertain,terrario,Post-Introduction,eCommerce,eCommerce,2011,2011-06-01T00:00:00Z,title_description,,,,,
GVNjD6NQU8M,2025-03-07T11:00:19Z,67,1,,Vespa_orientalis,Spain,Insects,alien,exotica,Post-Introduction,Invasion,Invasion,2012,2012-06-01T00:00:00Z,title_description,,,,,
GVNjD6NQU8M,2025-03-07T11:00:19Z,67,1,,Vespa_orientalis,Spain,Insects,alien,invasora,Post-Introduction,Invasion,Invasion,2012,2012-06-01T00:00:00Z,title_description,,,,,
rAV7-u6JzEw,2025-07-30T11:37:26Z,666,25,8,Vespa_orientalis,Spain,Insects,alien,encontrado,Post-Introduction,Detection,Detection,2012,2012-06-01T00:00:00Z,title_description,,,,,
Gp53O84N6do,2024-09-11T06:14:48Z,1533,20,8,Vespa_orientalis,Spain,Insects,alien,invasora,Post-Introduction,Invasion,Invasion,2012,2012-06-01T00:00:00Z,title_description,,,,,
Gp53O84N6do,2024-09-11T06:14:48Z,1533,20,8,Vespa_orientalis,Spain,Insects,alien,amenaza,Post-Introduction,Threat,Threat,2012,2012-06-01T00:00:00Z,title_description,,,,,
FwzQIEwOQqE,2024-10-15T12:17:37Z,5325,12,0,Vespa_orientalis,Spain,Insects,alien,plaga,Post-Introduction,Invasion,Invasion,2012,2012-06-01T00:00:00Z,title_description,,,,,
4go51B0IayM,2025-02-25T17:00:10Z,2133,88,1,Vespa_orientalis,Spain,Insects,alien,peligroso,Post-Introduction,Threat,Threat,2012,2012-06-01T00:00:00Z,title_description,,,,,
AZJmY1h21hw,2022-05-26T12:02:59Z,637,12,0,Vespa_orientalis,Spain,Insects,alien,invasor,Post-Introduction,Invasion,Invasion,2012,2012-06-01T00:00:00Z,title_description,,,,,
mlfqHAiQWBA,2025-07-09T14:10:40Z,49,1,1,Vespa_orientalis,Spain,Insects,alien,invasion,Post-Introduction,Invasion,Invasion,2012,2012-06-01T00:00:00Z,title_description,,,,,
VIUWhYgQ4s4,2024-11-28T07:02:22Z,26,0,0,Vespa_orientalis,Spain,Insects,alien,control,Post-Introduction,Detection,Detection,2012,2012-06-01T00:00:00Z,title_description,,,,,
VIUWhYgQ4s4,2024-11-28T07:02:22Z,26,0,0,Vespa_orientalis,Spain,Insects,alien,control,Post-Introduction,Detection,Detection,2012,2012-06-01T00:00:00Z,title_description,,,,,
VIUWhYgQ4s4,2024-11-28T07:02:22Z,26,0,0,Vespa_orientalis,Spain,Insects,alien,expansion,Post-Introduction,Invasion,Invasion,2012,2012-06-01T00:00:00Z,title_description,,,,,
fxfCF2lO8BI,2023-08-30T21:28:55Z,1100,5,0,Vespa_orientalis,Spain,Insects,alien,invade,Post-Introduction,Invasion,Invasion,2012,2012-06-01T00:00:00Z,title_description,,,,,
fxfCF2lO8BI,2023-08-30T21:28:55Z,1100,5,0,Vespa_orientalis,Spain,Insects,alien,invade,Post-Introduction,Invasion,Invasion,2012,2012-06-01T00:00:00Z,title_description,,,,,
xb5ZkAfwj6g,2022-12-16T11:07:50Z,189,3,1,Vespa_orientalis,Spain,Insects,alien,invasora,Post-Introduction,Invasion,Invasion,2012,2012-06-01T00:00:00Z,title_description,,,,,
xb5ZkAfwj6g,2022-12-16T11:07:50Z,189,3,1,Vespa_orientalis,Spain,Insects,alien,alerta,Post-Introduction,Detection,Detection,2012,2012-06-01T00:00:00Z,title_description,,,,,
xb5ZkAfwj6g,2022-12-16T11:07:50Z,189,3,1,Vespa_orientalis,Spain,Insects,alien,detectado,Post-Introduction,Detection,Detection,2012,2012-06-01T00:00:00Z,title_description,,,,,
h1arvF7Mcsk,2024-05-27T15:36:47Z,1881,15,1,Vespa_orientalis,Spain,Insects,alien,invasora,Post-Introduction,Invasion,Invasion,2012,2012-06-01T00:00:00Z,title_description,,,,,
-1ge-tHp-tk,2025-04-16T18:00:00Z,1391,53,8,Vespa_orientalis,Spain,Insects,alien,trampa,Post-Introduction,Detection,Detection,2012,2012-06-01T00:00:00Z,title_description,,,,,
-1ge-tHp-tk,2025-04-16T18:00:00Z,1391,53,8,Vespa_orientalis,Spain,Insects,alien,encontramos,Post-Introduction,Detection,Detection,2012,2012-06-01T00:00:00Z,title_description,,,,,
K_8TFoCImPA,2022-05-29T06:45:02Z,834,3,0,Vespa_orientalis,Spain,Insects,alien,trampa,Post-Introduction,Detection,Detection,2012,2012-06-01T00:00:00Z,title_description,,,,,
HBRG0qJFHRs,2024-10-24T06:27:02Z,158,2,0,Vespa_orientalis,Spain,Insects,alien,invasion,Post-Introduction,Invasion,Invasion,2012,2012-06-01T00:00:00Z,title_description,,,,,
-rjRNae-YDw,2024-12-03T17:00:00Z,479,18,0,Vespa_soror,Spain,Insects,alien,alerta,Post-Introduction,Detection,Detection,2022,2022-06-01T00:00:00Z,title_description,,,,,
M22i-nwItuQ,2024-12-01T23:51:49Z,235,0,0,Vespa_soror,Spain,Insects,alien,alerta,Post-Introduction,Detection,Detection,2022,2022-06-01T00:00:00Z,title_description,,,,,
phtjLpnzgJI,2014-10-24T14:59:09Z,135978,586,51,Vespa_velutina,Portugal,Insects,established,ameaza,Post-Introduction,Threat,Threat,2011,2010-08-21T00:00:00Z,title_description,,,,,
phtjLpnzgJI,2014-10-24T14:59:09Z,135978,586,51,Vespa_velutina,Portugal,Insects,established,invasora,Post-Introduction,Invasion,Invasion,2011,2010-08-21T00:00:00Z,title_description,,,,,
1Z42LQELHMw,2017-05-24T08:23:25Z,593,1,0,Vespa_velutina,Portugal,Insects,established,control,Post-Introduction,Detection,Detection,2011,2010-08-21T00:00:00Z,title_description,,,,,
RXergWrQTrU,2018-04-03T05:43:12Z,395,2,1,Vespa_velutina,Portugal,Insects,established,trampas,Post-Introduction,Detection,Detection,2011,2010-08-21T00:00:00Z,title_description,,,,,
cxMP_gyXwIM,2017-06-05T14:56:43Z,1321,3,0,Vespa_velutina,Portugal,Insects,established,expansion,Post-Introduction,Invasion,Invasion,2011,2010-08-21T00:00:00Z,title_description,,,,,
cxMP_gyXwIM,2017-06-05T14:56:43Z,1321,3,0,Vespa_velutina,Portugal,Insects,established,invasora,Post-Introduction,Invasion,Invasion,2011,2010-08-21T00:00:00Z,title_description,,,,,
zpJQf2nxY2E,2016-05-30T12:10:43Z,15980,65,13,Vespa_velutina,Portugal,Insects,established,peligrosa,Post-Introduction,Threat,Threat,2011,2010-08-21T00:00:00Z,title_description,,,,,
G_jw6xy-DZ0,2022-12-22T13:48:53Z,394,9,0,Vespa_velutina,Portugal,Insects,established,invasora,Post-Introduction,Invasion,Invasion,2011,2010-08-21T00:00:00Z,title_description,,,,,
51SANioZbQI,2011-09-14T14:37:28Z,9306,27,2,Vespa_velutina,Portugal,Insects,established,peligro,Post-Introduction,Threat,Threat,2011,2010-08-21T00:00:00Z,title_description,,,,,
51SANioZbQI,2011-09-14T14:37:28Z,9306,27,2,Vespa_velutina,Portugal,Insects,established,peligrosa,Post-Introduction,Threat,Threat,2011,2010-08-21T00:00:00Z,title_description,,,,,
58Zg4rVms9M,2017-06-11T08:55:23Z,85,4,3,Vespa_velutina,Portugal,Insects,established,capturada,Post-Introduction,Detection,Detection,2011,2010-08-21T00:00:00Z,title_description,,,,,
E0hfZgd_nN4,2023-12-07T10:00:19Z,4546,113,1,Vespa_velutina,Portugal,Insects,established,veneno,Post-Introduction,Threat,Threat,2011,2010-08-21T00:00:00Z,title_description,,,,,
E0hfZgd_nN4,2023-12-07T10:00:19Z,4546,113,1,Vespa_velutina,Portugal,Insects,established,veneno,Post-Introduction,Threat,Threat,2011,2010-08-21T00:00:00Z,title_description,,,,,
CRumhyBWmVU,2024-05-23T07:45:00Z,7,4,0,Vespa_velutina,Portugal,Insects,established,peligro,Post-Introduction,Threat,Threat,2011,2010-08-21T00:00:00Z,title_description,,,,,
EkmjpWMUT1o,2019-06-23T17:07:34Z,341321,3482,1270,Vespa_velutina,Portugal,Insects,established,invadir,Post-Introduction,Invasion,Invasion,2011,2010-08-21T00:00:00Z,title_description,,,,,
GOuQRURX8LY,2023-11-21T19:59:40Z,48077,932,117,Vespa_velutina,Portugal,Insects,established,plaga,Post-Introduction,Invasion,Invasion,2011,2010-08-21T00:00:00Z,title_description,,,,,
qv86iKkdjAo,2025-05-29T09:01:14Z,49197,2484,250,Vespa_velutina,Portugal,Insects,established,trampa,Post-Introduction,Detection,Detection,2011,2010-08-21T00:00:00Z,title_description,,,,,
D8xF0gVkIFc,2023-09-23T14:14:46Z,70679,1758,71,Vespa_velutina,Portugal,Insects,established,trampa,Post-Introduction,Detection,Detection,2011,2010-08-21T00:00:00Z,title_description,,,,,
D8xF0gVkIFc,2023-09-23T14:14:46Z,70679,1758,71,Vespa_velutina,Portugal,Insects,established,trampa,Post-Introduction,Detection,Detection,2011,2010-08-21T00:00:00Z,title_description,,,,,
D8xF0gVkIFc,2023-09-23T14:14:46Z,70679,1758,71,Vespa_velutina,Portugal,Insects,established,trampa,Post-Introduction,Detection,Detection,2011,2010-08-21T00:00:00Z,title_description,,,,,
WaSAfSuiruk,2024-12-19T18:37:40Z,18621,1095,4,Vespa_velutina,Portugal,Insects,established,letal,Post-Introduction,Threat,Threat,2011,2010-08-21T00:00:00Z,title_description,,,,,
WaSAfSuiruk,2024-12-19T18:37:40Z,18621,1095,4,Vespa_velutina,Portugal,Insects,established,veneno,Post-Introduction,Threat,Threat,2011,2010-08-21T00:00:00Z,title_description,,,,,
WaSAfSuiruk,2024-12-19T18:37:40Z,18621,1095,4,Vespa_velutina,Portugal,Insects,established,veneno,Post-Introduction,Threat,Threat,2011,2010-08-21T00:00:00Z,title_description,,,,,
WaSAfSuiruk,2024-12-19T18:37:40Z,18621,1095,4,Vespa_velutina,Portugal,Insects,established,peligroso,Post-Introduction,Threat,Threat,2011,2010-08-21T00:00:00Z,title_description,,,,,
gk5Doi5bH98,2021-12-13T15:53:31Z,1705,58,4,Vespa_velutina,Portugal,Insects,established,invasora,Post-Introduction,Invasion,Invasion,2011,2010-08-21T00:00:00Z,title_description,,,,,
acYv6m43Ncg,2021-08-04T17:35:47Z,12696,310,3,Vespa_velutina,Portugal,Insects,established,trampa,Post-Introduction,Detection,Detection,2011,2010-08-21T00:00:00Z,title_description,,,,,
4IZIEWBDhl4,2021-08-19T18:45:23Z,3811,39,0,Vespa_velutina,Portugal,Insects,established,trampas,Post-Introduction,Detection,Detection,2011,2010-08-21T00:00:00Z,title_description,,,,,
p0hZHlIJn98,2024-09-14T21:39:54Z,963,3,0,Vespa_velutina,Portugal,Insects,established,atacando,Post-Introduction,Threat,Threat,2011,2010-08-21T00:00:00Z,title_description,,,,,
p0hZHlIJn98,2024-09-14T21:39:54Z,963,3,0,Vespa_velutina,Portugal,Insects,established,atacando,Post-Introduction,Threat,Threat,2011,2010-08-21T00:00:00Z,title_description,,,,,
rsi8FmOsZSU,2025-01-09T18:04:17Z,455,4,0,Vespa_velutina,Portugal,Insects,established,identificado,Post-Introduction,Detection,Detection,2011,2010-08-21T00:00:00Z,title_description,,,,,
rsi8FmOsZSU,2025-01-09T18:04:17Z,455,4,0,Vespa_velutina,Portugal,Insects,established,detectada,Post-Introduction,Detection,Detection,2011,2010-08-21T00:00:00Z,title_description,,,,,
sZL6hxJWr-g,2025-04-01T10:22:18Z,550,10,1,Vespa_velutina,Portugal,Insects,established,control,Post-Introduction,Detection,Detection,2011,2010-08-21T00:00:00Z,title_description,,,,,
sZL6hxJWr-g,2025-04-01T10:22:18Z,550,10,1,Vespa_velutina,Portugal,Insects,established,invasor,Post-Introduction,Invasion,Invasion,2011,2010-08-21T00:00:00Z,title_description,,,,,
kt7ksi_oAsM,2019-10-14T11:22:40Z,4858,43,4,Vespa_velutina,Portugal,Insects,established,tienda,Post-Introduction,eCommerce,eCommerce,2011,2010-08-21T00:00:00Z,title_description,,,,,
6bERpF24TkQ,2012-09-13T09:52:09Z,330,1,0,Vespa_velutina,Portugal,Insects,established,invade,Post-Introduction,Invasion,Invasion,2011,2010-08-21T00:00:00Z,title_description,,,,,
-s2Jk_3BUJ0,2016-09-07T13:11:40Z,42854,443,43,Vespa_velutina,Portugal,Insects,established,trampas,Post-Introduction,Detection,Detection,2011,2010-08-21T00:00:00Z,title_description,,,,,
To9W-xnZ7RI,2022-10-10T20:57:26Z,797,15,0,Vespa_velutina,Portugal,Insects,established,atacando,Post-Introduction,Threat,Threat,2011,2010-08-21T00:00:00Z,title_description,,,,,
FFbNwTPmI_s,2021-01-06T11:05:38Z,3081,48,3,Vespa_velutina,Portugal,Insects,established,invasora,Post-Introduction,Invasion,Invasion,2011,2010-08-21T00:00:00Z,title_description,,,,,
5IB-vUG0efk,2022-11-04T11:17:52Z,4878,162,2,Vespa_velutina,Portugal,Insects,established,peligro,Post-Introduction,Threat,Threat,2011,2010-08-21T00:00:00Z,title_description,,,,,
5IB-vUG0efk,2022-11-04T11:17:52Z,4878,162,2,Vespa_velutina,Portugal,Insects,established,hallazgo,Post-Introduction,Detection,Detection,2011,2010-08-21T00:00:00Z,title_description,,,,,
5IB-vUG0efk,2022-11-04T11:17:52Z,4878,162,2,Vespa_velutina,Portugal,Insects,established,peligroso,Post-Introduction,Threat,Threat,2011,2010-08-21T00:00:00Z,title_description,,,,,
ZZB6GJ5Silc,2019-09-20T19:38:46Z,398,4,3,Vespa_velutina,Portugal,Insects,established,expansion,Post-Introduction,Invasion,Invasion,2011,2010-08-21T00:00:00Z,title_description,,,,,
ioFGj7Rs0x4,2022-08-12T20:06:42Z,1730,39,1,Vespa_velutina,Portugal,Insects,established,trampa,Post-Introduction,Detection,Detection,2011,2010-08-21T00:00:00Z,title_description,,,,,
ioFGj7Rs0x4,2022-08-12T20:06:42Z,1730,39,1,Vespa_velutina,Portugal,Insects,established,trampa,Post-Introduction,Detection,Detection,2011,2010-08-21T00:00:00Z,title_description,,,,,
dLdj0SbAmGw,2013-02-27T21:28:55Z,15317,80,4,Vespa_velutina,Portugal,Insects,established,captura,Post-Introduction,Detection,Detection,2011,2010-08-21T00:00:00Z,title_description,,,,,
dLdj0SbAmGw,2013-02-27T21:28:55Z,15317,80,4,Vespa_velutina,Portugal,Insects,established,captura,Post-Introduction,Detection,Detection,2011,2010-08-21T00:00:00Z,title_description,,,,,
iBbQN0IbMFw,2018-07-19T17:30:54Z,1691,18,3,Vespa_velutina,Portugal,Insects,established,amenaza,Post-Introduction,Threat,Threat,2011,2010-08-21T00:00:00Z,title_description,,,,,
iBbQN0IbMFw,2018-07-19T17:30:54Z,1691,18,3,Vespa_velutina,Portugal,Insects,established,amenaza,Post-Introduction,Threat,Threat,2011,2010-08-21T00:00:00Z,title_description,,,,,
LHiTwT_Erd4,2016-09-08T10:27:31Z,36774,393,23,Vespa_velutina,Portugal,Insects,established,trampas,Post-Introduction,Detection,Detection,2011,2010-08-21T00:00:00Z,title_description,,,,,
LHiTwT_Erd4,2016-09-08T10:27:31Z,36774,393,23,Vespa_velutina,Portugal,Insects,established,capturar,Post-Introduction,Detection,Detection,2011,2010-08-21T00:00:00Z,title_description,,,,,
-pfi9WgpP5I,2020-09-17T22:51:17Z,5543,9,1,Vespa_velutina,Portugal,Insects,established,trampa,Post-Introduction,Detection,Detection,2011,2010-08-21T00:00:00Z,title_description,,,,,
-pfi9WgpP5I,2020-09-17T22:51:17Z,5543,9,1,Vespa_velutina,Portugal,Insects,established,exotica,Post-Introduction,Invasion,Invasion,2011,2010-08-21T00:00:00Z,title_description,,,,,
-pfi9WgpP5I,2020-09-17T22:51:17Z,5543,9,1,Vespa_velutina,Portugal,Insects,established,invasora,Post-Introduction,Invasion,Invasion,2011,2010-08-21T00:00:00Z,title_description,,,,,
1gdN10fxh4w,2021-08-07T13:04:36Z,1717,77,8,Vespa_velutina,Portugal,Insects,established,peligro,Post-Introduction,Threat,Threat,2011,2010-08-21T00:00:00Z,title_description,,,,,
1gdN10fxh4w,2021-08-07T13:04:36Z,1717,77,8,Vespa_velutina,Portugal,Insects,established,peligro,Post-Introduction,Threat,Threat,2011,2010-08-21T00:00:00Z,title_description,,,,,
1gdN10fxh4w,2021-08-07T13:04:36Z,1717,77,8,Vespa_velutina,Portugal,Insects,established,nocivo,Post-Introduction,Threat,Threat,2011,2010-08-21T00:00:00Z,title_description,,,,,
dNz5cDZRmec,2022-11-16T14:16:36Z,37410,297,52,Vespa_velutina,Portugal,Insects,established,trampa,Post-Introduction,Detection,Detection,2011,2010-08-21T00:00:00Z,title_description,,,,,
dNz5cDZRmec,2022-11-16T14:16:36Z,37410,297,52,Vespa_velutina,Portugal,Insects,established,trampas,Post-Introduction,Detection,Detection,2011,2010-08-21T00:00:00Z,title_description,,,,,
xk5WCSHVjaM,2020-08-05T18:10:16Z,1901,31,5,Vespa_velutina,Portugal,Insects,established,comprar,Post-Introduction,eCommerce,eCommerce,2011,2010-08-21T00:00:00Z,title_description,,,,,
A-FamEK6zLI,2018-07-25T14:40:04Z,458,1,0,Vespa_velutina,Portugal,Insects,established,aparicion,Post-Introduction,Detection,Detection,2011,2010-08-21T00:00:00Z,title_description,,,,,
aHFPSn8a_b8,2018-01-23T17:12:45Z,36781,269,42,Vespa_velutina,Portugal,Insects,established,trampa,Post-Introduction,Detection,Detection,2011,2010-08-21T00:00:00Z,title_description,,,,,
4MUxKXIVdZ4,2018-03-03T20:00:30Z,2053,10,0,Vespa_velutina,Portugal,Insects,established,trampa,Post-Introduction,Detection,Detection,2011,2010-08-21T00:00:00Z,title_description,,,,,
4MUxKXIVdZ4,2018-03-03T20:00:30Z,2053,10,0,Vespa_velutina,Portugal,Insects,established,trampa,Post-Introduction,Detection,Detection,2011,2010-08-21T00:00:00Z,title_description,,,,,
MyOpmisPPPw,2014-11-07T10:19:36Z,11347,28,0,Vespa_velutina,Portugal,Insects,established,trampa,Post-Introduction,Detection,Detection,2011,2010-08-21T00:00:00Z,title_description,,,,,
MyOpmisPPPw,2014-11-07T10:19:36Z,11347,28,0,Vespa_velutina,Portugal,Insects,established,trampa,Post-Introduction,Detection,Detection,2011,2010-08-21T00:00:00Z,title_description,,,,,
-RBtQYmYb2Y,2018-02-21T19:33:33Z,24994,77,4,Vespa_velutina,Portugal,Insects,established,trampa,Post-Introduction,Detection,Detection,2011,2010-08-21T00:00:00Z,title_description,,,,,
-RBtQYmYb2Y,2018-02-21T19:33:33Z,24994,77,4,Vespa_velutina,Portugal,Insects,established,introduccion,Post-Introduction,Invasion,Invasion,2011,2010-08-21T00:00:00Z,title_description,,,,,
-RBtQYmYb2Y,2018-02-21T19:33:33Z,24994,77,4,Vespa_velutina,Portugal,Insects,established,trampa,Post-Introduction,Detection,Detection,2011,2010-08-21T00:00:00Z,title_description,,,,,
OP8VguxcGVs,2020-07-14T16:33:20Z,78,0,0,Vespa_velutina,Portugal,Insects,established,aparece,Post-Introduction,Detection,Detection,2011,2010-08-21T00:00:00Z,title_description,,,,,
-V-GrdJ763g,2017-12-23T21:58:32Z,218,3,0,Vespa_velutina,Portugal,Insects,established,invasion,Post-Introduction,Invasion,Invasion,2011,2010-08-21T00:00:00Z,title_description,,,,,
-V-GrdJ763g,2017-12-23T21:58:32Z,218,3,0,Vespa_velutina,Portugal,Insects,established,invasion,Post-Introduction,Invasion,Invasion,2011,2010-08-21T00:00:00Z,title_description,,,,,
KeKR021fZZo,2023-08-03T21:30:09Z,11418,152,29,Vespa_velutina,Portugal,Insects,established,trampa,Post-Introduction,Detection,Detection,2011,2010-08-21T00:00:00Z,title_description,,,,,
KeKR021fZZo,2023-08-03T21:30:09Z,11418,152,29,Vespa_velutina,Portugal,Insects,established,trampa,Post-Introduction,Detection,Detection,2011,2010-08-21T00:00:00Z,title_description,,,,,
zTgb18KEH9c,2017-09-12T08:32:13Z,43,0,0,Vespa_velutina,Portugal,Insects,established,plaga,Post-Introduction,Invasion,Invasion,2011,2010-08-21T00:00:00Z,title_description,,,,,
JggIH_NqBC8,2020-07-23T21:24:44Z,357,25,3,Vespa_velutina,Portugal,Insects,established,plaga,Post-Introduction,Invasion,Invasion,2011,2010-08-21T00:00:00Z,title_description,,,,,
dke2ZAOwkVI,2018-09-05T13:36:22Z,148,0,0,Vespa_velutina,Portugal,Insects,established,trampa,Post-Introduction,Detection,Detection,2011,2010-08-21T00:00:00Z,title_description,,,,,
DvZ_pMw_4h8,2021-02-26T22:29:23Z,841,11,2,Vespa_velutina,Portugal,Insects,established,trampa,Post-Introduction,Detection,Detection,2011,2010-08-21T00:00:00Z,title_description,,,,,
DvZ_pMw_4h8,2021-02-26T22:29:23Z,841,11,2,Vespa_velutina,Portugal,Insects,established,trampa,Post-Introduction,Detection,Detection,2011,2010-08-21T00:00:00Z,title_description,,,,,
DB7DsONEE6I,2021-01-03T09:10:40Z,199,3,0,Vespa_velutina,Portugal,Insects,established,deteccion,Post-Introduction,Detection,Detection,2011,2010-08-21T00:00:00Z,title_description,,,,,
DB7DsONEE6I,2021-01-03T09:10:40Z,199,3,0,Vespa_velutina,Portugal,Insects,established,deteccion,Post-Introduction,Detection,Detection,2011,2010-08-21T00:00:00Z,title_description,,,,,
oByEUJOElys,2019-01-02T18:21:23Z,193,3,0,Vespa_velutina,Portugal,Insects,established,trampas,Post-Introduction,Detection,Detection,2011,2010-08-21T00:00:00Z,title_description,,,,,
oByEUJOElys,2019-01-02T18:21:23Z,193,3,0,Vespa_velutina,Portugal,Insects,established,capturado,Post-Introduction,Detection,Detection,2011,2010-08-21T00:00:00Z,title_description,,,,,
KVBUFZ80dcM,2020-10-28T18:49:43Z,5583,62,8,Vespa_velutina,Portugal,Insects,established,trampa,Post-Introduction,Detection,Detection,2011,2010-08-21T00:00:00Z,title_description,,,,,
KVBUFZ80dcM,2020-10-28T18:49:43Z,5583,62,8,Vespa_velutina,Portugal,Insects,established,trampa,Post-Introduction,Detection,Detection,2011,2010-08-21T00:00:00Z,title_description,,,,,
mPxrpt5Sx7g,2023-10-13T09:32:54Z,329,20,2,Vespa_velutina,Portugal,Insects,established,aparecer,Post-Introduction,Detection,Detection,2011,2010-08-21T00:00:00Z,title_description,,,,,
EyY6KodBTE0,2017-09-06T15:57:12Z,336143,2323,207,Vespa_velutina,Portugal,Insects,established,trampa,Post-Introduction,Detection,Detection,2011,2010-08-21T00:00:00Z,title_description,,,,,
EyY6KodBTE0,2017-09-06T15:57:12Z,336143,2323,207,Vespa_velutina,Portugal,Insects,established,plaga,Post-Introduction,Invasion,Invasion,2011,2010-08-21T00:00:00Z,title_description,,,,,
ea1LlgZgrdY,2019-09-04T20:19:31Z,27909,117,18,Vespa_velutina,Portugal,Insects,established,ataca,Post-Introduction,Threat,Threat,2011,2010-08-21T00:00:00Z,title_description,,,,,
ea1LlgZgrdY,2019-09-04T20:19:31Z,27909,117,18,Vespa_velutina,Portugal,Insects,established,invasora,Post-Introduction,Invasion,Invasion,2011,2010-08-21T00:00:00Z,title_description,,,,,
IIsUkjurRoY,2023-12-01T14:37:44Z,451,28,5,Vespa_velutina,Portugal,Insects,established,trampa,Post-Introduction,Detection,Detection,2011,2010-08-21T00:00:00Z,title_description,,,,,
IIsUkjurRoY,2023-12-01T14:37:44Z,451,28,5,Vespa_velutina,Portugal,Insects,established,trampas,Post-Introduction,Detection,Detection,2011,2010-08-21T00:00:00Z,title_description,,,,,
IonZEU4limw,2024-11-14T19:30:02Z,670,35,1,Vespa_velutina,Portugal,Insects,established,peligrosa,Post-Introduction,Threat,Threat,2011,2010-08-21T00:00:00Z,title_description,,,,,
IonZEU4limw,2024-11-14T19:30:02Z,670,35,1,Vespa_velutina,Portugal,Insects,established,peligrosa,Post-Introduction,Threat,Threat,2011,2010-08-21T00:00:00Z,title_description,,,,,
7tS87EqaKCQ,2017-09-03T18:09:58Z,1358,7,3,Vespa_velutina,Portugal,Insects,established,trampas,Post-Introduction,Detection,Detection,2011,2010-08-21T00:00:00Z,title_description,,,,,
YpNV9wFn3eM,2017-10-13T23:02:08Z,4454,41,1,Vespa_velutina,Portugal,Insects,established,trampa,Post-Introduction,Detection,Detection,2011,2010-08-21T00:00:00Z,title_description,,,,,
rUQuKT2oQe4,2024-10-12T17:08:36Z,143,11,0,Vespa_velutina,Portugal,Insects,established,encontrado,Post-Introduction,Detection,Detection,2011,2010-08-21T00:00:00Z,title_description,,,,,
0edLWEXVY60,2019-10-01T20:18:02Z,40032,124,14,Vespa_velutina,Portugal,Insects,established,armadilha,Post-Introduction,Detection,Detection,2011,2010-08-21T00:00:00Z,title_description,,,,,
pCNwTCrwyTs,2023-09-02T14:00:35Z,2392,50,0,Vespa_velutina,Portugal,Insects,established,perigo,Post-Introduction,Threat,Threat,2011,2010-08-21T00:00:00Z,title_description,,,,,
pCNwTCrwyTs,2023-09-02T14:00:35Z,2392,50,0,Vespa_velutina,Portugal,Insects,established,perigo,Post-Introduction,Threat,Threat,2011,2010-08-21T00:00:00Z,title_description,,,,,
rMNsKULnkvI,2014-10-28T16:04:42Z,49,1,0,Vespa_velutina,Portugal,Insects,established,ameaca,Post-Introduction,Threat,Threat,2011,2010-08-21T00:00:00Z,title_description,,,,,
4UUCB0HUyN8,2015-07-07T17:19:14Z,718,4,0,Vespa_velutina,Portugal,Insects,established,perigo,Post-Introduction,Threat,Threat,2011,2010-08-21T00:00:00Z,title_description,,,,,
7KtLa_90YEI,2022-09-18T19:41:41Z,342,12,0,Vespa_velutina,Portugal,Insects,established,armadilha,Post-Introduction,Detection,Detection,2011,2010-08-21T00:00:00Z,title_description,,,,,
2hNjDEHIqmk,2021-10-17T18:33:02Z,1489,39,0,Vespa_velutina,Portugal,Insects,established,capturada,Post-Introduction,Detection,Detection,2011,2010-08-21T00:00:00Z,title_description,,,,,
2hNjDEHIqmk,2021-10-17T18:33:02Z,1489,39,0,Vespa_velutina,Portugal,Insects,established,armadilhas,Post-Introduction,Detection,Detection,2011,2010-08-21T00:00:00Z,title_description,,,,,
-kuYeB2qTl4,2022-10-15T18:12:09Z,714,12,4,Vespa_velutina,Portugal,Insects,established,armadilha,Post-Introduction,Detection,Detection,2011,2010-08-21T00:00:00Z,title_description,,,,,
_45XMHVEH54,2023-07-03T14:06:39Z,1470,1,0,Vespa_velutina,Portugal,Insects,established,trampas,Post-Introduction,Detection,Detection,2011,2010-08-21T00:00:00Z,title_description,,,,,
_45XMHVEH54,2023-07-03T14:06:39Z,1470,1,0,Vespa_velutina,Portugal,Insects,established,trampas,Post-Introduction,Detection,Detection,2011,2010-08-21T00:00:00Z,title_description,,,,,
_45XMHVEH54,2023-07-03T14:06:39Z,1470,1,0,Vespa_velutina,Portugal,Insects,established,tienda,Post-Introduction,eCommerce,eCommerce,2011,2010-08-21T00:00:00Z,title_description,,,,,
_33QU7WnpnI,2023-09-01T17:58:52Z,3773,83,41,Vespa_velutina,Portugal,Insects,established,control,Post-Introduction,Detection,Detection,2011,2010-08-21T00:00:00Z,title_description,,,,,
9b5Du_UMnbs,2020-02-08T08:10:53Z,384,3,0,Vespa_velutina,Portugal,Insects,established,invasora,Post-Introduction,Invasion,Invasion,2011,2010-08-21T00:00:00Z,title_description,,,,,
zSNONsdqKS4,2021-05-06T11:12:00Z,23096,221,21,Vespa_velutina,Portugal,Insects,established,invasor,Post-Introduction,Invasion,Invasion,2011,2010-08-21T00:00:00Z,title_description,,,,,
zSNONsdqKS4,2021-05-06T11:12:00Z,23096,221,21,Vespa_velutina,Portugal,Insects,established,invasor,Post-Introduction,Invasion,Invasion,2011,2010-08-21T00:00:00Z,title_description,,,,,
xiz2AQxNB40,2015-09-11T10:36:47Z,2373,22,5,Vespa_velutina,Portugal,Insects,established,deteccion,Post-Introduction,Detection,Detection,2011,2010-08-21T00:00:00Z,title_description,,,,,
xiz2AQxNB40,2015-09-11T10:36:47Z,2373,22,5,Vespa_velutina,Portugal,Insects,established,deteccion,Post-Introduction,Detection,Detection,2011,2010-08-21T00:00:00Z,title_description,,,,,
bRCJpx_D1CQ,2024-01-07T10:23:31Z,28,1,0,Vespa_velutina,Portugal,Insects,established,seguimiento,Post-Introduction,Detection,Detection,2011,2010-08-21T00:00:00Z,title_description,,,,,
MGHcIy-llZ4,2020-05-20T16:46:53Z,1296,17,7,Vespa_velutina,Portugal,Insects,established,trampa,Post-Introduction,Detection,Detection,2011,2010-08-21T00:00:00Z,title_description,,,,,
kXSLkNGIjrs,2015-10-06T11:08:41Z,1841,2,1,Vespa_velutina,Portugal,Insects,established,detectado,Post-Introduction,Detection,Detection,2011,2010-08-21T00:00:00Z,title_description,,,,,
orNFa_vM3Gc,2016-11-14T08:02:10Z,1957,11,1,Vespa_velutina,Portugal,Insects,established,control,Post-Introduction,Detection,Detection,2011,2010-08-21T00:00:00Z,title_description,,,,,
-zL9qwqn12I,2020-04-28T23:04:55Z,6154,38,0,Vespa_velutina,Portugal,Insects,established,captura,Post-Introduction,Detection,Detection,2011,2010-08-21T00:00:00Z,title_description,,,,,
cMt0Il8Inx4,2023-10-14T09:24:09Z,7016,78,3,Vespa_velutina,Portugal,Insects,established,exotica,Post-Introduction,Invasion,Invasion,2011,2010-08-21T00:00:00Z,title_description,,,,,
cMt0Il8Inx4,2023-10-14T09:24:09Z,7016,78,3,Vespa_velutina,Portugal,Insects,established,reciente,Post-Introduction,Detection,Detection,2011,2010-08-21T00:00:00Z,title_description,,,,,
cMt0Il8Inx4,2023-10-14T09:24:09Z,7016,78,3,Vespa_velutina,Portugal,Insects,established,aparicion,Post-Introduction,Detection,Detection,2011,2010-08-21T00:00:00Z,title_description,,,,,
NSqZv-ef0zo,2020-05-07T09:11:50Z,38,0,0,Vespa_velutina,Portugal,Insects,established,trampas,Post-Introduction,Detection,Detection,2011,2010-08-21T00:00:00Z,title_description,,,,,
yicST4L0YkU,2016-12-08T21:03:40Z,31814,83,9,Vespa_velutina,Portugal,Insects,established,trampa,Post-Introduction,Detection,Detection,2011,2010-08-21T00:00:00Z,title_description,,,,,
7xi-HT98sCg,2025-07-30T00:19:29Z,950,5,0,Vespa_velutina,Portugal,Insects,established,trampa,Post-Introduction,Detection,Detection,2011,2010-08-21T00:00:00Z,title_description,,,,,
Ejc5cwIzt6A,2015-09-10T14:28:51Z,1377,3,0,Vespa_velutina,Portugal,Insects,established,atacando,Post-Introduction,Threat,Threat,2011,2010-08-21T00:00:00Z,title_description,,,,,
_vZAMWiee18,2021-10-04T14:55:45Z,350,3,0,Vespa_velutina,Portugal,Insects,established,plaga,Post-Introduction,Invasion,Invasion,2011,2010-08-21T00:00:00Z,title_description,,,,,
BWLpZtyLDws,2014-09-26T00:27:14Z,30058,77,6,Vespa_velutina,Portugal,Insects,established,trampa,Post-Introduction,Detection,Detection,2011,2010-08-21T00:00:00Z,title_description,,,,,
BWLpZtyLDws,2014-09-26T00:27:14Z,30058,77,6,Vespa_velutina,Portugal,Insects,established,barato,Post-Introduction,eCommerce,eCommerce,2011,2010-08-21T00:00:00Z,title_description,,,,,
dOI1NPcXqoc,2023-07-30T18:20:51Z,507,8,3,Vespa_velutina,Portugal,Insects,established,trampas,Post-Introduction,Detection,Detection,2011,2010-08-21T00:00:00Z,title_description,,,,,
dOI1NPcXqoc,2023-07-30T18:20:51Z,507,8,3,Vespa_velutina,Portugal,Insects,established,establecido,Post-Introduction,Invasion,Invasion,2011,2010-08-21T00:00:00Z,title_description,,,,,
a3uff97mg0k,2019-10-27T11:10:43Z,37065,116,13,Vespa_velutina,Portugal,Insects,established,atacando,Post-Introduction,Threat,Threat,2011,2010-08-21T00:00:00Z,title_description,,,,,
a3uff97mg0k,2019-10-27T11:10:43Z,37065,116,13,Vespa_velutina,Portugal,Insects,established,atacando,Post-Introduction,Threat,Threat,2011,2010-08-21T00:00:00Z,title_description,,,,,
GI3Yp89hKwE,2015-11-08T20:40:54Z,165,0,0,Vespa_velutina,Portugal,Insects,established,atacando,Post-Introduction,Threat,Threat,2011,2010-08-21T00:00:00Z,title_description,,,,,
mxqZQ6WedHs,2020-08-09T13:15:06Z,53,0,0,Vespa_velutina,Portugal,Insects,established,trampa,Post-Introduction,Detection,Detection,2011,2010-08-21T00:00:00Z,title_description,,,,,
_rAzWNJAqEE,2021-05-09T22:25:59Z,231,6,6,Vespa_velutina,Portugal,Insects,established,avistamiento,Post-Introduction,Detection,Detection,2011,2010-08-21T00:00:00Z,title_description,,,,,
_05ghdTW_lE,2020-08-11T15:43:19Z,108,2,1,Vespa_velutina,Portugal,Insects,established,plaga,Post-Introduction,Invasion,Invasion,2011,2010-08-21T00:00:00Z,title_description,,,,,
_05ghdTW_lE,2020-08-11T15:43:19Z,108,2,1,Vespa_velutina,Portugal,Insects,established,plaga,Post-Introduction,Invasion,Invasion,2011,2010-08-21T00:00:00Z,title_description,,,,,
9fuxvY7lBvk,2021-09-11T21:05:29Z,258,7,0,Vespa_velutina,Portugal,Insects,established,trampas,Post-Introduction,Detection,Detection,2011,2010-08-21T00:00:00Z,title_description,,,,,
dFrLHb1KO6g,2023-09-12T11:26:50Z,68,1,0,Vespa_velutina,Portugal,Insects,established,invasora,Post-Introduction,Invasion,Invasion,2011,2010-08-21T00:00:00Z,title_description,,,,,
cLNTSHUIxtU,2023-12-28T16:01:08Z,205,2,0,Vespa_velutina,Portugal,Insects,established,controlar,Post-Introduction,Detection,Detection,2011,2010-08-21T00:00:00Z,title_description,,,,,
5CMRhkVijC4,2023-04-06T13:15:01Z,172,6,2,Vespa_velutina,Portugal,Insects,established,armadilhas,Post-Introduction,Detection,Detection,2011,2010-08-21T00:00:00Z,title_description,,,,,
9nu61xIRnpU,2022-02-24T12:13:53Z,201,2,0,Vespa_velutina,Portugal,Insects,established,nativa,Post-Introduction,Invasion,Invasion,2011,2010-08-21T00:00:00Z,title_description,,,,,
9nu61xIRnpU,2022-02-24T12:13:53Z,201,2,0,Vespa_velutina,Portugal,Insects,established,captura,Post-Introduction,Detection,Detection,2011,2010-08-21T00:00:00Z,title_description,,,,,
ydqO1YpdixA,2021-07-26T18:44:57Z,1015,34,13,Vespa_velutina,Portugal,Insects,established,invasora,Post-Introduction,Invasion,Invasion,2011,2010-08-21T00:00:00Z,title_description,,,,,
GLv0CmVXyzc,2015-11-10T08:51:19Z,19857,72,8,Vespa_velutina,Portugal,Insects,established,contaminacion,Post-Introduction,Threat,Threat,2011,2010-08-21T00:00:00Z,title_description,,,,,
cvIZUlZjzoc,2023-05-10T20:00:17Z,495,12,0,Vespa_velutina,Portugal,Insects,established,armadilhas,Post-Introduction,Detection,Detection,2011,2010-08-21T00:00:00Z,title_description,,,,,
cvIZUlZjzoc,2023-05-10T20:00:17Z,495,12,0,Vespa_velutina,Portugal,Insects,established,armadilhas,Post-Introduction,Detection,Detection,2011,2010-08-21T00:00:00Z,title_description,,,,,
W3J9V4rUEaQ,2017-03-22T21:56:22Z,1377,15,1,Vespa_velutina,Portugal,Insects,established,invasion,Post-Introduction,Invasion,Invasion,2011,2010-08-21T00:00:00Z,title_description,,,,,
W3J9V4rUEaQ,2017-03-22T21:56:22Z,1377,15,1,Vespa_velutina,Portugal,Insects,established,control,Post-Introduction,Detection,Detection,2011,2010-08-21T00:00:00Z,title_description,,,,,
rE2DgMtB3VE,2024-08-06T19:30:05Z,12879,667,29,Wasmannia_auropunctata,Spain,Insects,established,invasora,Post-Introduction,Invasion,Invasion,2018,2018-05-12T00:00:00Z,title_description,,,,,
Z2qq3d_C1Zw,2025-01-20T18:00:32Z,1552,104,7,Wasmannia_auropunctata,Spain,Insects,established,alerta,Post-Introduction,Detection,Detection,2018,2018-05-12T00:00:00Z,title_description,,,,,
Z2qq3d_C1Zw,2025-01-20T18:00:32Z,1552,104,7,Wasmannia_auropunctata,Spain,Insects,established,exotica,Post-Introduction,Invasion,Invasion,2018,2018-05-12T00:00:00Z,title_description,,,,,
Z2qq3d_C1Zw,2025-01-20T18:00:32Z,1552,104,7,Wasmannia_auropunctata,Spain,Insects,established,invasora,Post-Introduction,Invasion,Invasion,2018,2018-05-12T00:00:00Z,title_description,,,,,
Z2qq3d_C1Zw,2025-01-20T18:00:32Z,1552,104,7,Wasmannia_auropunctata,Spain,Insects,established,alerta,Post-Introduction,Detection,Detection,2018,2018-05-12T00:00:00Z,title_description,,,,,
Z2qq3d_C1Zw,2025-01-20T18:00:32Z,1552,104,7,Wasmannia_auropunctata,Spain,Insects,established,exotica,Post-Introduction,Invasion,Invasion,2018,2018-05-12T00:00:00Z,title_description,,,,,
Z2qq3d_C1Zw,2025-01-20T18:00:32Z,1552,104,7,Wasmannia_auropunctata,Spain,Insects,established,peligrosa,Post-Introduction,Threat,Threat,2018,2018-05-12T00:00:00Z,title_description,,,,,
Z2qq3d_C1Zw,2025-01-20T18:00:32Z,1552,104,7,Wasmannia_auropunctata,Spain,Insects,established,invasora,Post-Introduction,Invasion,Invasion,2018,2018-05-12T00:00:00Z,title_description,,,,,
S_O9vFae6Cs,2023-02-02T11:26:37Z,204,1,0,Xylella_fastidiosa,Spain,"Bacteria, Viruses, Fungi",alien,amenaza,Post-Introduction,Threat,Threat,2016,2016-11-01T00:00:00Z,title_description,,,,,
g-XyOgYOQJw,2018-02-26T09:19:15Z,2593,8,2,Xylella_fastidiosa,Spain,"Bacteria, Viruses, Fungi",alien,plaga,Post-Introduction,Invasion,Invasion,2016,2016-11-01T00:00:00Z,title_description,,,,,
yfJqU1HcRn8,2021-06-17T08:10:24Z,246,6,0,Xylella_fastidiosa,Spain,"Bacteria, Viruses, Fungi",alien,introduccion,Post-Introduction,Invasion,Invasion,2016,2016-11-01T00:00:00Z,title_description,,,,,
l8plY-qj178,2018-10-16T15:12:45Z,2279,,,Xylella_fastidiosa,Spain,"Bacteria, Viruses, Fungi",alien,detectado,Post-Introduction,Detection,Detection,2016,2016-11-01T00:00:00Z,title_description,,,,,
Rfx559jjDQE,2018-04-17T21:58:28Z,115,0,0,Xylella_fastidiosa,Spain,"Bacteria, Viruses, Fungi",alien,detectada,Post-Introduction,Detection,Detection,2016,2016-11-01T00:00:00Z,title_description,,,,,
6m6v0mhbc7g,2019-03-12T16:15:10Z,1622,11,1,Xylella_fastidiosa,Spain,"Bacteria, Viruses, Fungi",alien,amenaza,Post-Introduction,Threat,Threat,2016,2016-11-01T00:00:00Z,title_description,,,,,
6m6v0mhbc7g,2019-03-12T16:15:10Z,1622,11,1,Xylella_fastidiosa,Spain,"Bacteria, Viruses, Fungi",alien,deteccion,Post-Introduction,Detection,Detection,2016,2016-11-01T00:00:00Z,title_description,,,,,
qb6Sb9OWWZE,2018-04-13T17:03:16Z,86,0,0,Xylella_fastidiosa,Spain,"Bacteria, Viruses, Fungi",alien,control,Post-Introduction,Detection,Detection,2016,2016-11-01T00:00:00Z,title_description,,,,,
4pFS5ltwVmc,2017-09-23T14:36:19Z,1657,27,3,Xylella_fastidiosa,Spain,"Bacteria, Viruses, Fungi",alien,amenaza,Post-Introduction,Threat,Threat,2016,2016-11-01T00:00:00Z,title_description,,,,,
HphyOP_Iv1w,2019-09-19T15:49:45Z,227,1,0,Xylella_fastidiosa,Spain,"Bacteria, Viruses, Fungi",alien,deteccion,Post-Introduction,Detection,Detection,2016,2016-11-01T00:00:00Z,title_description,,,,,
TW2rFo6JxHM,2017-09-28T09:53:58Z,187,0,,Xylella_fastidiosa,Spain,"Bacteria, Viruses, Fungi",alien,deteccion,Post-Introduction,Detection,Detection,2016,2016-11-01T00:00:00Z,title_description,,,,,
m2KiRkwK63M,2023-12-01T09:26:20Z,52,2,0,Xylella_fastidiosa,Spain,"Bacteria, Viruses, Fungi",alien,control,Post-Introduction,Detection,Detection,2016,2016-11-01T00:00:00Z,title_description,,,,,
05j1Or7IQVk,2018-06-21T07:54:08Z,2682,21,,Xylella_fastidiosa,Spain,"Bacteria, Viruses, Fungi",alien,plaga,Post-Introduction,Invasion,Invasion,2016,2016-11-01T00:00:00Z,title_description,,,,,
viYuWMawDfg,2017-07-07T10:44:51Z,5617,15,,Xylella_fastidiosa,Spain,"Bacteria, Viruses, Fungi",alien,peligrosa,Post-Introduction,Threat,Threat,2016,2016-11-01T00:00:00Z,title_description,,,,,
viYuWMawDfg,2017-07-07T10:44:51Z,5617,15,,Xylella_fastidiosa,Spain,"Bacteria, Viruses, Fungi",alien,peligrosa,Post-Introduction,Threat,Threat,2016,2016-11-01T00:00:00Z,title_description,,,,,
gZhW1bVZqxE,2015-09-10T18:03:51Z,530,2,0,Xylella_fastidiosa,Spain,"Bacteria, Viruses, Fungi",alien,contaminacion,Pre-Introduction,Threat,Threat,2016,2016-11-01T00:00:00Z,title_description,,,,,
p7F7_fNP-wg,2017-07-18T07:46:18Z,524,3,,Xylella_fastidiosa,Spain,"Bacteria, Viruses, Fungi",alien,deteccion,Post-Introduction,Detection,Detection,2016,2016-11-01T00:00:00Z,title_description,,,,,
_IwJ_rx1heQ,2018-04-18T08:54:33Z,132,1,0,Xylella_fastidiosa,Spain,"Bacteria, Viruses, Fungi",alien,detectado,Post-Introduction,Detection,Detection,2016,2016-11-01T00:00:00Z,title_description,,,,,
xO_hcnZATPE,2021-04-07T12:30:50Z,1540,20,3,Xylella_fastidiosa,Spain,"Bacteria, Viruses, Fungi",alien,vector,Post-Introduction,Threat,Threat,2016,2016-11-01T00:00:00Z,title_description,,,,,
gMWBxqjnwas,2017-06-30T17:13:07Z,1089,,,Xylella_fastidiosa,Spain,"Bacteria, Viruses, Fungi",alien,deteccion,Post-Introduction,Detection,Detection,2016,2016-11-01T00:00:00Z,title_description,,,,,
Ui-Igq0Sb9g,2018-01-08T07:46:03Z,544,2,0,Xylella_fastidiosa,Spain,"Bacteria, Viruses, Fungi",alien,control,Post-Introduction,Detection,Detection,2016,2016-11-01T00:00:00Z,title_description,,,,,
QIbiwO6j7ho,2021-07-15T06:57:56Z,180,3,0,Xylella_fastidiosa,Spain,"Bacteria, Viruses, Fungi",alien,plaga,Post-Introduction,Invasion,Invasion,2016,2016-11-01T00:00:00Z,title_description,,,,,
QIbiwO6j7ho,2021-07-15T06:57:56Z,180,3,0,Xylella_fastidiosa,Spain,"Bacteria, Viruses, Fungi",alien,plaga,Post-Introduction,Invasion,Invasion,2016,2016-11-01T00:00:00Z,title_description,,,,,
uJG6A6al2gw,2015-01-26T10:13:34Z,149,0,0,Xylella_fastidiosa,Spain,"Bacteria, Viruses, Fungi",alien,amenaza,Pre-Introduction,Threat,Threat,2016,2016-11-01T00:00:00Z,title_description,,,,,
gELI4tb9-p0,2024-08-12T17:50:27Z,907,30,0,Xylella_fastidiosa,Spain,"Bacteria, Viruses, Fungi",alien,peligro,Post-Introduction,Threat,Threat,2016,2016-11-01T00:00:00Z,title_description,,,,,
_gqVuRWWzDc,2015-02-17T09:39:56Z,89,0,0,Xylella_fastidiosa,Spain,"Bacteria, Viruses, Fungi",alien,amenaza,Pre-Introduction,Threat,Threat,2016,2016-11-01T00:00:00Z,title_description,,,,,
vgnBsqYB_zQ,2017-07-20T15:42:43Z,279,1,0,Xylella_fastidiosa,Spain,"Bacteria, Viruses, Fungi",alien,plaga,Post-Introduction,Invasion,Invasion,2016,2016-11-01T00:00:00Z,title_description,,,,,
vgnBsqYB_zQ,2017-07-20T15:42:43Z,279,1,0,Xylella_fastidiosa,Spain,"Bacteria, Viruses, Fungi",alien,controlada,Post-Introduction,Detection,Detection,2016,2016-11-01T00:00:00Z,title_description,,,,,
syppJTqj234,2024-04-24T09:03:49Z,58,0,0,Xylella_fastidiosa,Spain,"Bacteria, Viruses, Fungi",alien,plaga,Post-Introduction,Invasion,Invasion,2016,2016-11-01T00:00:00Z,title_description,,,,,
K3P7PZgZD_M,2019-09-19T15:49:45Z,224,5,0,Xylella_fastidiosa,Spain,"Bacteria, Viruses, Fungi",alien,deteccion,Post-Introduction,Detection,Detection,2016,2016-11-01T00:00:00Z,title_description,,,,,
WDffmcwsets,2023-05-18T11:27:48Z,89,,,Xylella_fastidiosa,Spain,"Bacteria, Viruses, Fungi",alien,manejo,Post-Introduction,Detection,Detection,2016,2016-11-01T00:00:00Z,title_description,,,,,
WDffmcwsets,2023-05-18T11:27:48Z,89,,,Xylella_fastidiosa,Spain,"Bacteria, Viruses, Fungi",alien,plagas,Post-Introduction,Invasion,Invasion,2016,2016-11-01T00:00:00Z,title_description,,,,,
H313dWnAYls,2019-09-25T12:57:25Z,38,1,1,Xylella_fastidiosa,Spain,"Bacteria, Viruses, Fungi",alien,control,Post-Introduction,Detection,Detection,2016,2016-11-01T00:00:00Z,title_description,,,,,
8p6fZm1oLkk,2017-03-02T12:23:25Z,7,0,0,Xylella_fastidiosa,Spain,"Bacteria, Viruses, Fungi",alien,adoptadas,Post-Introduction,eCommerce,eCommerce,2016,2016-11-01T00:00:00Z,title_description,,,,,
Y2VcXiJCWig,2019-09-19T15:49:45Z,569,5,0,Xylella_fastidiosa,Spain,"Bacteria, Viruses, Fungi",alien,deteccion,Post-Introduction,Detection,Detection,2016,2016-11-01T00:00:00Z,title_description,,,,,
AmTtHOTTenc,2023-01-16T10:29:05Z,306,4,0,Xylella_fastidiosa,Spain,"Bacteria, Viruses, Fungi",alien,perigosa,Post-Introduction,Threat,Threat,2016,2016-11-01T00:00:00Z,title_description,,,,,
AmTtHOTTenc,2023-01-16T10:29:05Z,306,4,0,Xylella_fastidiosa,Spain,"Bacteria, Viruses, Fungi",alien,ataca,Post-Introduction,Threat,Threat,2016,2016-11-01T00:00:00Z,title_description,,,,,
AmTtHOTTenc,2023-01-16T10:29:05Z,306,4,0,Xylella_fastidiosa,Spain,"Bacteria, Viruses, Fungi",alien,risco,Post-Introduction,Threat,Threat,2016,2016-11-01T00:00:00Z,title_description,,,,,
uYklTk2zlBM,2023-02-27T14:32:48Z,505,6,0,Xylella_fastidiosa,Spain,"Bacteria, Viruses, Fungi",alien,controlo,Post-Introduction,Detection,Detection,2016,2016-11-01T00:00:00Z,title_description,,,,,
uYklTk2zlBM,2023-02-27T14:32:48Z,505,6,0,Xylella_fastidiosa,Spain,"Bacteria, Viruses, Fungi",alien,identificada,Post-Introduction,Detection,Detection,2016,2016-11-01T00:00:00Z,title_description,,,,,
uYklTk2zlBM,2023-02-27T14:32:48Z,505,6,0,Xylella_fastidiosa,Spain,"Bacteria, Viruses, Fungi",alien,recentemente,Post-Introduction,Detection,Detection,2016,2016-11-01T00:00:00Z,title_description,,,,,
hM6LMZypJlc,2021-03-17T08:44:12Z,32,3,0,Xylella_fastidiosa,Spain,"Bacteria, Viruses, Fungi",alien,dispersion,Post-Introduction,Invasion,Invasion,2016,2016-11-01T00:00:00Z,title_description,,,,,
hM6LMZypJlc,2021-03-17T08:44:12Z,32,3,0,Xylella_fastidiosa,Spain,"Bacteria, Viruses, Fungi",alien,vector,Post-Introduction,Threat,Threat,2016,2016-11-01T00:00:00Z,title_description,,,,,
fDy5JE1CTho,2019-09-19T15:49:45Z,96,1,0,Xylella_fastidiosa,Spain,"Bacteria, Viruses, Fungi",alien,deteccion,Post-Introduction,Detection,Detection,2016,2016-11-01T00:00:00Z,title_description,,,,,
ZSAOzdkREHc,2023-11-29T12:35:31Z,29,0,0,Xylella_fastidiosa,Spain,"Bacteria, Viruses, Fungi",alien,deteccion,Post-Introduction,Detection,Detection,2016,2016-11-01T00:00:00Z,title_description,,,,,
HksBW5FTwIc,2019-09-25T12:25:38Z,44,0,0,Xylella_fastidiosa,Spain,"Bacteria, Viruses, Fungi",alien,expansion,Post-Introduction,Invasion,Invasion,2016,2016-11-01T00:00:00Z,title_description,,,,,
IYh9y07_OGw,2023-12-01T09:28:00Z,90,0,0,Xylella_fastidiosa,Spain,"Bacteria, Viruses, Fungi",alien,control,Post-Introduction,Detection,Detection,2016,2016-11-01T00:00:00Z,title_description,,,,,
xXvuoqzU99U,2023-05-21T15:46:43Z,1625,38,5,Zebrasoma_flavescens,Spain,Fishes,uncertain,acuario,Post-Introduction,eCommerce,eCommerce,2008,2008-06-01T00:00:00Z,title_description,,,,,
vgW4G7HGYQ4,2017-05-19T16:35:15Z,43,2,2,Zebrasoma_flavescens,Spain,Fishes,uncertain,acuario,Post-Introduction,eCommerce,eCommerce,2008,2008-06-01T00:00:00Z,title_description,,,,,
7z5B_s3A-bk,2010-02-27T05:40:35Z,864,3,0,Zebrasoma_flavescens,Spain,Fishes,uncertain,acuario,Post-Introduction,eCommerce,eCommerce,2008,2008-06-01T00:00:00Z,title_description,,,,,
tUfHmSiesqw,2017-10-30T08:35:08Z,6060,176,34,Zebrasoma_flavescens,Spain,Fishes,uncertain,acuario,Post-Introduction,eCommerce,eCommerce,2008,2008-06-01T00:00:00Z,title_description,,,,,
tUfHmSiesqw,2017-10-30T08:35:08Z,6060,176,34,Zebrasoma_flavescens,Spain,Fishes,uncertain,acuario,Post-Introduction,eCommerce,eCommerce,2008,2008-06-01T00:00:00Z,title_description,,,,,
tUfHmSiesqw,2017-10-30T08:35:08Z,6060,176,34,Zebrasoma_flavescens,Spain,Fishes,uncertain,acuario,Post-Introduction,eCommerce,eCommerce,2008,2008-06-01T00:00:00Z,title_description,,,,,
tUfHmSiesqw,2017-10-30T08:35:08Z,6060,176,34,Zebrasoma_flavescens,Spain,Fishes,uncertain,acuario,Post-Introduction,eCommerce,eCommerce,2008,2008-06-01T00:00:00Z,title_description,,,,,
9Dcqn-Xems0,2021-09-25T08:19:08Z,264,6,0,Zebrasoma_flavescens,Spain,Fishes,uncertain,tienda,Post-Introduction,eCommerce,eCommerce,2008,2008-06-01T00:00:00Z,title_description,,,,,
9Dcqn-Xems0,2021-09-25T08:19:08Z,264,6,0,Zebrasoma_flavescens,Spain,Fishes,uncertain,precio,Post-Introduction,eCommerce,eCommerce,2008,2008-06-01T00:00:00Z,title_description,,,,,
LV2RwawumF0,2015-09-26T06:48:47Z,896,0,0,Zebrasoma_flavescens,Spain,Fishes,uncertain,acuario,Post-Introduction,eCommerce,eCommerce,2008,2008-06-01T00:00:00Z,title_description,,,,,
P2P8AhN9D7E,2014-10-29T09:51:01Z,88,0,0,Zebrasoma_flavescens,Spain,Fishes,uncertain,acuarios,Post-Introduction,eCommerce,eCommerce,2008,2008-06-01T00:00:00Z,title_description,,,,,
jZbaH-16K7o,2016-07-01T15:14:23Z,244,9,2,Zebrasoma_flavescens,Spain,Fishes,uncertain,acuario,Post-Introduction,eCommerce,eCommerce,2008,2008-06-01T00:00:00Z,title_description,,,,,
2TyOkVtY-cI,2012-01-08T16:36:30Z,2475,7,1,Zebrasoma_flavescens,Spain,Fishes,uncertain,acuario,Post-Introduction,eCommerce,eCommerce,2008,2008-06-01T00:00:00Z,title_description,,,,,
GJgsCRxaCdc,2017-10-07T18:33:51Z,1233,4,0,Zebrasoma_flavescens,Spain,Fishes,uncertain,aquario,Post-Introduction,eCommerce,eCommerce,2008,2008-06-01T00:00:00Z,title_description,,,,,
6DZ_PN9StbY,2024-01-12T21:35:06Z,229,,1,Acridotheres_cristatellus,Portugal,Birds,established,visto,Post-Introduction,Detection,Detection,2007,2007-06-01T12:00:00Z,comment,4,0,Ugx64sDXPbFR4Z9aoSF4AaABAg,,FALSE
cXOEJRKUSYA,2020-10-10T09:21:26Z,19,,1,Aedes_aegypti,Madeira,Insects,established,transmisor,Post-Introduction,Threat,Threat,2006,2006-06-01T12:00:00Z,comment,2,1,UgyCaYB-eVzGkulwIqV4AaABAg,,FALSE
cXOEJRKUSYA,2020-10-10T09:21:26Z,19,,1,Aedes_aegypti,Madeira,Insects,established,alerta,Post-Introduction,Detection,Detection,2006,2006-06-01T12:00:00Z,comment,2,1,UgyCaYB-eVzGkulwIqV4AaABAg,,FALSE
cXOEJRKUSYA,2020-10-10T09:21:26Z,19,,1,Aedes_aegypti,Madeira,Insects,established,controlar,Post-Introduction,Detection,Detection,2006,2006-06-01T12:00:00Z,comment,2,1,UgyCaYB-eVzGkulwIqV4AaABAg,,FALSE
cXOEJRKUSYA,2020-10-10T09:21:26Z,19,,1,Aedes_aegypti,Madeira,Insects,established,propagando,Post-Introduction,Invasion,Invasion,2006,2006-06-01T12:00:00Z,comment,2,1,UgyCaYB-eVzGkulwIqV4AaABAg,,FALSE
cXOEJRKUSYA,2020-10-10T09:21:26Z,19,,1,Aedes_aegypti,Madeira,Insects,established,deteccion,Post-Introduction,Detection,Detection,2006,2006-06-01T12:00:00Z,comment,2,1,UgyCaYB-eVzGkulwIqV4AaABAg,,FALSE
6MMkZX7CjNU,2018-04-09T19:44:26Z,47975,,14,Aedes_aegypti,Madeira,Insects,established,armadilhas,Post-Introduction,Detection,Detection,2006,2006-06-01T12:00:00Z,comment,517,1,UgwX4hzO6jE_cetAXsB4AaABAg,,FALSE
6MMkZX7CjNU,2018-04-09T19:44:26Z,47975,,14,Aedes_aegypti,Madeira,Insects,established,pragas,Post-Introduction,Invasion,Invasion,2006,2006-06-01T12:00:00Z,comment,517,1,UgwX4hzO6jE_cetAXsB4AaABAg,,FALSE
jplPCvooj30,2025-09-25T23:37:11Z,640,,2,Agapornis_fischeri,Portugal,Birds,alien,visto,Post-Introduction,Detection,Detection,2008,2008-06-01T12:00:00Z,comment,25,0,UgwIsdtJWgV_eg2OQxx4AaABAg.AG_W7PISz41ANWJiVNtU4G,UgwIsdtJWgV_eg2OQxx4AaABAg,TRUE
J_v3RGXBkoU,2022-04-29T20:31:29Z,60183,,147,Agapornis_fischeri,Portugal,Birds,alien,precio,Post-Introduction,eCommerce,eCommerce,2008,2008-06-01T12:00:00Z,comment,1618,0,UgwTVGaf0Na763T4YjB4AaABAg,,FALSE
J_v3RGXBkoU,2021-11-07T04:48:25Z,60183,,147,Agapornis_fischeri,Portugal,Birds,alien,compre,Post-Introduction,eCommerce,eCommerce,2008,2008-06-01T12:00:00Z,comment,1618,0,Ugw5IZgocqBnydLSStt4AaABAg,,FALSE
J_v3RGXBkoU,2020-12-18T09:10:00Z,60183,,147,Agapornis_fischeri,Portugal,Birds,alien,adoptar,Post-Introduction,eCommerce,eCommerce,2008,2008-06-01T12:00:00Z,comment,1618,2,Ugx_lyr2_Iwb_tUYzQR4AaABAg,,FALSE
J_v3RGXBkoU,2020-12-18T09:10:00Z,60183,,147,Agapornis_fischeri,Portugal,Birds,alien,visto,Post-Introduction,Detection,Detection,2008,2008-06-01T12:00:00Z,comment,1618,2,Ugx_lyr2_Iwb_tUYzQR4AaABAg,,FALSE
J_v3RGXBkoU,2020-10-03T17:59:25Z,60183,,147,Agapornis_fischeri,Portugal,Birds,alien,cara,Post-Introduction,eCommerce,eCommerce,2008,2008-06-01T12:00:00Z,comment,1618,3,Ugyz42dYKh2HBtjZV3B4AaABAg,,FALSE
J_v3RGXBkoU,2020-10-03T13:34:26Z,60183,,147,Agapornis_fischeri,Portugal,Birds,alien,precios,Post-Introduction,eCommerce,eCommerce,2008,2008-06-01T12:00:00Z,comment,1618,7,UgylIUufiD2foRE6lt94AaABAg,,FALSE
J_v3RGXBkoU,2020-10-03T21:44:16Z,60183,,147,Agapornis_fischeri,Portugal,Birds,alien,reciente,Post-Introduction,Detection,Detection,2008,2008-06-01T12:00:00Z,comment,1618,1,Ugxom_D4vQjhBDXeSqt4AaABAg.9EMPO1BqZnI9EMucrpcOe4,Ugxom_D4vQjhBDXeSqt4AaABAg,TRUE
6i3EdHZpNek,2022-03-07T05:22:48Z,503,,21,Agapornis_fischeri,Portugal,Birds,alien,encontre,Post-Introduction,Detection,Detection,2008,2008-06-01T12:00:00Z,comment,32,2,Ugz4a3Sh3vF5XR0zw814AaABAg,,FALSE
rKIDF7bx7hc,2020-04-11T11:05:09Z,24018,,9,Agapornis_nigrigenis,Spain,Birds,alien,hibridacion,Post-Introduction,Threat,Threat,2006,2006-06-01T12:00:00Z,comment,115,1,UgyIneNwLMbaIGNbFiN4AaABAg.97FO6SfeVon97J9NfP-BlX,UgyIneNwLMbaIGNbFiN4AaABAg,TRUE
rKIDF7bx7hc,2020-03-04T16:22:32Z,24018,,9,Agapornis_nigrigenis,Spain,Birds,alien,vender,Post-Introduction,eCommerce,eCommerce,2006,2006-06-01T12:00:00Z,comment,115,0,Ugy6VvwRV_VSduoYNqp4AaABAg.95hPz2QTiq995msV-henL4,Ugy6VvwRV_VSduoYNqp4AaABAg,TRUE
rKIDF7bx7hc,2020-03-04T16:22:32Z,24018,,9,Agapornis_nigrigenis,Spain,Birds,alien,pajareria,Post-Introduction,eCommerce,eCommerce,2006,2006-06-01T12:00:00Z,comment,115,0,Ugy6VvwRV_VSduoYNqp4AaABAg.95hPz2QTiq995msV-henL4,Ugy6VvwRV_VSduoYNqp4AaABAg,TRUE
rKIDF7bx7hc,2020-02-01T23:24:55Z,24018,,9,Agapornis_nigrigenis,Spain,Birds,alien,controlar,Post-Introduction,Detection,Detection,2006,2006-06-01T12:00:00Z,comment,115,0,UgzfKJnq2btgasre2Gd4AaABAg.94Bdn6BYJ5D94WEOcGuPom,UgzfKJnq2btgasre2Gd4AaABAg,TRUE
THFcmMTenUk,2019-10-17T22:42:29Z,429,,2,Agapornis_nigrigenis,Spain,Birds,alien,toxica,Post-Introduction,Threat,Threat,2006,2006-06-01T12:00:00Z,comment,8,0,UgysQL9cz-Kwrb5Z6UN4AaABAg,,FALSE
THFcmMTenUk,2019-10-17T22:42:29Z,429,,2,Agapornis_nigrigenis,Spain,Birds,alien,peligrosa,Post-Introduction,Threat,Threat,2006,2006-06-01T12:00:00Z,comment,8,0,UgysQL9cz-Kwrb5Z6UN4AaABAg,,FALSE
4gE7tKfYfaQ,2019-04-08T19:34:01Z,198150,,38,Agapornis_nigrigenis,Spain,Birds,alien,compre,Post-Introduction,eCommerce,eCommerce,2006,2006-06-01T12:00:00Z,comment,790,1,UgyfzXwG3nkQeqMiXtx4AaABAg,,FALSE
4gE7tKfYfaQ,2018-03-12T15:21:02Z,198150,,38,Agapornis_nigrigenis,Spain,Birds,alien,jaula,Post-Introduction,eCommerce,eCommerce,2006,2006-06-01T12:00:00Z,comment,790,1,UgxH5tDSx6ofzLLu2SJ4AaABAg,,FALSE
4gE7tKfYfaQ,2019-04-09T08:39:08Z,198150,,38,Agapornis_nigrigenis,Spain,Birds,alien,tienda,Post-Introduction,eCommerce,eCommerce,2006,2006-06-01T12:00:00Z,comment,790,1,UgyfzXwG3nkQeqMiXtx4AaABAg.8tTvHoxmcCA8tVK8Bfct7W,UgyfzXwG3nkQeqMiXtx4AaABAg,TRUE
4gE7tKfYfaQ,2019-04-09T08:39:08Z,198150,,38,Agapornis_nigrigenis,Spain,Birds,alien,jaula,Post-Introduction,eCommerce,eCommerce,2006,2006-06-01T12:00:00Z,comment,790,1,UgyfzXwG3nkQeqMiXtx4AaABAg.8tTvHoxmcCA8tVK8Bfct7W,UgyfzXwG3nkQeqMiXtx4AaABAg,TRUE
wNyrBfCj394,2021-06-10T20:55:57Z,2803,,25,Agapornis_nigrigenis,Spain,Birds,alien,comprar,Post-Introduction,eCommerce,eCommerce,2006,2006-06-01T12:00:00Z,comment,121,1,UgyypTuwX5voZT72DzR4AaABAg,,FALSE
wNyrBfCj394,2021-06-10T17:47:57Z,2803,,25,Agapornis_nigrigenis,Spain,Birds,alien,cara,Post-Introduction,eCommerce,eCommerce,2006,2006-06-01T12:00:00Z,comment,121,2,UgxpTa_dJeijG_9I1pR4AaABAg,,FALSE
iBHbkPVSn0k,2024-04-23T07:08:08Z,11780,,8,Amazona_albifrons,Spain,Birds,alien,enjaulado,Post-Introduction,eCommerce,eCommerce,2007,2007-06-01T12:00:00Z,comment,231,2,Ugzc9CG4mKbJbxuJtD54AaABAg,,FALSE
r4v6tf7xwRE,2021-10-06T18:32:13Z,140303,,91,Amazona_amazonica,Portugal,Birds,alien,encontre,Post-Introduction,Detection,Detection,2012,2012-06-01T12:00:00Z,comment,995,0,UgxUgkVf2V7g5Wr8XWF4AaABAg,,FALSE
r4v6tf7xwRE,2017-05-01T02:42:07Z,140303,,91,Amazona_amazonica,Portugal,Birds,alien,vender,Post-Introduction,eCommerce,eCommerce,2012,2012-06-01T12:00:00Z,comment,995,1,UgiPlqpTOqY-qngCoAEC,,FALSE
r4v6tf7xwRE,2019-11-30T11:04:30Z,140303,,91,Amazona_amazonica,Portugal,Birds,alien,jaula,Post-Introduction,eCommerce,eCommerce,2012,2012-06-01T12:00:00Z,comment,995,0,UgzJzm835MPacDpkk0J4AaABAg.8y3hEeOLetH91xg_TWGzTQ,UgzJzm835MPacDpkk0J4AaABAg,TRUE
A4HbcYJUPR8,2025-09-24T19:02:44Z,2959,,2,Amazona_ochrocephala,Portugal,Birds,alien,precio,Post-Introduction,eCommerce,eCommerce,2007,2007-06-01T12:00:00Z,comment,88,0,UgzQMxjacmnBSkmLTgF4AaABAg,,FALSE
s8RnxajPQdA,2020-12-18T22:51:35Z,5054,,7,Anser_cygnoides,Portugal,Birds,alien,vender,Post-Introduction,eCommerce,eCommerce,2008,2008-06-01T12:00:00Z,comment,65,0,UgyrXbxmmGs3SzUb-QF4AaABAg,,FALSE
s8RnxajPQdA,2020-12-15T04:00:39Z,5054,,7,Anser_cygnoides,Portugal,Birds,alien,comprar,Post-Introduction,eCommerce,eCommerce,2008,2008-06-01T12:00:00Z,comment,65,0,Ugwmn8bFQMDIU78wJU14AaABAg,,FALSE
s8RnxajPQdA,2020-12-15T04:00:39Z,5054,,7,Anser_cygnoides,Portugal,Birds,alien,vender,Post-Introduction,eCommerce,eCommerce,2008,2008-06-01T12:00:00Z,comment,65,0,Ugwmn8bFQMDIU78wJU14AaABAg,,FALSE
07VQgsoyWuo,2025-10-05T00:37:30Z,1457,,2,Anser_cygnoides,Portugal,Birds,alien,vender,Post-Introduction,eCommerce,eCommerce,2008,2008-06-01T12:00:00Z,comment,24,0,UgwKNyvMiI4mlAkfWd54AaABAg,,FALSE
kZ0L36LaReQ,2020-09-26T05:40:28Z,6863,,26,Apalone_ferox,Spain,Herptiles,alien,acuarios,Post-Introduction,eCommerce,eCommerce,2018,2018-06-01T12:00:00Z,comment,42,0,Ugzf6PgF1I3ZD8xZv2R4AaABAg,,FALSE
kZ0L36LaReQ,2017-06-27T12:01:34Z,6863,,26,Apalone_ferox,Spain,Herptiles,alien,prohibido,Pre-Introduction,eCommerce,eCommerce,2018,2018-06-01T12:00:00Z,comment,42,1,UghtiJLr7K7CCngCoAEC,,FALSE
kZ0L36LaReQ,2015-03-16T11:58:04Z,6863,,26,Apalone_ferox,Spain,Herptiles,alien,atacando,Pre-Introduction,Threat,Threat,2018,2018-06-01T12:00:00Z,comment,42,4,Ugjo4Y7yV37-0ngCoAEC,,FALSE
kZ0L36LaReQ,2013-04-17T14:21:24Z,6863,,26,Apalone_ferox,Spain,Herptiles,alien,compre,Pre-Introduction,eCommerce,eCommerce,2018,2018-06-01T12:00:00Z,comment,42,0,UgyEx2NJn1xDjlBam5l4AaABAg,,FALSE
kZ0L36LaReQ,2017-07-06T04:49:41Z,6863,,26,Apalone_ferox,Spain,Herptiles,alien,compre,Pre-Introduction,eCommerce,eCommerce,2018,2018-06-01T12:00:00Z,comment,42,0,Uggo6IHA5PwjPHgCoAEC.8UejawjJRnA8UeoXt7apR1,Uggo6IHA5PwjPHgCoAEC,TRUE
kZ0L36LaReQ,2017-06-27T14:04:31Z,6863,,26,Apalone_ferox,Spain,Herptiles,alien,acuarios,Pre-Introduction,eCommerce,eCommerce,2018,2018-06-01T12:00:00Z,comment,42,0,UghtiJLr7K7CCngCoAEC.8UJPo9cYr-78UJcshQuxI6,UghtiJLr7K7CCngCoAEC,TRUE
4hYp55iG6x0,2021-03-24T22:00:30Z,5080,,24,Apalone_ferox,Spain,Herptiles,alien,acuario,Post-Introduction,eCommerce,eCommerce,2018,2018-06-01T12:00:00Z,comment,48,0,UgxYNTlWdwIlWMwvYrB4AaABAg,,FALSE
4hYp55iG6x0,2013-08-21T01:53:23Z,5080,,24,Apalone_ferox,Spain,Herptiles,alien,compre,Pre-Introduction,eCommerce,eCommerce,2018,2018-06-01T12:00:00Z,comment,48,0,Ugzloo8ecohgv56FWAp4AaABAg,,FALSE
4hYp55iG6x0,2013-08-21T01:53:23Z,5080,,24,Apalone_ferox,Spain,Herptiles,alien,caro,Pre-Introduction,eCommerce,eCommerce,2018,2018-06-01T12:00:00Z,comment,48,0,Ugzloo8ecohgv56FWAp4AaABAg,,FALSE
4hYp55iG6x0,2013-08-18T04:52:16Z,5080,,24,Apalone_ferox,Spain,Herptiles,alien,pecera,Pre-Introduction,eCommerce,eCommerce,2018,2018-06-01T12:00:00Z,comment,48,0,Ugz_qh5SqGmNaQvGKxF4AaABAg,,FALSE
4hYp55iG6x0,2013-07-04T02:29:38Z,5080,,24,Apalone_ferox,Spain,Herptiles,alien,compre,Pre-Introduction,eCommerce,eCommerce,2018,2018-06-01T12:00:00Z,comment,48,0,UgyKJaIeSBdtXRU1DmJ4AaABAg,,FALSE
4hYp55iG6x0,2013-07-04T02:29:38Z,5080,,24,Apalone_ferox,Spain,Herptiles,alien,acuario,Pre-Introduction,eCommerce,eCommerce,2018,2018-06-01T12:00:00Z,comment,48,0,UgyKJaIeSBdtXRU1DmJ4AaABAg,,FALSE
4hYp55iG6x0,2013-07-04T02:29:38Z,5080,,24,Apalone_ferox,Spain,Herptiles,alien,acuarios,Pre-Introduction,eCommerce,eCommerce,2018,2018-06-01T12:00:00Z,comment,48,0,UgyKJaIeSBdtXRU1DmJ4AaABAg,,FALSE
LyTlWBXKtRw,2013-09-28T04:55:16Z,4655,,39,Apalone_ferox,Spain,Herptiles,alien,peceras,Pre-Introduction,eCommerce,eCommerce,2018,2018-06-01T12:00:00Z,comment,70,0,UgxMpjr3mHkGya0lsc94AaABAg,,FALSE
LyTlWBXKtRw,2013-09-08T01:29:03Z,4655,,39,Apalone_ferox,Spain,Herptiles,alien,pecera,Pre-Introduction,eCommerce,eCommerce,2018,2018-06-01T12:00:00Z,comment,70,0,UgycOg1c6SW1qFy16fB4AaABAg,,FALSE
LyTlWBXKtRw,2013-08-31T05:55:19Z,4655,,39,Apalone_ferox,Spain,Herptiles,alien,compre,Pre-Introduction,eCommerce,eCommerce,2018,2018-06-01T12:00:00Z,comment,70,0,UgwOL0b1jq2A-2LRtHt4AaABAg,,FALSE
LyTlWBXKtRw,2013-08-31T05:55:19Z,4655,,39,Apalone_ferox,Spain,Herptiles,alien,acuario,Pre-Introduction,eCommerce,eCommerce,2018,2018-06-01T12:00:00Z,comment,70,0,UgwOL0b1jq2A-2LRtHt4AaABAg,,FALSE
LyTlWBXKtRw,2013-08-31T05:55:19Z,4655,,39,Apalone_ferox,Spain,Herptiles,alien,acuario,Pre-Introduction,eCommerce,eCommerce,2018,2018-06-01T12:00:00Z,comment,70,0,UgwOL0b1jq2A-2LRtHt4AaABAg,,FALSE
LyTlWBXKtRw,2013-04-26T03:31:49Z,4655,,39,Apalone_ferox,Spain,Herptiles,alien,comprar,Pre-Introduction,eCommerce,eCommerce,2018,2018-06-01T12:00:00Z,comment,70,0,Ugx49s6--jPoy5ZW9Yt4AaABAg,,FALSE
OWTqm3Mu9wE,2018-10-31T01:24:40Z,7925,,18,Apalone_ferox,Spain,Herptiles,alien,acuario,Post-Introduction,eCommerce,eCommerce,2018,2018-06-01T12:00:00Z,comment,108,3,UgwMB_UWxsBUNONeXdB4AaABAg,,FALSE
OWTqm3Mu9wE,2019-06-02T21:22:56Z,7925,,18,Apalone_ferox,Spain,Herptiles,alien,manejo,Post-Introduction,Detection,Detection,2018,2018-06-01T12:00:00Z,comment,108,0,UgwMB_UWxsBUNONeXdB4AaABAg.8n2ZDzvYPC48vgjTjhYYIn,UgwMB_UWxsBUNONeXdB4AaABAg,TRUE
3xykat9Ikck,2020-12-29T06:25:44Z,8243,,28,Apalone_ferox,Spain,Herptiles,alien,pecera,Post-Introduction,eCommerce,eCommerce,2018,2018-06-01T12:00:00Z,comment,114,0,UgxoClVvX0oI-m5bQrZ4AaABAg,,FALSE
3xykat9Ikck,2016-08-19T02:42:34Z,8243,,28,Apalone_ferox,Spain,Herptiles,alien,pecera,Pre-Introduction,eCommerce,eCommerce,2018,2018-06-01T12:00:00Z,comment,114,0,Ughskwkq1czoongCoAEC,,FALSE
3xykat9Ikck,2015-11-20T17:22:15Z,8243,,28,Apalone_ferox,Spain,Herptiles,alien,acuario,Pre-Introduction,eCommerce,eCommerce,2018,2018-06-01T12:00:00Z,comment,114,0,UgioSZwWGm1scHgCoAEC,,FALSE
3xykat9Ikck,2015-04-09T20:50:58Z,8243,,28,Apalone_ferox,Spain,Herptiles,alien,acuario,Pre-Introduction,eCommerce,eCommerce,2018,2018-06-01T12:00:00Z,comment,114,0,UggUsY1dfO7RaXgCoAEC,,FALSE
3xykat9Ikck,2015-04-09T17:33:05Z,8243,,28,Apalone_ferox,Spain,Herptiles,alien,acuario,Pre-Introduction,eCommerce,eCommerce,2018,2018-06-01T12:00:00Z,comment,114,0,UghJ0dU6m_Hb43gCoAEC,,FALSE
3xykat9Ikck,2015-04-09T12:50:30Z,8243,,28,Apalone_ferox,Spain,Herptiles,alien,acuario,Pre-Introduction,eCommerce,eCommerce,2018,2018-06-01T12:00:00Z,comment,114,0,UgiNR6nt5kvosngCoAEC,,FALSE
3xykat9Ikck,2015-04-09T17:38:17Z,8243,,28,Apalone_ferox,Spain,Herptiles,alien,peligrosa,Pre-Introduction,Threat,Threat,2018,2018-06-01T12:00:00Z,comment,114,1,UghJ0dU6m_Hb43gCoAEC.7-H0Z7-9E197-H19Al3YCB,UghJ0dU6m_Hb43gCoAEC,TRUE
3sSlaZn9v7s,2015-05-17T23:08:18Z,3810,,13,Apalone_ferox,Spain,Herptiles,alien,acuarios,Pre-Introduction,eCommerce,eCommerce,2018,2018-06-01T12:00:00Z,comment,49,0,UghmV_fzAom1cngCoAEC.8-Ghd6n3r4a7-H4M-MaCUj,UghmV_fzAom1cngCoAEC,TRUE
1SW4I5oAbrY,2022-02-07T00:03:07Z,23569,,107,Aratinga_jandaya,Spain,Birds,alien,gaiola,Post-Introduction,eCommerce,eCommerce,2008,2008-06-01T12:00:00Z,comment,1506,0,Ugzgbs5wTJ5mvbPhSvh4AaABAg,,FALSE
1SW4I5oAbrY,2022-01-27T02:06:49Z,23569,,107,Aratinga_jandaya,Spain,Birds,alien,vender,Post-Introduction,eCommerce,eCommerce,2008,2008-06-01T12:00:00Z,comment,1506,0,Ugz6yFHHFdnqwfZYs7N4AaABAg,,FALSE
1SW4I5oAbrY,2020-07-22T16:09:57Z,23569,,107,Aratinga_jandaya,Spain,Birds,alien,comprar,Post-Introduction,eCommerce,eCommerce,2008,2008-06-01T12:00:00Z,comment,1506,0,UgxV12javJhAVOyWWa94AaABAg,,FALSE
1SW4I5oAbrY,2019-04-15T17:26:19Z,23569,,107,Aratinga_jandaya,Spain,Birds,alien,gaiola,Post-Introduction,eCommerce,eCommerce,2008,2008-06-01T12:00:00Z,comment,1506,0,UgyCietfa8tfhIssw-B4AaABAg,,FALSE
1SW4I5oAbrY,2019-04-15T17:26:19Z,23569,,107,Aratinga_jandaya,Spain,Birds,alien,gaiola,Post-Introduction,eCommerce,eCommerce,2008,2008-06-01T12:00:00Z,comment,1506,0,UgyCietfa8tfhIssw-B4AaABAg,,FALSE
1SW4I5oAbrY,2018-12-03T21:19:05Z,23569,,107,Aratinga_jandaya,Spain,Birds,alien,loja,Post-Introduction,eCommerce,eCommerce,2008,2008-06-01T12:00:00Z,comment,1506,0,Ugx8gm5iqo92h8qrIEt4AaABAg,,FALSE
1SW4I5oAbrY,2018-12-03T09:19:27Z,23569,,107,Aratinga_jandaya,Spain,Birds,alien,loja,Post-Introduction,eCommerce,eCommerce,2008,2008-06-01T12:00:00Z,comment,1506,0,Ugwx0HdzMunV0phvMfd4AaABAg,,FALSE
1SW4I5oAbrY,2018-12-03T09:19:27Z,23569,,107,Aratinga_jandaya,Spain,Birds,alien,preco,Post-Introduction,eCommerce,eCommerce,2008,2008-06-01T12:00:00Z,comment,1506,0,Ugwx0HdzMunV0phvMfd4AaABAg,,FALSE
1SW4I5oAbrY,2018-12-02T19:28:39Z,23569,,107,Aratinga_jandaya,Spain,Birds,alien,comprar,Post-Introduction,eCommerce,eCommerce,2008,2008-06-01T12:00:00Z,comment,1506,0,Ugzc0EP2YL5vb3eI1nh4AaABAg,,FALSE
1SW4I5oAbrY,2018-12-02T00:45:00Z,23569,,107,Aratinga_jandaya,Spain,Birds,alien,aquarios,Post-Introduction,eCommerce,eCommerce,2008,2008-06-01T12:00:00Z,comment,1506,3,Ugw7g_JWQFOjyyjROKt4AaABAg,,FALSE
1SW4I5oAbrY,2018-12-01T21:14:52Z,23569,,107,Aratinga_jandaya,Spain,Birds,alien,loja,Post-Introduction,eCommerce,eCommerce,2008,2008-06-01T12:00:00Z,comment,1506,0,UgxqFfaqUzCW7cvtEeR4AaABAg,,FALSE
mGXBJIpUEAI,2025-03-08T23:31:10Z,454,,3,Aratinga_jandaya,Spain,Birds,alien,precio,Post-Introduction,eCommerce,eCommerce,2008,2008-06-01T12:00:00Z,comment,10,0,UgwVqjRGt3h8861QdSJ4AaABAg,,FALSE
mGXBJIpUEAI,2025-03-04T14:11:32Z,454,,3,Aratinga_jandaya,Spain,Birds,alien,visto,Post-Introduction,Detection,Detection,2008,2008-06-01T12:00:00Z,comment,10,0,UgxS3Qdyo3tdV3nsOB94AaABAg,,FALSE
7GLcDLJc9d4,2017-11-28T08:52:33Z,1381,,2,Balistoides_conspicillum,Spain,Fishes,uncertain,comprei,Post-Introduction,eCommerce,eCommerce,2012,2012-06-01T12:00:00Z,comment,14,0,UgzlQT7vxMAi1jYSTit4AaABAg.8_UeB3fRmEA8_Vbaa3_PHP,UgzlQT7vxMAi1jYSTit4AaABAg,TRUE
7GLcDLJc9d4,2017-11-28T08:52:33Z,1381,,2,Balistoides_conspicillum,Spain,Fishes,uncertain,aquario,Post-Introduction,eCommerce,eCommerce,2012,2012-06-01T12:00:00Z,comment,14,0,UgzlQT7vxMAi1jYSTit4AaABAg.8_UeB3fRmEA8_Vbaa3_PHP,UgzlQT7vxMAi1jYSTit4AaABAg,TRUE
NkFFa6M5m6s,2023-10-22T23:29:46Z,17163,,6,Belonochilus_numenius,Spain,Insects,established,plaga,Post-Introduction,Invasion,Invasion,2008,2008-06-01T12:00:00Z,comment,30,0,UgyXLzBHj6BOIFGAnQp4AaABAg,,FALSE
NkFFa6M5m6s,2023-10-22T23:29:46Z,17163,,6,Belonochilus_numenius,Spain,Insects,established,visto,Post-Introduction,Detection,Detection,2008,2008-06-01T12:00:00Z,comment,30,0,UgyXLzBHj6BOIFGAnQp4AaABAg,,FALSE
NkFFa6M5m6s,2023-10-22T23:29:46Z,17163,,6,Belonochilus_numenius,Spain,Insects,established,plaga,Post-Introduction,Invasion,Invasion,2008,2008-06-01T12:00:00Z,comment,30,0,UgyXLzBHj6BOIFGAnQp4AaABAg,,FALSE
NkFFa6M5m6s,2019-10-23T18:52:27Z,17163,,6,Belonochilus_numenius,Spain,Insects,established,aparecieron,Post-Introduction,Detection,Detection,2008,2008-06-01T12:00:00Z,comment,30,1,UgyM1chccwAjgFAdvgx4AaABAg,,FALSE
SQbxXXZT6FQ,2022-04-06T04:35:03Z,238,,12,Bemisia_tabaci,Spain,Insects,alien,plaga,Post-Introduction,Invasion,Invasion,2006,2006-06-01T12:00:00Z,comment,27,1,UgyWjiUSiRgiYGBU1MB4AaABAg,,FALSE
SQbxXXZT6FQ,2022-04-06T20:31:39Z,238,,12,Bemisia_tabaci,Spain,Insects,alien,plaga,Post-Introduction,Invasion,Invasion,2006,2006-06-01T12:00:00Z,comment,27,0,UgzjC0CnETcI1Wb7KSt4AaABAg.9_Uyh04hW3N9_UzX7mCFiB,UgzjC0CnETcI1Wb7KSt4AaABAg,TRUE
SQbxXXZT6FQ,2022-04-06T04:48:19Z,238,,12,Bemisia_tabaci,Spain,Insects,alien,plaga,Post-Introduction,Invasion,Invasion,2006,2006-06-01T12:00:00Z,comment,27,1,UgyWjiUSiRgiYGBU1MB4AaABAg.9_TH2ql6bux9_TI_-EaOJb,UgyWjiUSiRgiYGBU1MB4AaABAg,TRUE
SQbxXXZT6FQ,2022-04-06T04:48:19Z,238,,12,Bemisia_tabaci,Spain,Insects,alien,plagas,Post-Introduction,Invasion,Invasion,2006,2006-06-01T12:00:00Z,comment,27,1,UgyWjiUSiRgiYGBU1MB4AaABAg.9_TH2ql6bux9_TI_-EaOJb,UgyWjiUSiRgiYGBU1MB4AaABAg,TRUE
SQbxXXZT6FQ,2022-04-06T04:48:19Z,238,,12,Bemisia_tabaci,Spain,Insects,alien,aparece,Post-Introduction,Detection,Detection,2006,2006-06-01T12:00:00Z,comment,27,1,UgyWjiUSiRgiYGBU1MB4AaABAg.9_TH2ql6bux9_TI_-EaOJb,UgyWjiUSiRgiYGBU1MB4AaABAg,TRUE
SQbxXXZT6FQ,2022-04-06T04:48:19Z,238,,12,Bemisia_tabaci,Spain,Insects,alien,plaga,Post-Introduction,Invasion,Invasion,2006,2006-06-01T12:00:00Z,comment,27,1,UgyWjiUSiRgiYGBU1MB4AaABAg.9_TH2ql6bux9_TI_-EaOJb,UgyWjiUSiRgiYGBU1MB4AaABAg,TRUE
SQbxXXZT6FQ,2022-04-06T04:48:19Z,238,,12,Bemisia_tabaci,Spain,Insects,alien,plaga,Post-Introduction,Invasion,Invasion,2006,2006-06-01T12:00:00Z,comment,27,1,UgyWjiUSiRgiYGBU1MB4AaABAg.9_TH2ql6bux9_TI_-EaOJb,UgyWjiUSiRgiYGBU1MB4AaABAg,TRUE
SQbxXXZT6FQ,2022-04-06T04:48:19Z,238,,12,Bemisia_tabaci,Spain,Insects,alien,plaga,Post-Introduction,Invasion,Invasion,2006,2006-06-01T12:00:00Z,comment,27,1,UgyWjiUSiRgiYGBU1MB4AaABAg.9_TH2ql6bux9_TI_-EaOJb,UgyWjiUSiRgiYGBU1MB4AaABAg,TRUE
SQbxXXZT6FQ,2022-04-06T04:48:19Z,238,,12,Bemisia_tabaci,Spain,Insects,alien,manejo,Post-Introduction,Detection,Detection,2006,2006-06-01T12:00:00Z,comment,27,1,UgyWjiUSiRgiYGBU1MB4AaABAg.9_TH2ql6bux9_TI_-EaOJb,UgyWjiUSiRgiYGBU1MB4AaABAg,TRUE
SQbxXXZT6FQ,2022-04-06T04:48:19Z,238,,12,Bemisia_tabaci,Spain,Insects,alien,manejo,Post-Introduction,Detection,Detection,2006,2006-06-01T12:00:00Z,comment,27,1,UgyWjiUSiRgiYGBU1MB4AaABAg.9_TH2ql6bux9_TI_-EaOJb,UgyWjiUSiRgiYGBU1MB4AaABAg,TRUE
SQbxXXZT6FQ,2022-04-06T05:11:05Z,238,,12,Bemisia_tabaci,Spain,Insects,alien,control,Post-Introduction,Detection,Detection,2006,2006-06-01T12:00:00Z,comment,27,1,UgyWjiUSiRgiYGBU1MB4AaABAg.9_TH2ql6bux9_TLAkAO3xb,UgyWjiUSiRgiYGBU1MB4AaABAg,TRUE
SQbxXXZT6FQ,2022-04-06T05:11:05Z,238,,12,Bemisia_tabaci,Spain,Insects,alien,seguimiento,Post-Introduction,Detection,Detection,2006,2006-06-01T12:00:00Z,comment,27,1,UgyWjiUSiRgiYGBU1MB4AaABAg.9_TH2ql6bux9_TLAkAO3xb,UgyWjiUSiRgiYGBU1MB4AaABAg,TRUE
SQbxXXZT6FQ,2022-04-06T12:51:42Z,238,,12,Bemisia_tabaci,Spain,Insects,alien,seguimiento,Post-Introduction,Detection,Detection,2006,2006-06-01T12:00:00Z,comment,27,1,UgyWjiUSiRgiYGBU1MB4AaABAg.9_TH2ql6bux9_U9tNfeehQ,UgyWjiUSiRgiYGBU1MB4AaABAg,TRUE
SQbxXXZT6FQ,2022-04-06T12:51:42Z,238,,12,Bemisia_tabaci,Spain,Insects,alien,aparece,Post-Introduction,Detection,Detection,2006,2006-06-01T12:00:00Z,comment,27,1,UgyWjiUSiRgiYGBU1MB4AaABAg.9_TH2ql6bux9_U9tNfeehQ,UgyWjiUSiRgiYGBU1MB4AaABAg,TRUE
1Rr-ocW6uWw,2025-08-09T15:12:59Z,734486,,362,Bemisia_tabaci,Spain,Insects,alien,trampas,Post-Introduction,Detection,Detection,2006,2006-06-01T12:00:00Z,comment,21296,0,Ugwg1cpwRNhfGfk8O6Z4AaABAg,,FALSE
1Rr-ocW6uWw,2025-06-16T11:56:35Z,734486,,362,Bemisia_tabaci,Spain,Insects,alien,danino,Post-Introduction,Threat,Threat,2006,2006-06-01T12:00:00Z,comment,21296,0,Ugyn6rJ7vmJANlD4t6V4AaABAg,,FALSE
1Rr-ocW6uWw,2025-06-10T03:09:21Z,734486,,362,Bemisia_tabaci,Spain,Insects,alien,plagas,Post-Introduction,Invasion,Invasion,2006,2006-06-01T12:00:00Z,comment,21296,0,Ugzk0SdWdBduB5OJebt4AaABAg,,FALSE
1Rr-ocW6uWw,2025-06-10T03:09:21Z,734486,,362,Bemisia_tabaci,Spain,Insects,alien,control,Post-Introduction,Detection,Detection,2006,2006-06-01T12:00:00Z,comment,21296,0,Ugzk0SdWdBduB5OJebt4AaABAg,,FALSE
1Rr-ocW6uWw,2024-02-22T02:22:56Z,734486,,362,Bemisia_tabaci,Spain,Insects,alien,trampas,Post-Introduction,Detection,Detection,2006,2006-06-01T12:00:00Z,comment,21296,0,UgzUN2P6zRbbOxrsiwx4AaABAg,,FALSE
1Rr-ocW6uWw,2023-08-29T20:07:21Z,734486,,362,Bemisia_tabaci,Spain,Insects,alien,peligro,Post-Introduction,Threat,Threat,2006,2006-06-01T12:00:00Z,comment,21296,0,Ugy9WeJIJU59FLT_9d54AaABAg,,FALSE
1Rr-ocW6uWw,2023-08-29T20:07:21Z,734486,,362,Bemisia_tabaci,Spain,Insects,alien,plaga,Post-Introduction,Invasion,Invasion,2006,2006-06-01T12:00:00Z,comment,21296,0,Ugy9WeJIJU59FLT_9d54AaABAg,,FALSE
1Rr-ocW6uWw,2023-07-07T11:49:11Z,734486,,362,Bemisia_tabaci,Spain,Insects,alien,plaga,Post-Introduction,Invasion,Invasion,2006,2006-06-01T12:00:00Z,comment,21296,0,Ugxw7gJSekCzcsf7WbB4AaABAg,,FALSE
1Rr-ocW6uWw,2023-02-23T13:50:38Z,734486,,362,Bemisia_tabaci,Spain,Insects,alien,plaga,Post-Introduction,Invasion,Invasion,2006,2006-06-01T12:00:00Z,comment,21296,0,UgxJDoEemCxaytSUdMh4AaABAg,,FALSE
1Rr-ocW6uWw,2022-07-07T21:15:35Z,734486,,362,Bemisia_tabaci,Spain,Insects,alien,visto,Post-Introduction,Detection,Detection,2006,2006-06-01T12:00:00Z,comment,21296,1,UgwAMTuiql11FlLPoTp4AaABAg,,FALSE
1Rr-ocW6uWw,2022-04-14T17:20:57Z,734486,,362,Bemisia_tabaci,Spain,Insects,alien,trampa,Post-Introduction,Detection,Detection,2006,2006-06-01T12:00:00Z,comment,21296,0,Ugx0MdPDq3L7sUz2wb14AaABAg,,FALSE
1Rr-ocW6uWw,2022-03-27T08:48:14Z,734486,,362,Bemisia_tabaci,Spain,Insects,alien,trampas,Post-Introduction,Detection,Detection,2006,2006-06-01T12:00:00Z,comment,21296,4,UgyODCQtEO85hkUTyol4AaABAg,,FALSE
1Rr-ocW6uWw,2021-10-02T20:03:21Z,734486,,362,Bemisia_tabaci,Spain,Insects,alien,mercado,Post-Introduction,eCommerce,eCommerce,2006,2006-06-01T12:00:00Z,comment,21296,0,Ugzr_LlMWun7aXrDJRB4AaABAg,,FALSE
1Rr-ocW6uWw,2021-08-29T16:37:11Z,734486,,362,Bemisia_tabaci,Spain,Insects,alien,plaga,Post-Introduction,Invasion,Invasion,2006,2006-06-01T12:00:00Z,comment,21296,0,UgxvH2K0ZVwTIIRsITl4AaABAg,,FALSE
1Rr-ocW6uWw,2021-05-26T17:12:28Z,734486,,362,Bemisia_tabaci,Spain,Insects,alien,plaga,Post-Introduction,Invasion,Invasion,2006,2006-06-01T12:00:00Z,comment,21296,1,Ugw-K05h760rkw9loiN4AaABAg,,FALSE
1Rr-ocW6uWw,2021-04-29T00:42:12Z,734486,,362,Bemisia_tabaci,Spain,Insects,alien,plaga,Post-Introduction,Invasion,Invasion,2006,2006-06-01T12:00:00Z,comment,21296,4,Ugw5DZO9oXqEqZDJWlp4AaABAg,,FALSE
1Rr-ocW6uWw,2021-04-29T00:42:12Z,734486,,362,Bemisia_tabaci,Spain,Insects,alien,plaga,Post-Introduction,Invasion,Invasion,2006,2006-06-01T12:00:00Z,comment,21296,4,Ugw5DZO9oXqEqZDJWlp4AaABAg,,FALSE
1Rr-ocW6uWw,2021-04-29T00:42:12Z,734486,,362,Bemisia_tabaci,Spain,Insects,alien,visto,Post-Introduction,Detection,Detection,2006,2006-06-01T12:00:00Z,comment,21296,4,Ugw5DZO9oXqEqZDJWlp4AaABAg,,FALSE
1Rr-ocW6uWw,2021-04-29T00:42:12Z,734486,,362,Bemisia_tabaci,Spain,Insects,alien,visto,Post-Introduction,Detection,Detection,2006,2006-06-01T12:00:00Z,comment,21296,4,Ugw5DZO9oXqEqZDJWlp4AaABAg,,FALSE
1Rr-ocW6uWw,2021-04-22T20:26:03Z,734486,,362,Bemisia_tabaci,Spain,Insects,alien,caro,Post-Introduction,eCommerce,eCommerce,2006,2006-06-01T12:00:00Z,comment,21296,0,UgyygojsYK6jDD8xJRh4AaABAg,,FALSE
1Rr-ocW6uWw,2021-04-11T14:37:47Z,734486,,362,Bemisia_tabaci,Spain,Insects,alien,control,Post-Introduction,Detection,Detection,2006,2006-06-01T12:00:00Z,comment,21296,0,UgxsnOhR2fSDlo-oilV4AaABAg,,FALSE
1Rr-ocW6uWw,2021-04-10T15:19:35Z,734486,,362,Bemisia_tabaci,Spain,Insects,alien,trampas,Post-Introduction,Detection,Detection,2006,2006-06-01T12:00:00Z,comment,21296,0,UgxCedYwTOc_SA-DhV54AaABAg,,FALSE
1Rr-ocW6uWw,2021-03-23T04:03:20Z,734486,,362,Bemisia_tabaci,Spain,Insects,alien,trampas,Post-Introduction,Detection,Detection,2006,2006-06-01T12:00:00Z,comment,21296,0,UgytCSHGtGrWL8yrWZl4AaABAg,,FALSE
1Rr-ocW6uWw,2021-01-29T02:41:41Z,734486,,362,Bemisia_tabaci,Spain,Insects,alien,trampas,Post-Introduction,Detection,Detection,2006,2006-06-01T12:00:00Z,comment,21296,0,UgxU44Z5wVN94BEgQ-54AaABAg,,FALSE
1Rr-ocW6uWw,2021-01-24T14:31:29Z,734486,,362,Bemisia_tabaci,Spain,Insects,alien,trampas,Post-Introduction,Detection,Detection,2006,2006-06-01T12:00:00Z,comment,21296,0,UgwFvvluRi_Lhl85j3t4AaABAg,,FALSE
1Rr-ocW6uWw,2021-01-24T14:31:29Z,734486,,362,Bemisia_tabaci,Spain,Insects,alien,trampas,Post-Introduction,Detection,Detection,2006,2006-06-01T12:00:00Z,comment,21296,0,UgwFvvluRi_Lhl85j3t4AaABAg,,FALSE
1Rr-ocW6uWw,2021-01-20T16:36:11Z,734486,,362,Bemisia_tabaci,Spain,Insects,alien,compre,Post-Introduction,eCommerce,eCommerce,2006,2006-06-01T12:00:00Z,comment,21296,0,UgyZnzVZ9MSXCXPIQq54AaABAg,,FALSE
1Rr-ocW6uWw,2023-04-08T22:41:01Z,734486,,362,Bemisia_tabaci,Spain,Insects,alien,plaga,Post-Introduction,Invasion,Invasion,2006,2006-06-01T12:00:00Z,comment,21296,1,UgxlzWxiX4Xz8RmFiXx4AaABAg.9oCUtJfcsDI9oGD3sOdIFf,UgxlzWxiX4Xz8RmFiXx4AaABAg,TRUE
1Rr-ocW6uWw,2022-11-06T18:11:04Z,734486,,362,Bemisia_tabaci,Spain,Insects,alien,peligroso,Post-Introduction,Threat,Threat,2006,2006-06-01T12:00:00Z,comment,21296,0,UgwxNO79YdRHZopBGY14AaABAg.9i3gO6ZHx0g9i5lYp1jttg,UgwxNO79YdRHZopBGY14AaABAg,TRUE
1Rr-ocW6uWw,2022-11-06T18:11:04Z,734486,,362,Bemisia_tabaci,Spain,Insects,alien,riesgo,Post-Introduction,Threat,Threat,2006,2006-06-01T12:00:00Z,comment,21296,0,UgwxNO79YdRHZopBGY14AaABAg.9i3gO6ZHx0g9i5lYp1jttg,UgwxNO79YdRHZopBGY14AaABAg,TRUE
1Rr-ocW6uWw,2021-05-30T22:16:38Z,734486,,362,Bemisia_tabaci,Spain,Insects,alien,plaga,Post-Introduction,Invasion,Invasion,2006,2006-06-01T12:00:00Z,comment,21296,0,Ugw-K05h760rkw9loiN4AaABAg.9NoXKdueceR9NzNJyzNxo0,Ugw-K05h760rkw9loiN4AaABAg,TRUE
1Rr-ocW6uWw,2021-05-30T22:16:38Z,734486,,362,Bemisia_tabaci,Spain,Insects,alien,controlar,Post-Introduction,Detection,Detection,2006,2006-06-01T12:00:00Z,comment,21296,0,Ugw-K05h760rkw9loiN4AaABAg.9NoXKdueceR9NzNJyzNxo0,Ugw-K05h760rkw9loiN4AaABAg,TRUE
1Rr-ocW6uWw,2021-03-25T22:33:43Z,734486,,362,Bemisia_tabaci,Spain,Insects,alien,plaga,Post-Introduction,Invasion,Invasion,2006,2006-06-01T12:00:00Z,comment,21296,0,UgwLrP16VgquSNlj25B4AaABAg.9LHi1Zu85-b9LKSoJxgq0Q,UgwLrP16VgquSNlj25B4AaABAg,TRUE
1Rr-ocW6uWw,2021-03-25T22:33:43Z,734486,,362,Bemisia_tabaci,Spain,Insects,alien,plagas,Post-Introduction,Invasion,Invasion,2006,2006-06-01T12:00:00Z,comment,21296,0,UgwLrP16VgquSNlj25B4AaABAg.9LHi1Zu85-b9LKSoJxgq0Q,UgwLrP16VgquSNlj25B4AaABAg,TRUE
1Rr-ocW6uWw,2021-02-09T08:55:14Z,734486,,362,Bemisia_tabaci,Spain,Insects,alien,trampas,Post-Introduction,Detection,Detection,2006,2006-06-01T12:00:00Z,comment,21296,0,UgyHrnTFc2J4xBMxzkx4AaABAg.9JXE6teNrq89JXhA5ZVpgq,UgyHrnTFc2J4xBMxzkx4AaABAg,TRUE
1Rr-ocW6uWw,2020-09-22T03:13:29Z,734486,,362,Bemisia_tabaci,Spain,Insects,alien,precio,Post-Introduction,eCommerce,eCommerce,2006,2006-06-01T12:00:00Z,comment,21296,1,Ugy7gTNm1VAQrf6J4GR4AaABAg,,FALSE
1Rr-ocW6uWw,2020-09-02T18:15:54Z,734486,,362,Bemisia_tabaci,Spain,Insects,alien,trampa,Post-Introduction,Detection,Detection,2006,2006-06-01T12:00:00Z,comment,21296,0,UgytruXTv71fSthY_Gt4AaABAg,,FALSE
1Rr-ocW6uWw,2020-07-05T17:53:01Z,734486,,362,Bemisia_tabaci,Spain,Insects,alien,compre,Post-Introduction,eCommerce,eCommerce,2006,2006-06-01T12:00:00Z,comment,21296,0,UgzpOYImb0HuyhIZwIZ4AaABAg,,FALSE
1Rr-ocW6uWw,2020-06-26T21:25:07Z,734486,,362,Bemisia_tabaci,Spain,Insects,alien,plaga,Post-Introduction,Invasion,Invasion,2006,2006-06-01T12:00:00Z,comment,21296,0,UgzQ7Q218bP4fVcg-ux4AaABAg,,FALSE
1Rr-ocW6uWw,2020-04-26T03:36:07Z,734486,,362,Bemisia_tabaci,Spain,Insects,alien,controlar,Post-Introduction,Detection,Detection,2006,2006-06-01T12:00:00Z,comment,21296,0,UgzCUBLyHcemXR5Af1V4AaABAg,,FALSE
1Rr-ocW6uWw,2020-01-22T20:24:08Z,734486,,362,Bemisia_tabaci,Spain,Insects,alien,atacando,Post-Introduction,Threat,Threat,2006,2006-06-01T12:00:00Z,comment,21296,0,UgwJCL2E4OL-2E_PQsh4AaABAg,,FALSE
1Rr-ocW6uWw,2019-10-06T17:41:11Z,734486,,362,Bemisia_tabaci,Spain,Insects,alien,trampas,Post-Introduction,Detection,Detection,2006,2006-06-01T12:00:00Z,comment,21296,0,UgzJDhFnj6gtGTHkTax4AaABAg,,FALSE
1Rr-ocW6uWw,2019-10-03T19:02:35Z,734486,,362,Bemisia_tabaci,Spain,Insects,alien,trampas,Post-Introduction,Detection,Detection,2006,2006-06-01T12:00:00Z,comment,21296,0,Ugwb0mt_xSvr1CdJzNl4AaABAg,,FALSE
1Rr-ocW6uWw,2019-08-30T13:36:53Z,734486,,362,Bemisia_tabaci,Spain,Insects,alien,trampas,Post-Introduction,Detection,Detection,2006,2006-06-01T12:00:00Z,comment,21296,0,UgwiDY39a-EC8DDi8Nt4AaABAg,,FALSE
1Rr-ocW6uWw,2019-08-11T15:48:53Z,734486,,362,Bemisia_tabaci,Spain,Insects,alien,plagas,Post-Introduction,Invasion,Invasion,2006,2006-06-01T12:00:00Z,comment,21296,38,Ugw332KHBwO_zagLmyR4AaABAg,,FALSE
1Rr-ocW6uWw,2019-07-02T20:37:24Z,734486,,362,Bemisia_tabaci,Spain,Insects,alien,control,Post-Introduction,Detection,Detection,2006,2006-06-01T12:00:00Z,comment,21296,0,UgzYBLgACTI83NTt8f54AaABAg,,FALSE
1Rr-ocW6uWw,2019-07-02T20:37:24Z,734486,,362,Bemisia_tabaci,Spain,Insects,alien,control,Post-Introduction,Detection,Detection,2006,2006-06-01T12:00:00Z,comment,21296,0,UgzYBLgACTI83NTt8f54AaABAg,,FALSE
1Rr-ocW6uWw,2019-05-13T03:38:34Z,734486,,362,Bemisia_tabaci,Spain,Insects,alien,control,Post-Introduction,Detection,Detection,2006,2006-06-01T12:00:00Z,comment,21296,0,Ugw4HDLeQaoYFWPIHUp4AaABAg,,FALSE
1Rr-ocW6uWw,2019-05-13T03:38:34Z,734486,,362,Bemisia_tabaci,Spain,Insects,alien,plaga,Post-Introduction,Invasion,Invasion,2006,2006-06-01T12:00:00Z,comment,21296,0,Ugw4HDLeQaoYFWPIHUp4AaABAg,,FALSE
1Rr-ocW6uWw,2019-05-13T03:35:42Z,734486,,362,Bemisia_tabaci,Spain,Insects,alien,plaga,Post-Introduction,Invasion,Invasion,2006,2006-06-01T12:00:00Z,comment,21296,0,UgzzPMzIOF7cta7zWeh4AaABAg,,FALSE
1Rr-ocW6uWw,2019-05-13T03:35:42Z,734486,,362,Bemisia_tabaci,Spain,Insects,alien,plaga,Post-Introduction,Invasion,Invasion,2006,2006-06-01T12:00:00Z,comment,21296,0,UgzzPMzIOF7cta7zWeh4AaABAg,,FALSE
1Rr-ocW6uWw,2019-05-13T03:35:42Z,734486,,362,Bemisia_tabaci,Spain,Insects,alien,plaga,Post-Introduction,Invasion,Invasion,2006,2006-06-01T12:00:00Z,comment,21296,0,UgzzPMzIOF7cta7zWeh4AaABAg,,FALSE
1Rr-ocW6uWw,2019-05-13T03:35:42Z,734486,,362,Bemisia_tabaci,Spain,Insects,alien,comprar,Post-Introduction,eCommerce,eCommerce,2006,2006-06-01T12:00:00Z,comment,21296,0,UgzzPMzIOF7cta7zWeh4AaABAg,,FALSE
1Rr-ocW6uWw,2020-02-18T18:24:28Z,734486,,362,Bemisia_tabaci,Spain,Insects,alien,visto,Post-Introduction,Detection,Detection,2006,2006-06-01T12:00:00Z,comment,21296,0,UgwJCL2E4OL-2E_PQsh4AaABAg.9469kj2oXTg95BTWw4i8QA,UgwJCL2E4OL-2E_PQsh4AaABAg,TRUE
1Rr-ocW6uWw,2020-02-28T15:05:00Z,734486,,362,Bemisia_tabaci,Spain,Insects,alien,descubierto,Post-Introduction,Detection,Detection,2006,2006-06-01T12:00:00Z,comment,21296,0,UgwJCL2E4OL-2E_PQsh4AaABAg.9469kj2oXTg95_rdhOHq9n,UgwJCL2E4OL-2E_PQsh4AaABAg,TRUE
1Rr-ocW6uWw,2020-02-28T15:05:00Z,734486,,362,Bemisia_tabaci,Spain,Insects,alien,compre,Post-Introduction,eCommerce,eCommerce,2006,2006-06-01T12:00:00Z,comment,21296,0,UgwJCL2E4OL-2E_PQsh4AaABAg.9469kj2oXTg95_rdhOHq9n,UgwJCL2E4OL-2E_PQsh4AaABAg,TRUE
1Rr-ocW6uWw,2020-02-28T15:05:00Z,734486,,362,Bemisia_tabaci,Spain,Insects,alien,plagas,Post-Introduction,Invasion,Invasion,2006,2006-06-01T12:00:00Z,comment,21296,0,UgwJCL2E4OL-2E_PQsh4AaABAg.9469kj2oXTg95_rdhOHq9n,UgwJCL2E4OL-2E_PQsh4AaABAg,TRUE
1Rr-ocW6uWw,2020-04-23T08:20:01Z,734486,,362,Bemisia_tabaci,Spain,Insects,alien,plaga,Post-Introduction,Invasion,Invasion,2006,2006-06-01T12:00:00Z,comment,21296,1,Ugw8uBHu-wKJr_rZp9d4AaABAg.8v-obvwpg9d97ml0d7w9tT,Ugw8uBHu-wKJr_rZp9d4AaABAg,TRUE
1Rr-ocW6uWw,2020-08-30T03:25:20Z,734486,,362,Bemisia_tabaci,Spain,Insects,alien,aparece,Post-Introduction,Detection,Detection,2006,2006-06-01T12:00:00Z,comment,21296,0,Ugw8uBHu-wKJr_rZp9d4AaABAg.8v-obvwpg9d9CyOqCFvoFA,Ugw8uBHu-wKJr_rZp9d4AaABAg,TRUE
oFsPXVXOCr4,2025-12-12T17:31:26Z,23586,,14,Bemisia_tabaci,Spain,Insects,alien,plaga,Post-Introduction,Invasion,Invasion,2006,2006-06-01T12:00:00Z,comment,754,0,UgyboRMGxGH4kjGJ4n94AaABAg,,FALSE
GW3a3jgH3kc,2021-05-14T20:12:56Z,56137,,159,Bemisia_tabaci,Spain,Insects,alien,comprar,Post-Introduction,eCommerce,eCommerce,2006,2006-06-01T12:00:00Z,comment,2577,0,UgzOPBjDHzKRavx0oJR4AaABAg,,FALSE
GW3a3jgH3kc,2021-02-01T17:50:30Z,56137,,159,Bemisia_tabaci,Spain,Insects,alien,ataca,Post-Introduction,Threat,Threat,2006,2006-06-01T12:00:00Z,comment,2577,0,UgxZrBalx6Rgh4ti5m94AaABAg,,FALSE
GW3a3jgH3kc,2021-01-27T14:11:25Z,56137,,159,Bemisia_tabaci,Spain,Insects,alien,plaga,Post-Introduction,Invasion,Invasion,2006,2006-06-01T12:00:00Z,comment,2577,0,UgwEUoMI-57V0cPjKQt4AaABAg,,FALSE
GW3a3jgH3kc,2021-01-20T02:38:07Z,56137,,159,Bemisia_tabaci,Spain,Insects,alien,plagas,Post-Introduction,Invasion,Invasion,2006,2006-06-01T12:00:00Z,comment,2577,2,UgzLY_VGFRPxDaD56nR4AaABAg,,FALSE
GW3a3jgH3kc,2021-01-17T01:51:52Z,56137,,159,Bemisia_tabaci,Spain,Insects,alien,encontre,Post-Introduction,Detection,Detection,2006,2006-06-01T12:00:00Z,comment,2577,0,UgzUg4lzxN83yIuKoWB4AaABAg,,FALSE
GW3a3jgH3kc,2021-01-17T01:51:52Z,56137,,159,Bemisia_tabaci,Spain,Insects,alien,mercado,Post-Introduction,eCommerce,eCommerce,2006,2006-06-01T12:00:00Z,comment,2577,0,UgzUg4lzxN83yIuKoWB4AaABAg,,FALSE
GW3a3jgH3kc,2021-01-15T08:36:13Z,56137,,159,Bemisia_tabaci,Spain,Insects,alien,visto,Post-Introduction,Detection,Detection,2006,2006-06-01T12:00:00Z,comment,2577,0,UgzrwqgjesQR99BuduF4AaABAg,,FALSE
GW3a3jgH3kc,2021-01-14T23:44:04Z,56137,,159,Bemisia_tabaci,Spain,Insects,alien,invasora,Post-Introduction,Invasion,Invasion,2006,2006-06-01T12:00:00Z,comment,2577,1,UgzlXtjPTbbie5QKNxt4AaABAg,,FALSE
GW3a3jgH3kc,2021-01-14T23:44:04Z,56137,,159,Bemisia_tabaci,Spain,Insects,alien,plaga,Post-Introduction,Invasion,Invasion,2006,2006-06-01T12:00:00Z,comment,2577,1,UgzlXtjPTbbie5QKNxt4AaABAg,,FALSE
GW3a3jgH3kc,2021-01-14T22:44:07Z,56137,,159,Bemisia_tabaci,Spain,Insects,alien,vista,Post-Introduction,Detection,Detection,2006,2006-06-01T12:00:00Z,comment,2577,0,Ugxel6cEUTwNsK4tEKZ4AaABAg,,FALSE
GW3a3jgH3kc,2021-01-14T22:44:07Z,56137,,159,Bemisia_tabaci,Spain,Insects,alien,comprar,Post-Introduction,eCommerce,eCommerce,2006,2006-06-01T12:00:00Z,comment,2577,0,Ugxel6cEUTwNsK4tEKZ4AaABAg,,FALSE
GW3a3jgH3kc,2021-01-14T22:44:07Z,56137,,159,Bemisia_tabaci,Spain,Insects,alien,vista,Post-Introduction,Detection,Detection,2006,2006-06-01T12:00:00Z,comment,2577,0,Ugxel6cEUTwNsK4tEKZ4AaABAg,,FALSE
GW3a3jgH3kc,2021-01-14T22:44:07Z,56137,,159,Bemisia_tabaci,Spain,Insects,alien,vistas,Post-Introduction,Detection,Detection,2006,2006-06-01T12:00:00Z,comment,2577,0,Ugxel6cEUTwNsK4tEKZ4AaABAg,,FALSE
GW3a3jgH3kc,2021-01-14T17:28:00Z,56137,,159,Bemisia_tabaci,Spain,Insects,alien,reciente,Post-Introduction,Detection,Detection,2006,2006-06-01T12:00:00Z,comment,2577,3,UgyQSUyQ4L6IzzG7yKV4AaABAg,,FALSE
GW3a3jgH3kc,2021-01-15T09:44:33Z,56137,,159,Bemisia_tabaci,Spain,Insects,alien,invasora,Post-Introduction,Invasion,Invasion,2006,2006-06-01T12:00:00Z,comment,2577,0,UgzlXtjPTbbie5QKNxt4AaABAg.9IWLDJznmkX9IXPwQI4ZrI,UgzlXtjPTbbie5QKNxt4AaABAg,TRUE
GW3a3jgH3kc,2021-01-18T16:15:02Z,56137,,159,Bemisia_tabaci,Spain,Insects,alien,riesgo,Post-Introduction,Threat,Threat,2006,2006-06-01T12:00:00Z,comment,2577,0,Ugxel6cEUTwNsK4tEKZ4AaABAg.9IWEME4h9zD9Ieq075HPoJ,Ugxel6cEUTwNsK4tEKZ4AaABAg,TRUE
GW3a3jgH3kc,2021-01-18T16:15:02Z,56137,,159,Bemisia_tabaci,Spain,Insects,alien,danino,Post-Introduction,Threat,Threat,2006,2006-06-01T12:00:00Z,comment,2577,0,Ugxel6cEUTwNsK4tEKZ4AaABAg.9IWEME4h9zD9Ieq075HPoJ,Ugxel6cEUTwNsK4tEKZ4AaABAg,TRUE
GW3a3jgH3kc,2021-01-15T15:51:16Z,56137,,159,Bemisia_tabaci,Spain,Insects,alien,mercado,Post-Introduction,eCommerce,eCommerce,2006,2006-06-01T12:00:00Z,comment,2577,0,UgyQSUyQ4L6IzzG7yKV4AaABAg.9IVfB-NnJtO9IY3uLXuCvu,UgyQSUyQ4L6IzzG7yKV4AaABAg,TRUE
GW3a3jgH3kc,2021-01-16T13:49:57Z,56137,,159,Bemisia_tabaci,Spain,Insects,alien,venta,Post-Introduction,eCommerce,eCommerce,2006,2006-06-01T12:00:00Z,comment,2577,0,Ugxfg5rYcOUsHV3CAqB4AaABAg.9IVcfl04BxY9I_QofsW0Tx,Ugxfg5rYcOUsHV3CAqB4AaABAg,TRUE
GW3a3jgH3kc,2021-01-16T13:49:57Z,56137,,159,Bemisia_tabaci,Spain,Insects,alien,encontre,Post-Introduction,Detection,Detection,2006,2006-06-01T12:00:00Z,comment,2577,0,Ugxfg5rYcOUsHV3CAqB4AaABAg.9IVcfl04BxY9I_QofsW0Tx,Ugxfg5rYcOUsHV3CAqB4AaABAg,TRUE
J2t0WElEqVY,2017-08-21T10:08:15Z,868594,,929,Bemisia_tabaci,Spain,Insects,alien,trampas,Post-Introduction,Detection,Detection,2006,2006-06-01T12:00:00Z,comment,19050,21,UgyLrBiFqUGwL6ryVR94AaABAg,,FALSE
J2t0WElEqVY,2025-03-10T08:42:55Z,868594,,929,Bemisia_tabaci,Spain,Insects,alien,trampa,Post-Introduction,Detection,Detection,2006,2006-06-01T12:00:00Z,comment,19050,0,UgzUvAA8BpUKkdlWMbt4AaABAg,,FALSE
J2t0WElEqVY,2024-11-23T00:52:02Z,868594,,929,Bemisia_tabaci,Spain,Insects,alien,tranpa,Post-Introduction,Detection,Detection,2006,2006-06-01T12:00:00Z,comment,19050,0,UgyQWL18iUJBOJn5yPZ4AaABAg,,FALSE
J2t0WElEqVY,2024-11-23T00:52:02Z,868594,,929,Bemisia_tabaci,Spain,Insects,alien,plagas,Post-Introduction,Invasion,Invasion,2006,2006-06-01T12:00:00Z,comment,19050,0,UgyQWL18iUJBOJn5yPZ4AaABAg,,FALSE
J2t0WElEqVY,2024-04-12T21:56:28Z,868594,,929,Bemisia_tabaci,Spain,Insects,alien,trampas,Post-Introduction,Detection,Detection,2006,2006-06-01T12:00:00Z,comment,19050,0,Ugxb859wBoOLil02u2V4AaABAg,,FALSE
J2t0WElEqVY,2023-06-18T12:50:43Z,868594,,929,Bemisia_tabaci,Spain,Insects,alien,trampa,Post-Introduction,Detection,Detection,2006,2006-06-01T12:00:00Z,comment,19050,0,UgwjjdA_nW_ahMVpDZB4AaABAg,,FALSE
J2t0WElEqVY,2023-04-13T09:55:51Z,868594,,929,Bemisia_tabaci,Spain,Insects,alien,visto,Post-Introduction,Detection,Detection,2006,2006-06-01T12:00:00Z,comment,19050,0,UgzFRj-Wp-mKeHaHEBF4AaABAg,,FALSE
J2t0WElEqVY,2022-11-10T14:07:00Z,868594,,929,Bemisia_tabaci,Spain,Insects,alien,trampas,Post-Introduction,Detection,Detection,2006,2006-06-01T12:00:00Z,comment,19050,2,UgyqDf4ItunhBPxweKR4AaABAg,,FALSE
J2t0WElEqVY,2022-09-23T09:38:04Z,868594,,929,Bemisia_tabaci,Spain,Insects,alien,plaga,Post-Introduction,Invasion,Invasion,2006,2006-06-01T12:00:00Z,comment,19050,0,UgxFwWelPDOdQObt2OR4AaABAg,,FALSE
J2t0WElEqVY,2022-08-30T03:57:14Z,868594,,929,Bemisia_tabaci,Spain,Insects,alien,trampa,Post-Introduction,Detection,Detection,2006,2006-06-01T12:00:00Z,comment,19050,0,Ugw9iJcD9dYe8i074Qd4AaABAg,,FALSE
J2t0WElEqVY,2022-02-20T22:39:48Z,868594,,929,Bemisia_tabaci,Spain,Insects,alien,trampas,Post-Introduction,Detection,Detection,2006,2006-06-01T12:00:00Z,comment,19050,0,UgzBgvMqVm589Zd0ov54AaABAg,,FALSE
J2t0WElEqVY,2022-02-14T05:28:12Z,868594,,929,Bemisia_tabaci,Spain,Insects,alien,plaga,Post-Introduction,Invasion,Invasion,2006,2006-06-01T12:00:00Z,comment,19050,0,UgxhBAX_cr5IQX29K0l4AaABAg,,FALSE
J2t0WElEqVY,2022-02-14T05:28:12Z,868594,,929,Bemisia_tabaci,Spain,Insects,alien,controlar,Post-Introduction,Detection,Detection,2006,2006-06-01T12:00:00Z,comment,19050,0,UgxhBAX_cr5IQX29K0l4AaABAg,,FALSE
J2t0WElEqVY,2021-12-17T14:09:35Z,868594,,929,Bemisia_tabaci,Spain,Insects,alien,trampas,Post-Introduction,Detection,Detection,2006,2006-06-01T12:00:00Z,comment,19050,4,UgzjInvmvMrqloudoZl4AaABAg,,FALSE
J2t0WElEqVY,2021-12-09T23:02:23Z,868594,,929,Bemisia_tabaci,Spain,Insects,alien,trampas,Post-Introduction,Detection,Detection,2006,2006-06-01T12:00:00Z,comment,19050,0,UgzBczDruWuJUxU-elt4AaABAg,,FALSE
J2t0WElEqVY,2021-06-01T16:53:51Z,868594,,929,Bemisia_tabaci,Spain,Insects,alien,trampas,Post-Introduction,Detection,Detection,2006,2006-06-01T12:00:00Z,comment,19050,0,Ugy0EqdAiHGFmC9S-w54AaABAg,,FALSE
J2t0WElEqVY,2021-04-06T14:44:40Z,868594,,929,Bemisia_tabaci,Spain,Insects,alien,trampa,Post-Introduction,Detection,Detection,2006,2006-06-01T12:00:00Z,comment,19050,0,Ugz6WrZ4WSQQkGrsQJh4AaABAg,,FALSE
J2t0WElEqVY,2021-03-24T01:17:11Z,868594,,929,Bemisia_tabaci,Spain,Insects,alien,trampa,Post-Introduction,Detection,Detection,2006,2006-06-01T12:00:00Z,comment,19050,0,UgyBn4-y0V1AbXjPgwh4AaABAg,,FALSE
J2t0WElEqVY,2021-03-10T20:20:34Z,868594,,929,Bemisia_tabaci,Spain,Insects,alien,trampas,Post-Introduction,Detection,Detection,2006,2006-06-01T12:00:00Z,comment,19050,0,UgyZfSNAVUmxbkd_HJ54AaABAg,,FALSE
J2t0WElEqVY,2021-03-07T20:57:13Z,868594,,929,Bemisia_tabaci,Spain,Insects,alien,cara,Post-Introduction,eCommerce,eCommerce,2006,2006-06-01T12:00:00Z,comment,19050,0,UgzWRfI0s6RmBbvPE5V4AaABAg,,FALSE
J2t0WElEqVY,2021-03-04T22:34:31Z,868594,,929,Bemisia_tabaci,Spain,Insects,alien,descubrimiento,Post-Introduction,Detection,Detection,2006,2006-06-01T12:00:00Z,comment,19050,0,Ugy3NwU5khGKKqszw554AaABAg,,FALSE
J2t0WElEqVY,2021-02-26T17:34:35Z,868594,,929,Bemisia_tabaci,Spain,Insects,alien,trampa,Post-Introduction,Detection,Detection,2006,2006-06-01T12:00:00Z,comment,19050,0,UgwZpkTovBTv8EHscxx4AaABAg,,FALSE
J2t0WElEqVY,2021-02-26T17:34:35Z,868594,,929,Bemisia_tabaci,Spain,Insects,alien,epidemia,Post-Introduction,Threat,Threat,2006,2006-06-01T12:00:00Z,comment,19050,0,UgwZpkTovBTv8EHscxx4AaABAg,,FALSE
J2t0WElEqVY,2021-02-23T23:31:54Z,868594,,929,Bemisia_tabaci,Spain,Insects,alien,trampa,Post-Introduction,Detection,Detection,2006,2006-06-01T12:00:00Z,comment,19050,0,UgzwV1XesjRxE_0JHM94AaABAg,,FALSE
J2t0WElEqVY,2020-12-12T22:30:44Z,868594,,929,Bemisia_tabaci,Spain,Insects,alien,trampas,Post-Introduction,Detection,Detection,2006,2006-06-01T12:00:00Z,comment,19050,0,UgyLrBiFqUGwL6ryVR94AaABAg.8WWpZRHk9NU9HBEaSbsgaK,UgyLrBiFqUGwL6ryVR94AaABAg,TRUE
J2t0WElEqVY,2020-11-24T00:21:55Z,868594,,929,Bemisia_tabaci,Spain,Insects,alien,trampas,Post-Introduction,Detection,Detection,2006,2006-06-01T12:00:00Z,comment,19050,0,UgxgOLzCHt68ie0PdBl4AaABAg,,FALSE
J2t0WElEqVY,2020-10-14T18:26:17Z,868594,,929,Bemisia_tabaci,Spain,Insects,alien,trampa,Post-Introduction,Detection,Detection,2006,2006-06-01T12:00:00Z,comment,19050,0,UgyonmTjMe80CjRM2Fp4AaABAg,,FALSE
J2t0WElEqVY,2020-10-12T00:59:01Z,868594,,929,Bemisia_tabaci,Spain,Insects,alien,compre,Post-Introduction,eCommerce,eCommerce,2006,2006-06-01T12:00:00Z,comment,19050,1,UgwanEF2NOiF5bQcI8F4AaABAg,,FALSE
J2t0WElEqVY,2020-08-27T00:35:35Z,868594,,929,Bemisia_tabaci,Spain,Insects,alien,trampa,Post-Introduction,Detection,Detection,2006,2006-06-01T12:00:00Z,comment,19050,0,UgxYHayzwfpv26x72JZ4AaABAg,,FALSE
J2t0WElEqVY,2020-08-26T23:31:54Z,868594,,929,Bemisia_tabaci,Spain,Insects,alien,trampa,Post-Introduction,Detection,Detection,2006,2006-06-01T12:00:00Z,comment,19050,0,Ugw55fRFG8WX8udg6QV4AaABAg,,FALSE
J2t0WElEqVY,2020-07-06T23:45:28Z,868594,,929,Bemisia_tabaci,Spain,Insects,alien,trampas,Post-Introduction,Detection,Detection,2006,2006-06-01T12:00:00Z,comment,19050,0,UgwwgYrZBSgo8NFWl4x4AaABAg,,FALSE
J2t0WElEqVY,2020-06-07T09:11:38Z,868594,,929,Bemisia_tabaci,Spain,Insects,alien,trampa,Post-Introduction,Detection,Detection,2006,2006-06-01T12:00:00Z,comment,19050,0,UgxZP-pzHSpD5gVeeCh4AaABAg,,FALSE
J2t0WElEqVY,2020-05-14T19:08:49Z,868594,,929,Bemisia_tabaci,Spain,Insects,alien,riesgo,Post-Introduction,Threat,Threat,2006,2006-06-01T12:00:00Z,comment,19050,0,Ugy6B0X2VcU3WXSDOaJ4AaABAg,,FALSE
J2t0WElEqVY,2020-05-12T00:08:37Z,868594,,929,Bemisia_tabaci,Spain,Insects,alien,trampa,Post-Introduction,Detection,Detection,2006,2006-06-01T12:00:00Z,comment,19050,0,UgzgQfaBGgLyJvI7JoJ4AaABAg,,FALSE
J2t0WElEqVY,2020-05-08T16:28:13Z,868594,,929,Bemisia_tabaci,Spain,Insects,alien,plaga,Post-Introduction,Invasion,Invasion,2006,2006-06-01T12:00:00Z,comment,19050,0,UgzxlX9uzeGOu6BEzIR4AaABAg,,FALSE
J2t0WElEqVY,2020-04-27T02:34:14Z,868594,,929,Bemisia_tabaci,Spain,Insects,alien,ataca,Post-Introduction,Threat,Threat,2006,2006-06-01T12:00:00Z,comment,19050,0,UgwWtNCC1ajK3pxxmYF4AaABAg,,FALSE
J2t0WElEqVY,2020-04-27T02:34:14Z,868594,,929,Bemisia_tabaci,Spain,Insects,alien,ataca,Post-Introduction,Threat,Threat,2006,2006-06-01T12:00:00Z,comment,19050,0,UgwWtNCC1ajK3pxxmYF4AaABAg,,FALSE
J2t0WElEqVY,2020-04-20T14:17:22Z,868594,,929,Bemisia_tabaci,Spain,Insects,alien,trampas,Post-Introduction,Detection,Detection,2006,2006-06-01T12:00:00Z,comment,19050,0,UgwWBDv_Pkf_cHFn5Fh4AaABAg,,FALSE
J2t0WElEqVY,2020-04-16T01:15:32Z,868594,,929,Bemisia_tabaci,Spain,Insects,alien,atacado,Post-Introduction,Threat,Threat,2006,2006-06-01T12:00:00Z,comment,19050,10,UgzH0qNOQ62F6o4Q5ix4AaABAg,,FALSE
J2t0WElEqVY,2020-04-12T19:48:36Z,868594,,929,Bemisia_tabaci,Spain,Insects,alien,plaga,Post-Introduction,Invasion,Invasion,2006,2006-06-01T12:00:00Z,comment,19050,0,Ugyh-dMyEfzsnzKd9qR4AaABAg,,FALSE
J2t0WElEqVY,2020-04-12T19:48:36Z,868594,,929,Bemisia_tabaci,Spain,Insects,alien,plaga,Post-Introduction,Invasion,Invasion,2006,2006-06-01T12:00:00Z,comment,19050,0,Ugyh-dMyEfzsnzKd9qR4AaABAg,,FALSE
J2t0WElEqVY,2020-04-01T02:46:09Z,868594,,929,Bemisia_tabaci,Spain,Insects,alien,trampas,Post-Introduction,Detection,Detection,2006,2006-06-01T12:00:00Z,comment,19050,0,UgzaGC4FrE4y2ahV28t4AaABAg,,FALSE
J2t0WElEqVY,2020-03-19T05:09:53Z,868594,,929,Bemisia_tabaci,Spain,Insects,alien,trampas,Post-Introduction,Detection,Detection,2006,2006-06-01T12:00:00Z,comment,19050,0,UgwoT2cjJKHavXU3VF14AaABAg,,FALSE
J2t0WElEqVY,2019-10-16T01:30:04Z,868594,,929,Bemisia_tabaci,Spain,Insects,alien,trampa,Post-Introduction,Detection,Detection,2006,2006-06-01T12:00:00Z,comment,19050,0,Ugx0cQiDs9-u5EaAXyd4AaABAg,,FALSE
J2t0WElEqVY,2019-08-08T18:20:55Z,868594,,929,Bemisia_tabaci,Spain,Insects,alien,nocivo,Post-Introduction,Threat,Threat,2006,2006-06-01T12:00:00Z,comment,19050,0,Ugz2HFW6NJ__2Os0Kd54AaABAg,,FALSE
J2t0WElEqVY,2019-07-28T15:32:20Z,868594,,929,Bemisia_tabaci,Spain,Insects,alien,compre,Post-Introduction,eCommerce,eCommerce,2006,2006-06-01T12:00:00Z,comment,19050,0,UgxhyoUrwiTT-R3RILh4AaABAg,,FALSE
J2t0WElEqVY,2019-06-16T00:17:22Z,868594,,929,Bemisia_tabaci,Spain,Insects,alien,plaga,Post-Introduction,Invasion,Invasion,2006,2006-06-01T12:00:00Z,comment,19050,0,Ugwzf7YqK1ChKOL_D1x4AaABAg,,FALSE
J2t0WElEqVY,2019-05-01T13:11:06Z,868594,,929,Bemisia_tabaci,Spain,Insects,alien,trampas,Post-Introduction,Detection,Detection,2006,2006-06-01T12:00:00Z,comment,19050,0,UgwVfvyuFoH0xqMtYPt4AaABAg,,FALSE
J2t0WElEqVY,2019-03-24T14:49:40Z,868594,,929,Bemisia_tabaci,Spain,Insects,alien,trampa,Post-Introduction,Detection,Detection,2006,2006-06-01T12:00:00Z,comment,19050,0,UgwWUre-7iPJeAwASnJ4AaABAg,,FALSE
J2t0WElEqVY,2019-03-04T12:52:31Z,868594,,929,Bemisia_tabaci,Spain,Insects,alien,plaga,Post-Introduction,Invasion,Invasion,2006,2006-06-01T12:00:00Z,comment,19050,0,Ugy7L4-36Z04rv5pIXJ4AaABAg,,FALSE
J2t0WElEqVY,2019-03-03T18:27:54Z,868594,,929,Bemisia_tabaci,Spain,Insects,alien,trampas,Post-Introduction,Detection,Detection,2006,2006-06-01T12:00:00Z,comment,19050,0,UgxgvpX27lLasramU9J4AaABAg,,FALSE
J2t0WElEqVY,2019-02-06T19:26:13Z,868594,,929,Bemisia_tabaci,Spain,Insects,alien,trampas,Post-Introduction,Detection,Detection,2006,2006-06-01T12:00:00Z,comment,19050,0,UgxlLZ8tNjzQ5ru5Aw54AaABAg,,FALSE
J2t0WElEqVY,2025-01-10T00:26:21Z,868594,,929,Bemisia_tabaci,Spain,Insects,alien,plaga,Post-Introduction,Invasion,Invasion,2006,2006-06-01T12:00:00Z,comment,19050,0,UgwanEF2NOiF5bQcI8F4AaABAg.9EgrH90q0IcAD5VT-Ud7sw,UgwanEF2NOiF5bQcI8F4AaABAg,TRUE
J2t0WElEqVY,2025-01-10T00:26:21Z,868594,,929,Bemisia_tabaci,Spain,Insects,alien,plagas,Post-Introduction,Invasion,Invasion,2006,2006-06-01T12:00:00Z,comment,19050,0,UgwanEF2NOiF5bQcI8F4AaABAg.9EgrH90q0IcAD5VT-Ud7sw,UgwanEF2NOiF5bQcI8F4AaABAg,TRUE
J2t0WElEqVY,2025-01-10T00:26:21Z,868594,,929,Bemisia_tabaci,Spain,Insects,alien,trampas,Post-Introduction,Detection,Detection,2006,2006-06-01T12:00:00Z,comment,19050,0,UgwanEF2NOiF5bQcI8F4AaABAg.9EgrH90q0IcAD5VT-Ud7sw,UgwanEF2NOiF5bQcI8F4AaABAg,TRUE
J2t0WElEqVY,2019-08-12T11:37:38Z,868594,,929,Bemisia_tabaci,Spain,Insects,alien,toxicidad,Post-Introduction,Threat,Threat,2006,2006-06-01T12:00:00Z,comment,19050,0,Ugz2HFW6NJ__2Os0Kd54AaABAg.8yNvu6yJp4c8yXVw-g40Ch,Ugz2HFW6NJ__2Os0Kd54AaABAg,TRUE
ftUa6Mo4oJE,2021-05-28T16:04:55Z,149548,,404,Bemisia_tabaci,Spain,Insects,alien,comprar,Post-Introduction,eCommerce,eCommerce,2006,2006-06-01T12:00:00Z,comment,4464,21,UgxDsKy4BRY0Tkv2Y2h4AaABAg,,FALSE
ftUa6Mo4oJE,2021-05-28T16:04:55Z,149548,,404,Bemisia_tabaci,Spain,Insects,alien,precios,Post-Introduction,eCommerce,eCommerce,2006,2006-06-01T12:00:00Z,comment,4464,21,UgxDsKy4BRY0Tkv2Y2h4AaABAg,,FALSE
ftUa6Mo4oJE,2025-02-20T12:35:46Z,149548,,404,Bemisia_tabaci,Spain,Insects,alien,visto,Post-Introduction,Detection,Detection,2006,2006-06-01T12:00:00Z,comment,4464,0,UgxvyEZRaC383J1NOrN4AaABAg,,FALSE
ftUa6Mo4oJE,2023-04-13T02:18:52Z,149548,,404,Bemisia_tabaci,Spain,Insects,alien,plaga,Post-Introduction,Invasion,Invasion,2006,2006-06-01T12:00:00Z,comment,4464,0,UgydGs_KwA8DfmuQYGx4AaABAg,,FALSE
ftUa6Mo4oJE,2023-04-13T02:18:52Z,149548,,404,Bemisia_tabaci,Spain,Insects,alien,plaga,Post-Introduction,Invasion,Invasion,2006,2006-06-01T12:00:00Z,comment,4464,0,UgydGs_KwA8DfmuQYGx4AaABAg,,FALSE
ftUa6Mo4oJE,2023-04-13T02:18:52Z,149548,,404,Bemisia_tabaci,Spain,Insects,alien,caro,Post-Introduction,eCommerce,eCommerce,2006,2006-06-01T12:00:00Z,comment,4464,0,UgydGs_KwA8DfmuQYGx4AaABAg,,FALSE
ftUa6Mo4oJE,2023-04-13T02:18:52Z,149548,,404,Bemisia_tabaci,Spain,Insects,alien,plaga,Post-Introduction,Invasion,Invasion,2006,2006-06-01T12:00:00Z,comment,4464,0,UgydGs_KwA8DfmuQYGx4AaABAg,,FALSE
ftUa6Mo4oJE,2023-04-13T02:18:52Z,149548,,404,Bemisia_tabaci,Spain,Insects,alien,plagas,Post-Introduction,Invasion,Invasion,2006,2006-06-01T12:00:00Z,comment,4464,0,UgydGs_KwA8DfmuQYGx4AaABAg,,FALSE
ftUa6Mo4oJE,2023-04-13T02:18:52Z,149548,,404,Bemisia_tabaci,Spain,Insects,alien,tienda,Post-Introduction,eCommerce,eCommerce,2006,2006-06-01T12:00:00Z,comment,4464,0,UgydGs_KwA8DfmuQYGx4AaABAg,,FALSE
ftUa6Mo4oJE,2023-04-13T02:18:52Z,149548,,404,Bemisia_tabaci,Spain,Insects,alien,visto,Post-Introduction,Detection,Detection,2006,2006-06-01T12:00:00Z,comment,4464,0,UgydGs_KwA8DfmuQYGx4AaABAg,,FALSE
ftUa6Mo4oJE,2023-02-21T00:08:30Z,149548,,404,Bemisia_tabaci,Spain,Insects,alien,trampa,Post-Introduction,Detection,Detection,2006,2006-06-01T12:00:00Z,comment,4464,0,UgxJhH5_aVOdJbrigUh4AaABAg,,FALSE
ftUa6Mo4oJE,2022-10-09T19:09:12Z,149548,,404,Bemisia_tabaci,Spain,Insects,alien,aparezca,Post-Introduction,Detection,Detection,2006,2006-06-01T12:00:00Z,comment,4464,0,UgyI-5PeBcKhrA6K9xh4AaABAg,,FALSE
ftUa6Mo4oJE,2022-10-09T19:09:12Z,149548,,404,Bemisia_tabaci,Spain,Insects,alien,aparecer,Post-Introduction,Detection,Detection,2006,2006-06-01T12:00:00Z,comment,4464,0,UgyI-5PeBcKhrA6K9xh4AaABAg,,FALSE
ftUa6Mo4oJE,2022-09-27T16:12:38Z,149548,,404,Bemisia_tabaci,Spain,Insects,alien,plaga,Post-Introduction,Invasion,Invasion,2006,2006-06-01T12:00:00Z,comment,4464,0,UgwnUyAchhAamjlcuN14AaABAg,,FALSE
ftUa6Mo4oJE,2022-04-29T03:56:16Z,149548,,404,Bemisia_tabaci,Spain,Insects,alien,plaga,Post-Introduction,Invasion,Invasion,2006,2006-06-01T12:00:00Z,comment,4464,0,UgzQMGprpCACXghbVQ94AaABAg,,FALSE
ftUa6Mo4oJE,2022-04-07T16:46:58Z,149548,,404,Bemisia_tabaci,Spain,Insects,alien,control,Post-Introduction,Detection,Detection,2006,2006-06-01T12:00:00Z,comment,4464,0,Ugx0I5SGOwcLzh99hpp4AaABAg,,FALSE
ftUa6Mo4oJE,2021-08-02T19:33:23Z,149548,,404,Bemisia_tabaci,Spain,Insects,alien,ataca,Post-Introduction,Threat,Threat,2006,2006-06-01T12:00:00Z,comment,4464,0,Ugxw9n7HKL31_7o511Z4AaABAg,,FALSE
ftUa6Mo4oJE,2024-03-18T10:38:27Z,149548,,404,Bemisia_tabaci,Spain,Insects,alien,veneno,Post-Introduction,Threat,Threat,2006,2006-06-01T12:00:00Z,comment,4464,1,Ugz2mqELZlxqvCGMgU94AaABAg.A154BaBpDfsA17GcMxVyVU,Ugz2mqELZlxqvCGMgU94AaABAg,TRUE
ftUa6Mo4oJE,2023-08-13T13:01:09Z,149548,,404,Bemisia_tabaci,Spain,Insects,alien,plagas,Post-Introduction,Invasion,Invasion,2006,2006-06-01T12:00:00Z,comment,4464,0,UgzQpKMm8vSQr3jGT9l4AaABAg.9tKTMRyjR689tMBepp_wmv,UgzQpKMm8vSQr3jGT9l4AaABAg,TRUE
ftUa6Mo4oJE,2023-08-14T12:28:30Z,149548,,404,Bemisia_tabaci,Spain,Insects,alien,dinero,Post-Introduction,eCommerce,eCommerce,2006,2006-06-01T12:00:00Z,comment,4464,2,UgzQpKMm8vSQr3jGT9l4AaABAg.9tKTMRyjR689tOhic91__c,UgzQpKMm8vSQr3jGT9l4AaABAg,TRUE
ftUa6Mo4oJE,2023-04-13T09:49:43Z,149548,,404,Bemisia_tabaci,Spain,Insects,alien,plaga,Post-Introduction,Invasion,Invasion,2006,2006-06-01T12:00:00Z,comment,4464,1,UgydGs_KwA8DfmuQYGx4AaABAg.9oQuAt4NUAt9oRhm1wwzRR,UgydGs_KwA8DfmuQYGx4AaABAg,TRUE
ftUa6Mo4oJE,2023-03-31T16:56:16Z,149548,,404,Bemisia_tabaci,Spain,Insects,alien,plagas,Post-Introduction,Invasion,Invasion,2006,2006-06-01T12:00:00Z,comment,4464,1,Ugwmwl4Nm_GlZWrkaB94AaABAg.9nvqv7jszis9nw-Fl2lPTn,Ugwmwl4Nm_GlZWrkaB94AaABAg,TRUE
ftUa6Mo4oJE,2023-03-31T21:21:52Z,149548,,404,Bemisia_tabaci,Spain,Insects,alien,prohibida,Post-Introduction,eCommerce,eCommerce,2006,2006-06-01T12:00:00Z,comment,4464,0,Ugwmwl4Nm_GlZWrkaB94AaABAg.9nvqv7jszis9nwTe8cAWNd,Ugwmwl4Nm_GlZWrkaB94AaABAg,TRUE
ftUa6Mo4oJE,2023-01-21T14:25:24Z,149548,,404,Bemisia_tabaci,Spain,Insects,alien,plagas,Post-Introduction,Invasion,Invasion,2006,2006-06-01T12:00:00Z,comment,4464,1,Ugx1w2zBzcnFDpcgYzx4AaABAg.9l79wtPFUYp9l938TMOKll,Ugx1w2zBzcnFDpcgYzx4AaABAg,TRUE
ftUa6Mo4oJE,2023-01-21T14:25:24Z,149548,,404,Bemisia_tabaci,Spain,Insects,alien,trampas,Post-Introduction,Detection,Detection,2006,2006-06-01T12:00:00Z,comment,4464,1,Ugx1w2zBzcnFDpcgYzx4AaABAg.9l79wtPFUYp9l938TMOKll,Ugx1w2zBzcnFDpcgYzx4AaABAg,TRUE
ftUa6Mo4oJE,2022-09-27T16:23:34Z,149548,,404,Bemisia_tabaci,Spain,Insects,alien,plaga,Post-Introduction,Invasion,Invasion,2006,2006-06-01T12:00:00Z,comment,4464,1,UgwnUyAchhAamjlcuN14AaABAg.9gUZCMHGxCZ9gU_SON47XW,UgwnUyAchhAamjlcuN14AaABAg,TRUE
ftUa6Mo4oJE,2022-09-27T16:23:34Z,149548,,404,Bemisia_tabaci,Spain,Insects,alien,plaga,Post-Introduction,Invasion,Invasion,2006,2006-06-01T12:00:00Z,comment,4464,1,UgwnUyAchhAamjlcuN14AaABAg.9gUZCMHGxCZ9gU_SON47XW,UgwnUyAchhAamjlcuN14AaABAg,TRUE
ftUa6Mo4oJE,2022-07-07T12:52:08Z,149548,,404,Bemisia_tabaci,Spain,Insects,alien,danina,Post-Introduction,Threat,Threat,2006,2006-06-01T12:00:00Z,comment,4464,1,UgxlWuzltPqVJ6MErE54AaABAg.9d9XyS1HLjL9dB344qixVT,UgxlWuzltPqVJ6MErE54AaABAg,TRUE
ftUa6Mo4oJE,2022-06-08T21:27:13Z,149548,,404,Bemisia_tabaci,Spain,Insects,alien,visto,Post-Introduction,Detection,Detection,2006,2006-06-01T12:00:00Z,comment,4464,1,UgwvcTwdgS5DsfNdrYh4AaABAg.9c16LPCHsYy9c1IyHFhvea,UgwvcTwdgS5DsfNdrYh4AaABAg,TRUE
ftUa6Mo4oJE,2022-05-15T19:24:55Z,149548,,404,Bemisia_tabaci,Spain,Insects,alien,comprar,Post-Introduction,eCommerce,eCommerce,2006,2006-06-01T12:00:00Z,comment,4464,0,Ugw9xP4xNq4jL2qukId4AaABAg.9b0B2Yoq2L-9b3HtVvzbFP,Ugw9xP4xNq4jL2qukId4AaABAg,TRUE
ftUa6Mo4oJE,2022-04-29T07:02:54Z,149548,,404,Bemisia_tabaci,Spain,Insects,alien,plaga,Post-Introduction,Invasion,Invasion,2006,2006-06-01T12:00:00Z,comment,4464,0,UgzQMGprpCACXghbVQ94AaABAg.9aOQtrcb6zq9aOlFrt-qs-,UgzQMGprpCACXghbVQ94AaABAg,TRUE
ftUa6Mo4oJE,2022-04-28T07:36:41Z,149548,,404,Bemisia_tabaci,Spain,Insects,alien,encontre,Post-Introduction,Detection,Detection,2006,2006-06-01T12:00:00Z,comment,4464,0,UgyhsBmQwWHquRkT7qB4AaABAg.9aME1M7UUOd9aMFKOWc_JB,UgyhsBmQwWHquRkT7qB4AaABAg,TRUE
ftUa6Mo4oJE,2022-04-15T08:58:31Z,149548,,404,Bemisia_tabaci,Spain,Insects,alien,plaga,Post-Introduction,Invasion,Invasion,2006,2006-06-01T12:00:00Z,comment,4464,0,UgxxjW1yj_tzk0VpXPd4AaABAg.9_pjrmNiaG29_pvMN6XUgc,UgxxjW1yj_tzk0VpXPd4AaABAg,TRUE
ftUa6Mo4oJE,2022-04-13T07:02:34Z,149548,,404,Bemisia_tabaci,Spain,Insects,alien,trampa,Post-Introduction,Detection,Detection,2006,2006-06-01T12:00:00Z,comment,4464,0,UgyQTElvmbz7qXPf9Wt4AaABAg.9_kZHJ7aAGa9_kZVMK4Mob,UgyQTElvmbz7qXPf9Wt4AaABAg,TRUE
ftUa6Mo4oJE,2022-01-16T10:37:27Z,149548,,404,Bemisia_tabaci,Spain,Insects,alien,plagas,Post-Introduction,Invasion,Invasion,2006,2006-06-01T12:00:00Z,comment,4464,0,UgyVR0AGhOr5ih69oPV4AaABAg.9XFepjH73Zh9XFvw9Wx3Bi,UgyVR0AGhOr5ih69oPV4AaABAg,TRUE
ftUa6Mo4oJE,2021-09-18T21:54:16Z,149548,,404,Bemisia_tabaci,Spain,Insects,alien,plaga,Post-Introduction,Invasion,Invasion,2006,2006-06-01T12:00:00Z,comment,4464,0,UgzM-X1WqVZteJj8kU94AaABAg.9SQy3XdQxxz9SS9-H9HOdv,UgzM-X1WqVZteJj8kU94AaABAg,TRUE
ftUa6Mo4oJE,2021-08-10T16:31:53Z,149548,,404,Bemisia_tabaci,Spain,Insects,alien,trampas,Post-Introduction,Detection,Detection,2006,2006-06-01T12:00:00Z,comment,4464,1,UgzBeaM9NHTxZB-LVtZ4AaABAg.9Qrp7EDWv_M9Qs95y4icRB,UgzBeaM9NHTxZB-LVtZ4AaABAg,TRUE
ftUa6Mo4oJE,2021-07-16T06:37:40Z,149548,,404,Bemisia_tabaci,Spain,Insects,alien,plaga,Post-Introduction,Invasion,Invasion,2006,2006-06-01T12:00:00Z,comment,4464,0,UgxMey4I_j26-fHEljR4AaABAg.9PpefeK_ZrS9PqiDvnQxrA,UgxMey4I_j26-fHEljR4AaABAg,TRUE
ftUa6Mo4oJE,2021-06-30T19:04:07Z,149548,,404,Bemisia_tabaci,Spain,Insects,alien,atacando,Post-Introduction,Threat,Threat,2006,2006-06-01T12:00:00Z,comment,4464,1,Ugzb7EKtOU94x96e-sJ4AaABAg,,FALSE
ftUa6Mo4oJE,2021-05-28T16:04:55Z,149548,,404,Bemisia_tabaci,Spain,Insects,alien,comprar,Post-Introduction,eCommerce,eCommerce,2006,2006-06-01T12:00:00Z,comment,4464,21,UgxDsKy4BRY0Tkv2Y2h4AaABAg,,FALSE
ftUa6Mo4oJE,2021-05-28T16:04:55Z,149548,,404,Bemisia_tabaci,Spain,Insects,alien,precios,Post-Introduction,eCommerce,eCommerce,2006,2006-06-01T12:00:00Z,comment,4464,21,UgxDsKy4BRY0Tkv2Y2h4AaABAg,,FALSE
ftUa6Mo4oJE,2021-03-11T05:25:21Z,149548,,404,Bemisia_tabaci,Spain,Insects,alien,trampas,Post-Introduction,Detection,Detection,2006,2006-06-01T12:00:00Z,comment,4464,0,Ugx8Iu3-2bIPtTkmbm94AaABAg,,FALSE
ftUa6Mo4oJE,2020-10-02T14:23:26Z,149548,,404,Bemisia_tabaci,Spain,Insects,alien,plagas,Post-Introduction,Invasion,Invasion,2006,2006-06-01T12:00:00Z,comment,4464,6,Ugx8Vi0VZ0G0xjPMund4AaABAg,,FALSE
ftUa6Mo4oJE,2020-10-02T14:23:26Z,149548,,404,Bemisia_tabaci,Spain,Insects,alien,plagas,Post-Introduction,Invasion,Invasion,2006,2006-06-01T12:00:00Z,comment,4464,6,Ugx8Vi0VZ0G0xjPMund4AaABAg,,FALSE
ftUa6Mo4oJE,2020-10-02T04:50:44Z,149548,,404,Bemisia_tabaci,Spain,Insects,alien,plaga,Post-Introduction,Invasion,Invasion,2006,2006-06-01T12:00:00Z,comment,4464,3,UgybYVgcZF4armZWsVl4AaABAg,,FALSE
ftUa6Mo4oJE,2020-10-02T04:50:44Z,149548,,404,Bemisia_tabaci,Spain,Insects,alien,atacado,Post-Introduction,Threat,Threat,2006,2006-06-01T12:00:00Z,comment,4464,3,UgybYVgcZF4armZWsVl4AaABAg,,FALSE
ftUa6Mo4oJE,2020-10-02T02:47:25Z,149548,,404,Bemisia_tabaci,Spain,Insects,alien,plagas,Post-Introduction,Invasion,Invasion,2006,2006-06-01T12:00:00Z,comment,4464,1,UgxR3YDDAKTHVvROM614AaABAg,,FALSE
ftUa6Mo4oJE,2020-09-30T20:05:04Z,149548,,404,Bemisia_tabaci,Spain,Insects,alien,compre,Post-Introduction,eCommerce,eCommerce,2006,2006-06-01T12:00:00Z,comment,4464,2,UgyJdZgkpSc-2LIPs1Z4AaABAg,,FALSE
ftUa6Mo4oJE,2020-09-30T20:05:04Z,149548,,404,Bemisia_tabaci,Spain,Insects,alien,tienda,Post-Introduction,eCommerce,eCommerce,2006,2006-06-01T12:00:00Z,comment,4464,2,UgyJdZgkpSc-2LIPs1Z4AaABAg,,FALSE
ftUa6Mo4oJE,2020-09-30T20:05:04Z,149548,,404,Bemisia_tabaci,Spain,Insects,alien,cara,Post-Introduction,eCommerce,eCommerce,2006,2006-06-01T12:00:00Z,comment,4464,2,UgyJdZgkpSc-2LIPs1Z4AaABAg,,FALSE
ftUa6Mo4oJE,2020-09-30T18:20:56Z,149548,,404,Bemisia_tabaci,Spain,Insects,alien,plaga,Post-Introduction,Invasion,Invasion,2006,2006-06-01T12:00:00Z,comment,4464,4,UgwSJpEJOe5tFmn4ywZ4AaABAg,,FALSE
ftUa6Mo4oJE,2020-09-30T17:02:31Z,149548,,404,Bemisia_tabaci,Spain,Insects,alien,plaga,Post-Introduction,Invasion,Invasion,2006,2006-06-01T12:00:00Z,comment,4464,8,Ugz8_AwFlhu53sWc3yF4AaABAg,,FALSE
ftUa6Mo4oJE,2020-09-30T17:02:31Z,149548,,404,Bemisia_tabaci,Spain,Insects,alien,comprado,Post-Introduction,eCommerce,eCommerce,2006,2006-06-01T12:00:00Z,comment,4464,8,Ugz8_AwFlhu53sWc3yF4AaABAg,,FALSE
ftUa6Mo4oJE,2020-09-30T17:02:31Z,149548,,404,Bemisia_tabaci,Spain,Insects,alien,comprado,Post-Introduction,eCommerce,eCommerce,2006,2006-06-01T12:00:00Z,comment,4464,8,Ugz8_AwFlhu53sWc3yF4AaABAg,,FALSE
ftUa6Mo4oJE,2021-07-02T07:47:57Z,149548,,404,Bemisia_tabaci,Spain,Insects,alien,plaga,Post-Introduction,Invasion,Invasion,2006,2006-06-01T12:00:00Z,comment,4464,1,Ugzb7EKtOU94x96e-sJ4AaABAg.9PDqw3a8g5w9PHn8R6H3qV,Ugzb7EKtOU94x96e-sJ4AaABAg,TRUE
ftUa6Mo4oJE,2022-09-27T16:21:17Z,149548,,404,Bemisia_tabaci,Spain,Insects,alien,plaga,Post-Introduction,Invasion,Invasion,2006,2006-06-01T12:00:00Z,comment,4464,0,Ugzb7EKtOU94x96e-sJ4AaABAg.9PDqw3a8g5w9gU_BdgK7ng,Ugzb7EKtOU94x96e-sJ4AaABAg,TRUE
ftUa6Mo4oJE,2021-03-11T10:09:16Z,149548,,404,Bemisia_tabaci,Spain,Insects,alien,trampas,Post-Introduction,Detection,Detection,2006,2006-06-01T12:00:00Z,comment,4464,1,Ugx8Iu3-2bIPtTkmbm94AaABAg.9Kj_-AHJ4ah9Kk4UZzIkbh,Ugx8Iu3-2bIPtTkmbm94AaABAg,TRUE
ftUa6Mo4oJE,2020-10-02T22:02:50Z,149548,,404,Bemisia_tabaci,Spain,Insects,alien,descubrimiento,Post-Introduction,Detection,Detection,2006,2006-06-01T12:00:00Z,comment,4464,0,UgzvcVkRbsLuorXtYP14AaABAg.9EJfobJMjz59EKMxuHLcI3,UgzvcVkRbsLuorXtYP14AaABAg,TRUE
ftUa6Mo4oJE,2020-10-02T13:35:45Z,149548,,404,Bemisia_tabaci,Spain,Insects,alien,precio,Post-Introduction,eCommerce,eCommerce,2006,2006-06-01T12:00:00Z,comment,4464,1,UgwD7JpcwdXRPkQz7FF4AaABAg.9EJOidGONXr9EJSvuNp1hn,UgwD7JpcwdXRPkQz7FF4AaABAg,TRUE
ftUa6Mo4oJE,2020-10-02T13:49:59Z,149548,,404,Bemisia_tabaci,Spain,Insects,alien,plagas,Post-Introduction,Invasion,Invasion,2006,2006-06-01T12:00:00Z,comment,4464,1,UgxR3YDDAKTHVvROM614AaABAg.9EIIjO_raOg9EJUZDR-HEh,UgxR3YDDAKTHVvROM614AaABAg,TRUE
ftUa6Mo4oJE,2020-10-01T06:45:58Z,149548,,404,Bemisia_tabaci,Spain,Insects,alien,plaga,Post-Introduction,Invasion,Invasion,2006,2006-06-01T12:00:00Z,comment,4464,0,Ugy79o52AYxVDN9716d4AaABAg.9EFt0TuXCj09EG9EjhajKg,Ugy79o52AYxVDN9716d4AaABAg,TRUE
ftUa6Mo4oJE,2020-10-01T06:45:58Z,149548,,404,Bemisia_tabaci,Spain,Insects,alien,control,Post-Introduction,Detection,Detection,2006,2006-06-01T12:00:00Z,comment,4464,0,Ugy79o52AYxVDN9716d4AaABAg.9EFt0TuXCj09EG9EjhajKg,Ugy79o52AYxVDN9716d4AaABAg,TRUE
ftUa6Mo4oJE,2020-10-01T06:45:58Z,149548,,404,Bemisia_tabaci,Spain,Insects,alien,introduccion,Post-Introduction,Invasion,Invasion,2006,2006-06-01T12:00:00Z,comment,4464,0,Ugy79o52AYxVDN9716d4AaABAg.9EFt0TuXCj09EG9EjhajKg,Ugy79o52AYxVDN9716d4AaABAg,TRUE
ftUa6Mo4oJE,2020-10-01T06:45:58Z,149548,,404,Bemisia_tabaci,Spain,Insects,alien,control,Post-Introduction,Detection,Detection,2006,2006-06-01T12:00:00Z,comment,4464,0,Ugy79o52AYxVDN9716d4AaABAg.9EFt0TuXCj09EG9EjhajKg,Ugy79o52AYxVDN9716d4AaABAg,TRUE
ftUa6Mo4oJE,2020-10-01T07:27:39Z,149548,,404,Bemisia_tabaci,Spain,Insects,alien,control,Post-Introduction,Detection,Detection,2006,2006-06-01T12:00:00Z,comment,4464,0,Ugy79o52AYxVDN9716d4AaABAg.9EFt0TuXCj09EGE-zHJiLJ,Ugy79o52AYxVDN9716d4AaABAg,TRUE
ftUa6Mo4oJE,2020-10-01T06:35:21Z,149548,,404,Bemisia_tabaci,Spain,Insects,alien,plagas,Post-Introduction,Invasion,Invasion,2006,2006-06-01T12:00:00Z,comment,4464,1,Ugxp47M6fZw2ZGArVtZ4AaABAg.9EFmzHCBrHx9EG80wrbkth,Ugxp47M6fZw2ZGArVtZ4AaABAg,TRUE
ftUa6Mo4oJE,2020-10-04T01:26:54Z,149548,,404,Bemisia_tabaci,Spain,Insects,alien,visto,Post-Introduction,Detection,Detection,2006,2006-06-01T12:00:00Z,comment,4464,0,UgxalrzJjFF1sscGSP94AaABAg.9EFagDAKM2j9ENJ6NjVlx0,UgxalrzJjFF1sscGSP94AaABAg,TRUE
ftUa6Mo4oJE,2020-10-01T07:59:26Z,149548,,404,Bemisia_tabaci,Spain,Insects,alien,plaga,Post-Introduction,Invasion,Invasion,2006,2006-06-01T12:00:00Z,comment,4464,1,UgxFfOpaGdNmc3rLGMp4AaABAg.9EFAV6d3nWj9EGHdqYQTJg,UgxFfOpaGdNmc3rLGMp4AaABAg,TRUE
ftUa6Mo4oJE,2020-09-30T20:28:09Z,149548,,404,Bemisia_tabaci,Spain,Insects,alien,tienda,Post-Introduction,eCommerce,eCommerce,2006,2006-06-01T12:00:00Z,comment,4464,0,UgyJdZgkpSc-2LIPs1Z4AaABAg.9EF-tZ3Va2q9EF2XcvHtps,UgyJdZgkpSc-2LIPs1Z4AaABAg,TRUE
ftUa6Mo4oJE,2020-09-30T20:28:09Z,149548,,404,Bemisia_tabaci,Spain,Insects,alien,tienda,Post-Introduction,eCommerce,eCommerce,2006,2006-06-01T12:00:00Z,comment,4464,0,UgyJdZgkpSc-2LIPs1Z4AaABAg.9EF-tZ3Va2q9EF2XcvHtps,UgyJdZgkpSc-2LIPs1Z4AaABAg,TRUE
ftUa6Mo4oJE,2020-09-30T20:28:09Z,149548,,404,Bemisia_tabaci,Spain,Insects,alien,comprado,Post-Introduction,eCommerce,eCommerce,2006,2006-06-01T12:00:00Z,comment,4464,0,UgyJdZgkpSc-2LIPs1Z4AaABAg.9EF-tZ3Va2q9EF2XcvHtps,UgyJdZgkpSc-2LIPs1Z4AaABAg,TRUE
ftUa6Mo4oJE,2022-11-14T02:49:38Z,149548,,404,Bemisia_tabaci,Spain,Insects,alien,compre,Post-Introduction,eCommerce,eCommerce,2006,2006-06-01T12:00:00Z,comment,4464,2,Ugz8_AwFlhu53sWc3yF4AaABAg.9EEg-X2rJEJ9iOiSydUYqy,Ugz8_AwFlhu53sWc3yF4AaABAg,TRUE
ftUa6Mo4oJE,2021-02-16T10:11:04Z,149548,,404,Bemisia_tabaci,Spain,Insects,alien,barato,Post-Introduction,eCommerce,eCommerce,2006,2006-06-01T12:00:00Z,comment,4464,1,UgwqFCwjqL-EVpVDUpx4AaABAg.9EEc0Ak4fhX9JorPhCl96q,UgwqFCwjqL-EVpVDUpx4AaABAg,TRUE
vL9TvnbnBBY,2023-10-08T10:49:26Z,2221,,31,Bemisia_tabaci,Spain,Insects,alien,dinero,Post-Introduction,eCommerce,eCommerce,2006,2006-06-01T12:00:00Z,comment,127,0,UgyeKxkeirLKp3IyzIF4AaABAg,,FALSE
vL9TvnbnBBY,2023-08-07T17:38:02Z,2221,,31,Bemisia_tabaci,Spain,Insects,alien,visto,Post-Introduction,Detection,Detection,2006,2006-06-01T12:00:00Z,comment,127,0,UgwnrDYRD2k_Gi9EY2Z4AaABAg,,FALSE
vL9TvnbnBBY,2022-06-30T14:19:23Z,2221,,31,Bemisia_tabaci,Spain,Insects,alien,compre,Post-Introduction,eCommerce,eCommerce,2006,2006-06-01T12:00:00Z,comment,127,0,UgxMiIdK0HaXAIVCLL54AaABAg,,FALSE
vL9TvnbnBBY,2022-05-28T17:58:16Z,2221,,31,Bemisia_tabaci,Spain,Insects,alien,plaga,Post-Introduction,Invasion,Invasion,2006,2006-06-01T12:00:00Z,comment,127,0,Ugz1muNjcEKNd2PWfwp4AaABAg,,FALSE
vL9TvnbnBBY,2022-04-07T23:23:55Z,2221,,31,Bemisia_tabaci,Spain,Insects,alien,aparecido,Post-Introduction,Detection,Detection,2006,2006-06-01T12:00:00Z,comment,127,0,UgxaHmipPbUgLcv6Hsh4AaABAg,,FALSE
vL9TvnbnBBY,2022-04-07T13:34:18Z,2221,,31,Bemisia_tabaci,Spain,Insects,alien,visto,Post-Introduction,Detection,Detection,2006,2006-06-01T12:00:00Z,comment,127,0,Ugz-kjyGtLjgLHpdTd14AaABAg.9_UmrGq32az9_WoZKDWRVh,Ugz-kjyGtLjgLHpdTd14AaABAg,TRUE
feTjM3z3eDk,2023-07-30T22:51:01Z,2773,,195,Bemisia_tabaci,Spain,Insects,alien,visto,Post-Introduction,Detection,Detection,2006,2006-06-01T12:00:00Z,comment,111,1,UgzksrkKItIsQmiwlcd4AaABAg,,FALSE
feTjM3z3eDk,2023-07-30T06:59:07Z,2773,,195,Bemisia_tabaci,Spain,Insects,alien,plagas,Post-Introduction,Invasion,Invasion,2006,2006-06-01T12:00:00Z,comment,111,2,Ugwz5qihyg5K0F3NqUN4AaABAg,,FALSE
feTjM3z3eDk,2023-07-29T15:50:06Z,2773,,195,Bemisia_tabaci,Spain,Insects,alien,plagas,Post-Introduction,Invasion,Invasion,2006,2006-06-01T12:00:00Z,comment,111,2,UgxsxOl7_djJ0ZBbbkt4AaABAg,,FALSE
feTjM3z3eDk,2023-07-29T11:07:39Z,2773,,195,Bemisia_tabaci,Spain,Insects,alien,plaga,Post-Introduction,Invasion,Invasion,2006,2006-06-01T12:00:00Z,comment,111,3,UgxSZs2LUtUo-qCery14AaABAg,,FALSE
feTjM3z3eDk,2023-07-29T11:07:39Z,2773,,195,Bemisia_tabaci,Spain,Insects,alien,alerta,Post-Introduction,Detection,Detection,2006,2006-06-01T12:00:00Z,comment,111,3,UgxSZs2LUtUo-qCery14AaABAg,,FALSE
feTjM3z3eDk,2023-07-29T06:09:38Z,2773,,195,Bemisia_tabaci,Spain,Insects,alien,visto,Post-Introduction,Detection,Detection,2006,2006-06-01T12:00:00Z,comment,111,1,Ugw20JY8t1RPdz-KeAZ4AaABAg,,FALSE
feTjM3z3eDk,2023-07-28T23:02:01Z,2773,,195,Bemisia_tabaci,Spain,Insects,alien,ataca,Post-Introduction,Threat,Threat,2006,2006-06-01T12:00:00Z,comment,111,1,UgycDv9VWR0XAMP1sKV4AaABAg,,FALSE
feTjM3z3eDk,2023-09-11T16:49:56Z,2773,,195,Bemisia_tabaci,Spain,Insects,alien,plagas,Post-Introduction,Invasion,Invasion,2006,2006-06-01T12:00:00Z,comment,111,0,UgzYCvKpYf60Fc8G4yF4AaABAg.9uVDph2o0N39uXGtmiIXw9,UgzYCvKpYf60Fc8G4yF4AaABAg,TRUE
feTjM3z3eDk,2023-07-31T16:57:23Z,2773,,195,Bemisia_tabaci,Spain,Insects,alien,plagas,Post-Introduction,Invasion,Invasion,2006,2006-06-01T12:00:00Z,comment,111,0,Ugx9Cfrhnz5fJvKuC9h4AaABAg.9snbydxsna29sq8Mmdums4,Ugx9Cfrhnz5fJvKuC9h4AaABAg,TRUE
feTjM3z3eDk,2023-07-29T16:11:20Z,2773,,195,Bemisia_tabaci,Spain,Insects,alien,plagas,Post-Introduction,Invasion,Invasion,2006,2006-06-01T12:00:00Z,comment,111,0,UgxsxOl7_djJ0ZBbbkt4AaABAg.9sks4CUUyIc9skuVj7W5Bc,UgxsxOl7_djJ0ZBbbkt4AaABAg,TRUE
feTjM3z3eDk,2023-07-29T11:36:38Z,2773,,195,Bemisia_tabaci,Spain,Insects,alien,plagas,Post-Introduction,Invasion,Invasion,2006,2006-06-01T12:00:00Z,comment,111,1,UgxSZs2LUtUo-qCery14AaABAg.9skMkON5n7u9skQ3jXBKOn,UgxSZs2LUtUo-qCery14AaABAg,TRUE
feTjM3z3eDk,2023-07-29T11:36:38Z,2773,,195,Bemisia_tabaci,Spain,Insects,alien,presente,Post-Introduction,Invasion,Invasion,2006,2006-06-01T12:00:00Z,comment,111,1,UgxSZs2LUtUo-qCery14AaABAg.9skMkON5n7u9skQ3jXBKOn,UgxSZs2LUtUo-qCery14AaABAg,TRUE
feTjM3z3eDk,2023-07-29T16:01:58Z,2773,,195,Bemisia_tabaci,Spain,Insects,alien,ataca,Post-Introduction,Threat,Threat,2006,2006-06-01T12:00:00Z,comment,111,0,UgycDv9VWR0XAMP1sKV4AaABAg.9sj3higdVDw9sktR4Or_zd,UgycDv9VWR0XAMP1sKV4AaABAg,TRUE
feTjM3z3eDk,2023-07-29T16:07:14Z,2773,,195,Bemisia_tabaci,Spain,Insects,alien,comprar,Post-Introduction,eCommerce,eCommerce,2006,2006-06-01T12:00:00Z,comment,111,1,UgycDv9VWR0XAMP1sKV4AaABAg.9sj3higdVDw9sku1hmvQYG,UgycDv9VWR0XAMP1sKV4AaABAg,TRUE
feTjM3z3eDk,2023-07-29T16:09:05Z,2773,,195,Bemisia_tabaci,Spain,Insects,alien,plagas,Post-Introduction,Invasion,Invasion,2006,2006-06-01T12:00:00Z,comment,111,1,UgxQOJRAlGMwv_2GjO14AaABAg.9siyX5uyhk09skuFHJhjHc,UgxQOJRAlGMwv_2GjO14AaABAg,TRUE
mc2CYl3Seog,2025-05-12T11:07:06Z,1793,,1,Bemisia_tabaci,Spain,Insects,alien,precio,Post-Introduction,eCommerce,eCommerce,2006,2006-06-01T12:00:00Z,comment,55,0,Ugx45VU_HXC4MZv1KAB4AaABAg,,FALSE
meiLTgm66aI,2020-06-01T09:22:48Z,817590,,700,Bemisia_tabaci,Spain,Insects,alien,plagas,Post-Introduction,Invasion,Invasion,2006,2006-06-01T12:00:00Z,comment,19070,41,UgzXz9xJFQQsCR4C6cZ4AaABAg,,FALSE
meiLTgm66aI,2024-08-16T01:04:35Z,817590,,700,Bemisia_tabaci,Spain,Insects,alien,controlado,Post-Introduction,Detection,Detection,2006,2006-06-01T12:00:00Z,comment,19070,2,Ugy5x9kOpZhsw03VGnl4AaABAg,,FALSE
meiLTgm66aI,2024-07-21T08:26:13Z,817590,,700,Bemisia_tabaci,Spain,Insects,alien,plaga,Post-Introduction,Invasion,Invasion,2006,2006-06-01T12:00:00Z,comment,19070,0,UgyypduuOavn1EHDDMB4AaABAg,,FALSE
meiLTgm66aI,2024-06-17T00:28:04Z,817590,,700,Bemisia_tabaci,Spain,Insects,alien,tienda,Post-Introduction,eCommerce,eCommerce,2006,2006-06-01T12:00:00Z,comment,19070,0,UgxZYxZmtx-Yb5GQCLl4AaABAg,,FALSE
meiLTgm66aI,2024-06-07T18:51:30Z,817590,,700,Bemisia_tabaci,Spain,Insects,alien,danino,Post-Introduction,Threat,Threat,2006,2006-06-01T12:00:00Z,comment,19070,0,UgxZeSA0Ft9sD_ln6ZJ4AaABAg,,FALSE
meiLTgm66aI,2024-04-04T15:46:23Z,817590,,700,Bemisia_tabaci,Spain,Insects,alien,plagas,Post-Introduction,Invasion,Invasion,2006,2006-06-01T12:00:00Z,comment,19070,0,UgzJEM__-MabVe8KH7J4AaABAg,,FALSE
meiLTgm66aI,2024-02-01T09:16:37Z,817590,,700,Bemisia_tabaci,Spain,Insects,alien,plaga,Post-Introduction,Invasion,Invasion,2006,2006-06-01T12:00:00Z,comment,19070,0,Ugzylsn9jGEQCZf8Xn14AaABAg,,FALSE
meiLTgm66aI,2023-09-12T12:29:15Z,817590,,700,Bemisia_tabaci,Spain,Insects,alien,plagas,Post-Introduction,Invasion,Invasion,2006,2006-06-01T12:00:00Z,comment,19070,0,UgyrdDQ18A2pZ-uWHUJ4AaABAg,,FALSE
meiLTgm66aI,2023-07-08T14:53:06Z,817590,,700,Bemisia_tabaci,Spain,Insects,alien,plaga,Post-Introduction,Invasion,Invasion,2006,2006-06-01T12:00:00Z,comment,19070,0,UgwL4Z5WKwYvLyuqY-N4AaABAg,,FALSE
meiLTgm66aI,2022-10-31T15:09:18Z,817590,,700,Bemisia_tabaci,Spain,Insects,alien,euros,Post-Introduction,eCommerce,eCommerce,2006,2006-06-01T12:00:00Z,comment,19070,0,UgzusoHDH6nl1vm3tK54AaABAg,,FALSE
meiLTgm66aI,2022-10-24T19:59:28Z,817590,,700,Bemisia_tabaci,Spain,Insects,alien,visto,Post-Introduction,Detection,Detection,2006,2006-06-01T12:00:00Z,comment,19070,21,UgygvqtgNu8ioqkNRa94AaABAg,,FALSE
meiLTgm66aI,2022-09-07T20:09:56Z,817590,,700,Bemisia_tabaci,Spain,Insects,alien,visto,Post-Introduction,Detection,Detection,2006,2006-06-01T12:00:00Z,comment,19070,0,UgyfyMCxXctReXI6NVh4AaABAg,,FALSE
meiLTgm66aI,2022-08-29T23:25:33Z,817590,,700,Bemisia_tabaci,Spain,Insects,alien,compre,Post-Introduction,eCommerce,eCommerce,2006,2006-06-01T12:00:00Z,comment,19070,0,UgzO99FdSdSSRJZxQH94AaABAg,,FALSE
meiLTgm66aI,2022-05-18T07:38:55Z,817590,,700,Bemisia_tabaci,Spain,Insects,alien,plaga,Post-Introduction,Invasion,Invasion,2006,2006-06-01T12:00:00Z,comment,19070,0,Ugy8IMuahNzFh19Js1J4AaABAg,,FALSE
meiLTgm66aI,2022-04-30T07:42:53Z,817590,,700,Bemisia_tabaci,Spain,Insects,alien,plagas,Post-Introduction,Invasion,Invasion,2006,2006-06-01T12:00:00Z,comment,19070,0,Ugwkfjudkw1Elk0w6Pt4AaABAg,,FALSE
meiLTgm66aI,2021-05-05T07:39:37Z,817590,,700,Bemisia_tabaci,Spain,Insects,alien,plaga,Post-Introduction,Invasion,Invasion,2006,2006-06-01T12:00:00Z,comment,19070,2,UgzXz9xJFQQsCR4C6cZ4AaABAg.99MICch-Z4y9MxR4asK8JS,UgzXz9xJFQQsCR4C6cZ4AaABAg,TRUE
meiLTgm66aI,2025-05-26T17:08:09Z,817590,,700,Bemisia_tabaci,Spain,Insects,alien,controlado,Post-Introduction,Detection,Detection,2006,2006-06-01T12:00:00Z,comment,19070,0,UgzcIt6O-0xZaWu4JbB4AaABAg.ABW62Mp67u-AIaUDPzuaoI,UgzcIt6O-0xZaWu4JbB4AaABAg,TRUE
meiLTgm66aI,2021-10-20T11:23:55Z,817590,,700,Bemisia_tabaci,Spain,Insects,alien,observado,Post-Introduction,Detection,Detection,2006,2006-06-01T12:00:00Z,comment,19070,16,UgwZ325lKFoUqVy9bf14AaABAg,,FALSE
meiLTgm66aI,2021-08-27T12:33:01Z,817590,,700,Bemisia_tabaci,Spain,Insects,alien,descubrimiento,Post-Introduction,Detection,Detection,2006,2006-06-01T12:00:00Z,comment,19070,1,Ugwx7sid0u6-kd8ZQGF4AaABAg,,FALSE
meiLTgm66aI,2021-07-25T07:34:17Z,817590,,700,Bemisia_tabaci,Spain,Insects,alien,visto,Post-Introduction,Detection,Detection,2006,2006-06-01T12:00:00Z,comment,19070,0,Ugz0rH6Ugc6gM1EfqRt4AaABAg,,FALSE
meiLTgm66aI,2021-07-25T07:34:17Z,817590,,700,Bemisia_tabaci,Spain,Insects,alien,visto,Post-Introduction,Detection,Detection,2006,2006-06-01T12:00:00Z,comment,19070,0,Ugz0rH6Ugc6gM1EfqRt4AaABAg,,FALSE
meiLTgm66aI,2021-07-25T07:34:17Z,817590,,700,Bemisia_tabaci,Spain,Insects,alien,visto,Post-Introduction,Detection,Detection,2006,2006-06-01T12:00:00Z,comment,19070,0,Ugz0rH6Ugc6gM1EfqRt4AaABAg,,FALSE
meiLTgm66aI,2021-06-19T15:15:56Z,817590,,700,Bemisia_tabaci,Spain,Insects,alien,plaga,Post-Introduction,Invasion,Invasion,2006,2006-06-01T12:00:00Z,comment,19070,0,UgxVwFuDzsemiFpTMKx4AaABAg,,FALSE
meiLTgm66aI,2021-04-28T20:20:40Z,817590,,700,Bemisia_tabaci,Spain,Insects,alien,visto,Post-Introduction,Detection,Detection,2006,2006-06-01T12:00:00Z,comment,19070,0,Ugxyddwg5KPZduoABKB4AaABAg,,FALSE
meiLTgm66aI,2021-04-28T20:20:40Z,817590,,700,Bemisia_tabaci,Spain,Insects,alien,visto,Post-Introduction,Detection,Detection,2006,2006-06-01T12:00:00Z,comment,19070,0,Ugxyddwg5KPZduoABKB4AaABAg,,FALSE
meiLTgm66aI,2021-04-09T11:09:19Z,817590,,700,Bemisia_tabaci,Spain,Insects,alien,compre,Post-Introduction,eCommerce,eCommerce,2006,2006-06-01T12:00:00Z,comment,19070,0,Ugw4QEPt2dPIpzSmkBp4AaABAg,,FALSE
meiLTgm66aI,2021-04-01T20:33:17Z,817590,,700,Bemisia_tabaci,Spain,Insects,alien,comprado,Post-Introduction,eCommerce,eCommerce,2006,2006-06-01T12:00:00Z,comment,19070,0,Ugxaue3Lv2qs4hVNysN4AaABAg,,FALSE
meiLTgm66aI,2021-03-25T16:08:25Z,817590,,700,Bemisia_tabaci,Spain,Insects,alien,aparecer,Post-Introduction,Detection,Detection,2006,2006-06-01T12:00:00Z,comment,19070,0,Ugyjge-nQo8vBwKnAMp4AaABAg,,FALSE
meiLTgm66aI,2021-03-05T17:31:27Z,817590,,700,Bemisia_tabaci,Spain,Insects,alien,reproduciendose,Post-Introduction,Invasion,Invasion,2006,2006-06-01T12:00:00Z,comment,19070,3,UgyMNbk1e3AsodLJdgd4AaABAg,,FALSE
meiLTgm66aI,2021-03-05T17:31:27Z,817590,,700,Bemisia_tabaci,Spain,Insects,alien,invasion,Post-Introduction,Invasion,Invasion,2006,2006-06-01T12:00:00Z,comment,19070,3,UgyMNbk1e3AsodLJdgd4AaABAg,,FALSE
meiLTgm66aI,2021-01-28T09:48:47Z,817590,,700,Bemisia_tabaci,Spain,Insects,alien,plaga,Post-Introduction,Invasion,Invasion,2006,2006-06-01T12:00:00Z,comment,19070,0,Ugx02lO25_t6uokM0254AaABAg,,FALSE
meiLTgm66aI,2021-01-28T09:48:47Z,817590,,700,Bemisia_tabaci,Spain,Insects,alien,plaga,Post-Introduction,Invasion,Invasion,2006,2006-06-01T12:00:00Z,comment,19070,0,Ugx02lO25_t6uokM0254AaABAg,,FALSE
j0V7f-2U2oQ,2023-02-12T16:39:54Z,1516,,2,Bemisia_tabaci,Spain,Insects,alien,visto,Post-Introduction,Detection,Detection,2006,2006-06-01T12:00:00Z,comment,25,0,UgyADCIHn0k7IN78HA14AaABAg,,FALSE
5k7q7SWwdq4,2018-02-02T16:10:52Z,18166,,8,Bemisia_tabaci,Spain,Insects,alien,trampas,Post-Introduction,Detection,Detection,2006,2006-06-01T12:00:00Z,comment,72,2,Ugw3dfDJ_L-wDsPdhzx4AaABAg,,FALSE
5k7q7SWwdq4,2018-03-05T15:22:01Z,18166,,8,Bemisia_tabaci,Spain,Insects,alien,trampas,Post-Introduction,Detection,Detection,2006,2006-06-01T12:00:00Z,comment,72,2,UgiKTMgAk_ci3ngCoAEC.8UvQfAUuHMT8dQ4H2SQUYo,UgiKTMgAk_ci3ngCoAEC,TRUE
jOi7GPnHg04,2023-09-22T21:10:40Z,5579,,39,Bemisia_tabaci,Spain,Insects,alien,compre,Post-Introduction,eCommerce,eCommerce,2006,2006-06-01T12:00:00Z,comment,306,1,UgyFh0I-o8yI2j-aq3J4AaABAg,,FALSE
jOi7GPnHg04,2023-09-22T21:10:40Z,5579,,39,Bemisia_tabaci,Spain,Insects,alien,visto,Post-Introduction,Detection,Detection,2006,2006-06-01T12:00:00Z,comment,306,1,UgyFh0I-o8yI2j-aq3J4AaABAg,,FALSE
jOi7GPnHg04,2022-05-26T19:28:50Z,5579,,39,Bemisia_tabaci,Spain,Insects,alien,vender,Post-Introduction,eCommerce,eCommerce,2006,2006-06-01T12:00:00Z,comment,306,2,Ugxtdo7GCK_W3Z3yKvN4AaABAg,,FALSE
jOi7GPnHg04,2022-05-26T12:41:19Z,5579,,39,Bemisia_tabaci,Spain,Insects,alien,plaga,Post-Introduction,Invasion,Invasion,2006,2006-06-01T12:00:00Z,comment,306,1,UgzDIIe5NFcTDqMCM2Z4AaABAg,,FALSE
jOi7GPnHg04,2022-05-26T05:29:20Z,5579,,39,Bemisia_tabaci,Spain,Insects,alien,manejo,Post-Introduction,Detection,Detection,2006,2006-06-01T12:00:00Z,comment,306,2,Ugz53U4_3NqQEWiPVMh4AaABAg,,FALSE
jOi7GPnHg04,2022-05-25T23:35:10Z,5579,,39,Bemisia_tabaci,Spain,Insects,alien,vista,Post-Introduction,Detection,Detection,2006,2006-06-01T12:00:00Z,comment,306,2,UgxsqwqSL1ga89majN94AaABAg,,FALSE
jOi7GPnHg04,2024-01-14T22:24:14Z,5579,,39,Bemisia_tabaci,Spain,Insects,alien,plaga,Post-Introduction,Invasion,Invasion,2006,2006-06-01T12:00:00Z,comment,306,0,UgzY8uVkO7vad0zEqhB4AaABAg.9zYdlkvc7H59zZjWk-2h-w,UgzY8uVkO7vad0zEqhB4AaABAg,TRUE
jOi7GPnHg04,2024-01-14T22:24:14Z,5579,,39,Bemisia_tabaci,Spain,Insects,alien,controlada,Post-Introduction,Detection,Detection,2006,2006-06-01T12:00:00Z,comment,306,0,UgzY8uVkO7vad0zEqhB4AaABAg.9zYdlkvc7H59zZjWk-2h-w,UgzY8uVkO7vad0zEqhB4AaABAg,TRUE
jOi7GPnHg04,2024-01-14T22:24:14Z,5579,,39,Bemisia_tabaci,Spain,Insects,alien,plaga,Post-Introduction,Invasion,Invasion,2006,2006-06-01T12:00:00Z,comment,306,0,UgzY8uVkO7vad0zEqhB4AaABAg.9zYdlkvc7H59zZjWk-2h-w,UgzY8uVkO7vad0zEqhB4AaABAg,TRUE
jOi7GPnHg04,2023-10-07T21:41:29Z,5579,,39,Bemisia_tabaci,Spain,Insects,alien,visto,Post-Introduction,Detection,Detection,2006,2006-06-01T12:00:00Z,comment,306,0,UgyFh0I-o8yI2j-aq3J4AaABAg.9uz3U6us8zu9v_jvx1dvrP,UgyFh0I-o8yI2j-aq3J4AaABAg,TRUE
jOi7GPnHg04,2023-03-24T19:41:30Z,5579,,39,Bemisia_tabaci,Spain,Insects,alien,plaga,Post-Introduction,Invasion,Invasion,2006,2006-06-01T12:00:00Z,comment,306,0,UgxcXznkyRDiAxTYe0d4AaABAg.9ne7gnYvivs9neGatJaIBA,UgxcXznkyRDiAxTYe0d4AaABAg,TRUE
jOi7GPnHg04,2023-03-24T20:04:34Z,5579,,39,Bemisia_tabaci,Spain,Insects,alien,aparece,Post-Introduction,Detection,Detection,2006,2006-06-01T12:00:00Z,comment,306,0,UgxcXznkyRDiAxTYe0d4AaABAg.9ne7gnYvivs9neJEsFNPWh,UgxcXznkyRDiAxTYe0d4AaABAg,TRUE
jOi7GPnHg04,2022-05-26T21:31:09Z,5579,,39,Bemisia_tabaci,Spain,Insects,alien,plagas,Post-Introduction,Invasion,Invasion,2006,2006-06-01T12:00:00Z,comment,306,1,UgwMgyMj9qY5ul_Ql5Z4AaABAg.9bVUJGZn3wS9bVq4lPuITf,UgwMgyMj9qY5ul_Ql5Z4AaABAg,TRUE
jOi7GPnHg04,2022-05-26T21:23:14Z,5579,,39,Bemisia_tabaci,Spain,Insects,alien,rebajas,Post-Introduction,eCommerce,eCommerce,2006,2006-06-01T12:00:00Z,comment,306,0,UgzDIIe5NFcTDqMCM2Z4AaABAg.9bUtS4JLDh09bVpAgd1qIQ,UgzDIIe5NFcTDqMCM2Z4AaABAg,TRUE
tx1toY5RVnk,2020-08-22T18:52:01Z,28280,,6,Bemisia_tabaci,Spain,Insects,alien,veneno,Post-Introduction,Threat,Threat,2006,2006-06-01T12:00:00Z,comment,189,0,UgwKqK_fMU5JyVknxpF4AaABAg,,FALSE
tx1toY5RVnk,2019-08-22T14:34:38Z,28280,,6,Bemisia_tabaci,Spain,Insects,alien,plaga,Post-Introduction,Invasion,Invasion,2006,2006-06-01T12:00:00Z,comment,189,2,Ugyip-zdYlbfqbDvtaF4AaABAg,,FALSE
tx1toY5RVnk,2019-08-22T14:34:38Z,28280,,6,Bemisia_tabaci,Spain,Insects,alien,plaga,Post-Introduction,Invasion,Invasion,2006,2006-06-01T12:00:00Z,comment,189,2,Ugyip-zdYlbfqbDvtaF4AaABAg,,FALSE
y54e1pFbfK4,2021-01-29T11:05:44Z,2286,,20,Bemisia_tabaci,Spain,Insects,alien,plagas,Post-Introduction,Invasion,Invasion,2006,2006-06-01T12:00:00Z,comment,51,1,Ugzf9IOB9rJrmW3GA3J4AaABAg,,FALSE
gzQB2RvHhOs,2025-07-08T15:05:40Z,1840050,,1791,Bemisia_tabaci,Spain,Insects,alien,plagas,Post-Introduction,Invasion,Invasion,2006,2006-06-01T12:00:00Z,comment,39799,0,UgzXFu88BOReYZcBq3d4AaABAg,,FALSE
gzQB2RvHhOs,2025-04-09T07:00:09Z,1840050,,1791,Bemisia_tabaci,Spain,Insects,alien,visto,Post-Introduction,Detection,Detection,2006,2006-06-01T12:00:00Z,comment,39799,0,UgyFDx81G8i-sLynEKp4AaABAg,,FALSE
gzQB2RvHhOs,2024-05-23T00:58:35Z,1840050,,1791,Bemisia_tabaci,Spain,Insects,alien,cara,Post-Introduction,eCommerce,eCommerce,2006,2006-06-01T12:00:00Z,comment,39799,0,UgxfmBFvYcBk7rEs5mB4AaABAg,,FALSE
gzQB2RvHhOs,2022-07-01T15:50:52Z,1840050,,1791,Bemisia_tabaci,Spain,Insects,alien,comprar,Post-Introduction,eCommerce,eCommerce,2006,2006-06-01T12:00:00Z,comment,39799,0,UgzSud74WKtnfoSvLe54AaABAg,,FALSE
gzQB2RvHhOs,2022-05-27T10:33:02Z,1840050,,1791,Bemisia_tabaci,Spain,Insects,alien,plaga,Post-Introduction,Invasion,Invasion,2006,2006-06-01T12:00:00Z,comment,39799,0,UgywG1EoHiGvtH_8t7F4AaABAg,,FALSE
gzQB2RvHhOs,2022-05-08T09:51:33Z,1840050,,1791,Bemisia_tabaci,Spain,Insects,alien,aparecer,Post-Introduction,Detection,Detection,2006,2006-06-01T12:00:00Z,comment,39799,0,UgwMHtudFCnElES-Xnt4AaABAg,,FALSE
gzQB2RvHhOs,2022-04-27T05:48:17Z,1840050,,1791,Bemisia_tabaci,Spain,Insects,alien,control,Post-Introduction,Detection,Detection,2006,2006-06-01T12:00:00Z,comment,39799,0,UgwaDhXvushan-V7Dkx4AaABAg,,FALSE
gzQB2RvHhOs,2022-04-27T05:48:17Z,1840050,,1791,Bemisia_tabaci,Spain,Insects,alien,plagas,Post-Introduction,Invasion,Invasion,2006,2006-06-01T12:00:00Z,comment,39799,0,UgwaDhXvushan-V7Dkx4AaABAg,,FALSE
gzQB2RvHhOs,2022-04-13T02:29:53Z,1840050,,1791,Bemisia_tabaci,Spain,Insects,alien,plaga,Post-Introduction,Invasion,Invasion,2006,2006-06-01T12:00:00Z,comment,39799,0,Ugy5-4gl0xuy3Tl0pbR4AaABAg,,FALSE
gzQB2RvHhOs,2022-03-28T02:18:09Z,1840050,,1791,Bemisia_tabaci,Spain,Insects,alien,plagas,Post-Introduction,Invasion,Invasion,2006,2006-06-01T12:00:00Z,comment,39799,0,UgygDniw_AcD2t5hVZl4AaABAg,,FALSE
gzQB2RvHhOs,2022-03-07T13:20:12Z,1840050,,1791,Bemisia_tabaci,Spain,Insects,alien,encontrado,Post-Introduction,Detection,Detection,2006,2006-06-01T12:00:00Z,comment,39799,0,UgyKRJYox1nEr1G9eSp4AaABAg,,FALSE
gzQB2RvHhOs,2022-03-07T13:20:12Z,1840050,,1791,Bemisia_tabaci,Spain,Insects,alien,atacado,Post-Introduction,Threat,Threat,2006,2006-06-01T12:00:00Z,comment,39799,0,UgyKRJYox1nEr1G9eSp4AaABAg,,FALSE
gzQB2RvHhOs,2022-01-28T17:02:26Z,1840050,,1791,Bemisia_tabaci,Spain,Insects,alien,plaga,Post-Introduction,Invasion,Invasion,2006,2006-06-01T12:00:00Z,comment,39799,0,Ugx09WxpbmALhX__zPJ4AaABAg,,FALSE
gzQB2RvHhOs,2022-01-28T17:02:26Z,1840050,,1791,Bemisia_tabaci,Spain,Insects,alien,plaga,Post-Introduction,Invasion,Invasion,2006,2006-06-01T12:00:00Z,comment,39799,0,Ugx09WxpbmALhX__zPJ4AaABAg,,FALSE
gzQB2RvHhOs,2024-05-28T09:44:23Z,1840050,,1791,Bemisia_tabaci,Spain,Insects,alien,plaga,Post-Introduction,Invasion,Invasion,2006,2006-06-01T12:00:00Z,comment,39799,1,UgxfmBFvYcBk7rEs5mB4AaABAg.A3lAj73cgH4A3yzsUuEVWa,UgxfmBFvYcBk7rEs5mB4AaABAg,TRUE
gzQB2RvHhOs,2024-01-28T10:15:36Z,1840050,,1791,Bemisia_tabaci,Spain,Insects,alien,compra,Post-Introduction,eCommerce,eCommerce,2006,2006-06-01T12:00:00Z,comment,39799,0,Ugy48skq_6Eh3JKsgjZ4AaABAg.A-4rwuBnb8cA-6UGEfhtaH,Ugy48skq_6Eh3JKsgjZ4AaABAg,TRUE
gzQB2RvHhOs,2022-02-03T04:50:11Z,1840050,,1791,Bemisia_tabaci,Spain,Insects,alien,plaga,Post-Introduction,Invasion,Invasion,2006,2006-06-01T12:00:00Z,comment,39799,0,Ugx09WxpbmALhX__zPJ4AaABAg.9XkWXHzZqvU9XyeVOmaRlI,Ugx09WxpbmALhX__zPJ4AaABAg,TRUE
gzQB2RvHhOs,2021-09-13T23:31:34Z,1840050,,1791,Bemisia_tabaci,Spain,Insects,alien,plagas,Post-Introduction,Invasion,Invasion,2006,2006-06-01T12:00:00Z,comment,39799,0,UgyP2x44fbmW3Ub9PIl4AaABAg,,FALSE
gzQB2RvHhOs,2021-08-28T04:39:43Z,1840050,,1791,Bemisia_tabaci,Spain,Insects,alien,plaga,Post-Introduction,Invasion,Invasion,2006,2006-06-01T12:00:00Z,comment,39799,7,UgyXn4HDOOJchm0W_xB4AaABAg,,FALSE
gzQB2RvHhOs,2021-05-01T16:00:32Z,1840050,,1791,Bemisia_tabaci,Spain,Insects,alien,plaga,Post-Introduction,Invasion,Invasion,2006,2006-06-01T12:00:00Z,comment,39799,0,UgysekYciVnlfBt4HVN4AaABAg,,FALSE
gzQB2RvHhOs,2021-04-18T18:26:39Z,1840050,,1791,Bemisia_tabaci,Spain,Insects,alien,plagas,Post-Introduction,Invasion,Invasion,2006,2006-06-01T12:00:00Z,comment,39799,0,UgxxOOMwawr1bCLpabZ4AaABAg,,FALSE
gzQB2RvHhOs,2021-03-27T17:59:35Z,1840050,,1791,Bemisia_tabaci,Spain,Insects,alien,plaga,Post-Introduction,Invasion,Invasion,2006,2006-06-01T12:00:00Z,comment,39799,4,Ugwf_-e5nxVysVYcGNl4AaABAg,,FALSE
gzQB2RvHhOs,2021-03-20T17:30:39Z,1840050,,1791,Bemisia_tabaci,Spain,Insects,alien,plaga,Post-Introduction,Invasion,Invasion,2006,2006-06-01T12:00:00Z,comment,39799,8,UgwUSGJvntD1q2wZnEF4AaABAg,,FALSE
gzQB2RvHhOs,2021-03-01T18:40:21Z,1840050,,1791,Bemisia_tabaci,Spain,Insects,alien,plagas,Post-Introduction,Invasion,Invasion,2006,2006-06-01T12:00:00Z,comment,39799,0,UgzaErt84WxyZu3kScd4AaABAg,,FALSE
gzQB2RvHhOs,2021-02-03T05:36:54Z,1840050,,1791,Bemisia_tabaci,Spain,Insects,alien,plagas,Post-Introduction,Invasion,Invasion,2006,2006-06-01T12:00:00Z,comment,39799,2,UgzXiVnWBtedcPURB8p4AaABAg,,FALSE
gzQB2RvHhOs,2021-01-14T22:20:45Z,1840050,,1791,Bemisia_tabaci,Spain,Insects,alien,comprar,Post-Introduction,eCommerce,eCommerce,2006,2006-06-01T12:00:00Z,comment,39799,0,UgxKjA3G2MxjfgljfdV4AaABAg,,FALSE
gzQB2RvHhOs,2022-09-08T20:15:04Z,1840050,,1791,Bemisia_tabaci,Spain,Insects,alien,ataca,Post-Introduction,Threat,Threat,2006,2006-06-01T12:00:00Z,comment,39799,0,Ugwf_-e5nxVysVYcGNl4AaABAg.9LP71Iv6Lj69fj3qKnSp47,Ugwf_-e5nxVysVYcGNl4AaABAg,TRUE
Xo8gwIt1H5c,2018-06-12T15:15:24Z,119172,,42,Bemisia_tabaci,Spain,Insects,alien,plagas,Post-Introduction,Invasion,Invasion,2006,2006-06-01T12:00:00Z,comment,793,6,UgyFAOVg5jyJjj-aTit4AaABAg,,FALSE
Xo8gwIt1H5c,2018-06-12T15:15:24Z,119172,,42,Bemisia_tabaci,Spain,Insects,alien,control,Post-Introduction,Detection,Detection,2006,2006-06-01T12:00:00Z,comment,793,6,UgyFAOVg5jyJjj-aTit4AaABAg,,FALSE
Xo8gwIt1H5c,2018-06-12T15:15:24Z,119172,,42,Bemisia_tabaci,Spain,Insects,alien,plaga,Post-Introduction,Invasion,Invasion,2006,2006-06-01T12:00:00Z,comment,793,6,UgyFAOVg5jyJjj-aTit4AaABAg,,FALSE
Xo8gwIt1H5c,2018-04-11T21:01:26Z,119172,,42,Bemisia_tabaci,Spain,Insects,alien,comprar,Post-Introduction,eCommerce,eCommerce,2006,2006-06-01T12:00:00Z,comment,793,0,UgxY3_Fqu5gK1x_V92J4AaABAg,,FALSE
Xo8gwIt1H5c,2024-01-26T22:16:18Z,119172,,42,Bemisia_tabaci,Spain,Insects,alien,controlar,Post-Introduction,Detection,Detection,2006,2006-06-01T12:00:00Z,comment,793,0,UgxKJJBVc19q9eTGRn14AaABAg.9P_fLY22zEbA-2c965g2eB,UgxKJJBVc19q9eTGRn14AaABAg,TRUE
Xo8gwIt1H5c,2021-03-24T06:49:58Z,119172,,42,Bemisia_tabaci,Spain,Insects,alien,registro,Post-Introduction,Detection,Detection,2006,2006-06-01T12:00:00Z,comment,793,0,UgyFAOVg5jyJjj-aTit4AaABAg.8hOzD5pMm-j9LGC0ID_ylG,UgyFAOVg5jyJjj-aTit4AaABAg,TRUE
Xo8gwIt1H5c,2024-01-26T22:28:06Z,119172,,42,Bemisia_tabaci,Spain,Insects,alien,plagas,Post-Introduction,Invasion,Invasion,2006,2006-06-01T12:00:00Z,comment,793,0,UgwjEx6T-u8b55REB454AaABAg.8hIY_JfO1VjA-2dVVB9mi3,UgwjEx6T-u8b55REB454AaABAg,TRUE
Xo8gwIt1H5c,2024-01-26T22:28:06Z,119172,,42,Bemisia_tabaci,Spain,Insects,alien,control,Post-Introduction,Detection,Detection,2006,2006-06-01T12:00:00Z,comment,793,0,UgwjEx6T-u8b55REB454AaABAg.8hIY_JfO1VjA-2dVVB9mi3,UgwjEx6T-u8b55REB454AaABAg,TRUE
Xo8gwIt1H5c,2024-01-26T22:28:06Z,119172,,42,Bemisia_tabaci,Spain,Insects,alien,plagas,Post-Introduction,Invasion,Invasion,2006,2006-06-01T12:00:00Z,comment,793,0,UgwjEx6T-u8b55REB454AaABAg.8hIY_JfO1VjA-2dVVB9mi3,UgwjEx6T-u8b55REB454AaABAg,TRUE
Xo8gwIt1H5c,2024-01-26T22:28:06Z,119172,,42,Bemisia_tabaci,Spain,Insects,alien,plagas,Post-Introduction,Invasion,Invasion,2006,2006-06-01T12:00:00Z,comment,793,0,UgwjEx6T-u8b55REB454AaABAg.8hIY_JfO1VjA-2dVVB9mi3,UgwjEx6T-u8b55REB454AaABAg,TRUE
Xo8gwIt1H5c,2024-01-26T22:28:06Z,119172,,42,Bemisia_tabaci,Spain,Insects,alien,control,Post-Introduction,Detection,Detection,2006,2006-06-01T12:00:00Z,comment,793,0,UgwjEx6T-u8b55REB454AaABAg.8hIY_JfO1VjA-2dVVB9mi3,UgwjEx6T-u8b55REB454AaABAg,TRUE
Xo8gwIt1H5c,2024-01-26T22:28:06Z,119172,,42,Bemisia_tabaci,Spain,Insects,alien,precio,Post-Introduction,eCommerce,eCommerce,2006,2006-06-01T12:00:00Z,comment,793,0,UgwjEx6T-u8b55REB454AaABAg.8hIY_JfO1VjA-2dVVB9mi3,UgwjEx6T-u8b55REB454AaABAg,TRUE
Xo8gwIt1H5c,2018-06-12T15:24:22Z,119172,,42,Bemisia_tabaci,Spain,Insects,alien,plagas,Post-Introduction,Invasion,Invasion,2006,2006-06-01T12:00:00Z,comment,793,1,UgxY3_Fqu5gK1x_V92J4AaABAg.8euxXGM9Ay88hP-EqX_saA,UgxY3_Fqu5gK1x_V92J4AaABAg,TRUE
z7IwedDStBU,2022-05-08T11:36:08Z,3942,,19,Branta_canadensis,Portugal,Birds,established,peligroso,Post-Introduction,Threat,Threat,2008,2008-06-01T12:00:00Z,comment,57,2,UgxwKnz3onrZPmDcTch4AaABAg,,FALSE
z7IwedDStBU,2022-05-08T11:49:36Z,3942,,19,Branta_canadensis,Portugal,Birds,established,peligro,Post-Introduction,Threat,Threat,2008,2008-06-01T12:00:00Z,comment,57,0,UgxwKnz3onrZPmDcTch4AaABAg.9alQfzi_lIc9alSDdQ6NZT,UgxwKnz3onrZPmDcTch4AaABAg,TRUE
h_QLPNwhMkI,2019-06-25T12:14:33Z,1290,,2,Caloenas_nicobarica,Spain,Birds,casual,comercio,Post-Introduction,eCommerce,eCommerce,2008,2008-06-01T12:00:00Z,comment,12,1,Ugz74Yjy9GOBAPGPk-94AaABAg.8wTWylR20vk8waz-PFVZZX,Ugz74Yjy9GOBAPGPk-94AaABAg,TRUE
h_QLPNwhMkI,2019-06-25T12:14:33Z,1290,,2,Caloenas_nicobarica,Spain,Birds,casual,prohibido,Post-Introduction,eCommerce,eCommerce,2008,2008-06-01T12:00:00Z,comment,12,1,Ugz74Yjy9GOBAPGPk-94AaABAg.8wTWylR20vk8waz-PFVZZX,Ugz74Yjy9GOBAPGPk-94AaABAg,TRUE
xTvCdIY3_2c,2018-01-15T05:57:25Z,617,,3,Caprella_scaura,Spain,Crustaceans,alien,pecera,Post-Introduction,eCommerce,eCommerce,2009,2009-06-01T12:00:00Z,comment,12,0,UgxBBoDYb_-mEopzBUR4AaABAg.8bQSux0yuz68bQthxSZnjC,UgxBBoDYb_-mEopzBUR4AaABAg,TRUE
kgCcXRbNaL8,2024-03-11T11:04:47Z,13348,,40,Ceratitis_capitata,Spain,Insects,established,registro,Post-Introduction,Detection,Detection,2006,2006-06-01T12:00:00Z,comment,322,0,UgxIfbDNc-CXKWkrbDZ4AaABAg,,FALSE
kgCcXRbNaL8,2023-09-03T21:22:06Z,13348,,40,Ceratitis_capitata,Spain,Insects,established,trampas,Post-Introduction,Detection,Detection,2006,2006-06-01T12:00:00Z,comment,322,1,UgyiZu-ob_6fXMId-pJ4AaABAg,,FALSE
kgCcXRbNaL8,2024-04-07T17:28:27Z,13348,,40,Ceratitis_capitata,Spain,Insects,established,dispersion,Post-Introduction,Invasion,Invasion,2006,2006-06-01T12:00:00Z,comment,322,0,Ugzt4Nlnc90ANEjFuQ94AaABAg.A1wTU7-rqu1A1wVRtJN5Zz,Ugzt4Nlnc90ANEjFuQ94AaABAg,TRUE
kgCcXRbNaL8,2023-09-03T21:25:54Z,13348,,40,Ceratitis_capitata,Spain,Insects,established,trampas,Post-Introduction,Detection,Detection,2006,2006-06-01T12:00:00Z,comment,322,0,UgyiZu-ob_6fXMId-pJ4AaABAg.9uD9gHSM4uQ9uDA72421YY,UgyiZu-ob_6fXMId-pJ4AaABAg,TRUE
VczxTnLhJhU,2024-07-10T21:41:51Z,58279,,23,Ceratitis_capitata,Spain,Insects,established,plaga,Post-Introduction,Invasion,Invasion,2006,2006-06-01T12:00:00Z,comment,385,1,UgxJR0k7As33LJRrYmF4AaABAg,,FALSE
VczxTnLhJhU,2022-07-09T02:45:22Z,58279,,23,Ceratitis_capitata,Spain,Insects,established,trampas,Post-Introduction,Detection,Detection,2006,2006-06-01T12:00:00Z,comment,385,0,Ugzots41F3rKIyXgfhZ4AaABAg,,FALSE
VczxTnLhJhU,2019-10-08T20:12:21Z,58279,,23,Ceratitis_capitata,Spain,Insects,established,trampa,Post-Introduction,Detection,Detection,2006,2006-06-01T12:00:00Z,comment,385,0,UgwyfK67iFrkRUKqSUN4AaABAg,,FALSE
VczxTnLhJhU,2019-10-08T20:12:21Z,58279,,23,Ceratitis_capitata,Spain,Insects,established,mercado,Post-Introduction,eCommerce,eCommerce,2006,2006-06-01T12:00:00Z,comment,385,0,UgwyfK67iFrkRUKqSUN4AaABAg,,FALSE
VczxTnLhJhU,2015-04-10T22:16:54Z,58279,,23,Ceratitis_capitata,Spain,Insects,established,plaga,Post-Introduction,Invasion,Invasion,2006,2006-06-01T12:00:00Z,comment,385,3,UghbnBC47wmkoHgCoAEC,,FALSE
VczxTnLhJhU,2015-04-10T22:16:54Z,58279,,23,Ceratitis_capitata,Spain,Insects,established,mercado,Post-Introduction,eCommerce,eCommerce,2006,2006-06-01T12:00:00Z,comment,385,3,UghbnBC47wmkoHgCoAEC,,FALSE
VczxTnLhJhU,2022-05-06T12:06:04Z,58279,,23,Ceratitis_capitata,Spain,Insects,established,visto,Post-Introduction,Detection,Detection,2006,2006-06-01T12:00:00Z,comment,385,0,UgyPwWncJ8M-9Qti9nB4AaABAg.9JPPagBWqrA9agKWRfIW4a,UgyPwWncJ8M-9Qti9nB4AaABAg,TRUE
zLvNc_hE1ag,2025-02-17T07:20:37Z,34047,,90,Ceratitis_capitata,Spain,Insects,established,trampa,Post-Introduction,Detection,Detection,2006,2006-06-01T12:00:00Z,comment,532,1,UgyWTSMf_w0N3HCkk9x4AaABAg,,FALSE
zLvNc_hE1ag,2024-05-06T20:57:29Z,34047,,90,Ceratitis_capitata,Spain,Insects,established,trampa,Post-Introduction,Detection,Detection,2006,2006-06-01T12:00:00Z,comment,532,1,UgzxgIHE7rLR3Pi6zn54AaABAg,,FALSE
zLvNc_hE1ag,2024-04-27T14:59:15Z,34047,,90,Ceratitis_capitata,Spain,Insects,established,trampas,Post-Introduction,Detection,Detection,2006,2006-06-01T12:00:00Z,comment,532,1,UgxcomfmdumWtefljXd4AaABAg,,FALSE
zLvNc_hE1ag,2024-04-27T14:55:24Z,34047,,90,Ceratitis_capitata,Spain,Insects,established,trampas,Post-Introduction,Detection,Detection,2006,2006-06-01T12:00:00Z,comment,532,0,UgzHARsv-iF_jFNNIId4AaABAg,,FALSE
zLvNc_hE1ag,2024-04-27T14:55:24Z,34047,,90,Ceratitis_capitata,Spain,Insects,established,trampas,Post-Introduction,Detection,Detection,2006,2006-06-01T12:00:00Z,comment,532,0,UgzHARsv-iF_jFNNIId4AaABAg,,FALSE
zLvNc_hE1ag,2024-04-23T20:29:07Z,34047,,90,Ceratitis_capitata,Spain,Insects,established,trampa,Post-Introduction,Detection,Detection,2006,2006-06-01T12:00:00Z,comment,532,1,UgynmsqyWyC1Gw20dHJ4AaABAg,,FALSE
zLvNc_hE1ag,2024-04-21T16:28:45Z,34047,,90,Ceratitis_capitata,Spain,Insects,established,ataca,Post-Introduction,Threat,Threat,2006,2006-06-01T12:00:00Z,comment,532,1,UgxAH58kp_su5B_3oBN4AaABAg,,FALSE
zLvNc_hE1ag,2023-05-11T23:29:23Z,34047,,90,Ceratitis_capitata,Spain,Insects,established,ataca,Post-Introduction,Threat,Threat,2006,2006-06-01T12:00:00Z,comment,532,1,UgyXduXRukGGH8_rV9V4AaABAg,,FALSE
zLvNc_hE1ag,2023-03-11T16:53:23Z,34047,,90,Ceratitis_capitata,Spain,Insects,established,compre,Post-Introduction,eCommerce,eCommerce,2006,2006-06-01T12:00:00Z,comment,532,1,UgxJI1NcTdvVxKWjOw94AaABAg,,FALSE
zLvNc_hE1ag,2022-05-01T05:23:26Z,34047,,90,Ceratitis_capitata,Spain,Insects,established,trampas,Post-Introduction,Detection,Detection,2006,2006-06-01T12:00:00Z,comment,532,1,UgzpVbIftvfi8p5YjLp4AaABAg,,FALSE
zLvNc_hE1ag,2021-11-19T19:37:30Z,34047,,90,Ceratitis_capitata,Spain,Insects,established,visto,Post-Introduction,Detection,Detection,2006,2006-06-01T12:00:00Z,comment,532,1,UgyXlb1btaNabn9ADnN4AaABAg,,FALSE
zLvNc_hE1ag,2021-11-19T19:37:30Z,34047,,90,Ceratitis_capitata,Spain,Insects,established,trampa,Post-Introduction,Detection,Detection,2006,2006-06-01T12:00:00Z,comment,532,1,UgyXlb1btaNabn9ADnN4AaABAg,,FALSE
zLvNc_hE1ag,2021-11-15T19:47:20Z,34047,,90,Ceratitis_capitata,Spain,Insects,established,trampas,Post-Introduction,Detection,Detection,2006,2006-06-01T12:00:00Z,comment,532,1,UgxusWZPCG5alJEvRa14AaABAg,,FALSE
zLvNc_hE1ag,2021-11-13T13:40:06Z,34047,,90,Ceratitis_capitata,Spain,Insects,established,plagas,Post-Introduction,Invasion,Invasion,2006,2006-06-01T12:00:00Z,comment,532,1,UgxTbsASq93GX_wJvYt4AaABAg,,FALSE
zLvNc_hE1ag,2021-11-13T13:11:56Z,34047,,90,Ceratitis_capitata,Spain,Insects,established,trampa,Post-Introduction,Detection,Detection,2006,2006-06-01T12:00:00Z,comment,532,1,UgzxI0pZu6DOOBmSg-J4AaABAg,,FALSE
zLvNc_hE1ag,2021-11-13T12:49:38Z,34047,,90,Ceratitis_capitata,Spain,Insects,established,trampa,Post-Introduction,Detection,Detection,2006,2006-06-01T12:00:00Z,comment,532,1,UgwQL0L5o5XzWL_JbjV4AaABAg,,FALSE
zLvNc_hE1ag,2021-11-13T11:36:02Z,34047,,90,Ceratitis_capitata,Spain,Insects,established,trampa,Post-Introduction,Detection,Detection,2006,2006-06-01T12:00:00Z,comment,532,3,UgwN62hwx7t_04dcJpN4AaABAg,,FALSE
zLvNc_hE1ag,2024-04-24T08:50:06Z,34047,,90,Ceratitis_capitata,Spain,Insects,established,plaga,Post-Introduction,Invasion,Invasion,2006,2006-06-01T12:00:00Z,comment,532,0,UgynmsqyWyC1Gw20dHJ4AaABAg.A2a0q5-p-P1A2bLdAUD4CL,UgynmsqyWyC1Gw20dHJ4AaABAg,TRUE
zLvNc_hE1ag,2024-04-27T15:00:38Z,34047,,90,Ceratitis_capitata,Spain,Insects,established,trampas,Post-Introduction,Detection,Detection,2006,2006-06-01T12:00:00Z,comment,532,0,UgxJI1NcTdvVxKWjOw94AaABAg.9n7V15_d9xnA2jjQgCVx-7,UgxJI1NcTdvVxKWjOw94AaABAg,TRUE
zLvNc_hE1ag,2021-11-20T12:11:22Z,34047,,90,Ceratitis_capitata,Spain,Insects,established,trampa,Post-Introduction,Detection,Detection,2006,2006-06-01T12:00:00Z,comment,532,0,UgyXlb1btaNabn9ADnN4AaABAg.9UwYcqv__7E9UyKN81HOE6,UgyXlb1btaNabn9ADnN4AaABAg,TRUE
zLvNc_hE1ag,2021-11-20T12:11:22Z,34047,,90,Ceratitis_capitata,Spain,Insects,established,barata,Post-Introduction,eCommerce,eCommerce,2006,2006-06-01T12:00:00Z,comment,532,0,UgyXlb1btaNabn9ADnN4AaABAg.9UwYcqv__7E9UyKN81HOE6,UgyXlb1btaNabn9ADnN4AaABAg,TRUE
zLvNc_hE1ag,2021-11-17T11:14:34Z,34047,,90,Ceratitis_capitata,Spain,Insects,established,trampas,Post-Introduction,Detection,Detection,2006,2006-06-01T12:00:00Z,comment,532,0,UgzNnj_-BSe2ow9o9Lt4AaABAg.9Uq8zJi-a-w9UqVUTBFjLm,UgzNnj_-BSe2ow9o9Lt4AaABAg,TRUE
zLvNc_hE1ag,2021-11-16T11:42:44Z,34047,,90,Ceratitis_capitata,Spain,Insects,established,barato,Post-Introduction,eCommerce,eCommerce,2006,2006-06-01T12:00:00Z,comment,532,0,UgzayffZkFjANOBGkZJ4AaABAg.9UmpNnpJIT09Unyuw5d3lw,UgzayffZkFjANOBGkZJ4AaABAg,TRUE
zLvNc_hE1ag,2021-11-15T19:55:29Z,34047,,90,Ceratitis_capitata,Spain,Insects,established,dinero,Post-Introduction,eCommerce,eCommerce,2006,2006-06-01T12:00:00Z,comment,532,1,UgxusWZPCG5alJEvRa14AaABAg.9UmG_LkXMje9UmHW5qUcXO,UgxusWZPCG5alJEvRa14AaABAg,TRUE
zLvNc_hE1ag,2021-11-15T11:54:36Z,34047,,90,Ceratitis_capitata,Spain,Insects,established,ataca,Post-Introduction,Threat,Threat,2006,2006-06-01T12:00:00Z,comment,532,0,UgyL_cy8nynvMij0m094AaABAg.9UjvzvFAtMS9UlQU-xCgci,UgyL_cy8nynvMij0m094AaABAg,TRUE
zLvNc_hE1ag,2021-11-13T17:33:53Z,34047,,90,Ceratitis_capitata,Spain,Insects,established,comprar,Post-Introduction,eCommerce,eCommerce,2006,2006-06-01T12:00:00Z,comment,532,1,UgxTbsASq93GX_wJvYt4AaABAg.9UgSxuxRpjK9UgsiFi0zCG,UgxTbsASq93GX_wJvYt4AaABAg,TRUE
zLvNc_hE1ag,2021-11-13T17:37:16Z,34047,,90,Ceratitis_capitata,Spain,Insects,established,trampa,Post-Introduction,Detection,Detection,2006,2006-06-01T12:00:00Z,comment,532,1,UgzxI0pZu6DOOBmSg-J4AaABAg.9UgPjZbSsc39Ugt6-Uhh8L,UgzxI0pZu6DOOBmSg-J4AaABAg,TRUE
zLvNc_hE1ag,2021-11-13T17:37:16Z,34047,,90,Ceratitis_capitata,Spain,Insects,established,trampas,Post-Introduction,Detection,Detection,2006,2006-06-01T12:00:00Z,comment,532,1,UgzxI0pZu6DOOBmSg-J4AaABAg.9UgPjZbSsc39Ugt6-Uhh8L,UgzxI0pZu6DOOBmSg-J4AaABAg,TRUE
zLvNc_hE1ag,2021-11-13T12:39:35Z,34047,,90,Ceratitis_capitata,Spain,Insects,established,trampa,Post-Introduction,Detection,Detection,2006,2006-06-01T12:00:00Z,comment,532,1,UgywGgaBQE1rzNUwi_N4AaABAg.9UgI8XmdfFr9UgM1j0q3mM,UgywGgaBQE1rzNUwi_N4AaABAg,TRUE
zLvNc_hE1ag,2021-11-13T11:42:23Z,34047,,90,Ceratitis_capitata,Spain,Insects,established,dinero,Post-Introduction,eCommerce,eCommerce,2006,2006-06-01T12:00:00Z,comment,532,1,UgwN62hwx7t_04dcJpN4AaABAg.9UgElBHxn0J9UgFUlii5LL,UgwN62hwx7t_04dcJpN4AaABAg,TRUE
26Ov7u4xX9E,2022-05-22T19:09:05Z,1315,,2,Ceratitis_capitata,Spain,Insects,established,peligrosa,Post-Introduction,Threat,Threat,2006,2006-06-01T12:00:00Z,comment,,1,UgwwSDx2GV5Voli3nTJ4AaABAg,,FALSE
26Ov7u4xX9E,2022-05-22T19:09:05Z,1315,,2,Ceratitis_capitata,Spain,Insects,established,plaga,Post-Introduction,Invasion,Invasion,2006,2006-06-01T12:00:00Z,comment,,1,UgwwSDx2GV5Voli3nTJ4AaABAg,,FALSE
26Ov7u4xX9E,2022-05-22T19:09:05Z,1315,,2,Ceratitis_capitata,Spain,Insects,established,captura,Post-Introduction,Detection,Detection,2006,2006-06-01T12:00:00Z,comment,,1,UgwwSDx2GV5Voli3nTJ4AaABAg,,FALSE
26Ov7u4xX9E,2022-05-22T19:09:05Z,1315,,2,Ceratitis_capitata,Spain,Insects,established,control,Post-Introduction,Detection,Detection,2006,2006-06-01T12:00:00Z,comment,,1,UgwwSDx2GV5Voli3nTJ4AaABAg,,FALSE
26Ov7u4xX9E,2022-05-24T10:22:39Z,1315,,2,Ceratitis_capitata,Spain,Insects,established,danina,Post-Introduction,Threat,Threat,2006,2006-06-01T12:00:00Z,comment,,0,UgwwSDx2GV5Voli3nTJ4AaABAg.9bLHddUoNc39bPUzmNZvXx,UgwwSDx2GV5Voli3nTJ4AaABAg,TRUE
7VdgX7gGBoY,2025-08-27T18:28:53Z,102199,,258,Ceratitis_capitata,Spain,Insects,established,trampa,Post-Introduction,Detection,Detection,2006,2006-06-01T12:00:00Z,comment,3504,0,UgxQpgEgNTlRtkcd-bB4AaABAg,,FALSE
7VdgX7gGBoY,2025-08-21T10:26:47Z,102199,,258,Ceratitis_capitata,Spain,Insects,established,controlado,Post-Introduction,Detection,Detection,2006,2006-06-01T12:00:00Z,comment,3504,1,UgxoSMFyAzMcl8nZVFB4AaABAg,,FALSE
7VdgX7gGBoY,2025-08-17T17:17:39Z,102199,,258,Ceratitis_capitata,Spain,Insects,established,trampas,Post-Introduction,Detection,Detection,2006,2006-06-01T12:00:00Z,comment,3504,1,UgwykMExcWllYdeW0tV4AaABAg,,FALSE
7VdgX7gGBoY,2025-07-03T19:26:11Z,102199,,258,Ceratitis_capitata,Spain,Insects,established,trampas,Post-Introduction,Detection,Detection,2006,2006-06-01T12:00:00Z,comment,3504,4,Ugw73AOBRseMXzJW-x94AaABAg,,FALSE
7VdgX7gGBoY,2025-06-03T20:38:36Z,102199,,258,Ceratitis_capitata,Spain,Insects,established,visto,Post-Introduction,Detection,Detection,2006,2006-06-01T12:00:00Z,comment,3504,2,UgxdnosJJo0u7Il0hsZ4AaABAg,,FALSE
7VdgX7gGBoY,2025-06-03T20:38:36Z,102199,,258,Ceratitis_capitata,Spain,Insects,established,visto,Post-Introduction,Detection,Detection,2006,2006-06-01T12:00:00Z,comment,3504,2,UgxdnosJJo0u7Il0hsZ4AaABAg,,FALSE
7VdgX7gGBoY,2025-03-04T23:59:46Z,102199,,258,Ceratitis_capitata,Spain,Insects,established,trampas,Post-Introduction,Detection,Detection,2006,2006-06-01T12:00:00Z,comment,3504,0,Ugx-HEBrXkyI1-LvYu14AaABAg,,FALSE
7VdgX7gGBoY,2025-02-09T11:18:08Z,102199,,258,Ceratitis_capitata,Spain,Insects,established,control,Post-Introduction,Detection,Detection,2006,2006-06-01T12:00:00Z,comment,3504,3,UgzB5rgswNNHdtPOx_94AaABAg,,FALSE
7VdgX7gGBoY,2025-01-10T19:57:21Z,102199,,258,Ceratitis_capitata,Spain,Insects,established,vender,Post-Introduction,eCommerce,eCommerce,2006,2006-06-01T12:00:00Z,comment,3504,0,UgycgqmVQviEujKIqAp4AaABAg,,FALSE
7VdgX7gGBoY,2024-11-29T04:30:58Z,102199,,258,Ceratitis_capitata,Spain,Insects,established,trampas,Post-Introduction,Detection,Detection,2006,2006-06-01T12:00:00Z,comment,3504,0,Ugz4iScQdk2N7t5_ZcB4AaABAg.AB9wD1Lw2YMABPn3sLvvsX,Ugz4iScQdk2N7t5_ZcB4AaABAg,TRUE
7VdgX7gGBoY,2024-09-30T21:42:06Z,102199,,258,Ceratitis_capitata,Spain,Insects,established,trampas,Post-Introduction,Detection,Detection,2006,2006-06-01T12:00:00Z,comment,3504,0,UgzSeRwLwxwlvnDd-yB4AaABAg,,FALSE
7VdgX7gGBoY,2024-09-02T06:38:34Z,102199,,258,Ceratitis_capitata,Spain,Insects,established,visto,Post-Introduction,Detection,Detection,2006,2006-06-01T12:00:00Z,comment,3504,1,UgzYSyqz718txBaTaXx4AaABAg,,FALSE
7VdgX7gGBoY,2024-08-21T08:10:23Z,102199,,258,Ceratitis_capitata,Spain,Insects,established,vender,Post-Introduction,eCommerce,eCommerce,2006,2006-06-01T12:00:00Z,comment,3504,3,UgyQS_ilKszDXQvnko54AaABAg,,FALSE
7VdgX7gGBoY,2024-08-03T16:25:03Z,102199,,258,Ceratitis_capitata,Spain,Insects,established,controlar,Post-Introduction,Detection,Detection,2006,2006-06-01T12:00:00Z,comment,3504,0,Ugw87HRs28JtWEpLpWB4AaABAg,,FALSE
7VdgX7gGBoY,2024-08-03T09:07:08Z,102199,,258,Ceratitis_capitata,Spain,Insects,established,barato,Post-Introduction,eCommerce,eCommerce,2006,2006-06-01T12:00:00Z,comment,3504,2,Ugz6xXtwsnDN-lpLmsJ4AaABAg,,FALSE
7VdgX7gGBoY,2024-07-26T01:55:03Z,102199,,258,Ceratitis_capitata,Spain,Insects,established,capturas,Post-Introduction,Detection,Detection,2006,2006-06-01T12:00:00Z,comment,3504,1,UgxGEMLWeWWL6OHQfmF4AaABAg,,FALSE
7VdgX7gGBoY,2024-07-25T17:11:47Z,102199,,258,Ceratitis_capitata,Spain,Insects,established,ataca,Post-Introduction,Threat,Threat,2006,2006-06-01T12:00:00Z,comment,3504,4,UgwcmYAYaN2GVu3ZnNN4AaABAg,,FALSE
7VdgX7gGBoY,2024-07-25T17:11:47Z,102199,,258,Ceratitis_capitata,Spain,Insects,established,trampa,Post-Introduction,Detection,Detection,2006,2006-06-01T12:00:00Z,comment,3504,4,UgwcmYAYaN2GVu3ZnNN4AaABAg,,FALSE
7VdgX7gGBoY,2024-07-23T22:03:37Z,102199,,258,Ceratitis_capitata,Spain,Insects,established,trampes,Post-Introduction,Detection,Detection,2006,2006-06-01T12:00:00Z,comment,3504,0,Ugx6UhGHIZz2JtqtX954AaABAg,,FALSE
7VdgX7gGBoY,2024-07-17T15:34:35Z,102199,,258,Ceratitis_capitata,Spain,Insects,established,trampa,Post-Introduction,Detection,Detection,2006,2006-06-01T12:00:00Z,comment,3504,35,UgzxB01geHn2VAS6wJB4AaABAg,,FALSE
7VdgX7gGBoY,2024-09-30T19:39:00Z,102199,,258,Ceratitis_capitata,Spain,Insects,established,plaga,Post-Introduction,Invasion,Invasion,2006,2006-06-01T12:00:00Z,comment,3504,0,Ugw16IKYSuZkiqVNCMl4AaABAg.A90qF1eo1rhA90vI0cMwp0,Ugw16IKYSuZkiqVNCMl4AaABAg,TRUE
7VdgX7gGBoY,2024-08-21T08:33:01Z,102199,,258,Ceratitis_capitata,Spain,Insects,established,venta,Post-Introduction,eCommerce,eCommerce,2006,2006-06-01T12:00:00Z,comment,3504,1,UgyQS_ilKszDXQvnko54AaABAg.A7OggOxspSBA7OjHCXGVEs,UgyQS_ilKszDXQvnko54AaABAg,TRUE
7VdgX7gGBoY,2024-07-23T14:17:31Z,102199,,258,Ceratitis_capitata,Spain,Insects,established,barato,Post-Introduction,eCommerce,eCommerce,2006,2006-06-01T12:00:00Z,comment,3504,1,UgzrK3mGlN2PbNa0f8x4AaABAg.A6Edy7QUik0A6Efe2xmXhK,UgzrK3mGlN2PbNa0f8x4AaABAg,TRUE
7VdgX7gGBoY,2024-07-23T17:21:57Z,102199,,258,Ceratitis_capitata,Spain,Insects,established,trampas,Post-Introduction,Detection,Detection,2006,2006-06-01T12:00:00Z,comment,3504,5,UgzrK3mGlN2PbNa0f8x4AaABAg.A6Edy7QUik0A6F-ktBVSR_,UgzrK3mGlN2PbNa0f8x4AaABAg,TRUE
FiF2zKXkT8M,2023-01-23T18:09:08Z,548,,1,Ceratitis_capitata,Spain,Insects,established,trampas,Post-Introduction,Detection,Detection,2006,2006-06-01T12:00:00Z,comment,4,0,Ugx2aCLifKLP2TeaBSh4AaABAg,,FALSE
Jzsi_Nubvps,2012-10-07T13:03:31Z,3501,,3,Cherax_quadricarinatus,Spain,Crustaceans,alien,pecera,Pre-Introduction,eCommerce,eCommerce,2013,2013-06-01T12:00:00Z,comment,2,0,UgwomUEyvYVesFySWJN4AaABAg,,FALSE
Jzsi_Nubvps,2012-06-30T18:21:57Z,3501,,3,Cherax_quadricarinatus,Spain,Crustaceans,alien,acuario,Pre-Introduction,eCommerce,eCommerce,2013,2013-06-01T12:00:00Z,comment,2,0,UgxMAzDJhwKiL3Q5pGp4AaABAg,,FALSE
vEFiV78cZpQ,2018-02-21T05:30:22Z,936,,3,Cherax_quadricarinatus,Spain,Crustaceans,alien,acuario,Post-Introduction,eCommerce,eCommerce,2013,2013-06-01T12:00:00Z,comment,6,0,UgwipdWRocMnPVJmHRR4AaABAg,,FALSE
a7GhKQpizVE,2018-01-21T15:01:03Z,91772,,64,Cherax_quadricarinatus,Spain,Crustaceans,alien,comprei,Post-Introduction,eCommerce,eCommerce,2013,2013-06-01T12:00:00Z,comment,423,2,UgyNBWh6Vv0BwL6SsYp4AaABAg,,FALSE
a7GhKQpizVE,2017-12-29T12:13:49Z,91772,,64,Cherax_quadricarinatus,Spain,Crustaceans,alien,aquario,Post-Introduction,eCommerce,eCommerce,2013,2013-06-01T12:00:00Z,comment,423,1,UgyilpzPq--Klpgo0p14AaABAg,,FALSE
a7GhKQpizVE,2017-06-25T13:46:43Z,91772,,64,Cherax_quadricarinatus,Spain,Crustaceans,alien,aquario,Post-Introduction,eCommerce,eCommerce,2013,2013-06-01T12:00:00Z,comment,423,8,UgjYk5nIgPImnHgCoAEC,,FALSE
a7GhKQpizVE,2016-11-13T21:12:04Z,91772,,64,Cherax_quadricarinatus,Spain,Crustaceans,alien,comprar,Post-Introduction,eCommerce,eCommerce,2013,2013-06-01T12:00:00Z,comment,423,0,UghIGIuMh8k7kXgCoAEC,,FALSE
a7GhKQpizVE,2015-12-09T22:15:56Z,91772,,64,Cherax_quadricarinatus,Spain,Crustaceans,alien,aquario,Post-Introduction,eCommerce,eCommerce,2013,2013-06-01T12:00:00Z,comment,423,2,Ugg67oBpJX5fQHgCoAEC,,FALSE
a7GhKQpizVE,2015-09-20T22:56:41Z,91772,,64,Cherax_quadricarinatus,Spain,Crustaceans,alien,atacando,Post-Introduction,Threat,Threat,2013,2013-06-01T12:00:00Z,comment,423,1,UgjCYuK0F0Mxf3gCoAEC,,FALSE
a7GhKQpizVE,2015-09-20T22:56:41Z,91772,,64,Cherax_quadricarinatus,Spain,Crustaceans,alien,apareceram,Post-Introduction,Detection,Detection,2013,2013-06-01T12:00:00Z,comment,423,1,UgjCYuK0F0Mxf3gCoAEC,,FALSE
a7GhKQpizVE,2015-04-19T16:55:12Z,91772,,64,Cherax_quadricarinatus,Spain,Crustaceans,alien,cara,Post-Introduction,eCommerce,eCommerce,2013,2013-06-01T12:00:00Z,comment,423,1,Ugjc2nQIc9ItiXgCoAEC,,FALSE
a7GhKQpizVE,2015-04-19T16:55:12Z,91772,,64,Cherax_quadricarinatus,Spain,Crustaceans,alien,aquario,Post-Introduction,eCommerce,eCommerce,2013,2013-06-01T12:00:00Z,comment,423,1,Ugjc2nQIc9ItiXgCoAEC,,FALSE
a7GhKQpizVE,2014-12-08T12:47:23Z,91772,,64,Cherax_quadricarinatus,Spain,Crustaceans,alien,ataca,Post-Introduction,Threat,Threat,2013,2013-06-01T12:00:00Z,comment,423,1,UgjkfxQ3teF7GHgCoAEC,,FALSE
a7GhKQpizVE,2014-12-08T12:47:23Z,91772,,64,Cherax_quadricarinatus,Spain,Crustaceans,alien,comprei,Post-Introduction,eCommerce,eCommerce,2013,2013-06-01T12:00:00Z,comment,423,1,UgjkfxQ3teF7GHgCoAEC,,FALSE
a7GhKQpizVE,2014-12-08T12:47:23Z,91772,,64,Cherax_quadricarinatus,Spain,Crustaceans,alien,aquario,Post-Introduction,eCommerce,eCommerce,2013,2013-06-01T12:00:00Z,comment,423,1,UgjkfxQ3teF7GHgCoAEC,,FALSE
a7GhKQpizVE,2014-11-09T20:27:08Z,91772,,64,Cherax_quadricarinatus,Spain,Crustaceans,alien,aquario,Post-Introduction,eCommerce,eCommerce,2013,2013-06-01T12:00:00Z,comment,423,1,Ugh770h-Gun313gCoAEC,,FALSE
a7GhKQpizVE,2017-03-25T16:51:13Z,91772,,64,Cherax_quadricarinatus,Spain,Crustaceans,alien,aquario,Post-Introduction,eCommerce,eCommerce,2013,2013-06-01T12:00:00Z,comment,423,3,UggZ_0LLppn63HgCoAEC.8Od9UWvDucU8QXtEPioyKr,UggZ_0LLppn63HgCoAEC,TRUE
a7GhKQpizVE,2017-03-25T16:51:13Z,91772,,64,Cherax_quadricarinatus,Spain,Crustaceans,alien,aquario,Post-Introduction,eCommerce,eCommerce,2013,2013-06-01T12:00:00Z,comment,423,3,UggZ_0LLppn63HgCoAEC.8Od9UWvDucU8QXtEPioyKr,UggZ_0LLppn63HgCoAEC,TRUE
a7GhKQpizVE,2017-03-25T16:51:13Z,91772,,64,Cherax_quadricarinatus,Spain,Crustaceans,alien,aquario,Post-Introduction,eCommerce,eCommerce,2013,2013-06-01T12:00:00Z,comment,423,3,UggZ_0LLppn63HgCoAEC.8Od9UWvDucU8QXtEPioyKr,UggZ_0LLppn63HgCoAEC,TRUE
a7GhKQpizVE,2015-09-21T01:17:19Z,91772,,64,Cherax_quadricarinatus,Spain,Crustaceans,alien,aquario,Post-Introduction,eCommerce,eCommerce,2013,2013-06-01T12:00:00Z,comment,423,0,UgjCYuK0F0Mxf3gCoAEC.84LBG97Hq8s7-HGeE7Neiz,UgjCYuK0F0Mxf3gCoAEC,TRUE
a7GhKQpizVE,2016-09-22T23:01:00Z,91772,,64,Cherax_quadricarinatus,Spain,Crustaceans,alien,comprar,Post-Introduction,eCommerce,eCommerce,2013,2013-06-01T12:00:00Z,comment,423,2,UgjCYuK0F0Mxf3gCoAEC.84LBG97Hq8s8J8lHoGdlxh,UgjCYuK0F0Mxf3gCoAEC,TRUE
a7GhKQpizVE,2015-04-21T23:40:04Z,91772,,64,Cherax_quadricarinatus,Spain,Crustaceans,alien,cara,Post-Introduction,eCommerce,eCommerce,2013,2013-06-01T12:00:00Z,comment,423,1,Ugjc2nQIc9ItiXgCoAEC.7z8-TrtpiXB7-MtUCRC3C6,Ugjc2nQIc9ItiXgCoAEC,TRUE
a7GhKQpizVE,2014-11-01T13:30:15Z,91772,,64,Cherax_quadricarinatus,Spain,Crustaceans,alien,cara,Post-Introduction,eCommerce,eCommerce,2013,2013-06-01T12:00:00Z,comment,423,0,UggCIZUb8CYMrHgCoAEC.7-H0Z7-M-o27-ILIfRSx-d,UggCIZUb8CYMrHgCoAEC,TRUE
a7GhKQpizVE,2014-11-01T13:30:15Z,91772,,64,Cherax_quadricarinatus,Spain,Crustaceans,alien,mercado,Post-Introduction,eCommerce,eCommerce,2013,2013-06-01T12:00:00Z,comment,423,0,UggCIZUb8CYMrHgCoAEC.7-H0Z7-M-o27-ILIfRSx-d,UggCIZUb8CYMrHgCoAEC,TRUE
a7GhKQpizVE,2014-11-01T13:30:15Z,91772,,64,Cherax_quadricarinatus,Spain,Crustaceans,alien,comprei,Post-Introduction,eCommerce,eCommerce,2013,2013-06-01T12:00:00Z,comment,423,0,UggCIZUb8CYMrHgCoAEC.7-H0Z7-M-o27-ILIfRSx-d,UggCIZUb8CYMrHgCoAEC,TRUE
a7GhKQpizVE,2014-07-16T14:50:06Z,91772,,64,Cherax_quadricarinatus,Spain,Crustaceans,alien,aquario,Post-Introduction,eCommerce,eCommerce,2013,2013-06-01T12:00:00Z,comment,423,0,UggE3jrFwSh87HgCoAEC.7-H0Z7-Mf2-7-zZ7ACzXQ2,UggE3jrFwSh87HgCoAEC,TRUE
nIzote_JcnE,2025-06-13T13:07:34Z,30449,,92,Cherax_quadricarinatus,Spain,Crustaceans,alien,plaga,Post-Introduction,Invasion,Invasion,2013,2013-06-01T12:00:00Z,comment,1438,0,UgwjBcTwsk0I7FGGsFl4AaABAg,,FALSE
nIzote_JcnE,2025-05-25T16:22:33Z,30449,,92,Cherax_quadricarinatus,Spain,Crustaceans,alien,mercado,Post-Introduction,eCommerce,eCommerce,2013,2013-06-01T12:00:00Z,comment,1438,0,Ugx_LS7_5mIPRekXxlt4AaABAg,,FALSE
nIzote_JcnE,2025-05-25T16:22:33Z,30449,,92,Cherax_quadricarinatus,Spain,Crustaceans,alien,acuario,Post-Introduction,eCommerce,eCommerce,2013,2013-06-01T12:00:00Z,comment,1438,0,Ugx_LS7_5mIPRekXxlt4AaABAg,,FALSE
nIzote_JcnE,2023-10-07T22:00:18Z,30449,,92,Cherax_quadricarinatus,Spain,Crustaceans,alien,compre,Post-Introduction,eCommerce,eCommerce,2013,2013-06-01T12:00:00Z,comment,1438,0,Ugw6Uw6LM1PmMllkJWx4AaABAg,,FALSE
nIzote_JcnE,2023-10-07T22:00:18Z,30449,,92,Cherax_quadricarinatus,Spain,Crustaceans,alien,tienda,Post-Introduction,eCommerce,eCommerce,2013,2013-06-01T12:00:00Z,comment,1438,0,Ugw6Uw6LM1PmMllkJWx4AaABAg,,FALSE
nIzote_JcnE,2023-09-09T21:30:12Z,30449,,92,Cherax_quadricarinatus,Spain,Crustaceans,alien,acuario,Post-Introduction,eCommerce,eCommerce,2013,2013-06-01T12:00:00Z,comment,1438,1,UgzNCpJQcgK-YFgpP8N4AaABAg,,FALSE
nIzote_JcnE,2022-11-18T13:43:38Z,30449,,92,Cherax_quadricarinatus,Spain,Crustaceans,alien,encontre,Post-Introduction,Detection,Detection,2013,2013-06-01T12:00:00Z,comment,1438,0,UgwSCswZ7cVCkDUEIT14AaABAg,,FALSE
nIzote_JcnE,2022-11-18T13:43:38Z,30449,,92,Cherax_quadricarinatus,Spain,Crustaceans,alien,cara,Post-Introduction,eCommerce,eCommerce,2013,2013-06-01T12:00:00Z,comment,1438,0,UgwSCswZ7cVCkDUEIT14AaABAg,,FALSE
nIzote_JcnE,2022-11-17T16:10:56Z,30449,,92,Cherax_quadricarinatus,Spain,Crustaceans,alien,pecera,Post-Introduction,eCommerce,eCommerce,2013,2013-06-01T12:00:00Z,comment,1438,3,UgzzyF5sDPZ02vWnr9x4AaABAg,,FALSE
nIzote_JcnE,2022-11-17T04:22:11Z,30449,,92,Cherax_quadricarinatus,Spain,Crustaceans,alien,acuarios,Post-Introduction,eCommerce,eCommerce,2013,2013-06-01T12:00:00Z,comment,1438,0,Ugx8Ve3osat0e35cwvt4AaABAg,,FALSE
nIzote_JcnE,2022-10-29T09:33:38Z,30449,,92,Cherax_quadricarinatus,Spain,Crustaceans,alien,acuario,Post-Introduction,eCommerce,eCommerce,2013,2013-06-01T12:00:00Z,comment,1438,0,UgwCSK4rbyoPoDFll4J4AaABAg,,FALSE
nIzote_JcnE,2022-10-21T19:44:35Z,30449,,92,Cherax_quadricarinatus,Spain,Crustaceans,alien,acuarios,Post-Introduction,eCommerce,eCommerce,2013,2013-06-01T12:00:00Z,comment,1438,2,Ugy4o9G2JF57DaEQHE14AaABAg,,FALSE
nIzote_JcnE,2022-10-21T14:28:37Z,30449,,92,Cherax_quadricarinatus,Spain,Crustaceans,alien,visto,Post-Introduction,Detection,Detection,2013,2013-06-01T12:00:00Z,comment,1438,2,Ugw5NKnQsYKntuzesf14AaABAg,,FALSE
nIzote_JcnE,2022-10-21T14:28:37Z,30449,,92,Cherax_quadricarinatus,Spain,Crustaceans,alien,costo,Post-Introduction,eCommerce,eCommerce,2013,2013-06-01T12:00:00Z,comment,1438,2,Ugw5NKnQsYKntuzesf14AaABAg,,FALSE
nIzote_JcnE,2022-10-21T14:28:37Z,30449,,92,Cherax_quadricarinatus,Spain,Crustaceans,alien,cara,Post-Introduction,eCommerce,eCommerce,2013,2013-06-01T12:00:00Z,comment,1438,2,Ugw5NKnQsYKntuzesf14AaABAg,,FALSE
nIzote_JcnE,2022-10-20T17:09:36Z,30449,,92,Cherax_quadricarinatus,Spain,Crustaceans,alien,acuarios,Post-Introduction,eCommerce,eCommerce,2013,2013-06-01T12:00:00Z,comment,1438,8,UgxC_eV7ImrirxfdJO14AaABAg,,FALSE
nIzote_JcnE,2022-10-19T20:19:21Z,30449,,92,Cherax_quadricarinatus,Spain,Crustaceans,alien,tienda,Post-Introduction,eCommerce,eCommerce,2013,2013-06-01T12:00:00Z,comment,1438,0,UgwRCMph-Zv3_5aNwMN4AaABAg,,FALSE
nIzote_JcnE,2022-10-19T15:09:45Z,30449,,92,Cherax_quadricarinatus,Spain,Crustaceans,alien,acuarios,Post-Introduction,eCommerce,eCommerce,2013,2013-06-01T12:00:00Z,comment,1438,0,UgwBf2b8Dvewsavv_ix4AaABAg,,FALSE
nIzote_JcnE,2022-10-19T15:09:45Z,30449,,92,Cherax_quadricarinatus,Spain,Crustaceans,alien,acuarios,Post-Introduction,eCommerce,eCommerce,2013,2013-06-01T12:00:00Z,comment,1438,0,UgwBf2b8Dvewsavv_ix4AaABAg,,FALSE
nIzote_JcnE,2022-10-19T15:01:25Z,30449,,92,Cherax_quadricarinatus,Spain,Crustaceans,alien,acuario,Post-Introduction,eCommerce,eCommerce,2013,2013-06-01T12:00:00Z,comment,1438,0,UgwWigPFtidB_AV3ZzN4AaABAg,,FALSE
nIzote_JcnE,2022-10-19T13:23:57Z,30449,,92,Cherax_quadricarinatus,Spain,Crustaceans,alien,comprar,Post-Introduction,eCommerce,eCommerce,2013,2013-06-01T12:00:00Z,comment,1438,0,UgwMwLU9GzakmTmhDuR4AaABAg,,FALSE
nIzote_JcnE,2022-10-19T13:23:57Z,30449,,92,Cherax_quadricarinatus,Spain,Crustaceans,alien,pecera,Post-Introduction,eCommerce,eCommerce,2013,2013-06-01T12:00:00Z,comment,1438,0,UgwMwLU9GzakmTmhDuR4AaABAg,,FALSE
nIzote_JcnE,2022-10-19T12:51:29Z,30449,,92,Cherax_quadricarinatus,Spain,Crustaceans,alien,comprado,Post-Introduction,eCommerce,eCommerce,2013,2013-06-01T12:00:00Z,comment,1438,2,Ugw-GG_ENC5gHnOAQ-p4AaABAg,,FALSE
nIzote_JcnE,2022-10-19T12:51:29Z,30449,,92,Cherax_quadricarinatus,Spain,Crustaceans,alien,mercado,Post-Introduction,eCommerce,eCommerce,2013,2013-06-01T12:00:00Z,comment,1438,2,Ugw-GG_ENC5gHnOAQ-p4AaABAg,,FALSE
nIzote_JcnE,2022-11-14T13:05:46Z,30449,,92,Cherax_quadricarinatus,Spain,Crustaceans,alien,acuarios,Post-Introduction,eCommerce,eCommerce,2013,2013-06-01T12:00:00Z,comment,1438,0,Ugx84bkWEhM-9ZYEC0N4AaABAg.9iFQiBMXNEH9iPoygdest_,Ugx84bkWEhM-9ZYEC0N4AaABAg,TRUE
nIzote_JcnE,2022-11-14T14:16:23Z,30449,,92,Cherax_quadricarinatus,Spain,Crustaceans,alien,acuario,Post-Introduction,eCommerce,eCommerce,2013,2013-06-01T12:00:00Z,comment,1438,0,UgwCSK4rbyoPoDFll4J4AaABAg.9hlEyxE7kl-9iPx2rb6sCW,UgwCSK4rbyoPoDFll4J4AaABAg,TRUE
nIzote_JcnE,2022-10-19T13:24:33Z,30449,,92,Cherax_quadricarinatus,Spain,Crustaceans,alien,pecera,Post-Introduction,eCommerce,eCommerce,2013,2013-06-01T12:00:00Z,comment,1438,0,UgwMwLU9GzakmTmhDuR4AaABAg.9hMuO5Kd1K69hMuSSLzKCI,UgwMwLU9GzakmTmhDuR4AaABAg,TRUE
nIzote_JcnE,2022-10-27T22:12:47Z,30449,,92,Cherax_quadricarinatus,Spain,Crustaceans,alien,tienda,Post-Introduction,eCommerce,eCommerce,2013,2013-06-01T12:00:00Z,comment,1438,2,UgzguN3hs1hjTvtuig54AaABAg.9hMZzkhIrce9hhSGSZVUDl,UgzguN3hs1hjTvtuig54AaABAg,TRUE
fi3R0hhNRPI,2022-08-08T16:28:04Z,20452,,61,Cherax_quadricarinatus,Spain,Crustaceans,alien,acuario,Post-Introduction,eCommerce,eCommerce,2013,2013-06-01T12:00:00Z,comment,319,1,UgyaW5UrqQ-0yXgckWB4AaABAg,,FALSE
fi3R0hhNRPI,2021-04-04T14:26:42Z,20452,,61,Cherax_quadricarinatus,Spain,Crustaceans,alien,comprar,Post-Introduction,eCommerce,eCommerce,2013,2013-06-01T12:00:00Z,comment,319,1,UgyHIxDyOro2y_oiwI94AaABAg,,FALSE
fi3R0hhNRPI,2019-12-06T11:33:57Z,20452,,61,Cherax_quadricarinatus,Spain,Crustaceans,alien,visto,Post-Introduction,Detection,Detection,2013,2013-06-01T12:00:00Z,comment,319,0,Ugzritqq7RBvuUKf_pB4AaABAg,,FALSE
fi3R0hhNRPI,2019-12-06T11:29:33Z,20452,,61,Cherax_quadricarinatus,Spain,Crustaceans,alien,visto,Post-Introduction,Detection,Detection,2013,2013-06-01T12:00:00Z,comment,319,1,UgyR9PXU6E4Xf0R97Np4AaABAg,,FALSE
fi3R0hhNRPI,2022-10-17T19:19:50Z,20452,,61,Cherax_quadricarinatus,Spain,Crustaceans,alien,acuarios,Post-Introduction,eCommerce,eCommerce,2013,2013-06-01T12:00:00Z,comment,319,1,Ugx-w2Ya13AZq-h_tdV4AaABAg.9hG0rOwcKrg9hIOWun2DNn,Ugx-w2Ya13AZq-h_tdV4AaABAg,TRUE
fi3R0hhNRPI,2022-08-17T05:59:02Z,20452,,61,Cherax_quadricarinatus,Spain,Crustaceans,alien,acuario,Post-Introduction,eCommerce,eCommerce,2013,2013-06-01T12:00:00Z,comment,319,0,UgzhT53rqkAjl0mTAyh4AaABAg.9eny9h7TBJs9eotOKT-esi,UgzhT53rqkAjl0mTAyh4AaABAg,TRUE
fi3R0hhNRPI,2022-08-08T18:33:25Z,20452,,61,Cherax_quadricarinatus,Spain,Crustaceans,alien,acuario,Post-Introduction,eCommerce,eCommerce,2013,2013-06-01T12:00:00Z,comment,319,0,UgyaW5UrqQ-0yXgckWB4AaABAg.9eTqD_uWl-B9eU3Zgi4iNH,UgyaW5UrqQ-0yXgckWB4AaABAg,TRUE
fi3R0hhNRPI,2021-11-12T22:11:52Z,20452,,61,Cherax_quadricarinatus,Spain,Crustaceans,alien,mascota,Post-Introduction,eCommerce,eCommerce,2013,2013-06-01T12:00:00Z,comment,319,0,UgxR9h1feS3MoHVhQKF4AaABAg.9UeAbd5RsNv9UenjGd8aqc,UgxR9h1feS3MoHVhQKF4AaABAg,TRUE
fi3R0hhNRPI,2021-04-04T21:22:16Z,20452,,61,Cherax_quadricarinatus,Spain,Crustaceans,alien,tienda,Post-Introduction,eCommerce,eCommerce,2013,2013-06-01T12:00:00Z,comment,319,0,UgyHIxDyOro2y_oiwI94AaABAg.9LiL12kV8M89Lj4_oTtMSk,UgyHIxDyOro2y_oiwI94AaABAg,TRUE
fi3R0hhNRPI,2020-10-25T14:07:30Z,20452,,61,Cherax_quadricarinatus,Spain,Crustaceans,alien,compre,Post-Introduction,eCommerce,eCommerce,2013,2013-06-01T12:00:00Z,comment,319,1,UgxMY39qIj9VmSTZpbN4AaABAg.9F9sy5_JU469FEjqag7y9G,UgxMY39qIj9VmSTZpbN4AaABAg,TRUE
fi3R0hhNRPI,2019-12-06T16:01:04Z,20452,,61,Cherax_quadricarinatus,Spain,Crustaceans,alien,acuario,Post-Introduction,eCommerce,eCommerce,2013,2013-06-01T12:00:00Z,comment,319,2,UgyR9PXU6E4Xf0R97Np4AaABAg.92CBDBxsDEU92CfHr1k5jb,UgyR9PXU6E4Xf0R97Np4AaABAg,TRUE
fi3R0hhNRPI,2019-12-06T16:01:04Z,20452,,61,Cherax_quadricarinatus,Spain,Crustaceans,alien,acuario,Post-Introduction,eCommerce,eCommerce,2013,2013-06-01T12:00:00Z,comment,319,2,UgyR9PXU6E4Xf0R97Np4AaABAg.92CBDBxsDEU92CfHr1k5jb,UgyR9PXU6E4Xf0R97Np4AaABAg,TRUE
fi3R0hhNRPI,2019-12-06T16:01:04Z,20452,,61,Cherax_quadricarinatus,Spain,Crustaceans,alien,invasora,Post-Introduction,Invasion,Invasion,2013,2013-06-01T12:00:00Z,comment,319,2,UgyR9PXU6E4Xf0R97Np4AaABAg.92CBDBxsDEU92CfHr1k5jb,UgyR9PXU6E4Xf0R97Np4AaABAg,TRUE
fi3R0hhNRPI,2019-12-06T16:01:04Z,20452,,61,Cherax_quadricarinatus,Spain,Crustaceans,alien,prohibida,Post-Introduction,eCommerce,eCommerce,2013,2013-06-01T12:00:00Z,comment,319,2,UgyR9PXU6E4Xf0R97Np4AaABAg.92CBDBxsDEU92CfHr1k5jb,UgyR9PXU6E4Xf0R97Np4AaABAg,TRUE
fi3R0hhNRPI,2019-12-06T19:51:49Z,20452,,61,Cherax_quadricarinatus,Spain,Crustaceans,alien,comprar,Post-Introduction,eCommerce,eCommerce,2013,2013-06-01T12:00:00Z,comment,319,1,UgyR9PXU6E4Xf0R97Np4AaABAg.92CBDBxsDEU92D4guYpkdK,UgyR9PXU6E4Xf0R97Np4AaABAg,TRUE
fi3R0hhNRPI,2019-12-06T19:51:49Z,20452,,61,Cherax_quadricarinatus,Spain,Crustaceans,alien,tienda,Post-Introduction,eCommerce,eCommerce,2013,2013-06-01T12:00:00Z,comment,319,1,UgyR9PXU6E4Xf0R97Np4AaABAg.92CBDBxsDEU92D4guYpkdK,UgyR9PXU6E4Xf0R97Np4AaABAg,TRUE
V5HeskiLNRY,2025-03-08T20:03:22Z,5035,,3,Cherax_quadricarinatus,Spain,Crustaceans,alien,mascota,Post-Introduction,eCommerce,eCommerce,2013,2013-06-01T12:00:00Z,comment,129,2,Ugy_GXmOjJRD35ORARJ4AaABAg,,FALSE
V5HeskiLNRY,2025-03-08T18:07:04Z,5035,,3,Cherax_quadricarinatus,Spain,Crustaceans,alien,dinero,Post-Introduction,eCommerce,eCommerce,2013,2013-06-01T12:00:00Z,comment,129,2,Ugx_JOBpV75Xa8RFcOx4AaABAg,,FALSE
ha_3287Ltdo,2024-12-27T15:00:44Z,2513,,62,Cherax_quadricarinatus,Spain,Crustaceans,alien,pecera,Post-Introduction,eCommerce,eCommerce,2013,2013-06-01T12:00:00Z,comment,72,1,Ugwd3Qc8XzCiabFuOWN4AaABAg,,FALSE
ha_3287Ltdo,2020-11-04T20:26:49Z,2513,,62,Cherax_quadricarinatus,Spain,Crustaceans,alien,visto,Post-Introduction,Detection,Detection,2013,2013-06-01T12:00:00Z,comment,72,4,UgxJKi8JJ0eqcCQfC2F4AaABAg,,FALSE
ha_3287Ltdo,2024-12-27T18:47:03Z,2513,,62,Cherax_quadricarinatus,Spain,Crustaceans,alien,acuarios,Post-Introduction,eCommerce,eCommerce,2013,2013-06-01T12:00:00Z,comment,72,0,Ugwd3Qc8XzCiabFuOWN4AaABAg.ACZ0Oz-9-1GACZQIZD5ixS,Ugwd3Qc8XzCiabFuOWN4AaABAg,TRUE
ha_3287Ltdo,2021-12-10T17:53:33Z,2513,,62,Cherax_quadricarinatus,Spain,Crustaceans,alien,acuarios,Post-Introduction,eCommerce,eCommerce,2013,2013-06-01T12:00:00Z,comment,72,1,UgyaX9118vWxf2smC0N4AaABAg.9Vm3UzBZ1S99VmRQr8oC8y,UgyaX9118vWxf2smC0N4AaABAg,TRUE
ha_3287Ltdo,2020-11-04T20:41:14Z,2513,,62,Cherax_quadricarinatus,Spain,Crustaceans,alien,visto,Post-Introduction,Detection,Detection,2013,2013-06-01T12:00:00Z,comment,72,0,Ugw6zObkkvrSgPN1Top4AaABAg.9Fe9swLnrcB9FeBr8ajr0s,Ugw6zObkkvrSgPN1Top4AaABAg,TRUE
ha_3287Ltdo,2020-11-04T20:44:29Z,2513,,62,Cherax_quadricarinatus,Spain,Crustaceans,alien,acuarios,Post-Introduction,eCommerce,eCommerce,2013,2013-06-01T12:00:00Z,comment,72,1,Ugz9ZXP_jN5NQrvlrgl4AaABAg.9Fe7uYlDIw29FeCDyzatZ7,Ugz9ZXP_jN5NQrvlrgl4AaABAg,TRUE
ha_3287Ltdo,2020-11-04T20:44:29Z,2513,,62,Cherax_quadricarinatus,Spain,Crustaceans,alien,acuarios,Post-Introduction,eCommerce,eCommerce,2013,2013-06-01T12:00:00Z,comment,72,1,Ugz9ZXP_jN5NQrvlrgl4AaABAg.9Fe7uYlDIw29FeCDyzatZ7,Ugz9ZXP_jN5NQrvlrgl4AaABAg,TRUE
ha_3287Ltdo,2020-11-04T20:44:29Z,2513,,62,Cherax_quadricarinatus,Spain,Crustaceans,alien,acuario,Post-Introduction,eCommerce,eCommerce,2013,2013-06-01T12:00:00Z,comment,72,1,Ugz9ZXP_jN5NQrvlrgl4AaABAg.9Fe7uYlDIw29FeCDyzatZ7,Ugz9ZXP_jN5NQrvlrgl4AaABAg,TRUE
ha_3287Ltdo,2020-11-10T12:10:04Z,2513,,62,Cherax_quadricarinatus,Spain,Crustaceans,alien,vista,Post-Introduction,Detection,Detection,2013,2013-06-01T12:00:00Z,comment,72,2,Ugz9ZXP_jN5NQrvlrgl4AaABAg.9Fe7uYlDIw29Fsj7WXH3ZG,Ugz9ZXP_jN5NQrvlrgl4AaABAg,TRUE
kt67JMxUzUU,2024-02-10T22:50:14Z,17991,,49,Cherax_quadricarinatus,Spain,Crustaceans,alien,acuario,Post-Introduction,eCommerce,eCommerce,2013,2013-06-01T12:00:00Z,comment,818,2,UgzRuME0SQV2BrC2cz54AaABAg,,FALSE
kt67JMxUzUU,2023-08-03T01:35:30Z,17991,,49,Cherax_quadricarinatus,Spain,Crustaceans,alien,pecera,Post-Introduction,eCommerce,eCommerce,2013,2013-06-01T12:00:00Z,comment,818,1,Ugx9FeJSRdSUNQmChTR4AaABAg,,FALSE
kt67JMxUzUU,2023-04-19T07:03:53Z,17991,,49,Cherax_quadricarinatus,Spain,Crustaceans,alien,tienda,Post-Introduction,eCommerce,eCommerce,2013,2013-06-01T12:00:00Z,comment,818,0,UgwZHr7Px18LrMMwMBB4AaABAg.9oflB69BwUF9ofrZjllQhs,UgwZHr7Px18LrMMwMBB4AaABAg,TRUE
kt67JMxUzUU,2023-04-20T02:29:32Z,17991,,49,Cherax_quadricarinatus,Spain,Crustaceans,alien,encontre,Post-Introduction,Detection,Detection,2013,2013-06-01T12:00:00Z,comment,818,1,UgwZHr7Px18LrMMwMBB4AaABAg.9oflB69BwUF9ohwy4zY_Zv,UgwZHr7Px18LrMMwMBB4AaABAg,TRUE
kt67JMxUzUU,2023-04-20T02:30:36Z,17991,,49,Cherax_quadricarinatus,Spain,Crustaceans,alien,encontre,Post-Introduction,Detection,Detection,2013,2013-06-01T12:00:00Z,comment,818,1,UgwZHr7Px18LrMMwMBB4AaABAg.9oflB69BwUF9ohx4z0azsa,UgwZHr7Px18LrMMwMBB4AaABAg,TRUE
kt67JMxUzUU,2022-07-28T05:14:27Z,17991,,49,Cherax_quadricarinatus,Spain,Crustaceans,alien,mascota,Post-Introduction,eCommerce,eCommerce,2013,2013-06-01T12:00:00Z,comment,818,1,Ugy0WfXpM3UHt23gTQB4AaABAg.9e-i8FCTZFm9e0JOEEys08,Ugy0WfXpM3UHt23gTQB4AaABAg,TRUE
zs-D1BSIt2g,2010-07-25T03:51:06Z,13355,,3,Cherax_quadricarinatus,Spain,Crustaceans,alien,pecera,Pre-Introduction,eCommerce,eCommerce,2013,2013-06-01T12:00:00Z,comment,5,0,UgyaK0p7x0WAixDjLBl4AaABAg,,FALSE
zs-D1BSIt2g,2010-07-25T03:51:06Z,13355,,3,Cherax_quadricarinatus,Spain,Crustaceans,alien,pecera,Pre-Introduction,eCommerce,eCommerce,2013,2013-06-01T12:00:00Z,comment,5,0,UgyaK0p7x0WAixDjLBl4AaABAg,,FALSE
zs-D1BSIt2g,2009-06-26T18:28:48Z,13355,,3,Cherax_quadricarinatus,Spain,Crustaceans,alien,acuario,Pre-Introduction,eCommerce,eCommerce,2013,2013-06-01T12:00:00Z,comment,5,0,UgyySZMQ_lOl4Z6dBhB4AaABAg,,FALSE
UJmHjErwpog,2015-12-22T12:30:55Z,4080,,51,Cherax_quadricarinatus,Spain,Crustaceans,alien,acuario,Post-Introduction,eCommerce,eCommerce,2013,2013-06-01T12:00:00Z,comment,66,0,UghenfmrwfA_iXgCoAEC,,FALSE
UJmHjErwpog,2015-12-22T12:30:55Z,4080,,51,Cherax_quadricarinatus,Spain,Crustaceans,alien,acuario,Post-Introduction,eCommerce,eCommerce,2013,2013-06-01T12:00:00Z,comment,66,0,UghenfmrwfA_iXgCoAEC,,FALSE
UJmHjErwpog,2015-12-22T12:30:55Z,4080,,51,Cherax_quadricarinatus,Spain,Crustaceans,alien,sobrepoblacion,Post-Introduction,Threat,Threat,2013,2013-06-01T12:00:00Z,comment,66,0,UghenfmrwfA_iXgCoAEC,,FALSE
UJmHjErwpog,2015-12-22T21:50:56Z,4080,,51,Cherax_quadricarinatus,Spain,Crustaceans,alien,acuarios,Post-Introduction,eCommerce,eCommerce,2013,2013-06-01T12:00:00Z,comment,66,0,Ugjov-LtHFKwXXgCoAEC.884BplVIEPN884Xeyme2qg,Ugjov-LtHFKwXXgCoAEC,TRUE
UJmHjErwpog,2015-12-22T15:37:16Z,4080,,51,Cherax_quadricarinatus,Spain,Crustaceans,alien,acuarios,Post-Introduction,eCommerce,eCommerce,2013,2013-06-01T12:00:00Z,comment,66,0,UgjApKXi7arADHgCoAEC.883ouZpqKXm883ruBRuK0n,UgjApKXi7arADHgCoAEC,TRUE
UJmHjErwpog,2015-12-22T14:25:08Z,4080,,51,Cherax_quadricarinatus,Spain,Crustaceans,alien,acuario,Post-Introduction,eCommerce,eCommerce,2013,2013-06-01T12:00:00Z,comment,66,0,UggsFnNK7uGTpHgCoAEC.883jYr4nI2G883jdq0WC9f,UggsFnNK7uGTpHgCoAEC,TRUE
UJmHjErwpog,2015-12-22T15:39:13Z,4080,,51,Cherax_quadricarinatus,Spain,Crustaceans,alien,acuario,Post-Introduction,eCommerce,eCommerce,2013,2013-06-01T12:00:00Z,comment,66,0,UggsFnNK7uGTpHgCoAEC.883jYr4nI2G883s7Xxo2IU,UggsFnNK7uGTpHgCoAEC,TRUE
UJmHjErwpog,2015-12-22T14:26:23Z,4080,,51,Cherax_quadricarinatus,Spain,Crustaceans,alien,acuario,Post-Introduction,eCommerce,eCommerce,2013,2013-06-01T12:00:00Z,comment,66,0,Ugj04TRK4Vaw3XgCoAEC.883jXrqxNHR883jn411Xnx,Ugj04TRK4Vaw3XgCoAEC,TRUE
UJmHjErwpog,2015-12-22T14:26:00Z,4080,,51,Cherax_quadricarinatus,Spain,Crustaceans,alien,acuarios,Post-Introduction,eCommerce,eCommerce,2013,2013-06-01T12:00:00Z,comment,66,0,UgiAuBBY-uhyK3gCoAEC.883jS9dfccz883jkAu0vEU,UgiAuBBY-uhyK3gCoAEC,TRUE
UJmHjErwpog,2015-12-22T12:35:08Z,4080,,51,Cherax_quadricarinatus,Spain,Crustaceans,alien,acuario,Post-Introduction,eCommerce,eCommerce,2013,2013-06-01T12:00:00Z,comment,66,0,UghenfmrwfA_iXgCoAEC.883X_KMb04_883Y3FrOH_H,UghenfmrwfA_iXgCoAEC,TRUE
HYyXRARxKm8,2025-01-08T12:17:21Z,11346,,10,Cydalima_perspectalis,Spain,Insects,established,riesgo,Post-Introduction,Threat,Threat,2014,2014-06-01T12:00:00Z,comment,72,1,UgzvGbgm7luoiKQD2ax4AaABAg,,FALSE
HYyXRARxKm8,2025-01-08T12:17:21Z,11346,,10,Cydalima_perspectalis,Spain,Insects,established,observado,Post-Introduction,Detection,Detection,2014,2014-06-01T12:00:00Z,comment,72,1,UgzvGbgm7luoiKQD2ax4AaABAg,,FALSE
HYyXRARxKm8,2025-01-08T12:17:21Z,11346,,10,Cydalima_perspectalis,Spain,Insects,established,visto,Post-Introduction,Detection,Detection,2014,2014-06-01T12:00:00Z,comment,72,1,UgzvGbgm7luoiKQD2ax4AaABAg,,FALSE
HYyXRARxKm8,2017-05-20T22:49:37Z,11346,,10,Cydalima_perspectalis,Spain,Insects,established,plaga,Post-Introduction,Invasion,Invasion,2014,2014-06-01T12:00:00Z,comment,72,1,UgidRyFl-3c4uXgCoAEC,,FALSE
HYyXRARxKm8,2015-04-29T21:22:08Z,11346,,10,Cydalima_perspectalis,Spain,Insects,established,plaga,Post-Introduction,Invasion,Invasion,2014,2014-06-01T12:00:00Z,comment,72,0,Ugg-u5jWm9_sbHgCoAEC,,FALSE
HYyXRARxKm8,2015-04-29T21:22:08Z,11346,,10,Cydalima_perspectalis,Spain,Insects,established,observado,Post-Introduction,Detection,Detection,2014,2014-06-01T12:00:00Z,comment,72,0,Ugg-u5jWm9_sbHgCoAEC,,FALSE
HYyXRARxKm8,2015-04-29T21:22:08Z,11346,,10,Cydalima_perspectalis,Spain,Insects,established,alerta,Post-Introduction,Detection,Detection,2014,2014-06-01T12:00:00Z,comment,72,0,Ugg-u5jWm9_sbHgCoAEC,,FALSE
HYyXRARxKm8,2015-04-30T17:34:15Z,11346,,10,Cydalima_perspectalis,Spain,Insects,established,plaga,Post-Introduction,Invasion,Invasion,2014,2014-06-01T12:00:00Z,comment,72,0,Ugg-u5jWm9_sbHgCoAEC.7zYDyfI6-Ba7-JBGt_RYZi,Ugg-u5jWm9_sbHgCoAEC,TRUE
9CYtWd--2nw,2024-06-05T17:00:31Z,430,,1,Diadema_antillarum,Canary Islands,Non-arthropod invertebrates,alien,controlar,Post-Introduction,Detection,Detection,2006,2006-06-01T12:00:00Z,comment,3,0,Ugxz5oeV1pG9Ll2XTaF4AaABAg,,FALSE
9CYtWd--2nw,2024-06-05T17:00:31Z,430,,1,Diadema_antillarum,Canary Islands,Non-arthropod invertebrates,alien,propagacion,Post-Introduction,Invasion,Invasion,2006,2006-06-01T12:00:00Z,comment,3,0,Ugxz5oeV1pG9Ll2XTaF4AaABAg,,FALSE
FvxSNrrSX2g,2010-08-02T04:41:10Z,996,,1,Diadema_antillarum,Canary Islands,Non-arthropod invertebrates,alien,invasion,Post-Introduction,Invasion,Invasion,2006,2006-06-01T12:00:00Z,comment,1,0,Ugz83fkP-jv8oDEhE6J4AaABAg,,FALSE
7R4IxTBQe_k,2019-05-28T06:20:01Z,506,,9,Geranoaetus_melanoleucus,Spain,Birds,alien,cetreria,Post-Introduction,eCommerce,eCommerce,2009,2009-06-01T12:00:00Z,comment,14,1,Ugw955W6ih0NQE_gwCx4AaABAg.8vMbarBiUWZ8vTFAAQM5dF,Ugw955W6ih0NQE_gwCx4AaABAg,TRUE
qk3WMm7grpQ,2020-03-31T17:10:09Z,13307,,10,Glycaspis_brimblecombei,Spain,Insects,established,plaga,Post-Introduction,Invasion,Invasion,2007,2007-06-01T12:00:00Z,comment,46,2,UgyAGTgHdFBgw-QdEDt4AaABAg,,FALSE
qk3WMm7grpQ,2017-03-12T12:17:55Z,13307,,10,Glycaspis_brimblecombei,Spain,Insects,established,plaga,Post-Introduction,Invasion,Invasion,2007,2007-06-01T12:00:00Z,comment,46,0,UgjSDGLrhqbk83gCoAEC,,FALSE
qk3WMm7grpQ,2012-04-18T16:44:17Z,13307,,10,Glycaspis_brimblecombei,Spain,Insects,established,plaga,Post-Introduction,Invasion,Invasion,2007,2007-06-01T12:00:00Z,comment,46,0,UgwHI4CO6I_tjpaKn6J4AaABAg,,FALSE
qk3WMm7grpQ,2012-04-17T20:16:24Z,13307,,10,Glycaspis_brimblecombei,Spain,Insects,established,plaga,Post-Introduction,Invasion,Invasion,2007,2007-06-01T12:00:00Z,comment,46,0,Ugz0kyXTZ73RPYcbskx4AaABAg,,FALSE
qk3WMm7grpQ,2012-04-17T20:16:24Z,13307,,10,Glycaspis_brimblecombei,Spain,Insects,established,controlar,Post-Introduction,Detection,Detection,2007,2007-06-01T12:00:00Z,comment,46,0,Ugz0kyXTZ73RPYcbskx4AaABAg,,FALSE
qk3WMm7grpQ,2012-04-17T20:16:24Z,13307,,10,Glycaspis_brimblecombei,Spain,Insects,established,plaga,Post-Introduction,Invasion,Invasion,2007,2007-06-01T12:00:00Z,comment,46,0,Ugz0kyXTZ73RPYcbskx4AaABAg,,FALSE
qk3WMm7grpQ,2018-05-09T19:58:08Z,13307,,10,Glycaspis_brimblecombei,Spain,Insects,established,manejo,Post-Introduction,Detection,Detection,2007,2007-06-01T12:00:00Z,comment,46,2,UgjSDGLrhqbk83gCoAEC.8Q-vcKfjY5E8g1wYA8YyRS,UgjSDGLrhqbk83gCoAEC,TRUE
qk3WMm7grpQ,2020-04-16T18:34:55Z,13307,,10,Glycaspis_brimblecombei,Spain,Insects,established,plaga,Post-Introduction,Invasion,Invasion,2007,2007-06-01T12:00:00Z,comment,46,0,UgjSDGLrhqbk83gCoAEC.8Q-vcKfjY5E97WppDoAUXa,UgjSDGLrhqbk83gCoAEC,TRUE
NnRbU1O3kD4,2024-10-23T19:33:38Z,1414,,9,Glycaspis_brimblecombei,Spain,Insects,established,vist,Post-Introduction,Detection,Detection,2007,2007-06-01T12:00:00Z,comment,42,0,Ugz_upyzD6cXyE_IrXZ4AaABAg,,FALSE
NnRbU1O3kD4,2024-11-23T08:30:03Z,1414,,9,Glycaspis_brimblecombei,Spain,Insects,established,plagas,Post-Introduction,Invasion,Invasion,2007,2007-06-01T12:00:00Z,comment,42,0,UgwRoRFTXvx8UuiMwG14AaABAg.AB9ku2UyyNsABAlekFot0J,UgwRoRFTXvx8UuiMwG14AaABAg,TRUE
UL5nryggmdg,2024-09-09T19:12:40Z,849,,3,Glycaspis_brimblecombei,Spain,Insects,established,plaga,Post-Introduction,Invasion,Invasion,2007,2007-06-01T12:00:00Z,comment,3,0,Ugzp8QiWv76bqmsjkFV4AaABAg,,FALSE
DKIDY4ARI_w,2021-08-22T18:57:33Z,4284,,10,Graptemys_pseudogeographica,Portugal,Herptiles,established,terrario,Post-Introduction,eCommerce,eCommerce,2013,2013-06-01T12:00:00Z,comment,111,0,Ugw0K6H8s42vwXNjQZx4AaABAg,,FALSE
DKIDY4ARI_w,2021-05-29T20:14:09Z,4284,,10,Graptemys_pseudogeographica,Portugal,Herptiles,established,terrario,Post-Introduction,eCommerce,eCommerce,2013,2013-06-01T12:00:00Z,comment,111,0,Ugyz3NRSYrktkSkhuJF4AaABAg,,FALSE
DKIDY4ARI_w,2021-05-29T20:14:09Z,4284,,10,Graptemys_pseudogeographica,Portugal,Herptiles,established,terrario,Post-Introduction,eCommerce,eCommerce,2013,2013-06-01T12:00:00Z,comment,111,0,Ugyz3NRSYrktkSkhuJF4AaABAg,,FALSE
DKIDY4ARI_w,2021-05-21T16:31:12Z,4284,,10,Graptemys_pseudogeographica,Portugal,Herptiles,established,precio,Post-Introduction,eCommerce,eCommerce,2013,2013-06-01T12:00:00Z,comment,111,1,Ugy7e4bdnoVm2wL5zk14AaABAg,,FALSE
DKIDY4ARI_w,2021-09-04T21:02:19Z,4284,,10,Graptemys_pseudogeographica,Portugal,Herptiles,established,compre,Post-Introduction,eCommerce,eCommerce,2013,2013-06-01T12:00:00Z,comment,111,0,Ugy7e4bdnoVm2wL5zk14AaABAg.9Nb_d0SpZZE9Rt-v_-wLg3,Ugy7e4bdnoVm2wL5zk14AaABAg,TRUE
DKIDY4ARI_w,2021-09-04T21:02:19Z,4284,,10,Graptemys_pseudogeographica,Portugal,Herptiles,established,tienda,Post-Introduction,eCommerce,eCommerce,2013,2013-06-01T12:00:00Z,comment,111,0,Ugy7e4bdnoVm2wL5zk14AaABAg.9Nb_d0SpZZE9Rt-v_-wLg3,Ugy7e4bdnoVm2wL5zk14AaABAg,TRUE
feR7BtVuhOg,2018-06-27T00:54:00Z,11204,,26,Graptemys_pseudogeographica,Portugal,Herptiles,established,costo,Post-Introduction,eCommerce,eCommerce,2013,2013-06-01T12:00:00Z,comment,107,0,UgxynEZYdkm0Xrw7RIh4AaABAg,,FALSE
feR7BtVuhOg,2018-04-01T02:04:28Z,11204,,26,Graptemys_pseudogeographica,Portugal,Herptiles,established,comprar,Post-Introduction,eCommerce,eCommerce,2013,2013-06-01T12:00:00Z,comment,107,0,Ugw9Hi9er5d2Z3eBBmx4AaABAg,,FALSE
feR7BtVuhOg,2018-02-04T01:21:56Z,11204,,26,Graptemys_pseudogeographica,Portugal,Herptiles,established,comprar,Post-Introduction,eCommerce,eCommerce,2013,2013-06-01T12:00:00Z,comment,107,0,Ugx4cVQyf9w3wmefm6h4AaABAg,,FALSE
feR7BtVuhOg,2017-03-17T14:43:46Z,11204,,26,Graptemys_pseudogeographica,Portugal,Herptiles,established,comprado,Post-Introduction,eCommerce,eCommerce,2013,2013-06-01T12:00:00Z,comment,107,0,Ugha1VvxYXLp2ngCoAEC,,FALSE
feR7BtVuhOg,2018-06-27T07:49:26Z,11204,,26,Graptemys_pseudogeographica,Portugal,Herptiles,established,euros,Post-Introduction,eCommerce,eCommerce,2013,2013-06-01T12:00:00Z,comment,107,0,UgxynEZYdkm0Xrw7RIh4AaABAg.8hz3Z7mYgGv8hzo5zdzmzt,UgxynEZYdkm0Xrw7RIh4AaABAg,TRUE
feR7BtVuhOg,2018-04-02T04:05:08Z,11204,,26,Graptemys_pseudogeographica,Portugal,Herptiles,established,pecera,Post-Introduction,eCommerce,eCommerce,2013,2013-06-01T12:00:00Z,comment,107,0,Ugw9Hi9er5d2Z3eBBmx4AaABAg.8eUAT9mH2cl8eWy3poHLgn,Ugw9Hi9er5d2Z3eBBmx4AaABAg,TRUE
feR7BtVuhOg,2018-04-09T03:01:43Z,11204,,26,Graptemys_pseudogeographica,Portugal,Herptiles,established,pecera,Post-Introduction,eCommerce,eCommerce,2013,2013-06-01T12:00:00Z,comment,107,0,Ugw9Hi9er5d2Z3eBBmx4AaABAg.8eUAT9mH2cl8ensNVKtYmU,Ugw9Hi9er5d2Z3eBBmx4AaABAg,TRUE
feR7BtVuhOg,2018-04-08T05:06:58Z,11204,,26,Graptemys_pseudogeographica,Portugal,Herptiles,established,compre,Post-Introduction,eCommerce,eCommerce,2013,2013-06-01T12:00:00Z,comment,107,0,Ugha1VvxYXLp2ngCoAEC.8QD3HyRn-YU8elWuzmZPtH,Ugha1VvxYXLp2ngCoAEC,TRUE
feR7BtVuhOg,2016-02-22T07:26:56Z,11204,,26,Graptemys_pseudogeographica,Portugal,Herptiles,established,visto,Post-Introduction,Detection,Detection,2013,2013-06-01T12:00:00Z,comment,107,0,Ugiczvrnz76h8HgCoAEC.8AYAiOPfg2C8AYd45CBXw4,Ugiczvrnz76h8HgCoAEC,TRUE
feR7BtVuhOg,2016-02-22T07:26:56Z,11204,,26,Graptemys_pseudogeographica,Portugal,Herptiles,established,visto,Post-Introduction,Detection,Detection,2013,2013-06-01T12:00:00Z,comment,107,0,Ugiczvrnz76h8HgCoAEC.8AYAiOPfg2C8AYd45CBXw4,Ugiczvrnz76h8HgCoAEC,TRUE
lmZUu0y5atc,2019-07-10T20:47:20Z,3228,,49,Graptemys_pseudogeographica,Portugal,Herptiles,established,acuario,Post-Introduction,eCommerce,eCommerce,2013,2013-06-01T12:00:00Z,comment,112,2,UgzuP82fXT-BW5HzqF54AaABAg,,FALSE
lmZUu0y5atc,2019-07-10T16:26:17Z,3228,,49,Graptemys_pseudogeographica,Portugal,Herptiles,established,encontre,Post-Introduction,Detection,Detection,2013,2013-06-01T12:00:00Z,comment,112,0,Ugzi6HZ_5cJqLnqGr0F4AaABAg,,FALSE
WOIDQyQj2Jg,2022-06-27T23:14:15Z,11024,,86,Graptemys_pseudogeographica,Portugal,Herptiles,established,aquario,Post-Introduction,eCommerce,eCommerce,2013,2013-06-01T12:00:00Z,comment,280,0,UgzA1d_dWTd0N4D7nHB4AaABAg,,FALSE
WOIDQyQj2Jg,2022-06-18T09:49:38Z,11024,,86,Graptemys_pseudogeographica,Portugal,Herptiles,established,acuario,Post-Introduction,eCommerce,eCommerce,2013,2013-06-01T12:00:00Z,comment,280,0,UgyHA4HX7zKzCNxuXhB4AaABAg,,FALSE
WOIDQyQj2Jg,2020-08-13T21:14:23Z,11024,,86,Graptemys_pseudogeographica,Portugal,Herptiles,established,acuario,Post-Introduction,eCommerce,eCommerce,2013,2013-06-01T12:00:00Z,comment,280,1,UgyqFSxY9MoDn-0W6M14AaABAg,,FALSE
WOIDQyQj2Jg,2020-08-13T21:14:23Z,11024,,86,Graptemys_pseudogeographica,Portugal,Herptiles,established,pecera,Post-Introduction,eCommerce,eCommerce,2013,2013-06-01T12:00:00Z,comment,280,1,UgyqFSxY9MoDn-0W6M14AaABAg,,FALSE
WOIDQyQj2Jg,2020-07-27T14:25:48Z,11024,,86,Graptemys_pseudogeographica,Portugal,Herptiles,established,acuario,Post-Introduction,eCommerce,eCommerce,2013,2013-06-01T12:00:00Z,comment,280,1,UgyFgpe-_LdIrNVMOYd4AaABAg,,FALSE
WOIDQyQj2Jg,2020-04-30T05:07:50Z,11024,,86,Graptemys_pseudogeographica,Portugal,Herptiles,established,acuario,Post-Introduction,eCommerce,eCommerce,2013,2013-06-01T12:00:00Z,comment,280,0,Ugz8bKmlJdjpYkRf3Q54AaABAg,,FALSE
WOIDQyQj2Jg,2018-03-23T20:47:12Z,11024,,86,Graptemys_pseudogeographica,Portugal,Herptiles,established,acuario,Post-Introduction,eCommerce,eCommerce,2013,2013-06-01T12:00:00Z,comment,280,3,UgyNnpcLUInA3thrY-p4AaABAg,,FALSE
WOIDQyQj2Jg,2022-04-09T18:43:36Z,11024,,86,Graptemys_pseudogeographica,Portugal,Herptiles,established,acuario,Post-Introduction,eCommerce,eCommerce,2013,2013-06-01T12:00:00Z,comment,280,1,UgyrJIIRR47Yj_qVT654AaABAg.9_aeiYxJmly9_bWYUXSube,UgyrJIIRR47Yj_qVT654AaABAg,TRUE
WOIDQyQj2Jg,2022-04-09T22:22:07Z,11024,,86,Graptemys_pseudogeographica,Portugal,Herptiles,established,visto,Post-Introduction,Detection,Detection,2013,2013-06-01T12:00:00Z,comment,280,0,UgyrJIIRR47Yj_qVT654AaABAg.9_aeiYxJmly9_buYssVllG,UgyrJIIRR47Yj_qVT654AaABAg,TRUE
WOIDQyQj2Jg,2020-12-07T08:41:34Z,11024,,86,Graptemys_pseudogeographica,Portugal,Herptiles,established,peligroso,Post-Introduction,Threat,Threat,2013,2013-06-01T12:00:00Z,comment,280,3,Ugz6kUnotTMYRMli4vh4AaABAg.9GwTVsVHfLw9Gxsj41O9gJ,Ugz6kUnotTMYRMli4vh4AaABAg,TRUE
WOIDQyQj2Jg,2020-08-14T16:09:46Z,11024,,86,Graptemys_pseudogeographica,Portugal,Herptiles,established,acuario,Post-Introduction,eCommerce,eCommerce,2013,2013-06-01T12:00:00Z,comment,280,2,UgyqFSxY9MoDn-0W6M14AaABAg.9CJXfJXlKFh9CLZb4JDzbF,UgyqFSxY9MoDn-0W6M14AaABAg,TRUE
WOIDQyQj2Jg,2018-08-01T16:34:44Z,11024,,86,Graptemys_pseudogeographica,Portugal,Herptiles,established,euros,Post-Introduction,eCommerce,eCommerce,2013,2013-06-01T12:00:00Z,comment,280,1,Ugz1hNQauY4kCP1yT854AaABAg.8jOyosrsTIP8jPs21Bo6GN,Ugz1hNQauY4kCP1yT854AaABAg,TRUE
vIi1JzIoyK8,2019-09-29T05:50:47Z,9307,,11,Graptemys_pseudogeographica,Portugal,Herptiles,established,costo,Post-Introduction,eCommerce,eCommerce,2013,2013-06-01T12:00:00Z,comment,179,2,Ugzo7MXuu8OKe1uGxPB4AaABAg,,FALSE
sqye4P0Rygs,2023-07-12T21:18:28Z,12471,,60,Graptemys_pseudogeographica,Portugal,Herptiles,established,comprei,Post-Introduction,eCommerce,eCommerce,2013,2013-06-01T12:00:00Z,comment,117,1,UgzShySuT0FC_gmvFb14AaABAg,,FALSE
sqye4P0Rygs,2023-07-12T21:18:28Z,12471,,60,Graptemys_pseudogeographica,Portugal,Herptiles,established,vender,Post-Introduction,eCommerce,eCommerce,2013,2013-06-01T12:00:00Z,comment,117,1,UgzShySuT0FC_gmvFb14AaABAg,,FALSE
sqye4P0Rygs,2023-07-12T21:18:28Z,12471,,60,Graptemys_pseudogeographica,Portugal,Herptiles,established,aquario,Post-Introduction,eCommerce,eCommerce,2013,2013-06-01T12:00:00Z,comment,117,1,UgzShySuT0FC_gmvFb14AaABAg,,FALSE
sqye4P0Rygs,2023-07-12T21:18:28Z,12471,,60,Graptemys_pseudogeographica,Portugal,Herptiles,established,compra,Post-Introduction,eCommerce,eCommerce,2013,2013-06-01T12:00:00Z,comment,117,1,UgzShySuT0FC_gmvFb14AaABAg,,FALSE
sqye4P0Rygs,2023-07-12T21:18:28Z,12471,,60,Graptemys_pseudogeographica,Portugal,Herptiles,established,aquario,Post-Introduction,eCommerce,eCommerce,2013,2013-06-01T12:00:00Z,comment,117,1,UgzShySuT0FC_gmvFb14AaABAg,,FALSE
sqye4P0Rygs,2022-01-20T21:25:02Z,12471,,60,Graptemys_pseudogeographica,Portugal,Herptiles,established,comprar,Post-Introduction,eCommerce,eCommerce,2013,2013-06-01T12:00:00Z,comment,117,1,UgwyRQ-n-PuVNRwRWpl4AaABAg,,FALSE
sqye4P0Rygs,2021-06-20T16:47:35Z,12471,,60,Graptemys_pseudogeographica,Portugal,Herptiles,established,comprada,Post-Introduction,eCommerce,eCommerce,2013,2013-06-01T12:00:00Z,comment,117,0,UgwQ1AXxF9LtKGk4zAF4AaABAg,,FALSE
sqye4P0Rygs,2017-09-11T21:38:25Z,12471,,60,Graptemys_pseudogeographica,Portugal,Herptiles,established,loja,Post-Introduction,eCommerce,eCommerce,2013,2013-06-01T12:00:00Z,comment,117,2,UgzQZ8IQP-9jaAOmfnx4AaABAg,,FALSE
sqye4P0Rygs,2017-09-11T21:38:25Z,12471,,60,Graptemys_pseudogeographica,Portugal,Herptiles,established,comprei,Post-Introduction,eCommerce,eCommerce,2013,2013-06-01T12:00:00Z,comment,117,2,UgzQZ8IQP-9jaAOmfnx4AaABAg,,FALSE
sqye4P0Rygs,2017-09-11T21:38:25Z,12471,,60,Graptemys_pseudogeographica,Portugal,Herptiles,established,comprei,Post-Introduction,eCommerce,eCommerce,2013,2013-06-01T12:00:00Z,comment,117,2,UgzQZ8IQP-9jaAOmfnx4AaABAg,,FALSE
sqye4P0Rygs,2017-09-11T21:38:25Z,12471,,60,Graptemys_pseudogeographica,Portugal,Herptiles,established,recentemente,Post-Introduction,Detection,Detection,2013,2013-06-01T12:00:00Z,comment,117,2,UgzQZ8IQP-9jaAOmfnx4AaABAg,,FALSE
sqye4P0Rygs,2017-09-11T21:38:25Z,12471,,60,Graptemys_pseudogeographica,Portugal,Herptiles,established,comprei,Post-Introduction,eCommerce,eCommerce,2013,2013-06-01T12:00:00Z,comment,117,2,UgzQZ8IQP-9jaAOmfnx4AaABAg,,FALSE
sqye4P0Rygs,2017-09-11T21:38:25Z,12471,,60,Graptemys_pseudogeographica,Portugal,Herptiles,established,aquario,Post-Introduction,eCommerce,eCommerce,2013,2013-06-01T12:00:00Z,comment,117,2,UgzQZ8IQP-9jaAOmfnx4AaABAg,,FALSE
sqye4P0Rygs,2017-09-11T21:38:25Z,12471,,60,Graptemys_pseudogeographica,Portugal,Herptiles,established,loja,Post-Introduction,eCommerce,eCommerce,2013,2013-06-01T12:00:00Z,comment,117,2,UgzQZ8IQP-9jaAOmfnx4AaABAg,,FALSE
sqye4P0Rygs,2017-09-11T21:38:25Z,12471,,60,Graptemys_pseudogeographica,Portugal,Herptiles,established,visto,Post-Introduction,Detection,Detection,2013,2013-06-01T12:00:00Z,comment,117,2,UgzQZ8IQP-9jaAOmfnx4AaABAg,,FALSE
sqye4P0Rygs,2017-09-11T21:38:25Z,12471,,60,Graptemys_pseudogeographica,Portugal,Herptiles,established,cara,Post-Introduction,eCommerce,eCommerce,2013,2013-06-01T12:00:00Z,comment,117,2,UgzQZ8IQP-9jaAOmfnx4AaABAg,,FALSE
sqye4P0Rygs,2017-09-11T21:38:25Z,12471,,60,Graptemys_pseudogeographica,Portugal,Herptiles,established,comprar,Post-Introduction,eCommerce,eCommerce,2013,2013-06-01T12:00:00Z,comment,117,2,UgzQZ8IQP-9jaAOmfnx4AaABAg,,FALSE
sqye4P0Rygs,2017-09-11T21:38:25Z,12471,,60,Graptemys_pseudogeographica,Portugal,Herptiles,established,aquario,Post-Introduction,eCommerce,eCommerce,2013,2013-06-01T12:00:00Z,comment,117,2,UgzQZ8IQP-9jaAOmfnx4AaABAg,,FALSE
sqye4P0Rygs,2017-09-11T21:38:25Z,12471,,60,Graptemys_pseudogeographica,Portugal,Herptiles,established,comprei,Post-Introduction,eCommerce,eCommerce,2013,2013-06-01T12:00:00Z,comment,117,2,UgzQZ8IQP-9jaAOmfnx4AaABAg,,FALSE
sqye4P0Rygs,2017-09-11T21:38:25Z,12471,,60,Graptemys_pseudogeographica,Portugal,Herptiles,established,aquario,Post-Introduction,eCommerce,eCommerce,2013,2013-06-01T12:00:00Z,comment,117,2,UgzQZ8IQP-9jaAOmfnx4AaABAg,,FALSE
sqye4P0Rygs,2017-09-11T21:38:25Z,12471,,60,Graptemys_pseudogeographica,Portugal,Herptiles,established,aquario,Post-Introduction,eCommerce,eCommerce,2013,2013-06-01T12:00:00Z,comment,117,2,UgzQZ8IQP-9jaAOmfnx4AaABAg,,FALSE
sqye4P0Rygs,2017-09-11T21:38:25Z,12471,,60,Graptemys_pseudogeographica,Portugal,Herptiles,established,aquario,Post-Introduction,eCommerce,eCommerce,2013,2013-06-01T12:00:00Z,comment,117,2,UgzQZ8IQP-9jaAOmfnx4AaABAg,,FALSE
sqye4P0Rygs,2017-09-11T21:38:25Z,12471,,60,Graptemys_pseudogeographica,Portugal,Herptiles,established,comprei,Post-Introduction,eCommerce,eCommerce,2013,2013-06-01T12:00:00Z,comment,117,2,UgzQZ8IQP-9jaAOmfnx4AaABAg,,FALSE
sqye4P0Rygs,2017-08-10T23:56:01Z,12471,,60,Graptemys_pseudogeographica,Portugal,Herptiles,established,dinheiro,Post-Introduction,eCommerce,eCommerce,2013,2013-06-01T12:00:00Z,comment,117,1,UgyWS89ccjExrfiDNVx4AaABAg,,FALSE
sqye4P0Rygs,2017-08-10T23:56:01Z,12471,,60,Graptemys_pseudogeographica,Portugal,Herptiles,established,aquario,Post-Introduction,eCommerce,eCommerce,2013,2013-06-01T12:00:00Z,comment,117,1,UgyWS89ccjExrfiDNVx4AaABAg,,FALSE
sqye4P0Rygs,2017-08-10T23:56:01Z,12471,,60,Graptemys_pseudogeographica,Portugal,Herptiles,established,aquario,Post-Introduction,eCommerce,eCommerce,2013,2013-06-01T12:00:00Z,comment,117,1,UgyWS89ccjExrfiDNVx4AaABAg,,FALSE
sqye4P0Rygs,2017-06-21T16:16:52Z,12471,,60,Graptemys_pseudogeographica,Portugal,Herptiles,established,comprei,Post-Introduction,eCommerce,eCommerce,2013,2013-06-01T12:00:00Z,comment,117,0,Ugg5pC-01o73UHgCoAEC,,FALSE
sqye4P0Rygs,2017-06-21T16:16:52Z,12471,,60,Graptemys_pseudogeographica,Portugal,Herptiles,established,aquario,Post-Introduction,eCommerce,eCommerce,2013,2013-06-01T12:00:00Z,comment,117,0,Ugg5pC-01o73UHgCoAEC,,FALSE
sqye4P0Rygs,2017-06-21T16:16:52Z,12471,,60,Graptemys_pseudogeographica,Portugal,Herptiles,established,aquario,Post-Introduction,eCommerce,eCommerce,2013,2013-06-01T12:00:00Z,comment,117,0,Ugg5pC-01o73UHgCoAEC,,FALSE
sqye4P0Rygs,2017-06-21T16:16:52Z,12471,,60,Graptemys_pseudogeographica,Portugal,Herptiles,established,aquario,Post-Introduction,eCommerce,eCommerce,2013,2013-06-01T12:00:00Z,comment,117,0,Ugg5pC-01o73UHgCoAEC,,FALSE
sqye4P0Rygs,2022-08-29T09:52:48Z,12471,,60,Graptemys_pseudogeographica,Portugal,Herptiles,established,vendida,Post-Introduction,eCommerce,eCommerce,2013,2013-06-01T12:00:00Z,comment,117,0,Ugz9KDBvt8o5mRuVbEh4AaABAg.9fEnBIDXMYV9fJCfxRi_ew,Ugz9KDBvt8o5mRuVbEh4AaABAg,TRUE
sqye4P0Rygs,2022-08-29T09:52:48Z,12471,,60,Graptemys_pseudogeographica,Portugal,Herptiles,established,comprar,Post-Introduction,eCommerce,eCommerce,2013,2013-06-01T12:00:00Z,comment,117,0,Ugz9KDBvt8o5mRuVbEh4AaABAg.9fEnBIDXMYV9fJCfxRi_ew,Ugz9KDBvt8o5mRuVbEh4AaABAg,TRUE
sqye4P0Rygs,2022-08-29T09:52:48Z,12471,,60,Graptemys_pseudogeographica,Portugal,Herptiles,established,aquario,Post-Introduction,eCommerce,eCommerce,2013,2013-06-01T12:00:00Z,comment,117,0,Ugz9KDBvt8o5mRuVbEh4AaABAg.9fEnBIDXMYV9fJCfxRi_ew,Ugz9KDBvt8o5mRuVbEh4AaABAg,TRUE
sqye4P0Rygs,2022-08-29T09:52:48Z,12471,,60,Graptemys_pseudogeographica,Portugal,Herptiles,established,compre,Post-Introduction,eCommerce,eCommerce,2013,2013-06-01T12:00:00Z,comment,117,0,Ugz9KDBvt8o5mRuVbEh4AaABAg.9fEnBIDXMYV9fJCfxRi_ew,Ugz9KDBvt8o5mRuVbEh4AaABAg,TRUE
sqye4P0Rygs,2022-08-29T09:52:48Z,12471,,60,Graptemys_pseudogeographica,Portugal,Herptiles,established,comprar,Post-Introduction,eCommerce,eCommerce,2013,2013-06-01T12:00:00Z,comment,117,0,Ugz9KDBvt8o5mRuVbEh4AaABAg.9fEnBIDXMYV9fJCfxRi_ew,Ugz9KDBvt8o5mRuVbEh4AaABAg,TRUE
sqye4P0Rygs,2022-01-21T10:32:59Z,12471,,60,Graptemys_pseudogeographica,Portugal,Herptiles,established,loja,Post-Introduction,eCommerce,eCommerce,2013,2013-06-01T12:00:00Z,comment,117,2,UgwyRQ-n-PuVNRwRWpl4AaABAg.9XRODj5t8q_9XSnOmkKyJW,UgwyRQ-n-PuVNRwRWpl4AaABAg,TRUE
sqye4P0Rygs,2021-06-20T22:23:07Z,12471,,60,Graptemys_pseudogeographica,Portugal,Herptiles,established,aquario,Post-Introduction,eCommerce,eCommerce,2013,2013-06-01T12:00:00Z,comment,117,0,UgwQ1AXxF9LtKGk4zAF4AaABAg.9OorMG8YIt39OpSknx8MGF,UgwQ1AXxF9LtKGk4zAF4AaABAg,TRUE
sqye4P0Rygs,2017-11-17T12:01:00Z,12471,,60,Graptemys_pseudogeographica,Portugal,Herptiles,established,vender,Post-Introduction,eCommerce,eCommerce,2013,2013-06-01T12:00:00Z,comment,117,0,UgyudoikffpsnmqxBWp4AaABAg.8_2ZnYPl2M98_3cQHWg3pL,UgyudoikffpsnmqxBWp4AaABAg,TRUE
sqye4P0Rygs,2017-09-11T22:04:44Z,12471,,60,Graptemys_pseudogeographica,Portugal,Herptiles,established,dinheiro,Post-Introduction,eCommerce,eCommerce,2013,2013-06-01T12:00:00Z,comment,117,0,UgzQZ8IQP-9jaAOmfnx4AaABAg.8XO8Ek27OLG8XOBFVoh2I0,UgzQZ8IQP-9jaAOmfnx4AaABAg,TRUE
sqye4P0Rygs,2017-09-11T22:04:44Z,12471,,60,Graptemys_pseudogeographica,Portugal,Herptiles,established,visto,Post-Introduction,Detection,Detection,2013,2013-06-01T12:00:00Z,comment,117,0,UgzQZ8IQP-9jaAOmfnx4AaABAg.8XO8Ek27OLG8XOBFVoh2I0,UgzQZ8IQP-9jaAOmfnx4AaABAg,TRUE
sqye4P0Rygs,2017-09-11T22:04:44Z,12471,,60,Graptemys_pseudogeographica,Portugal,Herptiles,established,perigoso,Post-Introduction,Threat,Threat,2013,2013-06-01T12:00:00Z,comment,117,0,UgzQZ8IQP-9jaAOmfnx4AaABAg.8XO8Ek27OLG8XOBFVoh2I0,UgzQZ8IQP-9jaAOmfnx4AaABAg,TRUE
sqye4P0Rygs,2017-09-11T22:04:44Z,12471,,60,Graptemys_pseudogeographica,Portugal,Herptiles,established,aquario,Post-Introduction,eCommerce,eCommerce,2013,2013-06-01T12:00:00Z,comment,117,0,UgzQZ8IQP-9jaAOmfnx4AaABAg.8XO8Ek27OLG8XOBFVoh2I0,UgzQZ8IQP-9jaAOmfnx4AaABAg,TRUE
sqye4P0Rygs,2017-09-11T22:04:44Z,12471,,60,Graptemys_pseudogeographica,Portugal,Herptiles,established,aquario,Post-Introduction,eCommerce,eCommerce,2013,2013-06-01T12:00:00Z,comment,117,0,UgzQZ8IQP-9jaAOmfnx4AaABAg.8XO8Ek27OLG8XOBFVoh2I0,UgzQZ8IQP-9jaAOmfnx4AaABAg,TRUE
sqye4P0Rygs,2017-09-11T22:36:31Z,12471,,60,Graptemys_pseudogeographica,Portugal,Herptiles,established,loja,Post-Introduction,eCommerce,eCommerce,2013,2013-06-01T12:00:00Z,comment,117,0,UgzQZ8IQP-9jaAOmfnx4AaABAg.8XO8Ek27OLG8XOEtFzGQ2c,UgzQZ8IQP-9jaAOmfnx4AaABAg,TRUE
sqye4P0Rygs,2017-09-11T22:36:31Z,12471,,60,Graptemys_pseudogeographica,Portugal,Herptiles,established,preco,Post-Introduction,eCommerce,eCommerce,2013,2013-06-01T12:00:00Z,comment,117,0,UgzQZ8IQP-9jaAOmfnx4AaABAg.8XO8Ek27OLG8XOEtFzGQ2c,UgzQZ8IQP-9jaAOmfnx4AaABAg,TRUE
sqye4P0Rygs,2017-09-11T22:36:31Z,12471,,60,Graptemys_pseudogeographica,Portugal,Herptiles,established,aquarios,Post-Introduction,eCommerce,eCommerce,2013,2013-06-01T12:00:00Z,comment,117,0,UgzQZ8IQP-9jaAOmfnx4AaABAg.8XO8Ek27OLG8XOEtFzGQ2c,UgzQZ8IQP-9jaAOmfnx4AaABAg,TRUE
sqye4P0Rygs,2017-09-11T22:36:31Z,12471,,60,Graptemys_pseudogeographica,Portugal,Herptiles,established,aquario,Post-Introduction,eCommerce,eCommerce,2013,2013-06-01T12:00:00Z,comment,117,0,UgzQZ8IQP-9jaAOmfnx4AaABAg.8XO8Ek27OLG8XOEtFzGQ2c,UgzQZ8IQP-9jaAOmfnx4AaABAg,TRUE
sqye4P0Rygs,2017-09-11T22:36:31Z,12471,,60,Graptemys_pseudogeographica,Portugal,Herptiles,established,visto,Post-Introduction,Detection,Detection,2013,2013-06-01T12:00:00Z,comment,117,0,UgzQZ8IQP-9jaAOmfnx4AaABAg.8XO8Ek27OLG8XOEtFzGQ2c,UgzQZ8IQP-9jaAOmfnx4AaABAg,TRUE
sqye4P0Rygs,2017-09-11T22:36:31Z,12471,,60,Graptemys_pseudogeographica,Portugal,Herptiles,established,comprar,Post-Introduction,eCommerce,eCommerce,2013,2013-06-01T12:00:00Z,comment,117,0,UgzQZ8IQP-9jaAOmfnx4AaABAg.8XO8Ek27OLG8XOEtFzGQ2c,UgzQZ8IQP-9jaAOmfnx4AaABAg,TRUE
sqye4P0Rygs,2017-09-11T22:36:31Z,12471,,60,Graptemys_pseudogeographica,Portugal,Herptiles,established,comprar,Post-Introduction,eCommerce,eCommerce,2013,2013-06-01T12:00:00Z,comment,117,0,UgzQZ8IQP-9jaAOmfnx4AaABAg.8XO8Ek27OLG8XOEtFzGQ2c,UgzQZ8IQP-9jaAOmfnx4AaABAg,TRUE
sqye4P0Rygs,2017-09-11T22:36:31Z,12471,,60,Graptemys_pseudogeographica,Portugal,Herptiles,established,comprei,Post-Introduction,eCommerce,eCommerce,2013,2013-06-01T12:00:00Z,comment,117,0,UgzQZ8IQP-9jaAOmfnx4AaABAg.8XO8Ek27OLG8XOEtFzGQ2c,UgzQZ8IQP-9jaAOmfnx4AaABAg,TRUE
sqye4P0Rygs,2017-09-11T22:36:31Z,12471,,60,Graptemys_pseudogeographica,Portugal,Herptiles,established,aquario,Post-Introduction,eCommerce,eCommerce,2013,2013-06-01T12:00:00Z,comment,117,0,UgzQZ8IQP-9jaAOmfnx4AaABAg.8XO8Ek27OLG8XOEtFzGQ2c,UgzQZ8IQP-9jaAOmfnx4AaABAg,TRUE
sqye4P0Rygs,2017-09-11T22:36:31Z,12471,,60,Graptemys_pseudogeographica,Portugal,Herptiles,established,comprei,Post-Introduction,eCommerce,eCommerce,2013,2013-06-01T12:00:00Z,comment,117,0,UgzQZ8IQP-9jaAOmfnx4AaABAg.8XO8Ek27OLG8XOEtFzGQ2c,UgzQZ8IQP-9jaAOmfnx4AaABAg,TRUE
sqye4P0Rygs,2017-09-11T22:36:31Z,12471,,60,Graptemys_pseudogeographica,Portugal,Herptiles,established,visto,Post-Introduction,Detection,Detection,2013,2013-06-01T12:00:00Z,comment,117,0,UgzQZ8IQP-9jaAOmfnx4AaABAg.8XO8Ek27OLG8XOEtFzGQ2c,UgzQZ8IQP-9jaAOmfnx4AaABAg,TRUE
sqye4P0Rygs,2017-09-11T22:57:22Z,12471,,60,Graptemys_pseudogeographica,Portugal,Herptiles,established,barato,Post-Introduction,eCommerce,eCommerce,2013,2013-06-01T12:00:00Z,comment,117,1,UgzQZ8IQP-9jaAOmfnx4AaABAg.8XO8Ek27OLG8XOHH-eYOWa,UgzQZ8IQP-9jaAOmfnx4AaABAg,TRUE
sqye4P0Rygs,2017-09-11T22:57:22Z,12471,,60,Graptemys_pseudogeographica,Portugal,Herptiles,established,comprei,Post-Introduction,eCommerce,eCommerce,2013,2013-06-01T12:00:00Z,comment,117,1,UgzQZ8IQP-9jaAOmfnx4AaABAg.8XO8Ek27OLG8XOHH-eYOWa,UgzQZ8IQP-9jaAOmfnx4AaABAg,TRUE
sqye4P0Rygs,2017-09-11T22:57:22Z,12471,,60,Graptemys_pseudogeographica,Portugal,Herptiles,established,aquario,Post-Introduction,eCommerce,eCommerce,2013,2013-06-01T12:00:00Z,comment,117,1,UgzQZ8IQP-9jaAOmfnx4AaABAg.8XO8Ek27OLG8XOHH-eYOWa,UgzQZ8IQP-9jaAOmfnx4AaABAg,TRUE
sqye4P0Rygs,2017-09-11T22:57:22Z,12471,,60,Graptemys_pseudogeographica,Portugal,Herptiles,established,aquarios,Post-Introduction,eCommerce,eCommerce,2013,2013-06-01T12:00:00Z,comment,117,1,UgzQZ8IQP-9jaAOmfnx4AaABAg.8XO8Ek27OLG8XOHH-eYOWa,UgzQZ8IQP-9jaAOmfnx4AaABAg,TRUE
sqye4P0Rygs,2017-09-11T22:57:22Z,12471,,60,Graptemys_pseudogeographica,Portugal,Herptiles,established,aquario,Post-Introduction,eCommerce,eCommerce,2013,2013-06-01T12:00:00Z,comment,117,1,UgzQZ8IQP-9jaAOmfnx4AaABAg.8XO8Ek27OLG8XOHH-eYOWa,UgzQZ8IQP-9jaAOmfnx4AaABAg,TRUE
sqye4P0Rygs,2017-09-11T22:57:22Z,12471,,60,Graptemys_pseudogeographica,Portugal,Herptiles,established,controlado,Post-Introduction,Detection,Detection,2013,2013-06-01T12:00:00Z,comment,117,1,UgzQZ8IQP-9jaAOmfnx4AaABAg.8XO8Ek27OLG8XOHH-eYOWa,UgzQZ8IQP-9jaAOmfnx4AaABAg,TRUE
sqye4P0Rygs,2017-08-11T11:51:42Z,12471,,60,Graptemys_pseudogeographica,Portugal,Herptiles,established,comprar,Post-Introduction,eCommerce,eCommerce,2013,2013-06-01T12:00:00Z,comment,117,1,UgyWS89ccjExrfiDNVx4AaABAg.8W5zYTFLEEs8W7GSOJRNRt,UgyWS89ccjExrfiDNVx4AaABAg,TRUE
sqye4P0Rygs,2017-08-11T11:51:42Z,12471,,60,Graptemys_pseudogeographica,Portugal,Herptiles,established,barato,Post-Introduction,eCommerce,eCommerce,2013,2013-06-01T12:00:00Z,comment,117,1,UgyWS89ccjExrfiDNVx4AaABAg.8W5zYTFLEEs8W7GSOJRNRt,UgyWS89ccjExrfiDNVx4AaABAg,TRUE
sqye4P0Rygs,2017-08-11T11:51:42Z,12471,,60,Graptemys_pseudogeographica,Portugal,Herptiles,established,aquario,Post-Introduction,eCommerce,eCommerce,2013,2013-06-01T12:00:00Z,comment,117,1,UgyWS89ccjExrfiDNVx4AaABAg.8W5zYTFLEEs8W7GSOJRNRt,UgyWS89ccjExrfiDNVx4AaABAg,TRUE
sqye4P0Rygs,2017-06-21T16:31:05Z,12471,,60,Graptemys_pseudogeographica,Portugal,Herptiles,established,aquario,Post-Introduction,eCommerce,eCommerce,2013,2013-06-01T12:00:00Z,comment,117,0,Ugg5pC-01o73UHgCoAEC.8U4QFtKvepK8U4RsymGiQU,Ugg5pC-01o73UHgCoAEC,TRUE
sqye4P0Rygs,2017-06-21T16:31:05Z,12471,,60,Graptemys_pseudogeographica,Portugal,Herptiles,established,aquarios,Post-Introduction,eCommerce,eCommerce,2013,2013-06-01T12:00:00Z,comment,117,0,Ugg5pC-01o73UHgCoAEC.8U4QFtKvepK8U4RsymGiQU,Ugg5pC-01o73UHgCoAEC,TRUE
sqye4P0Rygs,2017-06-21T16:39:48Z,12471,,60,Graptemys_pseudogeographica,Portugal,Herptiles,established,compra,Post-Introduction,eCommerce,eCommerce,2013,2013-06-01T12:00:00Z,comment,117,1,Ugg5pC-01o73UHgCoAEC.8U4QFtKvepK8U4SsozmXN9,Ugg5pC-01o73UHgCoAEC,TRUE
sqye4P0Rygs,2017-06-21T16:43:16Z,12471,,60,Graptemys_pseudogeographica,Portugal,Herptiles,established,aquario,Post-Introduction,eCommerce,eCommerce,2013,2013-06-01T12:00:00Z,comment,117,0,Ugg5pC-01o73UHgCoAEC.8U4QFtKvepK8U4THGe0b8-,Ugg5pC-01o73UHgCoAEC,TRUE
sqye4P0Rygs,2017-06-21T16:43:16Z,12471,,60,Graptemys_pseudogeographica,Portugal,Herptiles,established,aquario,Post-Introduction,eCommerce,eCommerce,2013,2013-06-01T12:00:00Z,comment,117,0,Ugg5pC-01o73UHgCoAEC.8U4QFtKvepK8U4THGe0b8-,Ugg5pC-01o73UHgCoAEC,TRUE
sqye4P0Rygs,2017-06-21T16:43:16Z,12471,,60,Graptemys_pseudogeographica,Portugal,Herptiles,established,aquario,Post-Introduction,eCommerce,eCommerce,2013,2013-06-01T12:00:00Z,comment,117,0,Ugg5pC-01o73UHgCoAEC.8U4QFtKvepK8U4THGe0b8-,Ugg5pC-01o73UHgCoAEC,TRUE
sqye4P0Rygs,2017-04-19T12:23:49Z,12471,,60,Graptemys_pseudogeographica,Portugal,Herptiles,established,visto,Post-Introduction,Detection,Detection,2013,2013-06-01T12:00:00Z,comment,117,0,UgiEfuyYPkMuQngCoAEC.8RXXEsAtD_m8RXmVpFp6wQ,UgiEfuyYPkMuQngCoAEC,TRUE
nDwHDFvPxfs,2021-07-09T22:53:23Z,1135,,2,Graptemys_pseudogeographica,Portugal,Herptiles,established,adotar,Post-Introduction,eCommerce,eCommerce,2013,2013-06-01T12:00:00Z,comment,17,0,UgwJlXi7qws_bZacv-p4AaABAg,,FALSE
nDwHDFvPxfs,2021-07-09T22:53:23Z,1135,,2,Graptemys_pseudogeographica,Portugal,Herptiles,established,aquarios,Post-Introduction,eCommerce,eCommerce,2013,2013-06-01T12:00:00Z,comment,17,0,UgwJlXi7qws_bZacv-p4AaABAg,,FALSE
nDwHDFvPxfs,2021-07-10T10:32:39Z,1135,,2,Graptemys_pseudogeographica,Portugal,Herptiles,established,aquario,Post-Introduction,eCommerce,eCommerce,2013,2013-06-01T12:00:00Z,comment,17,0,UgwJlXi7qws_bZacv-p4AaABAg.9PaRK6EgGIP9PbgLlCrwjn,UgwJlXi7qws_bZacv-p4AaABAg,TRUE
nDwHDFvPxfs,2021-07-10T10:32:39Z,1135,,2,Graptemys_pseudogeographica,Portugal,Herptiles,established,comprar,Post-Introduction,eCommerce,eCommerce,2013,2013-06-01T12:00:00Z,comment,17,0,UgwJlXi7qws_bZacv-p4AaABAg.9PaRK6EgGIP9PbgLlCrwjn,UgwJlXi7qws_bZacv-p4AaABAg,TRUE
12TLxE23c6A,2022-10-26T22:29:47Z,6605,,22,Graptemys_pseudogeographica,Portugal,Herptiles,established,compra,Post-Introduction,eCommerce,eCommerce,2013,2013-06-01T12:00:00Z,comment,67,0,UgzXKA47Ste-2g1pME54AaABAg,,FALSE
12TLxE23c6A,2017-11-17T12:01:41Z,6605,,22,Graptemys_pseudogeographica,Portugal,Herptiles,established,comprei,Post-Introduction,eCommerce,eCommerce,2013,2013-06-01T12:00:00Z,comment,67,0,UgzAVAqCRTSH5ldMkoh4AaABAg.8_2YioKDc7v8_3cVBY9nXr,UgzAVAqCRTSH5ldMkoh4AaABAg,TRUE
12TLxE23c6A,2017-11-17T12:01:41Z,6605,,22,Graptemys_pseudogeographica,Portugal,Herptiles,established,loja,Post-Introduction,eCommerce,eCommerce,2013,2013-06-01T12:00:00Z,comment,67,0,UgzAVAqCRTSH5ldMkoh4AaABAg.8_2YioKDc7v8_3cVBY9nXr,UgzAVAqCRTSH5ldMkoh4AaABAg,TRUE
12TLxE23c6A,2022-01-24T13:42:41Z,6605,,22,Graptemys_pseudogeographica,Portugal,Herptiles,established,loja,Post-Introduction,eCommerce,eCommerce,2013,2013-06-01T12:00:00Z,comment,67,0,UgzAVAqCRTSH5ldMkoh4AaABAg.8_2YioKDc7v9X_rUpNt72m,UgzAVAqCRTSH5ldMkoh4AaABAg,TRUE
G27lCsANFeQ,2017-04-17T01:05:49Z,973,,15,Graptemys_pseudogeographica,Portugal,Herptiles,established,mascota,Post-Introduction,eCommerce,eCommerce,2013,2013-06-01T12:00:00Z,comment,7,0,Ugh1WwjrjHfLD3gCoAEC,,FALSE
G27lCsANFeQ,2014-11-19T09:43:06Z,973,,15,Graptemys_pseudogeographica,Portugal,Herptiles,established,acuario,Post-Introduction,eCommerce,eCommerce,2013,2013-06-01T12:00:00Z,comment,7,0,UggeuQnaGzApJngCoAEC.7-H0Z7-LZeS7-Iek9CRTHY,UggeuQnaGzApJngCoAEC,TRUE
jfMfGTdFfw0,2023-05-26T02:00:18Z,6981,,9,Graptemys_pseudogeographica,Portugal,Herptiles,established,invasoras,Post-Introduction,Invasion,Invasion,2013,2013-06-01T12:00:00Z,comment,401,0,UgwuZbglv3IPa8o9WTh4AaABAg.9prGGXBxbMT9q9aE_RjoQm,UgwuZbglv3IPa8o9WTh4AaABAg,TRUE
jfMfGTdFfw0,2023-05-26T02:00:18Z,6981,,9,Graptemys_pseudogeographica,Portugal,Herptiles,established,prohibido,Post-Introduction,eCommerce,eCommerce,2013,2013-06-01T12:00:00Z,comment,401,0,UgwuZbglv3IPa8o9WTh4AaABAg.9prGGXBxbMT9q9aE_RjoQm,UgwuZbglv3IPa8o9WTh4AaABAg,TRUE
jfMfGTdFfw0,2023-06-28T12:57:23Z,6981,,9,Graptemys_pseudogeographica,Portugal,Herptiles,established,invasora,Post-Introduction,Invasion,Invasion,2013,2013-06-01T12:00:00Z,comment,401,0,UgwuZbglv3IPa8o9WTh4AaABAg.9prGGXBxbMT9rVjeyrwWEq,UgwuZbglv3IPa8o9WTh4AaABAg,TRUE
jfMfGTdFfw0,2025-11-20T22:38:42Z,6981,,9,Graptemys_pseudogeographica,Portugal,Herptiles,established,invasoras,Post-Introduction,Invasion,Invasion,2013,2013-06-01T12:00:00Z,comment,401,0,UgwuZbglv3IPa8o9WTh4AaABAg.9prGGXBxbMTAPlPY95l198,UgwuZbglv3IPa8o9WTh4AaABAg,TRUE
jfMfGTdFfw0,2025-11-20T22:38:42Z,6981,,9,Graptemys_pseudogeographica,Portugal,Herptiles,established,hibridacion,Post-Introduction,Threat,Threat,2013,2013-06-01T12:00:00Z,comment,401,0,UgwuZbglv3IPa8o9WTh4AaABAg.9prGGXBxbMTAPlPY95l198,UgwuZbglv3IPa8o9WTh4AaABAg,TRUE
jfMfGTdFfw0,2025-11-20T22:38:42Z,6981,,9,Graptemys_pseudogeographica,Portugal,Herptiles,established,comprar,Post-Introduction,eCommerce,eCommerce,2013,2013-06-01T12:00:00Z,comment,401,0,UgwuZbglv3IPa8o9WTh4AaABAg.9prGGXBxbMTAPlPY95l198,UgwuZbglv3IPa8o9WTh4AaABAg,TRUE
5TkQa-3mV9A,2016-06-19T06:32:05Z,1762,,38,Graptemys_pseudogeographica,Portugal,Herptiles,established,pecera,Post-Introduction,eCommerce,eCommerce,2013,2013-06-01T12:00:00Z,comment,17,0,UggyBdHJF00uxngCoAEC,,FALSE
5TkQa-3mV9A,2015-12-13T00:00:57Z,1762,,38,Graptemys_pseudogeographica,Portugal,Herptiles,established,acuario,Post-Introduction,eCommerce,eCommerce,2013,2013-06-01T12:00:00Z,comment,17,0,UghlzdV9mHg4H3gCoAEC.87fyzt-YEI487g0aV5JHJc,UghlzdV9mHg4H3gCoAEC,TRUE
Yc0FnEdyzM4,2014-11-12T07:13:20Z,5539,,19,Graptemys_pseudogeographica,Portugal,Herptiles,established,riesgo,Post-Introduction,Threat,Threat,2013,2013-06-01T12:00:00Z,comment,30,0,UghQMVtK5pIprXgCoAEC,,FALSE
Yc0FnEdyzM4,2016-08-22T23:02:35Z,5539,,19,Graptemys_pseudogeographica,Portugal,Herptiles,established,caro,Post-Introduction,eCommerce,eCommerce,2013,2013-06-01T12:00:00Z,comment,30,0,Ughm3eyIbv5rq3gCoAEC.8CubbdkRGqD8HtwpJiylV1,Ughm3eyIbv5rq3gCoAEC,TRUE
YnDVnmEW0OQ,2023-08-24T07:30:10Z,550,,10,Grus_canadensis,Spain,Birds,casual,encontre,Post-Introduction,Detection,Detection,2011,2011-06-01T12:00:00Z,comment,21,0,UgyfMnYNGoN8jK7VzAN4AaABAg,,FALSE
YnDVnmEW0OQ,2023-08-25T07:39:27Z,550,,10,Grus_canadensis,Spain,Birds,casual,observado,Post-Introduction,Detection,Detection,2011,2011-06-01T12:00:00Z,comment,21,0,UgyfMnYNGoN8jK7VzAN4AaABAg.9tmvXCGXWCR9tpWO4PUNOf,UgyfMnYNGoN8jK7VzAN4AaABAg,TRUE
YnDVnmEW0OQ,2023-08-23T11:49:44Z,550,,10,Grus_canadensis,Spain,Birds,casual,caro,Post-Introduction,eCommerce,eCommerce,2011,2011-06-01T12:00:00Z,comment,21,0,Ugxmb8iya0oGfwxQPHh4AaABAg.9tkZH7ZWdGk9tkoRY1y0p2,Ugxmb8iya0oGfwxQPHh4AaABAg,TRUE
YnDVnmEW0OQ,2023-08-23T11:49:44Z,550,,10,Grus_canadensis,Spain,Birds,casual,caro,Post-Introduction,eCommerce,eCommerce,2011,2011-06-01T12:00:00Z,comment,21,0,Ugxmb8iya0oGfwxQPHh4AaABAg.9tkZH7ZWdGk9tkoRY1y0p2,Ugxmb8iya0oGfwxQPHh4AaABAg,TRUE
oQn2NFt2K1Q,2025-10-22T01:10:28Z,40260,,18,Haemorhous_mexicanus,Spain,Birds,casual,comprado,Post-Introduction,eCommerce,eCommerce,2016,2016-06-01T12:00:00Z,comment,116,0,UgxEJYJhitymqkC27094AaABAg,,FALSE
oQn2NFt2K1Q,2016-10-19T22:54:17Z,40260,,18,Haemorhous_mexicanus,Spain,Birds,casual,venda,Post-Introduction,eCommerce,eCommerce,2016,2016-06-01T12:00:00Z,comment,116,0,UgjVtKYgTovc83gCoAEC,,FALSE
HXljKweTo6w,2025-11-08T05:45:24Z,4399,,11,Halyomorpha_halys,Spain,Insects,alien,visto,Post-Introduction,Detection,Detection,2016,2016-06-01T12:00:00Z,comment,121,0,UgwyRCyTQVssvn8EYSl4AaABAg,,FALSE
HXljKweTo6w,2024-10-16T08:33:23Z,4399,,11,Halyomorpha_halys,Spain,Insects,alien,veneno,Post-Introduction,Threat,Threat,2016,2016-06-01T12:00:00Z,comment,121,0,Ugwh5iy5Gwu_uGhfrSx4AaABAg,,FALSE
HXljKweTo6w,2024-10-16T14:17:16Z,4399,,11,Halyomorpha_halys,Spain,Insects,alien,veneno,Post-Introduction,Threat,Threat,2016,2016-06-01T12:00:00Z,comment,121,0,Ugwh5iy5Gwu_uGhfrSx4AaABAg.A9dvpvu-UNyA9eYBYnSgQ3,Ugwh5iy5Gwu_uGhfrSx4AaABAg,TRUE
HXljKweTo6w,2025-03-23T20:26:28Z,4399,,11,Halyomorpha_halys,Spain,Insects,alien,aparecido,Post-Introduction,Detection,Detection,2016,2016-06-01T12:00:00Z,comment,121,0,UgyrHYV1Se54XfJcUN54AaABAg.A9cOeV-gQX1AG121x7FORV,UgyrHYV1Se54XfJcUN54AaABAg,TRUE
XEUr2wOpUio,2023-03-25T10:39:55Z,2122,,1,Halyomorpha_halys,Spain,Insects,alien,plaga,Post-Introduction,Invasion,Invasion,2016,2016-06-01T12:00:00Z,comment,13,0,UgxU2OPMTlweIBZQS394AaABAg,,FALSE
XEUr2wOpUio,2023-03-25T10:39:55Z,2122,,1,Halyomorpha_halys,Spain,Insects,alien,veneno,Post-Introduction,Threat,Threat,2016,2016-06-01T12:00:00Z,comment,13,0,UgxU2OPMTlweIBZQS394AaABAg,,FALSE
XEUr2wOpUio,2023-03-25T10:39:55Z,2122,,1,Halyomorpha_halys,Spain,Insects,alien,coste,Post-Introduction,eCommerce,eCommerce,2016,2016-06-01T12:00:00Z,comment,13,0,UgxU2OPMTlweIBZQS394AaABAg,,FALSE
XEUr2wOpUio,2023-03-25T10:39:55Z,2122,,1,Halyomorpha_halys,Spain,Insects,alien,peligroso,Post-Introduction,Threat,Threat,2016,2016-06-01T12:00:00Z,comment,13,0,UgxU2OPMTlweIBZQS394AaABAg,,FALSE
XEUr2wOpUio,2023-03-25T10:39:55Z,2122,,1,Halyomorpha_halys,Spain,Insects,alien,plaga,Post-Introduction,Invasion,Invasion,2016,2016-06-01T12:00:00Z,comment,13,0,UgxU2OPMTlweIBZQS394AaABAg,,FALSE
XEUr2wOpUio,2023-03-25T10:39:55Z,2122,,1,Halyomorpha_halys,Spain,Insects,alien,plaga,Post-Introduction,Invasion,Invasion,2016,2016-06-01T12:00:00Z,comment,13,0,UgxU2OPMTlweIBZQS394AaABAg,,FALSE
XEUr2wOpUio,2023-03-25T10:39:55Z,2122,,1,Halyomorpha_halys,Spain,Insects,alien,dinero,Post-Introduction,eCommerce,eCommerce,2016,2016-06-01T12:00:00Z,comment,13,0,UgxU2OPMTlweIBZQS394AaABAg,,FALSE
wSN81sDFgBw,2024-06-15T15:33:12Z,4643,,5,Halyomorpha_halys,Spain,Insects,alien,encontre,Post-Introduction,Detection,Detection,2016,2016-06-01T12:00:00Z,comment,39,0,UgwLCajcz8JBOqhBwpN4AaABAg,,FALSE
goCEJHq6ndk,2013-07-22T02:04:39Z,16240,,23,Halyomorpha_halys,Spain,Insects,alien,peligroso,Pre-Introduction,Threat,Threat,2016,2016-06-01T12:00:00Z,comment,33,2,UgxJYxXDR5MnOc_K44l4AaABAg,,FALSE
goCEJHq6ndk,2012-03-06T15:55:40Z,16240,,23,Halyomorpha_halys,Spain,Insects,alien,perjudicial,Pre-Introduction,Threat,Threat,2016,2016-06-01T12:00:00Z,comment,33,3,UgyF1KjCNJ4BW2zfmnt4AaABAg,,FALSE
goCEJHq6ndk,2018-08-03T03:40:27Z,16240,,23,Halyomorpha_halys,Spain,Insects,alien,peligrosa,Post-Introduction,Threat,Threat,2016,2016-06-01T12:00:00Z,comment,33,0,UgxJYxXDR5MnOc_K44l4AaABAg.8Gc69daailC8jTd0ekPxLz,UgxJYxXDR5MnOc_K44l4AaABAg,TRUE
EyY0ctHlcBQ,2022-10-03T14:16:18Z,24975,,17,Halyomorpha_halys,Spain,Insects,alien,peligro,Post-Introduction,Threat,Threat,2016,2016-06-01T12:00:00Z,comment,98,0,UgykcAIXZHGI0NY8jYt4AaABAg,,FALSE
EyY0ctHlcBQ,2021-12-11T18:01:02Z,24975,,17,Halyomorpha_halys,Spain,Insects,alien,venenosa,Post-Introduction,Threat,Threat,2016,2016-06-01T12:00:00Z,comment,98,0,UgwQgi2FB5fqXYrgfot4AaABAg,,FALSE
EyY0ctHlcBQ,2021-12-11T18:01:02Z,24975,,17,Halyomorpha_halys,Spain,Insects,alien,plaga,Post-Introduction,Invasion,Invasion,2016,2016-06-01T12:00:00Z,comment,98,0,UgwQgi2FB5fqXYrgfot4AaABAg,,FALSE
EyY0ctHlcBQ,2021-11-14T16:51:05Z,24975,,17,Halyomorpha_halys,Spain,Insects,alien,plagas,Post-Introduction,Invasion,Invasion,2016,2016-06-01T12:00:00Z,comment,98,3,UgwTxmvRJCxXldhbtHR4AaABAg,,FALSE
EyY0ctHlcBQ,2021-11-13T16:35:26Z,24975,,17,Halyomorpha_halys,Spain,Insects,alien,invasion,Post-Introduction,Invasion,Invasion,2016,2016-06-01T12:00:00Z,comment,98,1,UgziHueQDxGh-bPU7bt4AaABAg,,FALSE
EyY0ctHlcBQ,2021-11-12T12:55:49Z,24975,,17,Halyomorpha_halys,Spain,Insects,alien,plaga,Post-Introduction,Invasion,Invasion,2016,2016-06-01T12:00:00Z,comment,98,0,Ugz0jf4JiurZVoPI0Q14AaABAg,,FALSE
ilqk3EGfEvM,2025-04-28T02:13:39Z,8277,,7,Lagocephalus_sceleratus,Spain,Fishes,uncertain,veneno,Post-Introduction,Threat,Threat,2014,2014-06-01T12:00:00Z,comment,171,0,Ugz1y6xPzMwpi0wRDWh4AaABAg,,FALSE
2Kikcyfmn9g,2024-04-07T03:37:11Z,593,,4,Leptoglossus_occidentalis,Portugal,Insects,alien,invasora,Post-Introduction,Invasion,Invasion,2010,2010-06-01T12:00:00Z,comment,16,1,UgwP6bpFwwClhf8zU_Z4AaABAg.A1uPuao4b4DA1v0JQVUMJi,UgwP6bpFwwClhf8zU_Z4AaABAg,TRUE
FDBd741PDa0,2025-07-18T23:05:32Z,1745,,3,Leptoglossus_occidentalis,Portugal,Insects,alien,plaga,Post-Introduction,Invasion,Invasion,2010,2010-06-01T12:00:00Z,comment,19,0,UgyUeUko2mlmzaXJOxV4AaABAg.A0q8vzLWu63AKjaFIkjMGT,UgyUeUko2mlmzaXJOxV4AaABAg,TRUE
5W8GG4bh-PE,2022-04-14T20:56:06Z,7328,,4,Lonchura_oryzivora,Portugal,Birds,alien,encontre,Post-Introduction,Detection,Detection,2010,2010-06-01T12:00:00Z,comment,36,0,Ugz_76NNQlYiubsz3TJ4AaABAg,,FALSE
kjHJE5gipYs,2016-11-13T23:56:20Z,11087,,16,Lonchura_oryzivora,Portugal,Birds,alien,jaula,Post-Introduction,eCommerce,eCommerce,2010,2010-06-01T12:00:00Z,comment,46,1,Ugjkw7RcU1sW0ngCoAEC,,FALSE
kjHJE5gipYs,2021-12-22T14:05:20Z,11087,,16,Lonchura_oryzivora,Portugal,Birds,alien,mascota,Post-Introduction,eCommerce,eCommerce,2010,2010-06-01T12:00:00Z,comment,46,0,UgiG2-gYZhBNlngCoAEC.8IyWl1--ybZ9WFvqomq8_Q,UgiG2-gYZhBNlngCoAEC,TRUE
pDcGQmI_7Uk,2019-06-05T00:05:54Z,5761,,27,Mauremys_reevesii,Spain,Herptiles,alien,acuario,Post-Introduction,eCommerce,eCommerce,2016,2016-06-01T12:00:00Z,comment,39,0,Ugwyxdex7cDcuERvq3V4AaABAg,,FALSE
pDcGQmI_7Uk,2018-02-27T13:18:38Z,5761,,27,Mauremys_reevesii,Spain,Herptiles,alien,cara,Post-Introduction,eCommerce,eCommerce,2016,2016-06-01T12:00:00Z,comment,39,0,UgxSRX53ZXfKVFc_u_N4AaABAg,,FALSE
pDcGQmI_7Uk,2015-09-05T10:28:32Z,5761,,27,Mauremys_reevesii,Spain,Herptiles,alien,acuario,Pre-Introduction,eCommerce,eCommerce,2016,2016-06-01T12:00:00Z,comment,39,0,Ugiaw_zgm76U2ngCoAEC.83gl-ZsDmJH7-IUGwlU5b8,Ugiaw_zgm76U2ngCoAEC,TRUE
RU40mYN_PYw,2019-09-18T09:54:01Z,3551,,37,Mauremys_reevesii,Spain,Herptiles,alien,compra,Post-Introduction,eCommerce,eCommerce,2016,2016-06-01T12:00:00Z,comment,114,0,Ugx1kxUyJiUtis6dBrd4AaABAg,,FALSE
RU40mYN_PYw,2019-09-18T11:10:22Z,3551,,37,Mauremys_reevesii,Spain,Herptiles,alien,tienda,Post-Introduction,eCommerce,eCommerce,2016,2016-06-01T12:00:00Z,comment,114,0,Ugx1kxUyJiUtis6dBrd4AaABAg.9-0aUPOs_Ae9-0jDcFOlzU,Ugx1kxUyJiUtis6dBrd4AaABAg,TRUE
2-nezBeCSNg,2020-04-30T14:34:34Z,839,,17,Mauremys_reevesii,Spain,Herptiles,alien,peligro,Post-Introduction,Threat,Threat,2016,2016-06-01T12:00:00Z,comment,28,0,UgyBKDHa1w6m9G8wCBR4AaABAg,,FALSE
2-nezBeCSNg,2020-04-30T14:34:34Z,839,,17,Mauremys_reevesii,Spain,Herptiles,alien,extincion,Post-Introduction,Threat,Threat,2016,2016-06-01T12:00:00Z,comment,28,0,UgyBKDHa1w6m9G8wCBR4AaABAg,,FALSE
2-nezBeCSNg,2020-04-30T14:43:26Z,839,,17,Mauremys_reevesii,Spain,Herptiles,alien,peligro,Post-Introduction,Threat,Threat,2016,2016-06-01T12:00:00Z,comment,28,0,UgzdcMrSh3vdvXlw6aV4AaABAg.984SgwDCJdP984TT56QepN,UgzdcMrSh3vdvXlw6aV4AaABAg,TRUE
2-nezBeCSNg,2020-04-30T14:43:26Z,839,,17,Mauremys_reevesii,Spain,Herptiles,alien,extincion,Post-Introduction,Threat,Threat,2016,2016-06-01T12:00:00Z,comment,28,0,UgzdcMrSh3vdvXlw6aV4AaABAg.984SgwDCJdP984TT56QepN,UgzdcMrSh3vdvXlw6aV4AaABAg,TRUE
2-nezBeCSNg,2020-04-30T14:43:26Z,839,,17,Mauremys_reevesii,Spain,Herptiles,alien,encontrado,Post-Introduction,Detection,Detection,2016,2016-06-01T12:00:00Z,comment,28,0,UgzdcMrSh3vdvXlw6aV4AaABAg.984SgwDCJdP984TT56QepN,UgzdcMrSh3vdvXlw6aV4AaABAg,TRUE
2-nezBeCSNg,2020-04-30T14:43:26Z,839,,17,Mauremys_reevesii,Spain,Herptiles,alien,prohibida,Post-Introduction,eCommerce,eCommerce,2016,2016-06-01T12:00:00Z,comment,28,0,UgzdcMrSh3vdvXlw6aV4AaABAg.984SgwDCJdP984TT56QepN,UgzdcMrSh3vdvXlw6aV4AaABAg,TRUE
2-nezBeCSNg,2020-04-30T14:43:26Z,839,,17,Mauremys_reevesii,Spain,Herptiles,alien,encontramos,Post-Introduction,Detection,Detection,2016,2016-06-01T12:00:00Z,comment,28,0,UgzdcMrSh3vdvXlw6aV4AaABAg.984SgwDCJdP984TT56QepN,UgzdcMrSh3vdvXlw6aV4AaABAg,TRUE
mB9B4wWlEak,2020-04-26T03:21:44Z,7420,,26,Mauremys_reevesii,Spain,Herptiles,alien,comprado,Post-Introduction,eCommerce,eCommerce,2016,2016-06-01T12:00:00Z,comment,49,0,UgxHVdwhbVxXrRSpJtZ4AaABAg,,FALSE
mB9B4wWlEak,2020-04-26T03:21:44Z,7420,,26,Mauremys_reevesii,Spain,Herptiles,alien,acuario,Post-Introduction,eCommerce,eCommerce,2016,2016-06-01T12:00:00Z,comment,49,0,UgxHVdwhbVxXrRSpJtZ4AaABAg,,FALSE
mB9B4wWlEak,2016-10-21T18:59:46Z,7420,,26,Mauremys_reevesii,Spain,Herptiles,alien,visto,Post-Introduction,Detection,Detection,2016,2016-06-01T12:00:00Z,comment,49,0,UgiSwtBNRPYpWXgCoAEC,,FALSE
Qxhlv5e2ZV0,2015-06-25T17:12:50Z,2993,,5,Mauremys_reevesii,Spain,Herptiles,alien,comprar,Pre-Introduction,eCommerce,eCommerce,2016,2016-06-01T12:00:00Z,comment,37,0,UghzZaovRvgMrHgCoAEC,,FALSE
xbm3Aa_LSbQ,2017-09-17T19:00:37Z,3799,,61,Mauremys_reevesii,Spain,Herptiles,alien,aquario,Post-Introduction,eCommerce,eCommerce,2016,2016-06-01T12:00:00Z,comment,119,0,Ugy2Y6MWe5ShWBK9Ym54AaABAg,,FALSE
xbm3Aa_LSbQ,2019-07-20T21:54:03Z,3799,,61,Mauremys_reevesii,Spain,Herptiles,alien,acuario,Post-Introduction,eCommerce,eCommerce,2016,2016-06-01T12:00:00Z,comment,119,0,UgxuP18iZSnz8Dul4jB4AaABAg.8x_ozj6P9dq8xcOBY1n4S7,UgxuP18iZSnz8Dul4jB4AaABAg,TRUE
xbm3Aa_LSbQ,2017-09-20T22:20:05Z,3799,,61,Mauremys_reevesii,Spain,Herptiles,alien,riesgo,Post-Introduction,Threat,Threat,2016,2016-06-01T12:00:00Z,comment,119,0,Ugzhx8Wb6z5A9q0Ht6N4AaABAg.8XkLKlJVbni8XkO9p6vuNN,Ugzhx8Wb6z5A9q0Ht6N4AaABAg,TRUE
xbm3Aa_LSbQ,2017-10-19T16:12:09Z,3799,,61,Mauremys_reevesii,Spain,Herptiles,alien,peligroso,Post-Introduction,Threat,Threat,2016,2016-06-01T12:00:00Z,comment,119,0,Ugzhx8Wb6z5A9q0Ht6N4AaABAg.8XkLKlJVbni8YuP6L4S7RE,Ugzhx8Wb6z5A9q0Ht6N4AaABAg,TRUE
xbm3Aa_LSbQ,2017-09-17T21:01:03Z,3799,,61,Mauremys_reevesii,Spain,Herptiles,alien,pecera,Post-Introduction,eCommerce,eCommerce,2016,2016-06-01T12:00:00Z,comment,119,0,UgwcnaZeeY7w1EcY1mF4AaABAg.8XcRZrmlyd88XcWjJNoIkb,UgwcnaZeeY7w1EcY1mF4AaABAg,TRUE
xbm3Aa_LSbQ,2017-09-17T19:49:30Z,3799,,61,Mauremys_reevesii,Spain,Herptiles,alien,acuario,Post-Introduction,eCommerce,eCommerce,2016,2016-06-01T12:00:00Z,comment,119,0,Ugx1bumIkU3BeFjZvvh4AaABAg.8XcOEBKp35M8XcOYCVUBux,Ugx1bumIkU3BeFjZvvh4AaABAg,TRUE
xbm3Aa_LSbQ,2017-09-17T19:21:47Z,3799,,61,Mauremys_reevesii,Spain,Herptiles,alien,exotica,Post-Introduction,Invasion,Invasion,2016,2016-06-01T12:00:00Z,comment,119,0,Ugy2Y6MWe5ShWBK9Ym54AaABAg.8XcIxAc3OIj8XcLNEy1eZO,Ugy2Y6MWe5ShWBK9Ym54AaABAg,TRUE
xbm3Aa_LSbQ,2017-09-17T20:46:47Z,3799,,61,Mauremys_reevesii,Spain,Herptiles,alien,exotica,Post-Introduction,Invasion,Invasion,2016,2016-06-01T12:00:00Z,comment,119,0,Ugy2Y6MWe5ShWBK9Ym54AaABAg.8XcIxAc3OIj8XcV5p0XiRq,Ugy2Y6MWe5ShWBK9Ym54AaABAg,TRUE
xbm3Aa_LSbQ,2017-09-17T20:51:53Z,3799,,61,Mauremys_reevesii,Spain,Herptiles,alien,acuarios,Post-Introduction,eCommerce,eCommerce,2016,2016-06-01T12:00:00Z,comment,119,0,Ugy2Y6MWe5ShWBK9Ym54AaABAg.8XcIxAc3OIj8XcVg7E0z7d,Ugy2Y6MWe5ShWBK9Ym54AaABAg,TRUE
4TF8VXr-AGI,2015-09-03T13:33:54Z,10398,,33,Mauremys_reevesii,Spain,Herptiles,alien,tienda,Pre-Introduction,eCommerce,eCommerce,2016,2016-06-01T12:00:00Z,comment,65,0,UgjwXQYszAS77HgCoAEC,,FALSE
4TF8VXr-AGI,2015-09-03T22:03:38Z,10398,,33,Mauremys_reevesii,Spain,Herptiles,alien,tienda,Pre-Introduction,eCommerce,eCommerce,2016,2016-06-01T12:00:00Z,comment,65,0,UgjBb5SLIPAqMHgCoAEC.83ddPfRBec57-HgpF8OpJ6,UgjBb5SLIPAqMHgCoAEC,TRUE
4TF8VXr-AGI,2015-09-03T22:03:38Z,10398,,33,Mauremys_reevesii,Spain,Herptiles,alien,comprar,Pre-Introduction,eCommerce,eCommerce,2016,2016-06-01T12:00:00Z,comment,65,0,UgjBb5SLIPAqMHgCoAEC.83ddPfRBec57-HgpF8OpJ6,UgjBb5SLIPAqMHgCoAEC,TRUE
ITiOQIYGBSs,2024-04-22T16:43:31Z,2456,,12,Mauremys_reevesii,Spain,Herptiles,alien,invasora,Post-Introduction,Invasion,Invasion,2016,2016-06-01T12:00:00Z,comment,45,0,Ugx97kEKg2Oj0YMZenx4AaABAg,,FALSE
ITiOQIYGBSs,2024-04-22T16:43:31Z,2456,,12,Mauremys_reevesii,Spain,Herptiles,alien,visto,Post-Introduction,Detection,Detection,2016,2016-06-01T12:00:00Z,comment,45,0,Ugx97kEKg2Oj0YMZenx4AaABAg,,FALSE
ITiOQIYGBSs,2024-04-22T16:43:31Z,2456,,12,Mauremys_reevesii,Spain,Herptiles,alien,visto,Post-Introduction,Detection,Detection,2016,2016-06-01T12:00:00Z,comment,45,0,Ugx97kEKg2Oj0YMZenx4AaABAg,,FALSE
ITiOQIYGBSs,2022-07-05T16:21:04Z,2456,,12,Mauremys_reevesii,Spain,Herptiles,alien,adoptado,Post-Introduction,eCommerce,eCommerce,2016,2016-06-01T12:00:00Z,comment,45,0,Ugz_xnLrvTMzAGtLPRp4AaABAg,,FALSE
ITiOQIYGBSs,2022-05-10T10:24:06Z,2456,,12,Mauremys_reevesii,Spain,Herptiles,alien,visto,Post-Introduction,Detection,Detection,2016,2016-06-01T12:00:00Z,comment,45,0,UgyYsIJJDLUvS2WWFZx4AaABAg,,FALSE
ITiOQIYGBSs,2022-05-10T10:24:06Z,2456,,12,Mauremys_reevesii,Spain,Herptiles,alien,adoptar,Post-Introduction,eCommerce,eCommerce,2016,2016-06-01T12:00:00Z,comment,45,0,UgyYsIJJDLUvS2WWFZx4AaABAg,,FALSE
ITiOQIYGBSs,2022-05-10T10:24:06Z,2456,,12,Mauremys_reevesii,Spain,Herptiles,alien,adoptar,Post-Introduction,eCommerce,eCommerce,2016,2016-06-01T12:00:00Z,comment,45,0,UgyYsIJJDLUvS2WWFZx4AaABAg,,FALSE
ITiOQIYGBSs,2022-03-27T08:20:20Z,2456,,12,Mauremys_reevesii,Spain,Herptiles,alien,encontre,Post-Introduction,Detection,Detection,2016,2016-06-01T12:00:00Z,comment,45,0,UgyLkvopUQRz4iGFcq94AaABAg,,FALSE
ITiOQIYGBSs,2022-07-05T16:37:09Z,2456,,12,Mauremys_reevesii,Spain,Herptiles,alien,prohibida,Post-Introduction,eCommerce,eCommerce,2016,2016-06-01T12:00:00Z,comment,45,0,UgyYsIJJDLUvS2WWFZx4AaABAg.9aqS15rpkWQ9d6JETYo8cM,UgyYsIJJDLUvS2WWFZx4AaABAg,TRUE
ITiOQIYGBSs,2022-03-27T13:52:15Z,2456,,12,Mauremys_reevesii,Spain,Herptiles,alien,adopcion,Post-Introduction,eCommerce,eCommerce,2016,2016-06-01T12:00:00Z,comment,45,0,UgyLkvopUQRz4iGFcq94AaABAg.9_3vt6PlMjC9_4Ws5EZD-y,UgyLkvopUQRz4iGFcq94AaABAg,TRUE
gkqX0wtYuN0,2021-01-04T01:41:20Z,6452,,54,Mauremys_reevesii,Spain,Herptiles,alien,acuario,Post-Introduction,eCommerce,eCommerce,2016,2016-06-01T12:00:00Z,comment,181,1,UgzcZVSGNummpWuBrr54AaABAg,,FALSE
gkqX0wtYuN0,2020-04-18T22:49:57Z,6452,,54,Mauremys_reevesii,Spain,Herptiles,alien,visto,Post-Introduction,Detection,Detection,2016,2016-06-01T12:00:00Z,comment,181,0,UgxDY6UP0QGOXJuYNN54AaABAg,,FALSE
gkqX0wtYuN0,2020-04-18T22:49:57Z,6452,,54,Mauremys_reevesii,Spain,Herptiles,alien,compre,Post-Introduction,eCommerce,eCommerce,2016,2016-06-01T12:00:00Z,comment,181,0,UgxDY6UP0QGOXJuYNN54AaABAg,,FALSE
gkqX0wtYuN0,2020-04-18T22:49:57Z,6452,,54,Mauremys_reevesii,Spain,Herptiles,alien,acuario,Post-Introduction,eCommerce,eCommerce,2016,2016-06-01T12:00:00Z,comment,181,0,UgxDY6UP0QGOXJuYNN54AaABAg,,FALSE
gkqX0wtYuN0,2020-04-18T22:49:57Z,6452,,54,Mauremys_reevesii,Spain,Herptiles,alien,compre,Post-Introduction,eCommerce,eCommerce,2016,2016-06-01T12:00:00Z,comment,181,0,UgxDY6UP0QGOXJuYNN54AaABAg,,FALSE
gkqX0wtYuN0,2020-04-18T22:49:57Z,6452,,54,Mauremys_reevesii,Spain,Herptiles,alien,controlar,Post-Introduction,Detection,Detection,2016,2016-06-01T12:00:00Z,comment,181,0,UgxDY6UP0QGOXJuYNN54AaABAg,,FALSE
gkqX0wtYuN0,2019-12-23T21:07:40Z,6452,,54,Mauremys_reevesii,Spain,Herptiles,alien,comercio,Post-Introduction,eCommerce,eCommerce,2016,2016-06-01T12:00:00Z,comment,181,0,UgyIs2YSF_sNxvu6DmZ4AaABAg,,FALSE
gkqX0wtYuN0,2019-06-02T11:00:06Z,6452,,54,Mauremys_reevesii,Spain,Herptiles,alien,acuario,Post-Introduction,eCommerce,eCommerce,2016,2016-06-01T12:00:00Z,comment,181,2,UgyZ85RxsPAUKA9z71p4AaABAg,,FALSE
gkqX0wtYuN0,2019-06-01T16:53:23Z,6452,,54,Mauremys_reevesii,Spain,Herptiles,alien,visto,Post-Introduction,Detection,Detection,2016,2016-06-01T12:00:00Z,comment,181,1,UgzulBXYOe9DmXVcdu94AaABAg,,FALSE
gkqX0wtYuN0,2019-06-01T14:11:02Z,6452,,54,Mauremys_reevesii,Spain,Herptiles,alien,acuario,Post-Introduction,eCommerce,eCommerce,2016,2016-06-01T12:00:00Z,comment,181,1,Ugz7hxq1ESeiqYRoH9F4AaABAg,,FALSE
gkqX0wtYuN0,2019-06-03T08:42:10Z,6452,,54,Mauremys_reevesii,Spain,Herptiles,alien,visto,Post-Introduction,Detection,Detection,2016,2016-06-01T12:00:00Z,comment,181,0,UgzBMWj0ONfihLChmoV4AaABAg.8vcyGfomt6b8vhxCYQTiGl,UgzBMWj0ONfihLChmoV4AaABAg,TRUE
gkqX0wtYuN0,2019-06-02T13:20:12Z,6452,,54,Mauremys_reevesii,Spain,Herptiles,alien,visto,Post-Introduction,Detection,Detection,2016,2016-06-01T12:00:00Z,comment,181,1,Ugx4iMDjh4xrEavdK1x4AaABAg.8vfqg9vcGws8vfsE5_J5t7,Ugx4iMDjh4xrEavdK1x4AaABAg,TRUE
gkqX0wtYuN0,2019-06-02T11:04:06Z,6452,,54,Mauremys_reevesii,Spain,Herptiles,alien,tienda,Post-Introduction,eCommerce,eCommerce,2016,2016-06-01T12:00:00Z,comment,181,1,UgyZ85RxsPAUKA9z71p4AaABAg.8vfcBsMI5rV8vfceAFZwvT,UgyZ85RxsPAUKA9z71p4AaABAg,TRUE
DXuCCqL-_B4,2020-01-25T13:08:54Z,658,,14,Mauremys_reevesii,Spain,Herptiles,alien,mascota,Post-Introduction,eCommerce,eCommerce,2016,2016-06-01T12:00:00Z,comment,35,0,UgyjS_HGY2fD0D1jBux4AaABAg.94CxlKRF26l94D6KfehTH5,UgyjS_HGY2fD0D1jBux4AaABAg,TRUE
UkEd6ICtoBc,2024-07-22T20:51:17Z,6547,,54,Mauremys_sinensis,Spain,Herptiles,alien,acuario,Post-Introduction,eCommerce,eCommerce,2014,2014-06-01T12:00:00Z,comment,90,0,UgzURd9pokjLtW0YbW54AaABAg,,FALSE
UkEd6ICtoBc,2023-10-05T20:01:38Z,6547,,54,Mauremys_sinensis,Spain,Herptiles,alien,mascota,Post-Introduction,eCommerce,eCommerce,2014,2014-06-01T12:00:00Z,comment,90,0,UgxuNTtdL2zy6ZRGIMN4AaABAg,,FALSE
UkEd6ICtoBc,2023-10-05T20:01:38Z,6547,,54,Mauremys_sinensis,Spain,Herptiles,alien,vista,Post-Introduction,Detection,Detection,2014,2014-06-01T12:00:00Z,comment,90,0,UgxuNTtdL2zy6ZRGIMN4AaABAg,,FALSE
UkEd6ICtoBc,2021-06-15T20:06:26Z,6547,,54,Mauremys_sinensis,Spain,Herptiles,alien,hibridacion,Post-Introduction,Threat,Threat,2014,2014-06-01T12:00:00Z,comment,90,0,UgyyfcFhE3Q83T7zvpF4AaABAg,,FALSE
UkEd6ICtoBc,2021-02-18T13:39:33Z,6547,,54,Mauremys_sinensis,Spain,Herptiles,alien,acuario,Post-Introduction,eCommerce,eCommerce,2014,2014-06-01T12:00:00Z,comment,90,2,Ugw5NEhOitODUzfAr7N4AaABAg,,FALSE
UkEd6ICtoBc,2020-09-21T22:50:34Z,6547,,54,Mauremys_sinensis,Spain,Herptiles,alien,terrario,Post-Introduction,eCommerce,eCommerce,2014,2014-06-01T12:00:00Z,comment,90,3,Ugw5J5rBwQ25qCZB7Xp4AaABAg,,FALSE
UkEd6ICtoBc,2020-07-02T11:53:37Z,6547,,54,Mauremys_sinensis,Spain,Herptiles,alien,costo,Post-Introduction,eCommerce,eCommerce,2014,2014-06-01T12:00:00Z,comment,90,3,UgwRkAznCXDeOgdb-NV4AaABAg,,FALSE
UkEd6ICtoBc,2020-07-02T11:53:37Z,6547,,54,Mauremys_sinensis,Spain,Herptiles,alien,costo,Post-Introduction,eCommerce,eCommerce,2014,2014-06-01T12:00:00Z,comment,90,3,UgwRkAznCXDeOgdb-NV4AaABAg,,FALSE
UkEd6ICtoBc,2020-05-15T20:13:46Z,6547,,54,Mauremys_sinensis,Spain,Herptiles,alien,compre,Post-Introduction,eCommerce,eCommerce,2014,2014-06-01T12:00:00Z,comment,90,11,Ugw6zhljULiXJ_Rz0yJ4AaABAg,,FALSE
UkEd6ICtoBc,2021-06-12T20:28:26Z,6547,,54,Mauremys_sinensis,Spain,Herptiles,alien,terrario,Post-Introduction,eCommerce,eCommerce,2014,2014-06-01T12:00:00Z,comment,90,1,UgwkYiHp-hJgKKvQafh4AaABAg.9Njgps_1sLb9OVeGunlXtb,UgwkYiHp-hJgKKvQafh4AaABAg,TRUE
UkEd6ICtoBc,2021-06-12T20:28:26Z,6547,,54,Mauremys_sinensis,Spain,Herptiles,alien,acuario,Post-Introduction,eCommerce,eCommerce,2014,2014-06-01T12:00:00Z,comment,90,1,UgwkYiHp-hJgKKvQafh4AaABAg.9Njgps_1sLb9OVeGunlXtb,UgwkYiHp-hJgKKvQafh4AaABAg,TRUE
UkEd6ICtoBc,2021-09-15T12:56:37Z,6547,,54,Mauremys_sinensis,Spain,Herptiles,alien,adoptar,Post-Introduction,eCommerce,eCommerce,2014,2014-06-01T12:00:00Z,comment,90,0,UgxqnYxGWb7uDXtwAAd4AaABAg.9LQcYOgiPgw9SJT4pmJ-1G,UgxqnYxGWb7uDXtwAAd4AaABAg,TRUE
UkEd6ICtoBc,2021-09-15T12:56:37Z,6547,,54,Mauremys_sinensis,Spain,Herptiles,alien,acuario,Post-Introduction,eCommerce,eCommerce,2014,2014-06-01T12:00:00Z,comment,90,0,UgxqnYxGWb7uDXtwAAd4AaABAg.9LQcYOgiPgw9SJT4pmJ-1G,UgxqnYxGWb7uDXtwAAd4AaABAg,TRUE
UkEd6ICtoBc,2020-06-07T20:59:36Z,6547,,54,Mauremys_sinensis,Spain,Herptiles,alien,tienda,Post-Introduction,eCommerce,eCommerce,2014,2014-06-01T12:00:00Z,comment,90,0,UgwRDKIpzOdJ4rkEJFp4AaABAg.98ggE3FhtjU99bziTnTR5L,UgwRDKIpzOdJ4rkEJFp4AaABAg,TRUE
UkEd6ICtoBc,2020-06-07T21:17:26Z,6547,,54,Mauremys_sinensis,Spain,Herptiles,alien,mascota,Post-Introduction,eCommerce,eCommerce,2014,2014-06-01T12:00:00Z,comment,90,0,UgwRDKIpzOdJ4rkEJFp4AaABAg.98ggE3FhtjU99c0l2lm3zX,UgwRDKIpzOdJ4rkEJFp4AaABAg,TRUE
UkEd6ICtoBc,2020-06-07T21:17:26Z,6547,,54,Mauremys_sinensis,Spain,Herptiles,alien,riesgo,Post-Introduction,Threat,Threat,2014,2014-06-01T12:00:00Z,comment,90,0,UgwRDKIpzOdJ4rkEJFp4AaABAg.98ggE3FhtjU99c0l2lm3zX,UgwRDKIpzOdJ4rkEJFp4AaABAg,TRUE
UkEd6ICtoBc,2020-06-07T21:17:26Z,6547,,54,Mauremys_sinensis,Spain,Herptiles,alien,contagio,Post-Introduction,Threat,Threat,2014,2014-06-01T12:00:00Z,comment,90,0,UgwRDKIpzOdJ4rkEJFp4AaABAg.98ggE3FhtjU99c0l2lm3zX,UgwRDKIpzOdJ4rkEJFp4AaABAg,TRUE
GWdFKd9DYsU,2020-01-10T13:38:18Z,14909,,2,Mnemiopsis_leidyi,Spain,Non-arthropod invertebrates,established,alien,Post-Introduction,Invasion,Invasion,2009,2009-06-01T12:00:00Z,comment,24,0,UgzPd-rpP7KB8nJjfud4AaABAg,,FALSE
GWdFKd9DYsU,2020-01-10T13:38:18Z,14909,,2,Mnemiopsis_leidyi,Spain,Non-arthropod invertebrates,established,alien,Post-Introduction,Invasion,Invasion,2009,2009-06-01T12:00:00Z,comment,24,0,UgzPd-rpP7KB8nJjfud4AaABAg,,FALSE
Aiuz7tB6lno,2024-07-26T03:48:42Z,9524,,28,Paratrechina_jaegerskioeldi,Portugal,Insects,established,extendido,Post-Introduction,Invasion,Invasion,2012,2012-06-01T12:00:00Z,comment,751,3,UgwwSAHje0bUSyqcPRN4AaABAg,,FALSE
Aiuz7tB6lno,2024-07-28T06:44:58Z,9524,,28,Paratrechina_jaegerskioeldi,Portugal,Insects,established,extendido,Post-Introduction,Invasion,Invasion,2012,2012-06-01T12:00:00Z,comment,751,2,UgwwSAHje0bUSyqcPRN4AaABAg.A6LH3yp8GvEA6QjprLqjzU,UgwwSAHje0bUSyqcPRN4AaABAg,TRUE
Aiuz7tB6lno,2024-07-28T06:44:58Z,9524,,28,Paratrechina_jaegerskioeldi,Portugal,Insects,established,extension,Post-Introduction,Invasion,Invasion,2012,2012-06-01T12:00:00Z,comment,751,2,UgwwSAHje0bUSyqcPRN4AaABAg.A6LH3yp8GvEA6QjprLqjzU,UgwwSAHje0bUSyqcPRN4AaABAg,TRUE
Aiuz7tB6lno,2025-01-07T01:01:15Z,9524,,28,Paratrechina_jaegerskioeldi,Portugal,Insects,established,visto,Post-Introduction,Detection,Detection,2012,2012-06-01T12:00:00Z,comment,751,0,UgyIBnFRtK1TWavcYK14AaABAg.A6JNQrhrl-lACyq40AbmqD,UgyIBnFRtK1TWavcYK14AaABAg,TRUE
Aiuz7tB6lno,2025-02-22T18:12:51Z,9524,,28,Paratrechina_jaegerskioeldi,Portugal,Insects,established,extendido,Post-Introduction,Invasion,Invasion,2012,2012-06-01T12:00:00Z,comment,751,0,UgyIBnFRtK1TWavcYK14AaABAg.A6JNQrhrl-lAEr7guzJLnT,UgyIBnFRtK1TWavcYK14AaABAg,TRUE
Aiuz7tB6lno,2025-02-22T18:12:51Z,9524,,28,Paratrechina_jaegerskioeldi,Portugal,Insects,established,extendido,Post-Introduction,Invasion,Invasion,2012,2012-06-01T12:00:00Z,comment,751,0,UgyIBnFRtK1TWavcYK14AaABAg.A6JNQrhrl-lAEr7guzJLnT,UgyIBnFRtK1TWavcYK14AaABAg,TRUE
Aiuz7tB6lno,2024-07-28T06:35:11Z,9524,,28,Paratrechina_jaegerskioeldi,Portugal,Insects,established,plaga,Post-Introduction,Invasion,Invasion,2012,2012-06-01T12:00:00Z,comment,751,1,UgxtK1l4sHhN_Kp0yst4AaABAg.A6JN8BDruFAA6QiiAz1zAD,UgxtK1l4sHhN_Kp0yst4AaABAg,TRUE
NB2zdNWPFzE,2025-05-29T14:58:14Z,6154,,4,Paratrechina_jaegerskioeldi,Portugal,Insects,established,letal,Post-Introduction,Threat,Threat,2012,2012-06-01T12:00:00Z,comment,81,0,UgytdU6FW61UbVRPTyN4AaABAg,,FALSE
iRgJ04t7LEQ,2024-03-24T16:00:04Z,2099,,9,Paratrechina_jaegerskioeldi,Portugal,Insects,established,plagas,Post-Introduction,Invasion,Invasion,2012,2012-06-01T12:00:00Z,comment,22,1,Ugz1uC9iMdcxF8t_nxl4AaABAg,,FALSE
mrqr_1pRFUo,2024-05-19T19:13:23Z,81,,1,Paratrechina_jaegerskioeldi,Portugal,Insects,established,amenaza,Post-Introduction,Threat,Threat,2012,2012-06-01T12:00:00Z,comment,12,0,UgznezyQMqu2iXBx9-x4AaABAg,,FALSE
_HU-WEP6Gxs,2020-07-18T14:36:57Z,709,,14,Paratrechina_jaegerskioeldi,Portugal,Insects,established,terrario,Post-Introduction,eCommerce,eCommerce,2012,2012-06-01T12:00:00Z,comment,48,1,Ugy7NILdUXh-GgMUba14AaABAg,,FALSE
_HU-WEP6Gxs,2019-09-14T20:15:58Z,709,,14,Paratrechina_jaegerskioeldi,Portugal,Insects,established,visto,Post-Introduction,Detection,Detection,2012,2012-06-01T12:00:00Z,comment,48,0,UgwWa_MdTKVGs62MZw14AaABAg,,FALSE
_HU-WEP6Gxs,2019-09-14T20:23:38Z,709,,14,Paratrechina_jaegerskioeldi,Portugal,Insects,established,comprar,Post-Introduction,eCommerce,eCommerce,2012,2012-06-01T12:00:00Z,comment,48,1,UgwWa_MdTKVGs62MZw14AaABAg.8zsPUCUphQr8zsQMIVtnE6,UgwWa_MdTKVGs62MZw14AaABAg,TRUE
iQpwfAFZKak,2020-11-19T05:35:14Z,2514,,28,Paratrechina_jaegerskioeldi,Portugal,Insects,established,invasoras,Post-Introduction,Invasion,Invasion,2012,2012-06-01T12:00:00Z,comment,72,0,UgxTbLofqlxNUlnI24x4AaABAg,,FALSE
iQpwfAFZKak,2020-05-18T01:26:49Z,2514,,28,Paratrechina_jaegerskioeldi,Portugal,Insects,established,encontre,Post-Introduction,Detection,Detection,2012,2012-06-01T12:00:00Z,comment,72,0,UgyQliZTqwbXVTniARt4AaABAg,,FALSE
iQpwfAFZKak,2020-11-19T13:33:59Z,2514,,28,Paratrechina_jaegerskioeldi,Portugal,Insects,established,invasora,Post-Introduction,Invasion,Invasion,2012,2012-06-01T12:00:00Z,comment,72,0,UgxTbLofqlxNUlnI24x4AaABAg.9GEC5VwNAgb9GF2swtjcxy,UgxTbLofqlxNUlnI24x4AaABAg,TRUE
iQpwfAFZKak,2019-07-01T21:21:40Z,2514,,28,Paratrechina_jaegerskioeldi,Portugal,Insects,established,tienda,Post-Introduction,eCommerce,eCommerce,2012,2012-06-01T12:00:00Z,comment,72,1,Ugw2slvlYZTUlU6sHvt4AaABAg.8wrP1kTuzdw8wrPNpJnP77,Ugw2slvlYZTUlU6sHvt4AaABAg,TRUE
vqRQpwHUXbo,2020-03-19T08:35:18Z,1434,,11,Pelodiscus_sinensis,Portugal,Herptiles,alien,acuario,Post-Introduction,eCommerce,eCommerce,2019,2019-06-01T12:00:00Z,comment,43,0,UgyRieSwuSCNB_sBcuV4AaABAg,,FALSE
vqRQpwHUXbo,2019-05-24T17:09:10Z,1434,,11,Pelodiscus_sinensis,Portugal,Herptiles,alien,tienda,Pre-Introduction,eCommerce,eCommerce,2019,2019-06-01T12:00:00Z,comment,43,0,UgytACa9Z8cWyCZwwZp4AaABAg,,FALSE
vqRQpwHUXbo,2019-05-24T18:07:18Z,1434,,11,Pelodiscus_sinensis,Portugal,Herptiles,alien,acuario,Pre-Introduction,eCommerce,eCommerce,2019,2019-06-01T12:00:00Z,comment,43,1,UgzUKMOJG4JE8_5Rolp4AaABAg.8vKC03z60UJ8vKCvxzc04V,UgzUKMOJG4JE8_5Rolp4AaABAg,TRUE
4zqbuSXlsy0,2012-11-07T21:25:55Z,2562,,3,Pelodiscus_sinensis,Portugal,Herptiles,alien,visto,Pre-Introduction,Detection,Detection,2019,2019-06-01T12:00:00Z,comment,5,0,Ugxh_mzs5dyA7G8um9h4AaABAg,,FALSE
elWQy4ImUCg,2019-05-20T13:24:12Z,1571,,2,Perca_fluviatilis,Portugal,Fishes,established,comprar,Post-Introduction,eCommerce,eCommerce,2015,2015-06-01T12:00:00Z,comment,19,1,UgzvwlYnnn2GwAuj0Nh4AaABAg,,FALSE
Tzoip14mpes,2020-04-15T21:03:01Z,2554,,16,Perca_fluviatilis,Portugal,Fishes,established,captura,Post-Introduction,Detection,Detection,2015,2015-06-01T12:00:00Z,comment,48,3,UgyWv-7ArSIPv3qBQ-F4AaABAg,,FALSE
Tzoip14mpes,2020-04-15T19:05:06Z,2554,,16,Perca_fluviatilis,Portugal,Fishes,established,reciente,Post-Introduction,Detection,Detection,2015,2015-06-01T12:00:00Z,comment,48,1,UgyprQmZxeNraOzB7Md4AaABAg.97UInzFSP9z97UJUMpM69E,UgyprQmZxeNraOzB7Md4AaABAg,TRUE
2rOiw2jZR7w,2024-04-23T21:37:53Z,828,,26,Perca_fluviatilis,Portugal,Fishes,established,caro,Post-Introduction,eCommerce,eCommerce,2015,2015-06-01T12:00:00Z,comment,27,0,UgwB_e4y7HeM5hiUv-F4AaABAg,,FALSE
2rOiw2jZR7w,2024-12-06T22:46:50Z,828,,26,Perca_fluviatilis,Portugal,Fishes,established,caro,Post-Introduction,eCommerce,eCommerce,2015,2015-06-01T12:00:00Z,comment,27,0,UgxfeYROsWo1pKO03Vp4AaABAg.ABilKMkzCo7ABim2NtnuuQ,UgxfeYROsWo1pKO03Vp4AaABAg,TRUE
2rOiw2jZR7w,2024-04-26T22:15:22Z,828,,26,Perca_fluviatilis,Portugal,Fishes,established,capturas,Post-Introduction,Detection,Detection,2015,2015-06-01T12:00:00Z,comment,27,1,UgwdtQPsFaizOhWhXFp4AaABAg.A2aYchrPmGBA2hwNqaeXyI,UgwdtQPsFaizOhWhXFp4AaABAg,TRUE
2rOiw2jZR7w,2024-04-26T22:25:39Z,828,,26,Perca_fluviatilis,Portugal,Fishes,established,caro,Post-Introduction,eCommerce,eCommerce,2015,2015-06-01T12:00:00Z,comment,27,0,UgwNNh_UY1mKsOVVhu54AaABAg.A2a5Vhfi1uIA2hxZF3TUrl,UgwNNh_UY1mKsOVVhu54AaABAg,TRUE
L4mh404huZo,2022-11-23T21:28:24Z,645,,16,Perca_fluviatilis,Portugal,Fishes,established,caro,Post-Introduction,eCommerce,eCommerce,2015,2015-06-01T12:00:00Z,comment,22,1,Ugxh4A_QV5p1oN6jfMx4AaABAg.9imbzOfPcb69imtdtnlwdU,Ugxh4A_QV5p1oN6jfMx4AaABAg,TRUE
L4mh404huZo,2022-11-22T23:16:13Z,645,,16,Perca_fluviatilis,Portugal,Fishes,established,caro,Post-Introduction,eCommerce,eCommerce,2015,2015-06-01T12:00:00Z,comment,22,0,Ugw6qZG_dWmA3yGVobd4AaABAg.9ikV-84i6gs9ikWBhYWFHZ,Ugw6qZG_dWmA3yGVobd4AaABAg,TRUE
7et5FszBQcE,2022-10-22T16:23:54Z,285,,14,Perca_fluviatilis,Portugal,Fishes,established,caro,Post-Introduction,eCommerce,eCommerce,2015,2015-06-01T12:00:00Z,comment,18,0,UgwzZr4qGGgjkDLSpT54AaABAg.9hUKILvfceU9hUxMiPPuef,UgwzZr4qGGgjkDLSpT54AaABAg,TRUE
I50REG4V6Ag,2024-12-22T19:45:56Z,396,,21,Perca_fluviatilis,Portugal,Fishes,established,caro,Post-Introduction,eCommerce,eCommerce,2015,2015-06-01T12:00:00Z,comment,27,0,UgxThA-0j4enc3WA8ZR4AaABAg,,FALSE
I50REG4V6Ag,2025-03-01T17:21:40Z,396,,21,Perca_fluviatilis,Portugal,Fishes,established,caro,Post-Introduction,eCommerce,eCommerce,2015,2015-06-01T12:00:00Z,comment,27,0,UgwwDa28XBBI-YdPT9V4AaABAg.AF81ik90K_JAF83PBeCmy-,UgwwDa28XBBI-YdPT9V4AaABAg,TRUE
I50REG4V6Ag,2024-12-22T22:37:54Z,396,,21,Perca_fluviatilis,Portugal,Fishes,established,encontramos,Post-Introduction,Detection,Detection,2015,2015-06-01T12:00:00Z,comment,27,0,UgxThA-0j4enc3WA8ZR4AaABAg.ACMe3MhT-DJACMxjyTHplD,UgxThA-0j4enc3WA8ZR4AaABAg,TRUE
I50REG4V6Ag,2024-12-21T18:37:39Z,396,,21,Perca_fluviatilis,Portugal,Fishes,established,caro,Post-Introduction,eCommerce,eCommerce,2015,2015-06-01T12:00:00Z,comment,27,0,UgzaMzcK8ec2YpPsQsJ4AaABAg.ACFgwwPfSPaACJxSMsy62Y,UgzaMzcK8ec2YpPsQsJ4AaABAg,TRUE
I50REG4V6Ag,2024-12-18T18:07:48Z,396,,21,Perca_fluviatilis,Portugal,Fishes,established,caro,Post-Introduction,eCommerce,eCommerce,2015,2015-06-01T12:00:00Z,comment,27,0,UgyZd6bnOeTlij6o_Dl4AaABAg.ACB3b2Gi49fACCAeCdfrY3,UgyZd6bnOeTlij6o_Dl4AaABAg,TRUE
I50REG4V6Ag,2024-12-18T18:11:10Z,396,,21,Perca_fluviatilis,Portugal,Fishes,established,caro,Post-Introduction,eCommerce,eCommerce,2015,2015-06-01T12:00:00Z,comment,27,0,UgwFweomU-rLJ5xZHg54AaABAg.AC9pAdyjak4ACCB1rsGT4o,UgwFweomU-rLJ5xZHg54AaABAg,TRUE
g2CY-T4EGjQ,2022-06-08T05:59:56Z,908,,11,Perca_fluviatilis,Portugal,Fishes,established,capturar,Post-Introduction,Detection,Detection,2015,2015-06-01T12:00:00Z,comment,19,0,UgyVsJnA_D34qJdz8gd4AaABAg,,FALSE
g2CY-T4EGjQ,2022-06-07T20:05:14Z,908,,11,Perca_fluviatilis,Portugal,Fishes,established,invasoras,Post-Introduction,Invasion,Invasion,2015,2015-06-01T12:00:00Z,comment,19,1,UgzkfWKng8kK62wqoFV4AaABAg,,FALSE
g2CY-T4EGjQ,2022-06-10T21:49:12Z,908,,11,Perca_fluviatilis,Portugal,Fishes,established,caro,Post-Introduction,eCommerce,eCommerce,2015,2015-06-01T12:00:00Z,comment,19,0,UgxVEoSB0sADlX1q4iR4AaABAg.9c6NiubCm729c6V473OLt_,UgxVEoSB0sADlX1q4iR4AaABAg,TRUE
g2CY-T4EGjQ,2022-06-07T20:29:04Z,908,,11,Perca_fluviatilis,Portugal,Fishes,established,caro,Post-Introduction,eCommerce,eCommerce,2015,2015-06-01T12:00:00Z,comment,19,0,UgzkfWKng8kK62wqoFV4AaABAg.9bz_mwpZIFA9bzcWTubX2f,UgzkfWKng8kK62wqoFV4AaABAg,TRUE
SbRJ-GyVwY4,2022-06-15T08:28:41Z,884,,12,Perca_fluviatilis,Portugal,Fishes,established,capturas,Post-Introduction,Detection,Detection,2015,2015-06-01T12:00:00Z,comment,20,0,UgxpChe8ijhDlnS6E-l4AaABAg,,FALSE
SbRJ-GyVwY4,2022-06-15T08:28:41Z,884,,12,Perca_fluviatilis,Portugal,Fishes,established,captura,Post-Introduction,Detection,Detection,2015,2015-06-01T12:00:00Z,comment,20,0,UgxpChe8ijhDlnS6E-l4AaABAg,,FALSE
SbRJ-GyVwY4,2022-06-15T08:49:01Z,884,,12,Perca_fluviatilis,Portugal,Fishes,established,caro,Post-Introduction,eCommerce,eCommerce,2015,2015-06-01T12:00:00Z,comment,20,1,UgxpChe8ijhDlnS6E-l4AaABAg.9cHwRGMDKEq9cHylCFiRjw,UgxpChe8ijhDlnS6E-l4AaABAg,TRUE
SbRJ-GyVwY4,2022-06-14T21:12:19Z,884,,12,Perca_fluviatilis,Portugal,Fishes,established,caro,Post-Introduction,eCommerce,eCommerce,2015,2015-06-01T12:00:00Z,comment,20,1,UgzH5nE_5XWR5wwq0Nt4AaABAg.9cGhUbHQaRh9cGj1MYMpnP,UgzH5nE_5XWR5wwq0Nt4AaABAg,TRUE
SbRJ-GyVwY4,2022-06-14T20:43:41Z,884,,12,Perca_fluviatilis,Portugal,Fishes,established,caro,Post-Introduction,eCommerce,eCommerce,2015,2015-06-01T12:00:00Z,comment,20,0,Ugw4tFp70tPx83oCppZ4AaABAg.9cGarI_OQQG9cGfkhUGonM,Ugw4tFp70tPx83oCppZ4AaABAg,TRUE
c_uw_13XCSY,2024-12-23T11:29:48Z,137,,10,Perca_fluviatilis,Portugal,Fishes,established,caro,Post-Introduction,eCommerce,eCommerce,2015,2015-06-01T12:00:00Z,comment,22,1,UgxYCzNInAfLhVEA3ad4AaABAg.ACN53FHSEYBACOL4WgY3gl,UgxYCzNInAfLhVEA3ad4AaABAg,TRUE
Y7tnHlZK7Qc,2022-07-19T22:49:48Z,244,,12,Perca_fluviatilis,Portugal,Fishes,established,caro,Post-Introduction,eCommerce,eCommerce,2015,2015-06-01T12:00:00Z,comment,21,0,UgxW-z5qETNf4-MXAiF4AaABAg.9dfw7NH4dse9dg1-yyVdXo,UgxW-z5qETNf4-MXAiF4AaABAg,TRUE
3XwNFjo1YQE,2024-12-10T18:36:33Z,221,,20,Perca_fluviatilis,Portugal,Fishes,established,caro,Post-Introduction,eCommerce,eCommerce,2015,2015-06-01T12:00:00Z,comment,23,0,Ugyuxp7TDR-AUbzk5WV4AaABAg.ABsbujGrQzmABsc_glOhZR,Ugyuxp7TDR-AUbzk5WV4AaABAg,TRUE
a5JAOUJ1Ujs,2019-11-11T22:20:35Z,559,,6,Perca_fluviatilis,Portugal,Fishes,established,capturas,Post-Introduction,Detection,Detection,2015,2015-06-01T12:00:00Z,comment,19,1,UgzOy5TU0nRGRa_ZN8V4AaABAg,,FALSE
kHvQk-VdLzo,2020-10-18T06:58:36Z,585,,20,Perca_fluviatilis,Portugal,Fishes,established,visto,Post-Introduction,Detection,Detection,2015,2015-06-01T12:00:00Z,comment,33,1,Ugzlj4oDyy4FYL0u0dZ4AaABAg,,FALSE
kHvQk-VdLzo,2020-10-17T17:07:17Z,585,,20,Perca_fluviatilis,Portugal,Fishes,established,capturas,Post-Introduction,Detection,Detection,2015,2015-06-01T12:00:00Z,comment,33,1,UgyEhRdkJR9ilaQzCFl4AaABAg,,FALSE
YRVyf4OXhzo,2024-10-27T14:55:35Z,2143,,43,Perca_fluviatilis,Portugal,Fishes,established,captura,Post-Introduction,Detection,Detection,2015,2015-06-01T12:00:00Z,comment,62,1,UgxkNFQXfKLTYqLD5z94AaABAg,,FALSE
YRVyf4OXhzo,2024-11-27T20:48:23Z,2143,,43,Perca_fluviatilis,Portugal,Fishes,established,capturados,Post-Introduction,Detection,Detection,2015,2015-06-01T12:00:00Z,comment,62,1,UgxkNFQXfKLTYqLD5z94AaABAg.AA5wJoaAVdiABMOKvwt58X,UgxkNFQXfKLTYqLD5z94AaABAg,TRUE
obBV0XkH9UU,2024-06-10T16:01:26Z,225168,,98,Phthorimaea_absoluta,Spain,Insects,established,trampa,Post-Introduction,Detection,Detection,2006,2006-06-01T12:00:00Z,comment,3886,3,UgwZWbgivYRR67ltbuR4AaABAg,,FALSE
obBV0XkH9UU,2024-06-10T16:01:26Z,225168,,98,Phthorimaea_absoluta,Spain,Insects,established,trampa,Post-Introduction,Detection,Detection,2006,2006-06-01T12:00:00Z,comment,3886,3,UgwZWbgivYRR67ltbuR4AaABAg,,FALSE
obBV0XkH9UU,2024-05-21T20:44:47Z,225168,,98,Phthorimaea_absoluta,Spain,Insects,established,epidemia,Post-Introduction,Threat,Threat,2006,2006-06-01T12:00:00Z,comment,3886,3,UgwT69yy8nr66Rs-kJh4AaABAg,,FALSE
obBV0XkH9UU,2024-05-21T20:44:47Z,225168,,98,Phthorimaea_absoluta,Spain,Insects,established,costo,Post-Introduction,eCommerce,eCommerce,2006,2006-06-01T12:00:00Z,comment,3886,3,UgwT69yy8nr66Rs-kJh4AaABAg,,FALSE
obBV0XkH9UU,2024-04-26T15:25:37Z,225168,,98,Phthorimaea_absoluta,Spain,Insects,established,trampa,Post-Introduction,Detection,Detection,2006,2006-06-01T12:00:00Z,comment,3886,0,UgyIxTED3hrRNUAYNpx4AaABAg,,FALSE
obBV0XkH9UU,2023-06-02T19:32:04Z,225168,,98,Phthorimaea_absoluta,Spain,Insects,established,compre,Post-Introduction,eCommerce,eCommerce,2006,2006-06-01T12:00:00Z,comment,3886,3,Ugz8gL9m2D5oCv18KTt4AaABAg,,FALSE
obBV0XkH9UU,2023-06-02T19:32:04Z,225168,,98,Phthorimaea_absoluta,Spain,Insects,established,trampa,Post-Introduction,Detection,Detection,2006,2006-06-01T12:00:00Z,comment,3886,3,Ugz8gL9m2D5oCv18KTt4AaABAg,,FALSE
obBV0XkH9UU,2022-08-03T16:25:01Z,225168,,98,Phthorimaea_absoluta,Spain,Insects,established,comprado,Post-Introduction,eCommerce,eCommerce,2006,2006-06-01T12:00:00Z,comment,3886,1,UgzlSidQ3lW9lcPYO-p4AaABAg,,FALSE
obBV0XkH9UU,2022-08-03T16:25:01Z,225168,,98,Phthorimaea_absoluta,Spain,Insects,established,trampa,Post-Introduction,Detection,Detection,2006,2006-06-01T12:00:00Z,comment,3886,1,UgzlSidQ3lW9lcPYO-p4AaABAg,,FALSE
obBV0XkH9UU,2024-06-03T11:46:39Z,225168,,98,Phthorimaea_absoluta,Spain,Insects,established,trampas,Post-Introduction,Detection,Detection,2006,2006-06-01T12:00:00Z,comment,3886,1,UgyIxTED3hrRNUAYNpx4AaABAg.A2hCUpTfDjBA4DedHG22yq,UgyIxTED3hrRNUAYNpx4AaABAg,TRUE
obBV0XkH9UU,2024-06-03T11:46:39Z,225168,,98,Phthorimaea_absoluta,Spain,Insects,established,oferta,Post-Introduction,eCommerce,eCommerce,2006,2006-06-01T12:00:00Z,comment,3886,1,UgyIxTED3hrRNUAYNpx4AaABAg.A2hCUpTfDjBA4DedHG22yq,UgyIxTED3hrRNUAYNpx4AaABAg,TRUE
obBV0XkH9UU,2024-03-14T19:10:41Z,225168,,98,Phthorimaea_absoluta,Spain,Insects,established,trampa,Post-Introduction,Detection,Detection,2006,2006-06-01T12:00:00Z,comment,3886,0,UgyC_xGeULQyFFLZZW14AaABAg.A0vnx7IHkWmA0yt3bOhNLZ,UgyC_xGeULQyFFLZZW14AaABAg,TRUE
obBV0XkH9UU,2023-07-09T08:37:19Z,225168,,98,Phthorimaea_absoluta,Spain,Insects,established,aparecer,Post-Introduction,Detection,Detection,2006,2006-06-01T12:00:00Z,comment,3886,0,UgxSjf2jaE1Vt4E9KiF4AaABAg.9rnSvDbqT7R9rwadtS1D_h,UgxSjf2jaE1Vt4E9KiF4AaABAg,TRUE
obBV0XkH9UU,2022-07-22T18:52:26Z,225168,,98,Phthorimaea_absoluta,Spain,Insects,established,vista,Post-Introduction,Detection,Detection,2006,2006-06-01T12:00:00Z,comment,3886,4,UgxhD_3DEMgMYCh84dx4AaABAg.9dn5K2bg3Rd9dnKE8TgKEG,UgxhD_3DEMgMYCh84dx4AaABAg,TRUE
obBV0XkH9UU,2022-07-22T18:52:26Z,225168,,98,Phthorimaea_absoluta,Spain,Insects,established,presente,Post-Introduction,Invasion,Invasion,2006,2006-06-01T12:00:00Z,comment,3886,4,UgxhD_3DEMgMYCh84dx4AaABAg.9dn5K2bg3Rd9dnKE8TgKEG,UgxhD_3DEMgMYCh84dx4AaABAg,TRUE
obBV0XkH9UU,2022-07-19T20:54:27Z,225168,,98,Phthorimaea_absoluta,Spain,Insects,established,comprar,Post-Introduction,eCommerce,eCommerce,2006,2006-06-01T12:00:00Z,comment,3886,0,UgzcT_BcTspIP2fqKid4AaABAg.9dfcGs6J0cR9dfooAXJBoi,UgzcT_BcTspIP2fqKid4AaABAg,TRUE
obBV0XkH9UU,2022-07-19T21:26:51Z,225168,,98,Phthorimaea_absoluta,Spain,Insects,established,controlada,Post-Introduction,Detection,Detection,2006,2006-06-01T12:00:00Z,comment,3886,1,UgzcT_BcTspIP2fqKid4AaABAg.9dfcGs6J0cR9dfsWR6y4ze,UgzcT_BcTspIP2fqKid4AaABAg,TRUE
obBV0XkH9UU,2022-07-19T11:38:01Z,225168,,98,Phthorimaea_absoluta,Spain,Insects,established,comprar,Post-Introduction,eCommerce,eCommerce,2006,2006-06-01T12:00:00Z,comment,3886,0,UgxCFVXtQxNFCIfzKZh4AaABAg.9ddPfKs-Yqj9dep7gWvnbw,UgxCFVXtQxNFCIfzKZh4AaABAg,TRUE
obBV0XkH9UU,2022-07-19T11:38:01Z,225168,,98,Phthorimaea_absoluta,Spain,Insects,established,trampas,Post-Introduction,Detection,Detection,2006,2006-06-01T12:00:00Z,comment,3886,0,UgxCFVXtQxNFCIfzKZh4AaABAg.9ddPfKs-Yqj9dep7gWvnbw,UgxCFVXtQxNFCIfzKZh4AaABAg,TRUE
obBV0XkH9UU,2022-07-16T16:27:49Z,225168,,98,Phthorimaea_absoluta,Spain,Insects,established,controlar,Post-Introduction,Detection,Detection,2006,2006-06-01T12:00:00Z,comment,3886,0,UgxKrXmjDYFLwdazyGl4AaABAg.9dYGGWGEBvM9dYbugI-ClI,UgxKrXmjDYFLwdazyGl4AaABAg,TRUE
H3bN3VfXHlg,2021-05-20T19:23:08Z,77656,,47,Phthorimaea_absoluta,Spain,Insects,established,trampas,Post-Introduction,Detection,Detection,2006,2006-06-01T12:00:00Z,comment,919,1,UgyZp8AEeK9aI-G5HCt4AaABAg,,FALSE
H3bN3VfXHlg,2021-03-08T19:37:58Z,77656,,47,Phthorimaea_absoluta,Spain,Insects,established,comprar,Post-Introduction,eCommerce,eCommerce,2006,2006-06-01T12:00:00Z,comment,919,0,UgxU8WSKbsRAh3YbasZ4AaABAg,,FALSE
H3bN3VfXHlg,2020-11-18T15:07:24Z,77656,,47,Phthorimaea_absoluta,Spain,Insects,established,compra,Post-Introduction,eCommerce,eCommerce,2006,2006-06-01T12:00:00Z,comment,919,0,UgxsOZckVv0y15_9cZZ4AaABAg,,FALSE
H3bN3VfXHlg,2020-06-01T09:03:18Z,77656,,47,Phthorimaea_absoluta,Spain,Insects,established,trampas,Post-Introduction,Detection,Detection,2006,2006-06-01T12:00:00Z,comment,919,6,UgzhgqtQ4ooHIltJMR54AaABAg,,FALSE
H3bN3VfXHlg,2020-06-01T09:03:18Z,77656,,47,Phthorimaea_absoluta,Spain,Insects,established,trampas,Post-Introduction,Detection,Detection,2006,2006-06-01T12:00:00Z,comment,919,6,UgzhgqtQ4ooHIltJMR54AaABAg,,FALSE
H3bN3VfXHlg,2020-05-10T19:52:06Z,77656,,47,Phthorimaea_absoluta,Spain,Insects,established,trampa,Post-Introduction,Detection,Detection,2006,2006-06-01T12:00:00Z,comment,919,1,Ugwdn8As6xnoe5RPDcF4AaABAg,,FALSE
H3bN3VfXHlg,2019-07-03T15:41:00Z,77656,,47,Phthorimaea_absoluta,Spain,Insects,established,trampa,Post-Introduction,Detection,Detection,2006,2006-06-01T12:00:00Z,comment,919,0,UgwnR3LRe7BUggx9lth4AaABAg,,FALSE
H3bN3VfXHlg,2019-05-27T15:58:25Z,77656,,47,Phthorimaea_absoluta,Spain,Insects,established,encontre,Post-Introduction,Detection,Detection,2006,2006-06-01T12:00:00Z,comment,919,2,UgxUOJ1R7BN4yucD2qB4AaABAg,,FALSE
H3bN3VfXHlg,2019-05-21T18:51:17Z,77656,,47,Phthorimaea_absoluta,Spain,Insects,established,plaga,Post-Introduction,Invasion,Invasion,2006,2006-06-01T12:00:00Z,comment,919,0,Ugzsy8gAH5yt4R3RPOx4AaABAg,,FALSE
H3bN3VfXHlg,2020-06-10T21:35:44Z,77656,,47,Phthorimaea_absoluta,Spain,Insects,established,ataca,Post-Introduction,Threat,Threat,2006,2006-06-01T12:00:00Z,comment,919,1,UgyEKfrSwXy4mm4KjAZ4AaABAg.99dneUT7LXl99jmEhtX7ck,UgyEKfrSwXy4mm4KjAZ4AaABAg,TRUE
H3bN3VfXHlg,2020-06-01T17:44:34Z,77656,,47,Phthorimaea_absoluta,Spain,Insects,established,trampas,Post-Introduction,Detection,Detection,2006,2006-06-01T12:00:00Z,comment,919,0,UgzhgqtQ4ooHIltJMR54AaABAg.99MFynPY2kn99NBcg3hTCc,UgzhgqtQ4ooHIltJMR54AaABAg,TRUE
H3bN3VfXHlg,2020-06-01T17:44:34Z,77656,,47,Phthorimaea_absoluta,Spain,Insects,established,controlar,Post-Introduction,Detection,Detection,2006,2006-06-01T12:00:00Z,comment,919,0,UgzhgqtQ4ooHIltJMR54AaABAg.99MFynPY2kn99NBcg3hTCc,UgzhgqtQ4ooHIltJMR54AaABAg,TRUE
H3bN3VfXHlg,2020-06-01T17:44:34Z,77656,,47,Phthorimaea_absoluta,Spain,Insects,established,trampas,Post-Introduction,Detection,Detection,2006,2006-06-01T12:00:00Z,comment,919,0,UgzhgqtQ4ooHIltJMR54AaABAg.99MFynPY2kn99NBcg3hTCc,UgzhgqtQ4ooHIltJMR54AaABAg,TRUE
H3bN3VfXHlg,2019-07-10T22:04:41Z,77656,,47,Phthorimaea_absoluta,Spain,Insects,established,prohibido,Post-Introduction,eCommerce,eCommerce,2006,2006-06-01T12:00:00Z,comment,919,0,UgwYfVau2m0nV1Tipyh4AaABAg.8xD78Zs0CLp8xDeSnWthWz,UgwYfVau2m0nV1Tipyh4AaABAg,TRUE
H3bN3VfXHlg,2019-07-07T22:59:24Z,77656,,47,Phthorimaea_absoluta,Spain,Insects,established,ataca,Post-Introduction,Threat,Threat,2006,2006-06-01T12:00:00Z,comment,919,1,UgyWfqk4dJPLLz1_S0l4AaABAg.8x3Pmxtd9178x61KsExK_3,UgyWfqk4dJPLLz1_S0l4AaABAg,TRUE
H3bN3VfXHlg,2019-07-04T15:05:14Z,77656,,47,Phthorimaea_absoluta,Spain,Insects,established,trampa,Post-Introduction,Detection,Detection,2006,2006-06-01T12:00:00Z,comment,919,0,UgwnR3LRe7BUggx9lth4AaABAg.8wvwzM2X5gb8wySgKWFtnG,UgwnR3LRe7BUggx9lth4AaABAg,TRUE
H3bN3VfXHlg,2019-07-04T15:05:14Z,77656,,47,Phthorimaea_absoluta,Spain,Insects,established,trampa,Post-Introduction,Detection,Detection,2006,2006-06-01T12:00:00Z,comment,919,0,UgwnR3LRe7BUggx9lth4AaABAg.8wvwzM2X5gb8wySgKWFtnG,UgwnR3LRe7BUggx9lth4AaABAg,TRUE
H3bN3VfXHlg,2019-07-04T15:05:14Z,77656,,47,Phthorimaea_absoluta,Spain,Insects,established,plaga,Post-Introduction,Invasion,Invasion,2006,2006-06-01T12:00:00Z,comment,919,0,UgwnR3LRe7BUggx9lth4AaABAg.8wvwzM2X5gb8wySgKWFtnG,UgwnR3LRe7BUggx9lth4AaABAg,TRUE
H3bN3VfXHlg,2019-07-04T15:05:14Z,77656,,47,Phthorimaea_absoluta,Spain,Insects,established,establecida,Post-Introduction,Invasion,Invasion,2006,2006-06-01T12:00:00Z,comment,919,0,UgwnR3LRe7BUggx9lth4AaABAg.8wvwzM2X5gb8wySgKWFtnG,UgwnR3LRe7BUggx9lth4AaABAg,TRUE
H3bN3VfXHlg,2019-05-21T19:15:01Z,77656,,47,Phthorimaea_absoluta,Spain,Insects,established,trampa,Post-Introduction,Detection,Detection,2006,2006-06-01T12:00:00Z,comment,919,2,Ugzsy8gAH5yt4R3RPOx4AaABAg.8vCZ_UhfBZN8vCbIKdAZ5r,Ugzsy8gAH5yt4R3RPOx4AaABAg,TRUE
H3bN3VfXHlg,2019-05-08T17:55:38Z,77656,,47,Phthorimaea_absoluta,Spain,Insects,established,tienda,Post-Introduction,eCommerce,eCommerce,2006,2006-06-01T12:00:00Z,comment,919,1,UgzLGz-v4iyVlyIjH7N4AaABAg.8ufPJTj56z_8ufzsVh94nn,UgzLGz-v4iyVlyIjH7N4AaABAg,TRUE
H3bN3VfXHlg,2019-03-02T11:32:30Z,77656,,47,Phthorimaea_absoluta,Spain,Insects,established,trampa,Post-Introduction,Detection,Detection,2006,2006-06-01T12:00:00Z,comment,919,1,Ugzxb0ux3ESiIswkKKR4AaABAg.8rwxk-Bzt3R8rymlmkh2rU,Ugzxb0ux3ESiIswkKKR4AaABAg,TRUE
H3bN3VfXHlg,2019-03-11T17:25:39Z,77656,,47,Phthorimaea_absoluta,Spain,Insects,established,compra,Post-Introduction,eCommerce,eCommerce,2006,2006-06-01T12:00:00Z,comment,919,0,Ugzxb0ux3ESiIswkKKR4AaABAg.8rwxk-Bzt3R8sLaL6k4C5r,Ugzxb0ux3ESiIswkKKR4AaABAg,TRUE
H3bN3VfXHlg,2019-03-11T20:16:29Z,77656,,47,Phthorimaea_absoluta,Spain,Insects,established,comprado,Post-Introduction,eCommerce,eCommerce,2006,2006-06-01T12:00:00Z,comment,919,0,Ugzxb0ux3ESiIswkKKR4AaABAg.8rwxk-Bzt3R8sLttKHK5tj,Ugzxb0ux3ESiIswkKKR4AaABAg,TRUE
H3bN3VfXHlg,2019-03-11T20:16:29Z,77656,,47,Phthorimaea_absoluta,Spain,Insects,established,tienda,Post-Introduction,eCommerce,eCommerce,2006,2006-06-01T12:00:00Z,comment,919,0,Ugzxb0ux3ESiIswkKKR4AaABAg.8rwxk-Bzt3R8sLttKHK5tj,Ugzxb0ux3ESiIswkKKR4AaABAg,TRUE
H3bN3VfXHlg,2019-03-11T20:16:29Z,77656,,47,Phthorimaea_absoluta,Spain,Insects,established,comprado,Post-Introduction,eCommerce,eCommerce,2006,2006-06-01T12:00:00Z,comment,919,0,Ugzxb0ux3ESiIswkKKR4AaABAg.8rwxk-Bzt3R8sLttKHK5tj,Ugzxb0ux3ESiIswkKKR4AaABAg,TRUE
H3bN3VfXHlg,2019-03-11T20:16:29Z,77656,,47,Phthorimaea_absoluta,Spain,Insects,established,tienda,Post-Introduction,eCommerce,eCommerce,2006,2006-06-01T12:00:00Z,comment,919,0,Ugzxb0ux3ESiIswkKKR4AaABAg.8rwxk-Bzt3R8sLttKHK5tj,Ugzxb0ux3ESiIswkKKR4AaABAg,TRUE
H3bN3VfXHlg,2019-03-11T20:16:29Z,77656,,47,Phthorimaea_absoluta,Spain,Insects,established,comprar,Post-Introduction,eCommerce,eCommerce,2006,2006-06-01T12:00:00Z,comment,919,0,Ugzxb0ux3ESiIswkKKR4AaABAg.8rwxk-Bzt3R8sLttKHK5tj,Ugzxb0ux3ESiIswkKKR4AaABAg,TRUE
H3bN3VfXHlg,2019-03-11T20:16:29Z,77656,,47,Phthorimaea_absoluta,Spain,Insects,established,trampas,Post-Introduction,Detection,Detection,2006,2006-06-01T12:00:00Z,comment,919,0,Ugzxb0ux3ESiIswkKKR4AaABAg.8rwxk-Bzt3R8sLttKHK5tj,Ugzxb0ux3ESiIswkKKR4AaABAg,TRUE
IPv2OH48cSA,2024-07-26T09:43:47Z,63085,,126,Phthorimaea_absoluta,Spain,Insects,established,peligrosa,Post-Introduction,Threat,Threat,2006,2006-06-01T12:00:00Z,comment,2473,8,UgwjMjRn5O7KrmQYXfx4AaABAg,,FALSE
IPv2OH48cSA,2025-07-20T11:42:21Z,63085,,126,Phthorimaea_absoluta,Spain,Insects,established,toxicidad,Post-Introduction,Threat,Threat,2006,2006-06-01T12:00:00Z,comment,2473,1,Ugw8RfOQNJttorWKSZZ4AaABAg,,FALSE
IPv2OH48cSA,2025-06-22T14:47:22Z,63085,,126,Phthorimaea_absoluta,Spain,Insects,established,venenoso,Post-Introduction,Threat,Threat,2006,2006-06-01T12:00:00Z,comment,2473,0,UgzLxjSl1ZBFRcctYSR4AaABAg,,FALSE
IPv2OH48cSA,2024-10-24T04:57:00Z,63085,,126,Phthorimaea_absoluta,Spain,Insects,established,compre,Post-Introduction,eCommerce,eCommerce,2006,2006-06-01T12:00:00Z,comment,2473,1,Ugy1ppK37joalXmsMwx4AaABAg,,FALSE
IPv2OH48cSA,2024-10-20T12:51:06Z,63085,,126,Phthorimaea_absoluta,Spain,Insects,established,plaga,Post-Introduction,Invasion,Invasion,2006,2006-06-01T12:00:00Z,comment,2473,0,Ugy4aph5Wf_QpgteNTN4AaABAg,,FALSE
IPv2OH48cSA,2024-07-01T00:08:14Z,63085,,126,Phthorimaea_absoluta,Spain,Insects,established,venenosa,Post-Introduction,Threat,Threat,2006,2006-06-01T12:00:00Z,comment,2473,0,UgxOyxp2Eu8flYigGxR4AaABAg,,FALSE
IPv2OH48cSA,2024-06-14T16:08:42Z,63085,,126,Phthorimaea_absoluta,Spain,Insects,established,reciente,Post-Introduction,Detection,Detection,2006,2006-06-01T12:00:00Z,comment,2473,1,UgyogxRfWXsL8OMpK2R4AaABAg,,FALSE
IPv2OH48cSA,2024-06-09T11:44:47Z,63085,,126,Phthorimaea_absoluta,Spain,Insects,established,toxica,Post-Introduction,Threat,Threat,2006,2006-06-01T12:00:00Z,comment,2473,1,Ugxv81NMhMvdhCUyJpd4AaABAg,,FALSE
IPv2OH48cSA,2023-09-12T18:39:44Z,63085,,126,Phthorimaea_absoluta,Spain,Insects,established,venenosa,Post-Introduction,Threat,Threat,2006,2006-06-01T12:00:00Z,comment,2473,0,UgxvE2-ctIAt0z9UdFh4AaABAg,,FALSE
IPv2OH48cSA,2023-08-14T17:59:27Z,63085,,126,Phthorimaea_absoluta,Spain,Insects,established,venenosa,Post-Introduction,Threat,Threat,2006,2006-06-01T12:00:00Z,comment,2473,0,UgzptKvqd_oDWIn9tRp4AaABAg,,FALSE
IPv2OH48cSA,2023-07-27T18:07:50Z,63085,,126,Phthorimaea_absoluta,Spain,Insects,established,venenosa,Post-Introduction,Threat,Threat,2006,2006-06-01T12:00:00Z,comment,2473,1,Ugyfh8BWhplKVa6kT0l4AaABAg,,FALSE
IPv2OH48cSA,2023-07-27T18:07:50Z,63085,,126,Phthorimaea_absoluta,Spain,Insects,established,toxica,Post-Introduction,Threat,Threat,2006,2006-06-01T12:00:00Z,comment,2473,1,Ugyfh8BWhplKVa6kT0l4AaABAg,,FALSE
IPv2OH48cSA,2023-07-20T17:50:08Z,63085,,126,Phthorimaea_absoluta,Spain,Insects,established,venenosa,Post-Introduction,Threat,Threat,2006,2006-06-01T12:00:00Z,comment,2473,0,UgzSJ7Cj2R1lBUOxpSd4AaABAg,,FALSE
IPv2OH48cSA,2023-07-20T17:50:08Z,63085,,126,Phthorimaea_absoluta,Spain,Insects,established,venenosa,Post-Introduction,Threat,Threat,2006,2006-06-01T12:00:00Z,comment,2473,0,UgzSJ7Cj2R1lBUOxpSd4AaABAg,,FALSE
IPv2OH48cSA,2023-07-19T22:27:18Z,63085,,126,Phthorimaea_absoluta,Spain,Insects,established,venenosa,Post-Introduction,Threat,Threat,2006,2006-06-01T12:00:00Z,comment,2473,1,UgxyMdOcrClvoKMnfqN4AaABAg,,FALSE
IPv2OH48cSA,2023-07-19T19:16:16Z,63085,,126,Phthorimaea_absoluta,Spain,Insects,established,toxica,Post-Introduction,Threat,Threat,2006,2006-06-01T12:00:00Z,comment,2473,2,Ugy2PM_vq2YxttmCNph4AaABAg,,FALSE
IPv2OH48cSA,2023-07-18T21:26:01Z,63085,,126,Phthorimaea_absoluta,Spain,Insects,established,venenosa,Post-Introduction,Threat,Threat,2006,2006-06-01T12:00:00Z,comment,2473,2,UgweZSus4TJSzehtd354AaABAg,,FALSE
IPv2OH48cSA,2023-07-18T16:25:32Z,63085,,126,Phthorimaea_absoluta,Spain,Insects,established,visto,Post-Introduction,Detection,Detection,2006,2006-06-01T12:00:00Z,comment,2473,7,UgzgLosrvPE5YW8VGud4AaABAg,,FALSE
IPv2OH48cSA,2023-07-18T16:25:32Z,63085,,126,Phthorimaea_absoluta,Spain,Insects,established,veneno,Post-Introduction,Threat,Threat,2006,2006-06-01T12:00:00Z,comment,2473,7,UgzgLosrvPE5YW8VGud4AaABAg,,FALSE
IPv2OH48cSA,2023-07-18T16:10:50Z,63085,,126,Phthorimaea_absoluta,Spain,Insects,established,venenoso,Post-Introduction,Threat,Threat,2006,2006-06-01T12:00:00Z,comment,2473,0,UgxIPi0s8PscQ-X_n_N4AaABAg,,FALSE
IPv2OH48cSA,2024-10-24T09:00:16Z,63085,,126,Phthorimaea_absoluta,Spain,Insects,established,plaga,Post-Introduction,Invasion,Invasion,2006,2006-06-01T12:00:00Z,comment,2473,0,Ugy1ppK37joalXmsMwx4AaABAg.A9y8R3s1X-xA9y_GpVQYlE,Ugy1ppK37joalXmsMwx4AaABAg,TRUE
IPv2OH48cSA,2024-10-24T09:00:16Z,63085,,126,Phthorimaea_absoluta,Spain,Insects,established,controlar,Post-Introduction,Detection,Detection,2006,2006-06-01T12:00:00Z,comment,2473,0,Ugy1ppK37joalXmsMwx4AaABAg.A9y8R3s1X-xA9y_GpVQYlE,Ugy1ppK37joalXmsMwx4AaABAg,TRUE
IPv2OH48cSA,2024-07-01T20:59:03Z,63085,,126,Phthorimaea_absoluta,Spain,Insects,established,nativa,Post-Introduction,Invasion,Invasion,2006,2006-06-01T12:00:00Z,comment,2473,0,UgyehcD-eNlgctn1efp4AaABAg.A4OkDh_ilpMA5Mk6c52mGM,UgyehcD-eNlgctn1efp4AaABAg,TRUE
IPv2OH48cSA,2023-07-20T15:57:02Z,63085,,126,Phthorimaea_absoluta,Spain,Insects,established,plaga,Post-Introduction,Invasion,Invasion,2006,2006-06-01T12:00:00Z,comment,2473,0,UgzgLosrvPE5YW8VGud4AaABAg.9sJbNzWn59R9sOhi3rGjee,UgzgLosrvPE5YW8VGud4AaABAg,TRUE
TTCIw5oMlLg,2017-08-01T19:28:06Z,2942,,25,Phthorimaea_absoluta,Spain,Insects,established,ataca,Post-Introduction,Threat,Threat,2006,2006-06-01T12:00:00Z,comment,52,1,UgjEFCbxCQ_tUXgCoAEC,,FALSE
TTCIw5oMlLg,2017-08-01T19:28:06Z,2942,,25,Phthorimaea_absoluta,Spain,Insects,established,visto,Post-Introduction,Detection,Detection,2006,2006-06-01T12:00:00Z,comment,52,1,UgjEFCbxCQ_tUXgCoAEC,,FALSE
TTCIw5oMlLg,2017-08-01T19:28:06Z,2942,,25,Phthorimaea_absoluta,Spain,Insects,established,plaga,Post-Introduction,Invasion,Invasion,2006,2006-06-01T12:00:00Z,comment,52,1,UgjEFCbxCQ_tUXgCoAEC,,FALSE
TTCIw5oMlLg,2017-08-01T19:28:06Z,2942,,25,Phthorimaea_absoluta,Spain,Insects,established,controlar,Post-Introduction,Detection,Detection,2006,2006-06-01T12:00:00Z,comment,52,1,UgjEFCbxCQ_tUXgCoAEC,,FALSE
TTCIw5oMlLg,2017-08-01T19:28:06Z,2942,,25,Phthorimaea_absoluta,Spain,Insects,established,plaga,Post-Introduction,Invasion,Invasion,2006,2006-06-01T12:00:00Z,comment,52,1,UgjEFCbxCQ_tUXgCoAEC,,FALSE
TTCIw5oMlLg,2017-07-31T17:39:54Z,2942,,25,Phthorimaea_absoluta,Spain,Insects,established,plaga,Post-Introduction,Invasion,Invasion,2006,2006-06-01T12:00:00Z,comment,52,1,UgjAx3Wxy0vTtXgCoAEC,,FALSE
TTCIw5oMlLg,2017-07-28T03:21:06Z,2942,,25,Phthorimaea_absoluta,Spain,Insects,established,plagas,Post-Introduction,Invasion,Invasion,2006,2006-06-01T12:00:00Z,comment,52,0,Ugjb2W7pqWHMUHgCoAEC,,FALSE
TTCIw5oMlLg,2017-07-27T15:18:14Z,2942,,25,Phthorimaea_absoluta,Spain,Insects,established,plaga,Post-Introduction,Invasion,Invasion,2006,2006-06-01T12:00:00Z,comment,52,2,UgjzsJHaAOh0dXgCoAEC,,FALSE
TTCIw5oMlLg,2017-07-27T14:46:40Z,2942,,25,Phthorimaea_absoluta,Spain,Insects,established,plaga,Post-Introduction,Invasion,Invasion,2006,2006-06-01T12:00:00Z,comment,52,1,UgjORe9RuSrkungCoAEC,,FALSE
TTCIw5oMlLg,2017-07-27T12:13:13Z,2942,,25,Phthorimaea_absoluta,Spain,Insects,established,plaga,Post-Introduction,Invasion,Invasion,2006,2006-06-01T12:00:00Z,comment,52,2,Ugi-m8ClMuIdEHgCoAEC,,FALSE
TTCIw5oMlLg,2017-07-27T12:13:13Z,2942,,25,Phthorimaea_absoluta,Spain,Insects,established,trampas,Post-Introduction,Detection,Detection,2006,2006-06-01T12:00:00Z,comment,52,2,Ugi-m8ClMuIdEHgCoAEC,,FALSE
TTCIw5oMlLg,2017-08-02T02:57:32Z,2942,,25,Phthorimaea_absoluta,Spain,Insects,established,riesgo,Post-Introduction,Threat,Threat,2006,2006-06-01T12:00:00Z,comment,52,1,UgjEFCbxCQ_tUXgCoAEC.8VjKjOpk60v8Vk8A42kMvL,UgjEFCbxCQ_tUXgCoAEC,TRUE
TTCIw5oMlLg,2017-07-28T10:29:37Z,2942,,25,Phthorimaea_absoluta,Spain,Insects,established,encontramos,Post-Introduction,Detection,Detection,2006,2006-06-01T12:00:00Z,comment,52,2,Ugjb2W7pqWHMUHgCoAEC.8VYItLcrKcj8VZ3vw25BrE,Ugjb2W7pqWHMUHgCoAEC,TRUE
TTCIw5oMlLg,2017-07-28T10:31:06Z,2942,,25,Phthorimaea_absoluta,Spain,Insects,established,visto,Post-Introduction,Detection,Detection,2006,2006-06-01T12:00:00Z,comment,52,0,Ugi-m8ClMuIdEHgCoAEC.8VWfzmuLvXo8VZ45gxGVFp,Ugi-m8ClMuIdEHgCoAEC,TRUE
Xl-u5NVlyhU,2016-05-06T06:04:00Z,43956,,13,Phthorimaea_absoluta,Spain,Insects,established,toxico,Post-Introduction,Threat,Threat,2006,2006-06-01T12:00:00Z,comment,387,0,UghN1Yz8CXb1iHgCoAEC.8DVSSBy1U1-8DX1PWm954T,UghN1Yz8CXb1iHgCoAEC,TRUE
_w6Wm6ialcA,2022-07-11T00:24:06Z,98606,,39,Phthorimaea_absoluta,Spain,Insects,established,trampa,Post-Introduction,Detection,Detection,2006,2006-06-01T12:00:00Z,comment,784,0,UgwFtUTLzbvZCwB4h9R4AaABAg,,FALSE
_w6Wm6ialcA,2019-05-31T12:24:04Z,98606,,39,Phthorimaea_absoluta,Spain,Insects,established,trampa,Post-Introduction,Detection,Detection,2006,2006-06-01T12:00:00Z,comment,784,1,UgxB-oJSwX5J6eHPdRd4AaABAg,,FALSE
_w6Wm6ialcA,2018-06-11T19:07:02Z,98606,,39,Phthorimaea_absoluta,Spain,Insects,established,trampa,Post-Introduction,Detection,Detection,2006,2006-06-01T12:00:00Z,comment,784,1,UgzPfkfTsA1SEKBKLEx4AaABAg,,FALSE
_w6Wm6ialcA,2017-07-16T20:44:17Z,98606,,39,Phthorimaea_absoluta,Spain,Insects,established,trampa,Post-Introduction,Detection,Detection,2006,2006-06-01T12:00:00Z,comment,784,1,UghjsQW_tx2DGngCoAEC,,FALSE
_w6Wm6ialcA,2017-05-27T22:31:05Z,98606,,39,Phthorimaea_absoluta,Spain,Insects,established,plaga,Post-Introduction,Invasion,Invasion,2006,2006-06-01T12:00:00Z,comment,784,0,UgiEEkGoz5QEu3gCoAEC,,FALSE
_w6Wm6ialcA,2017-05-18T15:37:12Z,98606,,39,Phthorimaea_absoluta,Spain,Insects,established,trampa,Post-Introduction,Detection,Detection,2006,2006-06-01T12:00:00Z,comment,784,4,Ugj0SFBud8Cj2ngCoAEC,,FALSE
-SVs0s1cq50,2025-08-22T15:56:30Z,1721,,25,Phthorimaea_absoluta,Spain,Insects,established,trampa,Post-Introduction,Detection,Detection,2006,2006-06-01T12:00:00Z,comment,56,0,Ugy1ipT1BUMeHUtD5DN4AaABAg,,FALSE
-SVs0s1cq50,2025-06-15T10:35:07Z,1721,,25,Phthorimaea_absoluta,Spain,Insects,established,visto,Post-Introduction,Detection,Detection,2006,2006-06-01T12:00:00Z,comment,56,0,UgxuLG8utcIwvlrkXJV4AaABAg,,FALSE
-SVs0s1cq50,2025-06-14T20:12:51Z,1721,,25,Phthorimaea_absoluta,Spain,Insects,established,trampas,Post-Introduction,Detection,Detection,2006,2006-06-01T12:00:00Z,comment,56,1,UgzfAvT5TaDjoC5fBJJ4AaABAg,,FALSE
-SVs0s1cq50,2025-06-14T20:08:07Z,1721,,25,Phthorimaea_absoluta,Spain,Insects,established,trampas,Post-Introduction,Detection,Detection,2006,2006-06-01T12:00:00Z,comment,56,0,UgwkFXXq12g_IOXXoY14AaABAg,,FALSE
-SVs0s1cq50,2025-06-14T20:08:07Z,1721,,25,Phthorimaea_absoluta,Spain,Insects,established,trampas,Post-Introduction,Detection,Detection,2006,2006-06-01T12:00:00Z,comment,56,0,UgwkFXXq12g_IOXXoY14AaABAg,,FALSE
-SVs0s1cq50,2025-06-14T17:37:07Z,1721,,25,Phthorimaea_absoluta,Spain,Insects,established,trampas,Post-Introduction,Detection,Detection,2006,2006-06-01T12:00:00Z,comment,56,0,Ugxp3Cc2lNrvsBszEUd4AaABAg,,FALSE
-SVs0s1cq50,2025-06-16T07:27:39Z,1721,,25,Phthorimaea_absoluta,Spain,Insects,established,trampas,Post-Introduction,Detection,Detection,2006,2006-06-01T12:00:00Z,comment,56,0,UgzcBL98uD5S34zS97l4AaABAg.AJOHHl6352WAJQWU1xfVfl,UgzcBL98uD5S34zS97l4AaABAg,TRUE
-SVs0s1cq50,2025-06-15T14:22:14Z,1721,,25,Phthorimaea_absoluta,Spain,Insects,established,trampas,Post-Introduction,Detection,Detection,2006,2006-06-01T12:00:00Z,comment,56,0,UgzZs36UT8BRxsXzRPN4AaABAg.AJOGcWwt7FUAJOg7jgHeMT,UgzZs36UT8BRxsXzRPN4AaABAg,TRUE
-SVs0s1cq50,2025-06-14T20:20:56Z,1721,,25,Phthorimaea_absoluta,Spain,Insects,established,trampas,Post-Introduction,Detection,Detection,2006,2006-06-01T12:00:00Z,comment,56,1,UgwkFXXq12g_IOXXoY14AaABAg.AJMiv6I4exsAJMkO20oM8l,UgwkFXXq12g_IOXXoY14AaABAg,TRUE
OXBmJKYB8ac,2022-07-18T01:35:54Z,1941,,149,Phthorimaea_absoluta,Spain,Insects,established,plaga,Post-Introduction,Invasion,Invasion,2006,2006-06-01T12:00:00Z,comment,83,1,Ugz2VrQtXZS4nmEYccx4AaABAg,,FALSE
OXBmJKYB8ac,2021-12-26T08:39:14Z,1941,,149,Phthorimaea_absoluta,Spain,Insects,established,plagas,Post-Introduction,Invasion,Invasion,2006,2006-06-01T12:00:00Z,comment,83,2,UgyQQ_3PoXD2mHPZ45d4AaABAg,,FALSE
OXBmJKYB8ac,2021-12-04T13:00:09Z,1941,,149,Phthorimaea_absoluta,Spain,Insects,established,control,Post-Introduction,Detection,Detection,2006,2006-06-01T12:00:00Z,comment,83,1,UgxkN1iXWZPW7Dzub9N4AaABAg,,FALSE
OXBmJKYB8ac,2021-12-04T13:00:09Z,1941,,149,Phthorimaea_absoluta,Spain,Insects,established,plagas,Post-Introduction,Invasion,Invasion,2006,2006-06-01T12:00:00Z,comment,83,1,UgxkN1iXWZPW7Dzub9N4AaABAg,,FALSE
OXBmJKYB8ac,2021-11-25T23:40:33Z,1941,,149,Phthorimaea_absoluta,Spain,Insects,established,plagas,Post-Introduction,Invasion,Invasion,2006,2006-06-01T12:00:00Z,comment,83,1,Ugwq_KYtGo55nqEOwet4AaABAg,,FALSE
OXBmJKYB8ac,2021-11-16T23:46:07Z,1941,,149,Phthorimaea_absoluta,Spain,Insects,established,plagas,Post-Introduction,Invasion,Invasion,2006,2006-06-01T12:00:00Z,comment,83,0,UgxRIHYZd_FduZHPeoZ4AaABAg,,FALSE
OXBmJKYB8ac,2021-11-16T20:17:10Z,1941,,149,Phthorimaea_absoluta,Spain,Insects,established,plagas,Post-Introduction,Invasion,Invasion,2006,2006-06-01T12:00:00Z,comment,83,0,Ugzo5aeYFHh0HXIIlI54AaABAg,,FALSE
OXBmJKYB8ac,2021-11-16T20:17:10Z,1941,,149,Phthorimaea_absoluta,Spain,Insects,established,plaga,Post-Introduction,Invasion,Invasion,2006,2006-06-01T12:00:00Z,comment,83,0,Ugzo5aeYFHh0HXIIlI54AaABAg,,FALSE
OXBmJKYB8ac,2021-11-15T09:12:35Z,1941,,149,Phthorimaea_absoluta,Spain,Insects,established,plaga,Post-Introduction,Invasion,Invasion,2006,2006-06-01T12:00:00Z,comment,83,0,UgzKRqGf4ZkMMWriumB4AaABAg,,FALSE
OXBmJKYB8ac,2021-11-14T20:50:43Z,1941,,149,Phthorimaea_absoluta,Spain,Insects,established,plaga,Post-Introduction,Invasion,Invasion,2006,2006-06-01T12:00:00Z,comment,83,0,UgxwJ2aiWRinXN2vq454AaABAg,,FALSE
OXBmJKYB8ac,2021-11-14T18:48:33Z,1941,,149,Phthorimaea_absoluta,Spain,Insects,established,caro,Post-Introduction,eCommerce,eCommerce,2006,2006-06-01T12:00:00Z,comment,83,1,Ugy4aNf4imgPSYWeXXJ4AaABAg,,FALSE
OXBmJKYB8ac,2021-11-14T13:40:36Z,1941,,149,Phthorimaea_absoluta,Spain,Insects,established,plagas,Post-Introduction,Invasion,Invasion,2006,2006-06-01T12:00:00Z,comment,83,1,UgxrA1gYwzXpTgMLkYl4AaABAg,,FALSE
OXBmJKYB8ac,2021-11-14T09:03:58Z,1941,,149,Phthorimaea_absoluta,Spain,Insects,established,plagas,Post-Introduction,Invasion,Invasion,2006,2006-06-01T12:00:00Z,comment,83,0,Ugy-P72XcYiPpj8sw214AaABAg,,FALSE
OXBmJKYB8ac,2021-11-13T23:09:05Z,1941,,149,Phthorimaea_absoluta,Spain,Insects,established,plagas,Post-Introduction,Invasion,Invasion,2006,2006-06-01T12:00:00Z,comment,83,1,Ugw5-3bKOyes7INXvTp4AaABAg,,FALSE
OXBmJKYB8ac,2021-11-13T21:14:30Z,1941,,149,Phthorimaea_absoluta,Spain,Insects,established,ataca,Post-Introduction,Threat,Threat,2006,2006-06-01T12:00:00Z,comment,83,1,Ugzw7fs3FCw7Q8mk1Rp4AaABAg,,FALSE
OXBmJKYB8ac,2021-11-13T09:14:13Z,1941,,149,Phthorimaea_absoluta,Spain,Insects,established,plaga,Post-Introduction,Invasion,Invasion,2006,2006-06-01T12:00:00Z,comment,83,2,UgzRySbkKL_28BNiA654AaABAg,,FALSE
OXBmJKYB8ac,2021-11-13T06:25:59Z,1941,,149,Phthorimaea_absoluta,Spain,Insects,established,plagas,Post-Introduction,Invasion,Invasion,2006,2006-06-01T12:00:00Z,comment,83,3,UgxmdWOricTNoTqPIb54AaABAg,,FALSE
OXBmJKYB8ac,2021-11-11T12:25:30Z,1941,,149,Phthorimaea_absoluta,Spain,Insects,established,plagas,Post-Introduction,Invasion,Invasion,2006,2006-06-01T12:00:00Z,comment,83,1,UgxBby8SDh6Px1ZO6Ld4AaABAg,,FALSE
OXBmJKYB8ac,2021-11-11T01:54:02Z,1941,,149,Phthorimaea_absoluta,Spain,Insects,established,plaga,Post-Introduction,Invasion,Invasion,2006,2006-06-01T12:00:00Z,comment,83,1,UgyOoyGyqTp-PGEtycp4AaABAg,,FALSE
OXBmJKYB8ac,2021-11-10T19:48:55Z,1941,,149,Phthorimaea_absoluta,Spain,Insects,established,plaga,Post-Introduction,Invasion,Invasion,2006,2006-06-01T12:00:00Z,comment,83,2,UgwAzkVFTVQkrwIYRZR4AaABAg,,FALSE
OXBmJKYB8ac,2021-11-10T19:11:45Z,1941,,149,Phthorimaea_absoluta,Spain,Insects,established,plaga,Post-Introduction,Invasion,Invasion,2006,2006-06-01T12:00:00Z,comment,83,2,UgyllGZMvZ4V2lUHVhF4AaABAg,,FALSE
OXBmJKYB8ac,2021-11-10T18:30:37Z,1941,,149,Phthorimaea_absoluta,Spain,Insects,established,plaga,Post-Introduction,Invasion,Invasion,2006,2006-06-01T12:00:00Z,comment,83,1,Ugx7nm6urGvynssuXIR4AaABAg,,FALSE
OXBmJKYB8ac,2021-11-10T17:05:40Z,1941,,149,Phthorimaea_absoluta,Spain,Insects,established,plaga,Post-Introduction,Invasion,Invasion,2006,2006-06-01T12:00:00Z,comment,83,2,UgygxvpXU6jH0dTPX1V4AaABAg,,FALSE
OXBmJKYB8ac,2021-11-10T16:40:13Z,1941,,149,Phthorimaea_absoluta,Spain,Insects,established,plaga,Post-Introduction,Invasion,Invasion,2006,2006-06-01T12:00:00Z,comment,83,1,Ugxz9Nh0vzxeJqg_Fn54AaABAg,,FALSE
OXBmJKYB8ac,2021-11-10T16:40:13Z,1941,,149,Phthorimaea_absoluta,Spain,Insects,established,caro,Post-Introduction,eCommerce,eCommerce,2006,2006-06-01T12:00:00Z,comment,83,1,Ugxz9Nh0vzxeJqg_Fn54AaABAg,,FALSE
OXBmJKYB8ac,2021-11-10T16:39:34Z,1941,,149,Phthorimaea_absoluta,Spain,Insects,established,plaga,Post-Introduction,Invasion,Invasion,2006,2006-06-01T12:00:00Z,comment,83,2,UgwiwVMYOcukDVn1XvV4AaABAg,,FALSE
OXBmJKYB8ac,2022-07-19T07:41:35Z,1941,,149,Phthorimaea_absoluta,Spain,Insects,established,plaga,Post-Introduction,Invasion,Invasion,2006,2006-06-01T12:00:00Z,comment,83,0,Ugz2VrQtXZS4nmEYccx4AaABAg.9dbAQm-L03H9deP4353os6,Ugz2VrQtXZS4nmEYccx4AaABAg,TRUE
OXBmJKYB8ac,2021-11-18T18:17:23Z,1941,,149,Phthorimaea_absoluta,Spain,Insects,established,plagas,Post-Introduction,Invasion,Invasion,2006,2006-06-01T12:00:00Z,comment,83,0,UgzOtV-7dvEXRRGT4i54AaABAg.9UtT9Sy9d_V9Utpf7srbv5,UgzOtV-7dvEXRRGT4i54AaABAg,TRUE
OXBmJKYB8ac,2021-11-15T18:05:28Z,1941,,149,Phthorimaea_absoluta,Spain,Insects,established,plagas,Post-Introduction,Invasion,Invasion,2006,2006-06-01T12:00:00Z,comment,83,0,UgzKRqGf4ZkMMWriumB4AaABAg.9Ul7wH4AA2t9Um4vD02E38,UgzKRqGf4ZkMMWriumB4AaABAg,TRUE
OXBmJKYB8ac,2021-11-13T13:31:11Z,1941,,149,Phthorimaea_absoluta,Spain,Insects,established,plagas,Post-Introduction,Invasion,Invasion,2006,2006-06-01T12:00:00Z,comment,83,1,UgzizXE5vGlQ5VM1V8B4AaABAg.9Ufdp2JWBjK9UgRwb0OthO,UgzizXE5vGlQ5VM1V8B4AaABAg,TRUE
OXBmJKYB8ac,2021-11-10T22:25:54Z,1941,,149,Phthorimaea_absoluta,Spain,Insects,established,plagas,Post-Introduction,Invasion,Invasion,2006,2006-06-01T12:00:00Z,comment,83,2,UgwAzkVFTVQkrwIYRZR4AaABAg.9U_OmXK0h7J9U_fkLbNeGB,UgwAzkVFTVQkrwIYRZR4AaABAg,TRUE
OXBmJKYB8ac,2021-11-10T22:29:17Z,1941,,149,Phthorimaea_absoluta,Spain,Insects,established,plaga,Post-Introduction,Invasion,Invasion,2006,2006-06-01T12:00:00Z,comment,83,1,Ugy4re0tpBmzwHlls5t4AaABAg.9U_792eBGZ29U_g87VkR76,Ugy4re0tpBmzwHlls5t4AaABAg,TRUE
OXBmJKYB8ac,2021-11-10T22:31:51Z,1941,,149,Phthorimaea_absoluta,Spain,Insects,established,caro,Post-Introduction,eCommerce,eCommerce,2006,2006-06-01T12:00:00Z,comment,83,1,Ugxz9Nh0vzxeJqg_Fn54AaABAg.9U_3BUwYU3J9U_gQzhstY3,Ugxz9Nh0vzxeJqg_Fn54AaABAg,TRUE
0_s6ub-z-pw,2025-06-26T07:02:10Z,237906,,188,Phthorimaea_absoluta,Spain,Insects,established,trampas,Post-Introduction,Detection,Detection,2006,2006-06-01T12:00:00Z,comment,3037,0,UgzQV_YLNWDhjkA0GyF4AaABAg,,FALSE
0_s6ub-z-pw,2024-11-03T04:43:55Z,237906,,188,Phthorimaea_absoluta,Spain,Insects,established,venenoso,Post-Introduction,Threat,Threat,2006,2006-06-01T12:00:00Z,comment,3037,0,UgwR9t7EWBLVwcpCRit4AaABAg,,FALSE
0_s6ub-z-pw,2024-09-26T20:38:30Z,237906,,188,Phthorimaea_absoluta,Spain,Insects,established,trampas,Post-Introduction,Detection,Detection,2006,2006-06-01T12:00:00Z,comment,3037,6,UgyEWq3TeX5A0oC225F4AaABAg,,FALSE
0_s6ub-z-pw,2024-06-05T16:00:54Z,237906,,188,Phthorimaea_absoluta,Spain,Insects,established,visto,Post-Introduction,Detection,Detection,2006,2006-06-01T12:00:00Z,comment,3037,6,UgzXB2r_biRdj3mRfvp4AaABAg,,FALSE
0_s6ub-z-pw,2024-06-01T15:28:21Z,237906,,188,Phthorimaea_absoluta,Spain,Insects,established,barato,Post-Introduction,eCommerce,eCommerce,2006,2006-06-01T12:00:00Z,comment,3037,2,UgxQhG8S_bjPh6UOWid4AaABAg,,FALSE
0_s6ub-z-pw,2024-05-19T06:34:29Z,237906,,188,Phthorimaea_absoluta,Spain,Insects,established,trampas,Post-Introduction,Detection,Detection,2006,2006-06-01T12:00:00Z,comment,3037,4,UgzX76n-sU1SRNkzGlp4AaABAg,,FALSE
0_s6ub-z-pw,2024-06-26T22:15:32Z,237906,,188,Phthorimaea_absoluta,Spain,Insects,established,plagas,Post-Introduction,Invasion,Invasion,2006,2006-06-01T12:00:00Z,comment,3037,2,UgzR0PQdw4Y2JhWL1Cp4AaABAg.A54xISWpjzEA5A-tSaglTW,UgzR0PQdw4Y2JhWL1Cp4AaABAg,TRUE
0_s6ub-z-pw,2024-06-01T12:42:44Z,237906,,188,Phthorimaea_absoluta,Spain,Insects,established,trampa,Post-Introduction,Detection,Detection,2006,2006-06-01T12:00:00Z,comment,3037,3,Ugx6Sr9n5pP3hmDJG0R4AaABAg.A48aNpdqtctA48bTEyq2mO,Ugx6Sr9n5pP3hmDJG0R4AaABAg,TRUE
0_s6ub-z-pw,2024-07-22T19:21:30Z,237906,,188,Phthorimaea_absoluta,Spain,Insects,established,trampa,Post-Introduction,Detection,Detection,2006,2006-06-01T12:00:00Z,comment,3037,2,Ugxn7IaI_xcGrRnMgMt4AaABAg.A3nWCVt9OY3A6CddbRmTi1,Ugxn7IaI_xcGrRnMgMt4AaABAg,TRUE
0_s6ub-z-pw,2024-05-18T15:22:20Z,237906,,188,Phthorimaea_absoluta,Spain,Insects,established,trampas,Post-Introduction,Detection,Detection,2006,2006-06-01T12:00:00Z,comment,3037,5,Ugxv2h1OXGGnfB3H-rJ4AaABAg,,FALSE
0_s6ub-z-pw,2024-05-18T17:23:54Z,237906,,188,Phthorimaea_absoluta,Spain,Insects,established,barato,Post-Introduction,eCommerce,eCommerce,2006,2006-06-01T12:00:00Z,comment,3037,3,UgxO-j6Uubc0uKgMCoR4AaABAg.A3a00d7bllPA3a3WOv4y-a,UgxO-j6Uubc0uKgMCoR4AaABAg,TRUE
b0L4hXmhGGE,2025-07-04T11:39:45Z,226350,,166,Phthorimaea_absoluta,Spain,Insects,established,comprar,Post-Introduction,eCommerce,eCommerce,2006,2006-06-01T12:00:00Z,comment,3598,2,UgwBONWNTeTX3SiCpVZ4AaABAg,,FALSE
b0L4hXmhGGE,2025-05-27T00:43:13Z,226350,,166,Phthorimaea_absoluta,Spain,Insects,established,atacado,Post-Introduction,Threat,Threat,2006,2006-06-01T12:00:00Z,comment,3598,0,UgwHgpU2Qsyn-VG_4rR4AaABAg,,FALSE
b0L4hXmhGGE,2025-05-27T00:43:13Z,226350,,166,Phthorimaea_absoluta,Spain,Insects,established,costo,Post-Introduction,eCommerce,eCommerce,2006,2006-06-01T12:00:00Z,comment,3598,0,UgwHgpU2Qsyn-VG_4rR4AaABAg,,FALSE
b0L4hXmhGGE,2024-07-27T17:00:12Z,226350,,166,Phthorimaea_absoluta,Spain,Insects,established,encontrado,Post-Introduction,Detection,Detection,2006,2006-06-01T12:00:00Z,comment,3598,0,Ugy-zG4_KgYc1v2R2D14AaABAg,,FALSE
b0L4hXmhGGE,2024-07-27T17:00:12Z,226350,,166,Phthorimaea_absoluta,Spain,Insects,established,comprado,Post-Introduction,eCommerce,eCommerce,2006,2006-06-01T12:00:00Z,comment,3598,0,Ugy-zG4_KgYc1v2R2D14AaABAg,,FALSE
b0L4hXmhGGE,2023-09-03T20:09:22Z,226350,,166,Phthorimaea_absoluta,Spain,Insects,established,tienda,Post-Introduction,eCommerce,eCommerce,2006,2006-06-01T12:00:00Z,comment,3598,0,UgxnwziXQWuTGmdl14h4AaABAg,,FALSE
b0L4hXmhGGE,2023-09-03T20:09:22Z,226350,,166,Phthorimaea_absoluta,Spain,Insects,established,invasion,Post-Introduction,Invasion,Invasion,2006,2006-06-01T12:00:00Z,comment,3598,0,UgxnwziXQWuTGmdl14h4AaABAg,,FALSE
b0L4hXmhGGE,2023-05-12T18:51:47Z,226350,,166,Phthorimaea_absoluta,Spain,Insects,established,trampas,Post-Introduction,Detection,Detection,2006,2006-06-01T12:00:00Z,comment,3598,0,UgxHQ4YJZk6dBCwOosd4AaABAg,,FALSE
b0L4hXmhGGE,2022-09-07T19:20:55Z,226350,,166,Phthorimaea_absoluta,Spain,Insects,established,plaga,Post-Introduction,Invasion,Invasion,2006,2006-06-01T12:00:00Z,comment,3598,0,UgyN6P7PkKinFvQrvvN4AaABAg,,FALSE
b0L4hXmhGGE,2021-10-18T11:07:44Z,226350,,166,Phthorimaea_absoluta,Spain,Insects,established,trampas,Post-Introduction,Detection,Detection,2006,2006-06-01T12:00:00Z,comment,3598,0,UgyTp_DARNehHB8F37J4AaABAg,,FALSE
b0L4hXmhGGE,2021-05-19T11:55:58Z,226350,,166,Phthorimaea_absoluta,Spain,Insects,established,trampa,Post-Introduction,Detection,Detection,2006,2006-06-01T12:00:00Z,comment,3598,0,UgyImkY5rVYRhE1mAyF4AaABAg,,FALSE
b0L4hXmhGGE,2021-01-13T16:57:46Z,226350,,166,Phthorimaea_absoluta,Spain,Insects,established,trampas,Post-Introduction,Detection,Detection,2006,2006-06-01T12:00:00Z,comment,3598,0,Ugy04gfb6GMFGznwraN4AaABAg,,FALSE
b0L4hXmhGGE,2020-07-20T21:58:31Z,226350,,166,Phthorimaea_absoluta,Spain,Insects,established,trampa,Post-Introduction,Detection,Detection,2006,2006-06-01T12:00:00Z,comment,3598,0,UgxQgRNonyppFXGDyRR4AaABAg,,FALSE
b0L4hXmhGGE,2020-06-01T09:17:44Z,226350,,166,Phthorimaea_absoluta,Spain,Insects,established,trampas,Post-Introduction,Detection,Detection,2006,2006-06-01T12:00:00Z,comment,3598,0,UgwsVlwpGhnGm0ORRWR4AaABAg,,FALSE
b0L4hXmhGGE,2020-06-01T09:17:44Z,226350,,166,Phthorimaea_absoluta,Spain,Insects,established,trampa,Post-Introduction,Detection,Detection,2006,2006-06-01T12:00:00Z,comment,3598,0,UgwsVlwpGhnGm0ORRWR4AaABAg,,FALSE
b0L4hXmhGGE,2020-04-19T13:58:33Z,226350,,166,Phthorimaea_absoluta,Spain,Insects,established,visto,Post-Introduction,Detection,Detection,2006,2006-06-01T12:00:00Z,comment,3598,0,UgzQp0wu_zE0evDn0mh4AaABAg,,FALSE
b0L4hXmhGGE,2020-04-19T13:58:33Z,226350,,166,Phthorimaea_absoluta,Spain,Insects,established,trampas,Post-Introduction,Detection,Detection,2006,2006-06-01T12:00:00Z,comment,3598,0,UgzQp0wu_zE0evDn0mh4AaABAg,,FALSE
b0L4hXmhGGE,2020-04-19T13:58:33Z,226350,,166,Phthorimaea_absoluta,Spain,Insects,established,trampa,Post-Introduction,Detection,Detection,2006,2006-06-01T12:00:00Z,comment,3598,0,UgzQp0wu_zE0evDn0mh4AaABAg,,FALSE
b0L4hXmhGGE,2020-04-19T13:58:33Z,226350,,166,Phthorimaea_absoluta,Spain,Insects,established,comprar,Post-Introduction,eCommerce,eCommerce,2006,2006-06-01T12:00:00Z,comment,3598,0,UgzQp0wu_zE0evDn0mh4AaABAg,,FALSE
b0L4hXmhGGE,2019-06-03T21:55:39Z,226350,,166,Phthorimaea_absoluta,Spain,Insects,established,cara,Post-Introduction,eCommerce,eCommerce,2006,2006-06-01T12:00:00Z,comment,3598,2,UgxEMzlpSxW6XR0iVrB4AaABAg,,FALSE
b0L4hXmhGGE,2019-06-03T21:55:39Z,226350,,166,Phthorimaea_absoluta,Spain,Insects,established,cara,Post-Introduction,eCommerce,eCommerce,2006,2006-06-01T12:00:00Z,comment,3598,2,UgxEMzlpSxW6XR0iVrB4AaABAg,,FALSE
b0L4hXmhGGE,2019-05-26T18:30:00Z,226350,,166,Phthorimaea_absoluta,Spain,Insects,established,trampas,Post-Introduction,Detection,Detection,2006,2006-06-01T12:00:00Z,comment,3598,0,UgxnAW_UzUev2SaWVRB4AaABAg,,FALSE
b0L4hXmhGGE,2019-05-25T18:08:38Z,226350,,166,Phthorimaea_absoluta,Spain,Insects,established,trampas,Post-Introduction,Detection,Detection,2006,2006-06-01T12:00:00Z,comment,3598,0,UgzX1ZjJKkQOsv00Bld4AaABAg,,FALSE
b0L4hXmhGGE,2019-05-23T17:31:56Z,226350,,166,Phthorimaea_absoluta,Spain,Insects,established,trampa,Post-Introduction,Detection,Detection,2006,2006-06-01T12:00:00Z,comment,3598,1,Ugx2kMBAPJnoKQayw1x4AaABAg,,FALSE
b0L4hXmhGGE,2019-04-20T21:28:03Z,226350,,166,Phthorimaea_absoluta,Spain,Insects,established,tienda,Post-Introduction,eCommerce,eCommerce,2006,2006-06-01T12:00:00Z,comment,3598,1,Ugy1leJUurfVw0ScH694AaABAg,,FALSE
b0L4hXmhGGE,2019-04-08T16:37:03Z,226350,,166,Phthorimaea_absoluta,Spain,Insects,established,trampa,Post-Introduction,Detection,Detection,2006,2006-06-01T12:00:00Z,comment,3598,1,UgzIrjjC8CXH63h8DTR4AaABAg,,FALSE
b0L4hXmhGGE,2019-01-08T20:00:40Z,226350,,166,Phthorimaea_absoluta,Spain,Insects,established,trampa,Post-Introduction,Detection,Detection,2006,2006-06-01T12:00:00Z,comment,3598,3,UgxpbFflh9lemljoCZd4AaABAg,,FALSE
b0L4hXmhGGE,2018-08-11T11:11:04Z,226350,,166,Phthorimaea_absoluta,Spain,Insects,established,trampa,Post-Introduction,Detection,Detection,2006,2006-06-01T12:00:00Z,comment,3598,2,UgwbWL8gLCVryWN6D114AaABAg,,FALSE
b0L4hXmhGGE,2018-07-25T17:43:15Z,226350,,166,Phthorimaea_absoluta,Spain,Insects,established,trampa,Post-Introduction,Detection,Detection,2006,2006-06-01T12:00:00Z,comment,3598,1,UgyFVaf6uPVll5MQ72h4AaABAg,,FALSE
b0L4hXmhGGE,2018-07-17T16:47:27Z,226350,,166,Phthorimaea_absoluta,Spain,Insects,established,trampa,Post-Introduction,Detection,Detection,2006,2006-06-01T12:00:00Z,comment,3598,2,Ugw0xUDLHa2WrOor5Sd4AaABAg,,FALSE
b0L4hXmhGGE,2018-06-07T21:04:02Z,226350,,166,Phthorimaea_absoluta,Spain,Insects,established,trampas,Post-Introduction,Detection,Detection,2006,2006-06-01T12:00:00Z,comment,3598,0,UgwMxLi6dmMxK8ymHRt4AaABAg,,FALSE
b0L4hXmhGGE,2018-03-07T03:03:02Z,226350,,166,Phthorimaea_absoluta,Spain,Insects,established,atacado,Post-Introduction,Threat,Threat,2006,2006-06-01T12:00:00Z,comment,3598,0,UgwZ2KXuxYBq11w3PLx4AaABAg,,FALSE
b0L4hXmhGGE,2018-03-07T03:03:02Z,226350,,166,Phthorimaea_absoluta,Spain,Insects,established,plaga,Post-Introduction,Invasion,Invasion,2006,2006-06-01T12:00:00Z,comment,3598,0,UgwZ2KXuxYBq11w3PLx4AaABAg,,FALSE
b0L4hXmhGGE,2017-07-22T11:31:42Z,226350,,166,Phthorimaea_absoluta,Spain,Insects,established,compra,Post-Introduction,eCommerce,eCommerce,2006,2006-06-01T12:00:00Z,comment,3598,1,UghRKyMDygKNTXgCoAEC,,FALSE
b0L4hXmhGGE,2017-05-02T20:24:05Z,226350,,166,Phthorimaea_absoluta,Spain,Insects,established,comprar,Post-Introduction,eCommerce,eCommerce,2006,2006-06-01T12:00:00Z,comment,3598,1,UghPTYTnk2Ed9HgCoAEC,,FALSE
b0L4hXmhGGE,2017-05-02T20:24:05Z,226350,,166,Phthorimaea_absoluta,Spain,Insects,established,visto,Post-Introduction,Detection,Detection,2006,2006-06-01T12:00:00Z,comment,3598,1,UghPTYTnk2Ed9HgCoAEC,,FALSE
b0L4hXmhGGE,2017-05-02T20:24:05Z,226350,,166,Phthorimaea_absoluta,Spain,Insects,established,precio,Post-Introduction,eCommerce,eCommerce,2006,2006-06-01T12:00:00Z,comment,3598,1,UghPTYTnk2Ed9HgCoAEC,,FALSE
b0L4hXmhGGE,2017-04-28T10:52:34Z,226350,,166,Phthorimaea_absoluta,Spain,Insects,established,comprar,Post-Introduction,eCommerce,eCommerce,2006,2006-06-01T12:00:00Z,comment,3598,2,Ugh4vJrXBDDXC3gCoAEC,,FALSE
b0L4hXmhGGE,2017-04-02T03:34:07Z,226350,,166,Phthorimaea_absoluta,Spain,Insects,established,trampas,Post-Introduction,Detection,Detection,2006,2006-06-01T12:00:00Z,comment,3598,2,Ugj_Wc8g2qNHc3gCoAEC,,FALSE
b0L4hXmhGGE,2016-05-22T21:13:40Z,226350,,166,Phthorimaea_absoluta,Spain,Insects,established,trampas,Post-Introduction,Detection,Detection,2006,2006-06-01T12:00:00Z,comment,3598,2,Ugi6bB5AovWGi3gCoAEC,,FALSE
b0L4hXmhGGE,2016-05-22T21:13:40Z,226350,,166,Phthorimaea_absoluta,Spain,Insects,established,trampas,Post-Introduction,Detection,Detection,2006,2006-06-01T12:00:00Z,comment,3598,2,Ugi6bB5AovWGi3gCoAEC,,FALSE
b0L4hXmhGGE,2015-12-24T15:11:19Z,226350,,166,Phthorimaea_absoluta,Spain,Insects,established,trampa,Post-Introduction,Detection,Detection,2006,2006-06-01T12:00:00Z,comment,3598,1,Ugh4wLML0TqWWXgCoAEC,,FALSE
b0L4hXmhGGE,2015-08-19T11:14:10Z,226350,,166,Phthorimaea_absoluta,Spain,Insects,established,aparecido,Post-Introduction,Detection,Detection,2006,2006-06-01T12:00:00Z,comment,3598,3,Ugh6bKYPE7tUbngCoAEC,,FALSE
b0L4hXmhGGE,2015-08-18T10:04:24Z,226350,,166,Phthorimaea_absoluta,Spain,Insects,established,compre,Post-Introduction,eCommerce,eCommerce,2006,2006-06-01T12:00:00Z,comment,3598,2,UgjahzZJ0ZNYpHgCoAEC,,FALSE
b0L4hXmhGGE,2023-04-23T20:06:17Z,226350,,166,Phthorimaea_absoluta,Spain,Insects,established,trampas,Post-Introduction,Detection,Detection,2006,2006-06-01T12:00:00Z,comment,3598,1,UgxxKyoI3IGZMkgE6W94AaABAg.9orGnzc5uYi9orZHcCVEn5,UgxxKyoI3IGZMkgE6W94AaABAg,TRUE
b0L4hXmhGGE,2023-04-23T20:06:17Z,226350,,166,Phthorimaea_absoluta,Spain,Insects,established,compre,Post-Introduction,eCommerce,eCommerce,2006,2006-06-01T12:00:00Z,comment,3598,1,UgxxKyoI3IGZMkgE6W94AaABAg.9orGnzc5uYi9orZHcCVEn5,UgxxKyoI3IGZMkgE6W94AaABAg,TRUE
b0L4hXmhGGE,2022-08-19T07:58:01Z,226350,,166,Phthorimaea_absoluta,Spain,Insects,established,plaga,Post-Introduction,Invasion,Invasion,2006,2006-06-01T12:00:00Z,comment,3598,0,UgyDdoGxS9zob50Vwi54AaABAg.9erbeUZ7YJx9euFaYIwNp5,UgyDdoGxS9zob50Vwi54AaABAg,TRUE
b0L4hXmhGGE,2022-07-14T17:39:54Z,226350,,166,Phthorimaea_absoluta,Spain,Insects,established,compre,Post-Introduction,eCommerce,eCommerce,2006,2006-06-01T12:00:00Z,comment,3598,0,UgxurisztrZzRXNri3B4AaABAg.9dQ2Lk7KC2S9dTaZp7-Cvl,UgxurisztrZzRXNri3B4AaABAg,TRUE
b0L4hXmhGGE,2022-07-14T17:39:54Z,226350,,166,Phthorimaea_absoluta,Spain,Insects,established,trampas,Post-Introduction,Detection,Detection,2006,2006-06-01T12:00:00Z,comment,3598,0,UgxurisztrZzRXNri3B4AaABAg.9dQ2Lk7KC2S9dTaZp7-Cvl,UgxurisztrZzRXNri3B4AaABAg,TRUE
b0L4hXmhGGE,2019-05-23T17:37:49Z,226350,,166,Phthorimaea_absoluta,Spain,Insects,established,trampas,Post-Introduction,Detection,Detection,2006,2006-06-01T12:00:00Z,comment,3598,1,Ugx2kMBAPJnoKQayw1x4AaABAg.8vH_50I2QVI8vH_l8lJbst,Ugx2kMBAPJnoKQayw1x4AaABAg,TRUE
b0L4hXmhGGE,2019-05-23T17:37:49Z,226350,,166,Phthorimaea_absoluta,Spain,Insects,established,trampa,Post-Introduction,Detection,Detection,2006,2006-06-01T12:00:00Z,comment,3598,1,Ugx2kMBAPJnoKQayw1x4AaABAg.8vH_50I2QVI8vH_l8lJbst,Ugx2kMBAPJnoKQayw1x4AaABAg,TRUE
b0L4hXmhGGE,2018-08-05T12:07:31Z,226350,,166,Phthorimaea_absoluta,Spain,Insects,established,plaga,Post-Introduction,Invasion,Invasion,2006,2006-06-01T12:00:00Z,comment,3598,1,UgzwupdEd0cNLEV0rA54AaABAg.8jZM3GjMGgq8jZgdKlIdXX,UgzwupdEd0cNLEV0rA54AaABAg,TRUE
b0L4hXmhGGE,2018-08-05T12:07:31Z,226350,,166,Phthorimaea_absoluta,Spain,Insects,established,controlada,Post-Introduction,Detection,Detection,2006,2006-06-01T12:00:00Z,comment,3598,1,UgzwupdEd0cNLEV0rA54AaABAg.8jZM3GjMGgq8jZgdKlIdXX,UgzwupdEd0cNLEV0rA54AaABAg,TRUE
b0L4hXmhGGE,2018-07-17T16:53:30Z,226350,,166,Phthorimaea_absoluta,Spain,Insects,established,barata,Post-Introduction,eCommerce,eCommerce,2006,2006-06-01T12:00:00Z,comment,3598,1,Ugw0xUDLHa2WrOor5Sd4AaABAg.8ioGZwvQgiX8ioHGMrfjN-,Ugw0xUDLHa2WrOor5Sd4AaABAg,TRUE
b0L4hXmhGGE,2018-07-17T20:31:27Z,226350,,166,Phthorimaea_absoluta,Spain,Insects,established,cara,Post-Introduction,eCommerce,eCommerce,2006,2006-06-01T12:00:00Z,comment,3598,0,Ugw0xUDLHa2WrOor5Sd4AaABAg.8ioGZwvQgiX8iofCc17WWP,Ugw0xUDLHa2WrOor5Sd4AaABAg,TRUE
b0L4hXmhGGE,2020-07-06T19:33:36Z,226350,,166,Phthorimaea_absoluta,Spain,Insects,established,veneno,Post-Introduction,Threat,Threat,2006,2006-06-01T12:00:00Z,comment,3598,0,Ugwi-uciVyt9x_HQ_ux4AaABAg.8YWVZsTh0Xh9AmVvw5amTi,Ugwi-uciVyt9x_HQ_ux4AaABAg,TRUE
b0L4hXmhGGE,2020-07-06T19:33:36Z,226350,,166,Phthorimaea_absoluta,Spain,Insects,established,comprar,Post-Introduction,eCommerce,eCommerce,2006,2006-06-01T12:00:00Z,comment,3598,0,Ugwi-uciVyt9x_HQ_ux4AaABAg.8YWVZsTh0Xh9AmVvw5amTi,Ugwi-uciVyt9x_HQ_ux4AaABAg,TRUE
b0L4hXmhGGE,2020-07-06T19:33:36Z,226350,,166,Phthorimaea_absoluta,Spain,Insects,established,tienda,Post-Introduction,eCommerce,eCommerce,2006,2006-06-01T12:00:00Z,comment,3598,0,Ugwi-uciVyt9x_HQ_ux4AaABAg.8YWVZsTh0Xh9AmVvw5amTi,Ugwi-uciVyt9x_HQ_ux4AaABAg,TRUE
b0L4hXmhGGE,2017-07-22T14:29:24Z,226350,,166,Phthorimaea_absoluta,Spain,Insects,established,compra,Post-Introduction,eCommerce,eCommerce,2006,2006-06-01T12:00:00Z,comment,3598,1,UghRKyMDygKNTXgCoAEC.8VJjGKFpuU28VK2aqfaUVo,UghRKyMDygKNTXgCoAEC,TRUE
b0L4hXmhGGE,2017-05-02T20:44:39Z,226350,,166,Phthorimaea_absoluta,Spain,Insects,established,comprar,Post-Introduction,eCommerce,eCommerce,2006,2006-06-01T12:00:00Z,comment,3598,1,UghPTYTnk2Ed9HgCoAEC.8S46nmrGfnd8S499QDnXnU,UghPTYTnk2Ed9HgCoAEC,TRUE
b0L4hXmhGGE,2017-05-02T21:38:26Z,226350,,166,Phthorimaea_absoluta,Spain,Insects,established,costo,Post-Introduction,eCommerce,eCommerce,2006,2006-06-01T12:00:00Z,comment,3598,2,UghPTYTnk2Ed9HgCoAEC.8S46nmrGfnd8S4FJKq8Vvl,UghPTYTnk2Ed9HgCoAEC,TRUE
b0L4hXmhGGE,2017-05-02T21:38:26Z,226350,,166,Phthorimaea_absoluta,Spain,Insects,established,precio,Post-Introduction,eCommerce,eCommerce,2006,2006-06-01T12:00:00Z,comment,3598,2,UghPTYTnk2Ed9HgCoAEC.8S46nmrGfnd8S4FJKq8Vvl,UghPTYTnk2Ed9HgCoAEC,TRUE
b0L4hXmhGGE,2017-02-13T18:07:18Z,226350,,166,Phthorimaea_absoluta,Spain,Insects,established,trampas,Post-Introduction,Detection,Detection,2006,2006-06-01T12:00:00Z,comment,3598,1,UgjY624ShZ5jAngCoAEC.8OvlePnxZOs8Ow18gLcGyG,UgjY624ShZ5jAngCoAEC,TRUE
b0L4hXmhGGE,2016-05-22T22:00:50Z,226350,,166,Phthorimaea_absoluta,Spain,Insects,established,trampas,Post-Introduction,Detection,Detection,2006,2006-06-01T12:00:00Z,comment,3598,1,Ugi6bB5AovWGi3gCoAEC.8EBrE1i_xgf8EBwc_PqkGU,Ugi6bB5AovWGi3gCoAEC,TRUE
b0L4hXmhGGE,2016-05-24T06:59:59Z,226350,,166,Phthorimaea_absoluta,Spain,Insects,established,comprado,Post-Introduction,eCommerce,eCommerce,2006,2006-06-01T12:00:00Z,comment,3598,0,Ugi6bB5AovWGi3gCoAEC.8EBrE1i_xgf8EFU7CcuSv-,Ugi6bB5AovWGi3gCoAEC,TRUE
b0L4hXmhGGE,2016-05-24T07:56:57Z,226350,,166,Phthorimaea_absoluta,Spain,Insects,established,caro,Post-Introduction,eCommerce,eCommerce,2006,2006-06-01T12:00:00Z,comment,3598,0,Ugi6bB5AovWGi3gCoAEC.8EBrE1i_xgf8EF_dRmGUwt,Ugi6bB5AovWGi3gCoAEC,TRUE
b0L4hXmhGGE,2015-12-24T17:07:32Z,226350,,166,Phthorimaea_absoluta,Spain,Insects,established,trampas,Post-Introduction,Detection,Detection,2006,2006-06-01T12:00:00Z,comment,3598,2,Ugh4wLML0TqWWXgCoAEC.888yWqN1_36889Ap8ZYvUb,Ugh4wLML0TqWWXgCoAEC,TRUE
b0L4hXmhGGE,2015-12-24T17:07:32Z,226350,,166,Phthorimaea_absoluta,Spain,Insects,established,trampas,Post-Introduction,Detection,Detection,2006,2006-06-01T12:00:00Z,comment,3598,2,Ugh4wLML0TqWWXgCoAEC.888yWqN1_36889Ap8ZYvUb,Ugh4wLML0TqWWXgCoAEC,TRUE
b0L4hXmhGGE,2015-12-24T17:07:32Z,226350,,166,Phthorimaea_absoluta,Spain,Insects,established,trampas,Post-Introduction,Detection,Detection,2006,2006-06-01T12:00:00Z,comment,3598,2,Ugh4wLML0TqWWXgCoAEC.888yWqN1_36889Ap8ZYvUb,Ugh4wLML0TqWWXgCoAEC,TRUE
b0L4hXmhGGE,2015-08-20T06:35:08Z,226350,,166,Phthorimaea_absoluta,Spain,Insects,established,veneno,Post-Introduction,Threat,Threat,2006,2006-06-01T12:00:00Z,comment,3598,1,UghAPhkeMLRuwngCoAEC.833AmkD5X0J7-HS3KPQs-m,UghAPhkeMLRuwngCoAEC,TRUE
KuBwQ994u8c,2022-06-27T21:50:23Z,31912,,12,Phthorimaea_absoluta,Spain,Insects,established,trampa,Post-Introduction,Detection,Detection,2006,2006-06-01T12:00:00Z,comment,186,0,UgzWSXAl8eizg-lejgJ4AaABAg,,FALSE
KuBwQ994u8c,2020-09-02T23:03:51Z,31912,,12,Phthorimaea_absoluta,Spain,Insects,established,trampas,Post-Introduction,Detection,Detection,2006,2006-06-01T12:00:00Z,comment,186,0,Ugww3aCLRfFcenCj5Q54AaABAg,,FALSE
KuBwQ994u8c,2020-11-06T16:40:40Z,31912,,12,Phthorimaea_absoluta,Spain,Insects,established,control,Post-Introduction,Detection,Detection,2006,2006-06-01T12:00:00Z,comment,186,0,Ugww3aCLRfFcenCj5Q54AaABAg.9D7E5V2PQsJ9FiuutlTlCz,Ugww3aCLRfFcenCj5Q54AaABAg,TRUE
KuBwQ994u8c,2020-11-06T16:32:11Z,31912,,12,Phthorimaea_absoluta,Spain,Insects,established,plaga,Post-Introduction,Invasion,Invasion,2006,2006-06-01T12:00:00Z,comment,186,0,UgxUNt3d4Fak6jvCVk54AaABAg.97hqeifqkha9FitwnZZ9Fb,UgxUNt3d4Fak6jvCVk54AaABAg,TRUE
KuBwQ994u8c,2020-11-06T16:41:01Z,31912,,12,Phthorimaea_absoluta,Spain,Insects,established,plaga,Post-Introduction,Invasion,Invasion,2006,2006-06-01T12:00:00Z,comment,186,0,UgxUNt3d4Fak6jvCVk54AaABAg.97hqeifqkha9FiuxYsKnW5,UgxUNt3d4Fak6jvCVk54AaABAg,TRUE
j8_PZA-onfU,2021-07-07T07:47:05Z,5188,,32,Phthorimaea_absoluta,Spain,Insects,established,plaga,Post-Introduction,Invasion,Invasion,2006,2006-06-01T12:00:00Z,comment,156,1,Ugw7kLRF1fgSbkSDj0d4AaABAg,,FALSE
j8_PZA-onfU,2021-06-24T08:51:46Z,5188,,32,Phthorimaea_absoluta,Spain,Insects,established,trampas,Post-Introduction,Detection,Detection,2006,2006-06-01T12:00:00Z,comment,156,1,Ugzcw1Fz59ysFe0Gar94AaABAg,,FALSE
j8_PZA-onfU,2021-06-14T21:03:41Z,5188,,32,Phthorimaea_absoluta,Spain,Insects,established,trampas,Post-Introduction,Detection,Detection,2006,2006-06-01T12:00:00Z,comment,156,1,UgwcIaEScsCmtSyrHLp4AaABAg,,FALSE
j8_PZA-onfU,2021-06-10T20:46:51Z,5188,,32,Phthorimaea_absoluta,Spain,Insects,established,trampa,Post-Introduction,Detection,Detection,2006,2006-06-01T12:00:00Z,comment,156,2,UgzNsshAdB02yeUeEgF4AaABAg,,FALSE
j8_PZA-onfU,2021-06-10T20:10:43Z,5188,,32,Phthorimaea_absoluta,Spain,Insects,established,atacado,Post-Introduction,Threat,Threat,2006,2006-06-01T12:00:00Z,comment,156,2,UgwjAoUaPdrtSuJmlhN4AaABAg,,FALSE
j8_PZA-onfU,2021-06-12T06:54:36Z,5188,,32,Phthorimaea_absoluta,Spain,Insects,established,plaga,Post-Introduction,Invasion,Invasion,2006,2006-06-01T12:00:00Z,comment,156,0,UgzNsshAdB02yeUeEgF4AaABAg.9OQXn0baEX49OUC8FBoKWM,UgzNsshAdB02yeUeEgF4AaABAg,TRUE
j8_PZA-onfU,2021-06-12T06:54:36Z,5188,,32,Phthorimaea_absoluta,Spain,Insects,established,plagas,Post-Introduction,Invasion,Invasion,2006,2006-06-01T12:00:00Z,comment,156,0,UgzNsshAdB02yeUeEgF4AaABAg.9OQXn0baEX49OUC8FBoKWM,UgzNsshAdB02yeUeEgF4AaABAg,TRUE
iyLPWO2rZBE,2021-07-15T13:51:34Z,106937,,13,Phthorimaea_absoluta,Spain,Insects,established,peligro,Post-Introduction,Threat,Threat,2006,2006-06-01T12:00:00Z,comment,648,0,UgzxC_C1OJoErBLWfdh4AaABAg,,FALSE
iyLPWO2rZBE,2021-07-15T13:51:34Z,106937,,13,Phthorimaea_absoluta,Spain,Insects,established,control,Post-Introduction,Detection,Detection,2006,2006-06-01T12:00:00Z,comment,648,0,UgzxC_C1OJoErBLWfdh4AaABAg,,FALSE
iyLPWO2rZBE,2021-07-15T13:51:34Z,106937,,13,Phthorimaea_absoluta,Spain,Insects,established,barato,Post-Introduction,eCommerce,eCommerce,2006,2006-06-01T12:00:00Z,comment,648,0,UgzxC_C1OJoErBLWfdh4AaABAg,,FALSE
iyLPWO2rZBE,2021-07-15T13:51:34Z,106937,,13,Phthorimaea_absoluta,Spain,Insects,established,caro,Post-Introduction,eCommerce,eCommerce,2006,2006-06-01T12:00:00Z,comment,648,0,UgzxC_C1OJoErBLWfdh4AaABAg,,FALSE
HrOhzTaFSNc,2025-04-09T20:50:48Z,11404,,4,Phthorimaea_absoluta,Spain,Insects,established,trampa,Post-Introduction,Detection,Detection,2006,2006-06-01T12:00:00Z,comment,55,0,UgxVELFx5kuWpbKrVCd4AaABAg,,FALSE
HrOhzTaFSNc,2022-07-02T08:04:28Z,11404,,4,Phthorimaea_absoluta,Spain,Insects,established,control,Post-Introduction,Detection,Detection,2006,2006-06-01T12:00:00Z,comment,55,0,Ugy3NcdhnKKVgJj0NIN4AaABAg,,FALSE
TzbMIm4Kwak,2020-10-19T23:46:55Z,211604,,301,Phthorimaea_absoluta,Spain,Insects,established,plaga,Post-Introduction,Invasion,Invasion,2006,2006-06-01T12:00:00Z,comment,5299,0,Ugx8tEMeMUeX2YgzMQh4AaABAg,,FALSE
TzbMIm4Kwak,2020-07-18T21:27:04Z,211604,,301,Phthorimaea_absoluta,Spain,Insects,established,encontre,Post-Introduction,Detection,Detection,2006,2006-06-01T12:00:00Z,comment,5299,0,Ugz2hQ9NCmlmOhHrIMJ4AaABAg,,FALSE
TzbMIm4Kwak,2020-04-17T15:31:57Z,211604,,301,Phthorimaea_absoluta,Spain,Insects,established,comprar,Post-Introduction,eCommerce,eCommerce,2006,2006-06-01T12:00:00Z,comment,5299,1,Ugykre96y2ifnHILXJ54AaABAg,,FALSE
TzbMIm4Kwak,2019-05-01T20:35:29Z,211604,,301,Phthorimaea_absoluta,Spain,Insects,established,ataca,Post-Introduction,Threat,Threat,2006,2006-06-01T12:00:00Z,comment,5299,0,UgyWx0QVkQ3jp-KOr9t4AaABAg,,FALSE
TzbMIm4Kwak,2018-02-15T17:08:40Z,211604,,301,Phthorimaea_absoluta,Spain,Insects,established,plaga,Post-Introduction,Invasion,Invasion,2006,2006-06-01T12:00:00Z,comment,5299,0,UgxKYw_RFewMHcot8eR4AaABAg,,FALSE
TzbMIm4Kwak,2016-12-06T02:26:51Z,211604,,301,Phthorimaea_absoluta,Spain,Insects,established,control,Post-Introduction,Detection,Detection,2006,2006-06-01T12:00:00Z,comment,5299,0,UgiUKiUrsg_v33gCoAEC,,FALSE
TzbMIm4Kwak,2016-12-02T21:28:46Z,211604,,301,Phthorimaea_absoluta,Spain,Insects,established,trampas,Post-Introduction,Detection,Detection,2006,2006-06-01T12:00:00Z,comment,5299,0,UgguEUfEMjQE7XgCoAEC,,FALSE
TzbMIm4Kwak,2016-11-14T16:18:14Z,211604,,301,Phthorimaea_absoluta,Spain,Insects,established,plagas,Post-Introduction,Invasion,Invasion,2006,2006-06-01T12:00:00Z,comment,5299,1,UgjRQ_TxyD_g6XgCoAEC,,FALSE
TzbMIm4Kwak,2016-09-16T11:13:56Z,211604,,301,Phthorimaea_absoluta,Spain,Insects,established,plaga,Post-Introduction,Invasion,Invasion,2006,2006-06-01T12:00:00Z,comment,5299,0,UggU2aUi49hWhXgCoAEC,,FALSE
TzbMIm4Kwak,2016-07-21T17:38:44Z,211604,,301,Phthorimaea_absoluta,Spain,Insects,established,aparece,Post-Introduction,Detection,Detection,2006,2006-06-01T12:00:00Z,comment,5299,0,UgiJIAzDaliPs3gCoAEC,,FALSE
TzbMIm4Kwak,2022-03-28T22:09:18Z,211604,,301,Phthorimaea_absoluta,Spain,Insects,established,aparicion,Post-Introduction,Detection,Detection,2006,2006-06-01T12:00:00Z,comment,5299,1,UgzHW-uvPNG1ish7Hop4AaABAg.9UbslCgYq8T9_7zYaV8qZ5,UgzHW-uvPNG1ish7Hop4AaABAg,TRUE
TzbMIm4Kwak,2022-03-28T22:09:18Z,211604,,301,Phthorimaea_absoluta,Spain,Insects,established,plagas,Post-Introduction,Invasion,Invasion,2006,2006-06-01T12:00:00Z,comment,5299,1,UgzHW-uvPNG1ish7Hop4AaABAg.9UbslCgYq8T9_7zYaV8qZ5,UgzHW-uvPNG1ish7Hop4AaABAg,TRUE
TzbMIm4Kwak,2016-09-22T23:08:20Z,211604,,301,Phthorimaea_absoluta,Spain,Insects,established,trampa,Post-Introduction,Detection,Detection,2006,2006-06-01T12:00:00Z,comment,5299,0,UggU2aUi49hWhXgCoAEC.8It2aneZfAj8J8m7XMLTcC,UggU2aUi49hWhXgCoAEC,TRUE
TzbMIm4Kwak,2016-06-20T16:22:34Z,211604,,301,Phthorimaea_absoluta,Spain,Insects,established,vender,Post-Introduction,eCommerce,eCommerce,2006,2006-06-01T12:00:00Z,comment,5299,0,UghvHMwdBDkfQXgCoAEC.8FCvfCBwj8a8FM-yQEO_TC,UghvHMwdBDkfQXgCoAEC,TRUE
TzbMIm4Kwak,2016-06-13T10:27:24Z,211604,,301,Phthorimaea_absoluta,Spain,Insects,established,comprar,Post-Introduction,eCommerce,eCommerce,2006,2006-06-01T12:00:00Z,comment,5299,2,UghzS7Gn5mhx9ngCoAEC.8Epxi37yrb78F3Lkuzod1w,UghzS7Gn5mhx9ngCoAEC,TRUE
TzbMIm4Kwak,2016-10-07T23:46:33Z,211604,,301,Phthorimaea_absoluta,Spain,Insects,established,plaga,Post-Introduction,Invasion,Invasion,2006,2006-06-01T12:00:00Z,comment,5299,0,UghzS7Gn5mhx9ngCoAEC.8Epxi37yrb78JkTQe9dQGl,UghzS7Gn5mhx9ngCoAEC,TRUE
TzbMIm4Kwak,2016-10-07T23:46:33Z,211604,,301,Phthorimaea_absoluta,Spain,Insects,established,plaga,Post-Introduction,Invasion,Invasion,2006,2006-06-01T12:00:00Z,comment,5299,0,UghzS7Gn5mhx9ngCoAEC.8Epxi37yrb78JkTQe9dQGl,UghzS7Gn5mhx9ngCoAEC,TRUE
TzbMIm4Kwak,2015-09-01T02:22:59Z,211604,,301,Phthorimaea_absoluta,Spain,Insects,established,plagas,Post-Introduction,Invasion,Invasion,2006,2006-06-01T12:00:00Z,comment,5299,0,UgjY8FclMj3a23gCoAEC,,FALSE
TzbMIm4Kwak,2015-08-13T20:14:39Z,211604,,301,Phthorimaea_absoluta,Spain,Insects,established,plaga,Post-Introduction,Invasion,Invasion,2006,2006-06-01T12:00:00Z,comment,5299,0,UggjpyK9n9TDRXgCoAEC,,FALSE
TzbMIm4Kwak,2015-07-20T22:18:39Z,211604,,301,Phthorimaea_absoluta,Spain,Insects,established,plaga,Post-Introduction,Invasion,Invasion,2006,2006-06-01T12:00:00Z,comment,5299,0,UghQdrWx-XVbL3gCoAEC,,FALSE
TzbMIm4Kwak,2015-07-17T22:36:32Z,211604,,301,Phthorimaea_absoluta,Spain,Insects,established,visto,Post-Introduction,Detection,Detection,2006,2006-06-01T12:00:00Z,comment,5299,0,UgiSlvm-PVZvj3gCoAEC,,FALSE
TzbMIm4Kwak,2015-07-17T22:04:57Z,211604,,301,Phthorimaea_absoluta,Spain,Insects,established,aparezca,Post-Introduction,Detection,Detection,2006,2006-06-01T12:00:00Z,comment,5299,3,Ugjf7iU9cAjQw3gCoAEC,,FALSE
TzbMIm4Kwak,2015-07-16T23:14:09Z,211604,,301,Phthorimaea_absoluta,Spain,Insects,established,encontre,Post-Introduction,Detection,Detection,2006,2006-06-01T12:00:00Z,comment,5299,0,UgiLM6sROB1zCXgCoAEC,,FALSE
TzbMIm4Kwak,2015-07-16T22:40:34Z,211604,,301,Phthorimaea_absoluta,Spain,Insects,established,plaga,Post-Introduction,Invasion,Invasion,2006,2006-06-01T12:00:00Z,comment,5299,0,Ugj_KrFW3RG_LXgCoAEC,,FALSE
TzbMIm4Kwak,2015-07-16T19:55:04Z,211604,,301,Phthorimaea_absoluta,Spain,Insects,established,plagas,Post-Introduction,Invasion,Invasion,2006,2006-06-01T12:00:00Z,comment,5299,5,UggjTXLRNsV5dHgCoAEC,,FALSE
TzbMIm4Kwak,2015-07-16T19:55:04Z,211604,,301,Phthorimaea_absoluta,Spain,Insects,established,visto,Post-Introduction,Detection,Detection,2006,2006-06-01T12:00:00Z,comment,5299,5,UggjTXLRNsV5dHgCoAEC,,FALSE
TzbMIm4Kwak,2015-07-16T18:49:51Z,211604,,301,Phthorimaea_absoluta,Spain,Insects,established,visto,Post-Introduction,Detection,Detection,2006,2006-06-01T12:00:00Z,comment,5299,0,Ugim0jv8gTTD1XgCoAEC,,FALSE
TzbMIm4Kwak,2015-07-16T18:12:04Z,211604,,301,Phthorimaea_absoluta,Spain,Insects,established,plaga,Post-Introduction,Invasion,Invasion,2006,2006-06-01T12:00:00Z,comment,5299,0,Ugj9WyEyJf4klngCoAEC,,FALSE
TzbMIm4Kwak,2017-08-18T21:00:22Z,211604,,301,Phthorimaea_absoluta,Spain,Insects,established,comprada,Post-Introduction,eCommerce,eCommerce,2006,2006-06-01T12:00:00Z,comment,5299,2,UggcwE2sYVG1engCoAEC.81mleX9KprW8WQGo48aES1,UggcwE2sYVG1engCoAEC,TRUE
p95_bu-3mwg,2024-06-18T16:42:38Z,827,,2,Phthorimaea_absoluta,Spain,Insects,established,comprar,Post-Introduction,eCommerce,eCommerce,2006,2006-06-01T12:00:00Z,comment,7,0,UgxJqBKOHEwZU4FKzPV4AaABAg,,FALSE
jhZEIJ8dFmQ,2025-11-22T17:00:16Z,373381,,739,Phthorimaea_absoluta,Spain,Insects,established,encontre,Post-Introduction,Detection,Detection,2006,2006-06-01T12:00:00Z,comment,6319,0,Ugzm9t41o47KwaNwI4B4AaABAg,,FALSE
jhZEIJ8dFmQ,2025-07-05T06:12:58Z,373381,,739,Phthorimaea_absoluta,Spain,Insects,established,visto,Post-Introduction,Detection,Detection,2006,2006-06-01T12:00:00Z,comment,6319,0,UgwmZx1fFuWG2dnwKzF4AaABAg,,FALSE
jhZEIJ8dFmQ,2025-05-26T08:33:20Z,373381,,739,Phthorimaea_absoluta,Spain,Insects,established,trampa,Post-Introduction,Detection,Detection,2006,2006-06-01T12:00:00Z,comment,6319,1,Ugzrm_SmFt9f06jpZH94AaABAg,,FALSE
jhZEIJ8dFmQ,2025-05-25T18:12:57Z,373381,,739,Phthorimaea_absoluta,Spain,Insects,established,comprar,Post-Introduction,eCommerce,eCommerce,2006,2006-06-01T12:00:00Z,comment,6319,0,UgylqezS9BirMzC69HJ4AaABAg,,FALSE
jhZEIJ8dFmQ,2025-05-19T22:02:35Z,373381,,739,Phthorimaea_absoluta,Spain,Insects,established,comprar,Post-Introduction,eCommerce,eCommerce,2006,2006-06-01T12:00:00Z,comment,6319,1,UgxX8vUrX0wzmJaZMep4AaABAg,,FALSE
jhZEIJ8dFmQ,2025-03-22T18:51:28Z,373381,,739,Phthorimaea_absoluta,Spain,Insects,established,encontre,Post-Introduction,Detection,Detection,2006,2006-06-01T12:00:00Z,comment,6319,1,Ugxz7AmS7G3pd1eAgJZ4AaABAg,,FALSE
jhZEIJ8dFmQ,2025-03-22T18:51:28Z,373381,,739,Phthorimaea_absoluta,Spain,Insects,established,visto,Post-Introduction,Detection,Detection,2006,2006-06-01T12:00:00Z,comment,6319,1,Ugxz7AmS7G3pd1eAgJZ4AaABAg,,FALSE
jhZEIJ8dFmQ,2024-06-29T20:46:03Z,373381,,739,Phthorimaea_absoluta,Spain,Insects,established,mercado,Post-Introduction,eCommerce,eCommerce,2006,2006-06-01T12:00:00Z,comment,6319,0,Ugw6dVQ2pE3QLG_7jht4AaABAg,,FALSE
jhZEIJ8dFmQ,2024-05-30T19:48:26Z,373381,,739,Phthorimaea_absoluta,Spain,Insects,established,comprar,Post-Introduction,eCommerce,eCommerce,2006,2006-06-01T12:00:00Z,comment,6319,1,UgzTJMndaNtohjAc3bR4AaABAg,,FALSE
jhZEIJ8dFmQ,2024-05-10T13:37:45Z,373381,,739,Phthorimaea_absoluta,Spain,Insects,established,plaga,Post-Introduction,Invasion,Invasion,2006,2006-06-01T12:00:00Z,comment,6319,0,UgxnMPkClvxEvN5BbZx4AaABAg,,FALSE
jhZEIJ8dFmQ,2024-05-10T12:48:18Z,373381,,739,Phthorimaea_absoluta,Spain,Insects,established,visto,Post-Introduction,Detection,Detection,2006,2006-06-01T12:00:00Z,comment,6319,1,UgzKFCk-BVTDash0SZp4AaABAg,,FALSE
jhZEIJ8dFmQ,2024-04-19T17:36:03Z,373381,,739,Phthorimaea_absoluta,Spain,Insects,established,comprar,Post-Introduction,eCommerce,eCommerce,2006,2006-06-01T12:00:00Z,comment,6319,1,UgzWlr83GJTVQxthh694AaABAg,,FALSE
jhZEIJ8dFmQ,2024-04-15T05:27:49Z,373381,,739,Phthorimaea_absoluta,Spain,Insects,established,peligroso,Post-Introduction,Threat,Threat,2006,2006-06-01T12:00:00Z,comment,6319,0,UgwBxQpni2_YmMb-UiR4AaABAg,,FALSE
jhZEIJ8dFmQ,2024-04-15T05:27:49Z,373381,,739,Phthorimaea_absoluta,Spain,Insects,established,control,Post-Introduction,Detection,Detection,2006,2006-06-01T12:00:00Z,comment,6319,0,UgwBxQpni2_YmMb-UiR4AaABAg,,FALSE
jhZEIJ8dFmQ,2024-04-15T05:27:49Z,373381,,739,Phthorimaea_absoluta,Spain,Insects,established,plagas,Post-Introduction,Invasion,Invasion,2006,2006-06-01T12:00:00Z,comment,6319,0,UgwBxQpni2_YmMb-UiR4AaABAg,,FALSE
jhZEIJ8dFmQ,2023-08-06T17:05:16Z,373381,,739,Phthorimaea_absoluta,Spain,Insects,established,trampa,Post-Introduction,Detection,Detection,2006,2006-06-01T12:00:00Z,comment,6319,3,UgyJ9l2FDZQOf36vH6F4AaABAg,,FALSE
jhZEIJ8dFmQ,2023-08-04T13:30:39Z,373381,,739,Phthorimaea_absoluta,Spain,Insects,established,registro,Post-Introduction,Detection,Detection,2006,2006-06-01T12:00:00Z,comment,6319,0,UgxPL97iRNEWOx8TOQN4AaABAg,,FALSE
jhZEIJ8dFmQ,2023-06-07T22:25:55Z,373381,,739,Phthorimaea_absoluta,Spain,Insects,established,comprar,Post-Introduction,eCommerce,eCommerce,2006,2006-06-01T12:00:00Z,comment,6319,1,UgwhPN11EzKoJ2QCjgF4AaABAg,,FALSE
jhZEIJ8dFmQ,2023-06-04T21:24:11Z,373381,,739,Phthorimaea_absoluta,Spain,Insects,established,control,Post-Introduction,Detection,Detection,2006,2006-06-01T12:00:00Z,comment,6319,1,UgyZw8ytd9vZaji6T494AaABAg,,FALSE
jhZEIJ8dFmQ,2023-05-12T09:25:44Z,373381,,739,Phthorimaea_absoluta,Spain,Insects,established,encontre,Post-Introduction,Detection,Detection,2006,2006-06-01T12:00:00Z,comment,6319,1,UgyHv57W22zvZydL-GN4AaABAg,,FALSE
jhZEIJ8dFmQ,2025-07-11T12:12:40Z,373381,,739,Phthorimaea_absoluta,Spain,Insects,established,control,Post-Introduction,Detection,Detection,2006,2006-06-01T12:00:00Z,comment,6319,0,UgylwsPx7JAJxCLWaX14AaABAg.AKM-_qrBvZNAKROyPh5ST2,UgylwsPx7JAJxCLWaX14AaABAg,TRUE
jhZEIJ8dFmQ,2025-06-12T16:36:55Z,373381,,739,Phthorimaea_absoluta,Spain,Insects,established,riesgo,Post-Introduction,Threat,Threat,2006,2006-06-01T12:00:00Z,comment,6319,1,UgxqYPq-6ZHNmq-iCS14AaABAg.AJDfAx69b-gAJHC9W6aJng,UgxqYPq-6ZHNmq-iCS14AaABAg,TRUE
jhZEIJ8dFmQ,2025-05-30T16:55:10Z,373381,,739,Phthorimaea_absoluta,Spain,Insects,established,comprar,Post-Introduction,eCommerce,eCommerce,2006,2006-06-01T12:00:00Z,comment,6319,0,UgylqezS9BirMzC69HJ4AaABAg.AIZ0qB7WFXLAIkkurqSqVY,UgylqezS9BirMzC69HJ4AaABAg,TRUE
jhZEIJ8dFmQ,2025-05-30T16:55:10Z,373381,,739,Phthorimaea_absoluta,Spain,Insects,established,comprar,Post-Introduction,eCommerce,eCommerce,2006,2006-06-01T12:00:00Z,comment,6319,0,UgylqezS9BirMzC69HJ4AaABAg.AIZ0qB7WFXLAIkkurqSqVY,UgylqezS9BirMzC69HJ4AaABAg,TRUE
jhZEIJ8dFmQ,2025-05-30T17:45:21Z,373381,,739,Phthorimaea_absoluta,Spain,Insects,established,encontre,Post-Introduction,Detection,Detection,2006,2006-06-01T12:00:00Z,comment,6319,1,UgylqezS9BirMzC69HJ4AaABAg.AIZ0qB7WFXLAIkqeN7iDQI,UgylqezS9BirMzC69HJ4AaABAg,TRUE
jhZEIJ8dFmQ,2025-05-30T17:45:21Z,373381,,739,Phthorimaea_absoluta,Spain,Insects,established,venta,Post-Introduction,eCommerce,eCommerce,2006,2006-06-01T12:00:00Z,comment,6319,1,UgylqezS9BirMzC69HJ4AaABAg.AIZ0qB7WFXLAIkqeN7iDQI,UgylqezS9BirMzC69HJ4AaABAg,TRUE
jhZEIJ8dFmQ,2025-05-22T12:50:45Z,373381,,739,Phthorimaea_absoluta,Spain,Insects,established,comprar,Post-Introduction,eCommerce,eCommerce,2006,2006-06-01T12:00:00Z,comment,6319,0,UgxX8vUrX0wzmJaZMep4AaABAg.AIJzLmpylkHAIQi_iLHmou,UgxX8vUrX0wzmJaZMep4AaABAg,TRUE
jhZEIJ8dFmQ,2025-05-18T19:54:42Z,373381,,739,Phthorimaea_absoluta,Spain,Insects,established,plagas,Post-Introduction,Invasion,Invasion,2006,2006-06-01T12:00:00Z,comment,6319,0,Ugzf5WspfEX0uswjiWt4AaABAg.AIAd-9iE6gkAIHAvJXpDGj,Ugzf5WspfEX0uswjiWt4AaABAg,TRUE
jhZEIJ8dFmQ,2025-05-10T21:20:57Z,373381,,739,Phthorimaea_absoluta,Spain,Insects,established,aparicion,Post-Introduction,Detection,Detection,2006,2006-06-01T12:00:00Z,comment,6319,0,UgxBxYfHIwzrbnNFnml4AaABAg.AHmV-daeh3vAHxjQw9REJR,UgxBxYfHIwzrbnNFnml4AaABAg,TRUE
jhZEIJ8dFmQ,2025-02-20T20:00:57Z,373381,,739,Phthorimaea_absoluta,Spain,Insects,established,control,Post-Introduction,Detection,Detection,2006,2006-06-01T12:00:00Z,comment,6319,1,UgwVol2ODYQQgcNKs_V4AaABAg.AEik-u03ZPkAEmATsnq6f8,UgwVol2ODYQQgcNKs_V4AaABAg,TRUE
jhZEIJ8dFmQ,2025-02-20T20:00:57Z,373381,,739,Phthorimaea_absoluta,Spain,Insects,established,plaga,Post-Introduction,Invasion,Invasion,2006,2006-06-01T12:00:00Z,comment,6319,1,UgwVol2ODYQQgcNKs_V4AaABAg.AEik-u03ZPkAEmATsnq6f8,UgwVol2ODYQQgcNKs_V4AaABAg,TRUE
jhZEIJ8dFmQ,2025-02-20T20:00:57Z,373381,,739,Phthorimaea_absoluta,Spain,Insects,established,plaga,Post-Introduction,Invasion,Invasion,2006,2006-06-01T12:00:00Z,comment,6319,1,UgwVol2ODYQQgcNKs_V4AaABAg.AEik-u03ZPkAEmATsnq6f8,UgwVol2ODYQQgcNKs_V4AaABAg,TRUE
jhZEIJ8dFmQ,2024-12-26T20:45:30Z,373381,,739,Phthorimaea_absoluta,Spain,Insects,established,comprar,Post-Introduction,eCommerce,eCommerce,2006,2006-06-01T12:00:00Z,comment,6319,0,UgyfZnJXKveLsPvUmox4AaABAg.ACMZebn9tyZACX33CDfdGy,UgyfZnJXKveLsPvUmox4AaABAg,TRUE
jhZEIJ8dFmQ,2024-07-05T13:22:11Z,373381,,739,Phthorimaea_absoluta,Spain,Insects,established,comprado,Post-Introduction,eCommerce,eCommerce,2006,2006-06-01T12:00:00Z,comment,6319,1,UgwjbLtzUkcb5js1eFJ4AaABAg.A5VSa0HPIN-A5WE-yhiIjq,UgwjbLtzUkcb5js1eFJ4AaABAg,TRUE
jhZEIJ8dFmQ,2024-06-30T21:48:02Z,373381,,739,Phthorimaea_absoluta,Spain,Insects,established,mercado,Post-Introduction,eCommerce,eCommerce,2006,2006-06-01T12:00:00Z,comment,6319,0,Ugw6dVQ2pE3QLG_7jht4AaABAg.A5H_1eryAybA5KFvaJW3OB,Ugw6dVQ2pE3QLG_7jht4AaABAg,TRUE
jhZEIJ8dFmQ,2024-06-06T16:55:59Z,373381,,739,Phthorimaea_absoluta,Spain,Insects,established,comprar,Post-Introduction,eCommerce,eCommerce,2006,2006-06-01T12:00:00Z,comment,6319,0,Ugyb9-8afOi0EgWzvK94AaABAg.A4GKCAA9dorA4LwQXVBV4R,Ugyb9-8afOi0EgWzvK94AaABAg,TRUE
jhZEIJ8dFmQ,2024-05-31T11:18:40Z,373381,,739,Phthorimaea_absoluta,Spain,Insects,established,comprar,Post-Introduction,eCommerce,eCommerce,2006,2006-06-01T12:00:00Z,comment,6319,0,UgzTJMndaNtohjAc3bR4AaABAg.A44DaWaCp-zA45t2hZlPrJ,UgzTJMndaNtohjAc3bR4AaABAg,TRUE
jhZEIJ8dFmQ,2024-05-11T16:13:16Z,373381,,739,Phthorimaea_absoluta,Spain,Insects,established,aparicion,Post-Introduction,Detection,Detection,2006,2006-06-01T12:00:00Z,comment,6319,1,UgxnMPkClvxEvN5BbZx4AaABAg.A3G3H-8GiV4A3IursmsD4T,UgxnMPkClvxEvN5BbZx4AaABAg,TRUE
jhZEIJ8dFmQ,2024-05-11T16:17:24Z,373381,,739,Phthorimaea_absoluta,Spain,Insects,established,plaga,Post-Introduction,Invasion,Invasion,2006,2006-06-01T12:00:00Z,comment,6319,0,UgzKFCk-BVTDash0SZp4AaABAg.A3FybpTULBXA3IvLCyzJn5,UgzKFCk-BVTDash0SZp4AaABAg,TRUE
jhZEIJ8dFmQ,2024-04-20T17:02:54Z,373381,,739,Phthorimaea_absoluta,Spain,Insects,established,comprar,Post-Introduction,eCommerce,eCommerce,2006,2006-06-01T12:00:00Z,comment,6319,0,UgzWlr83GJTVQxthh694AaABAg.A2QPqzoIciOA2Svr439j9U,UgzWlr83GJTVQxthh694AaABAg,TRUE
jhZEIJ8dFmQ,2024-04-17T19:05:30Z,373381,,739,Phthorimaea_absoluta,Spain,Insects,established,comprar,Post-Introduction,eCommerce,eCommerce,2006,2006-06-01T12:00:00Z,comment,6319,0,UgwBxQpni2_YmMb-UiR4AaABAg.A2EoKhP1UPsA2LQVQNkmNG,UgwBxQpni2_YmMb-UiR4AaABAg,TRUE
jhZEIJ8dFmQ,2023-07-04T17:50:29Z,373381,,739,Phthorimaea_absoluta,Spain,Insects,established,control,Post-Introduction,Detection,Detection,2006,2006-06-01T12:00:00Z,comment,6319,1,UgwxrieDvikIKePNWtZ4AaABAg.9rho8Q9MdJH9rkhz2RV5ud,UgwxrieDvikIKePNWtZ4AaABAg,TRUE
jhZEIJ8dFmQ,2023-06-09T20:50:17Z,373381,,739,Phthorimaea_absoluta,Spain,Insects,established,comprar,Post-Introduction,eCommerce,eCommerce,2006,2006-06-01T12:00:00Z,comment,6319,0,UgwhPN11EzKoJ2QCjgF4AaABAg.9qfg1f9RF3c9qkeg1tdnWv,UgwhPN11EzKoJ2QCjgF4AaABAg,TRUE
jhZEIJ8dFmQ,2023-06-06T21:30:31Z,373381,,739,Phthorimaea_absoluta,Spain,Insects,established,controlo,Post-Introduction,Detection,Detection,2006,2006-06-01T12:00:00Z,comment,6319,1,UgyZw8ytd9vZaji6T494AaABAg.9qYq_vF0vyY9qd-u9EicpX,UgyZw8ytd9vZaji6T494AaABAg,TRUE
jhZEIJ8dFmQ,2023-05-31T13:24:07Z,373381,,739,Phthorimaea_absoluta,Spain,Insects,established,riesgo,Post-Introduction,Threat,Threat,2006,2006-06-01T12:00:00Z,comment,6319,1,UgyUXUQOwKbyhDsEdXp4AaABAg.9qKPRJGWlPy9qNgTPGk5Ay,UgyUXUQOwKbyhDsEdXp4AaABAg,TRUE
jhZEIJ8dFmQ,2023-05-21T21:44:28Z,373381,,739,Phthorimaea_absoluta,Spain,Insects,established,controlar,Post-Introduction,Detection,Detection,2006,2006-06-01T12:00:00Z,comment,6319,1,Ugz_MEMeC8cihOHgWG14AaABAg.9pvjrL6MhXz9pzpmG6vTeR,Ugz_MEMeC8cihOHgWG14AaABAg,TRUE
jhZEIJ8dFmQ,2023-05-20T20:46:31Z,373381,,739,Phthorimaea_absoluta,Spain,Insects,established,prohibido,Post-Introduction,eCommerce,eCommerce,2006,2006-06-01T12:00:00Z,comment,6319,0,UgwOJACMPFkztvlxzhR4AaABAg.9ptnrIjniWl9px9LwD3bBK,UgwOJACMPFkztvlxzhR4AaABAg,TRUE
jhZEIJ8dFmQ,2023-05-12T21:25:01Z,373381,,739,Phthorimaea_absoluta,Spain,Insects,established,comprado,Post-Introduction,eCommerce,eCommerce,2006,2006-06-01T12:00:00Z,comment,6319,0,UgyHv57W22zvZydL-GN4AaABAg.9pbL4gEstW-9pccOv3E26o,UgyHv57W22zvZydL-GN4AaABAg,TRUE
jhZEIJ8dFmQ,2023-05-03T05:50:47Z,373381,,739,Phthorimaea_absoluta,Spain,Insects,established,tienda,Post-Introduction,eCommerce,eCommerce,2006,2006-06-01T12:00:00Z,comment,6319,1,UgxU886pDKVfi0KIG4B4AaABAg,,FALSE
jhZEIJ8dFmQ,2022-10-30T19:37:36Z,373381,,739,Phthorimaea_absoluta,Spain,Insects,established,visto,Post-Introduction,Detection,Detection,2006,2006-06-01T12:00:00Z,comment,6319,0,UgywMPSXYMffqRQZSp14AaABAg,,FALSE
jhZEIJ8dFmQ,2022-07-30T10:38:59Z,373381,,739,Phthorimaea_absoluta,Spain,Insects,established,trampas,Post-Introduction,Detection,Detection,2006,2006-06-01T12:00:00Z,comment,6319,0,UgxsHLTiZeU4AV6oFZh4AaABAg,,FALSE
jhZEIJ8dFmQ,2022-07-24T16:01:40Z,373381,,739,Phthorimaea_absoluta,Spain,Insects,established,control,Post-Introduction,Detection,Detection,2006,2006-06-01T12:00:00Z,comment,6319,0,UgwpF8-uPQBOHuFve7t4AaABAg,,FALSE
jhZEIJ8dFmQ,2022-07-02T14:24:58Z,373381,,739,Phthorimaea_absoluta,Spain,Insects,established,compre,Post-Introduction,eCommerce,eCommerce,2006,2006-06-01T12:00:00Z,comment,6319,0,UgxOmyHI64toHB_mvYV4AaABAg,,FALSE
jhZEIJ8dFmQ,2022-06-22T23:01:53Z,373381,,739,Phthorimaea_absoluta,Spain,Insects,established,visto,Post-Introduction,Detection,Detection,2006,2006-06-01T12:00:00Z,comment,6319,0,UgzTzXJfR1sipn_wcDx4AaABAg,,FALSE
jhZEIJ8dFmQ,2022-06-22T10:49:34Z,373381,,739,Phthorimaea_absoluta,Spain,Insects,established,visto,Post-Introduction,Detection,Detection,2006,2006-06-01T12:00:00Z,comment,6319,1,UgxuFtYkTXRyeUZdKbF4AaABAg,,FALSE
jhZEIJ8dFmQ,2022-06-22T10:49:34Z,373381,,739,Phthorimaea_absoluta,Spain,Insects,established,plaga,Post-Introduction,Invasion,Invasion,2006,2006-06-01T12:00:00Z,comment,6319,1,UgxuFtYkTXRyeUZdKbF4AaABAg,,FALSE
jhZEIJ8dFmQ,2022-02-08T09:41:35Z,373381,,739,Phthorimaea_absoluta,Spain,Insects,established,comprar,Post-Introduction,eCommerce,eCommerce,2006,2006-06-01T12:00:00Z,comment,6319,1,Ugz726oWIabvmS8gsuF4AaABAg,,FALSE
jhZEIJ8dFmQ,2022-02-08T09:41:35Z,373381,,739,Phthorimaea_absoluta,Spain,Insects,established,plaga,Post-Introduction,Invasion,Invasion,2006,2006-06-01T12:00:00Z,comment,6319,1,Ugz726oWIabvmS8gsuF4AaABAg,,FALSE
jhZEIJ8dFmQ,2021-08-09T21:13:54Z,373381,,739,Phthorimaea_absoluta,Spain,Insects,established,vender,Post-Introduction,eCommerce,eCommerce,2006,2006-06-01T12:00:00Z,comment,6319,2,UgzyXdafqvYV6cbCmZx4AaABAg,,FALSE
jhZEIJ8dFmQ,2021-08-02T19:46:13Z,373381,,739,Phthorimaea_absoluta,Spain,Insects,established,plagas,Post-Introduction,Invasion,Invasion,2006,2006-06-01T12:00:00Z,comment,6319,0,UgwNwDy_AhW9Q10WsaV4AaABAg,,FALSE
jhZEIJ8dFmQ,2021-08-02T19:46:13Z,373381,,739,Phthorimaea_absoluta,Spain,Insects,established,visto,Post-Introduction,Detection,Detection,2006,2006-06-01T12:00:00Z,comment,6319,0,UgwNwDy_AhW9Q10WsaV4AaABAg,,FALSE
jhZEIJ8dFmQ,2021-07-31T22:55:40Z,373381,,739,Phthorimaea_absoluta,Spain,Insects,established,danino,Post-Introduction,Threat,Threat,2006,2006-06-01T12:00:00Z,comment,6319,0,UgzJMsgj2KTQkmSzeI94AaABAg,,FALSE
jhZEIJ8dFmQ,2021-07-28T11:26:32Z,373381,,739,Phthorimaea_absoluta,Spain,Insects,established,peligro,Post-Introduction,Threat,Threat,2006,2006-06-01T12:00:00Z,comment,6319,1,UgwksbueCkTJ0qasH_V4AaABAg,,FALSE
jhZEIJ8dFmQ,2021-07-22T07:58:35Z,373381,,739,Phthorimaea_absoluta,Spain,Insects,established,plaga,Post-Introduction,Invasion,Invasion,2006,2006-06-01T12:00:00Z,comment,6319,0,Ugzbu3g1w7WbMDtxrIh4AaABAg,,FALSE
jhZEIJ8dFmQ,2021-07-16T10:49:34Z,373381,,739,Phthorimaea_absoluta,Spain,Insects,established,aparecido,Post-Introduction,Detection,Detection,2006,2006-06-01T12:00:00Z,comment,6319,0,UgyNQ-tFnQ5UKfzoQSR4AaABAg,,FALSE
jhZEIJ8dFmQ,2021-07-06T13:12:59Z,373381,,739,Phthorimaea_absoluta,Spain,Insects,established,visto,Post-Introduction,Detection,Detection,2006,2006-06-01T12:00:00Z,comment,6319,2,UgwvCNBHmzDD-rzIrX14AaABAg,,FALSE
jhZEIJ8dFmQ,2021-07-06T13:12:59Z,373381,,739,Phthorimaea_absoluta,Spain,Insects,established,visto,Post-Introduction,Detection,Detection,2006,2006-06-01T12:00:00Z,comment,6319,2,UgwvCNBHmzDD-rzIrX14AaABAg,,FALSE
jhZEIJ8dFmQ,2021-07-06T13:12:59Z,373381,,739,Phthorimaea_absoluta,Spain,Insects,established,descubrimiento,Post-Introduction,Detection,Detection,2006,2006-06-01T12:00:00Z,comment,6319,2,UgwvCNBHmzDD-rzIrX14AaABAg,,FALSE
jhZEIJ8dFmQ,2021-07-05T14:09:37Z,373381,,739,Phthorimaea_absoluta,Spain,Insects,established,descubrimiento,Post-Introduction,Detection,Detection,2006,2006-06-01T12:00:00Z,comment,6319,1,UgzPJ5qP58F9v_F21JF4AaABAg,,FALSE
jhZEIJ8dFmQ,2021-06-30T10:24:31Z,373381,,739,Phthorimaea_absoluta,Spain,Insects,established,controlo,Post-Introduction,Detection,Detection,2006,2006-06-01T12:00:00Z,comment,6319,0,Ugz7ezBdyy5yxZylfqx4AaABAg,,FALSE
jhZEIJ8dFmQ,2021-06-28T11:38:50Z,373381,,739,Phthorimaea_absoluta,Spain,Insects,established,visto,Post-Introduction,Detection,Detection,2006,2006-06-01T12:00:00Z,comment,6319,3,UgzqZX5ovV-dOmyo7H94AaABAg,,FALSE
jhZEIJ8dFmQ,2021-06-27T19:20:44Z,373381,,739,Phthorimaea_absoluta,Spain,Insects,established,plaga,Post-Introduction,Invasion,Invasion,2006,2006-06-01T12:00:00Z,comment,6319,0,UgyK5buBH2ZVoDYM7X54AaABAg,,FALSE
jhZEIJ8dFmQ,2023-05-04T09:13:57Z,373381,,739,Phthorimaea_absoluta,Spain,Insects,established,tienda,Post-Introduction,eCommerce,eCommerce,2006,2006-06-01T12:00:00Z,comment,6319,0,UgxU886pDKVfi0KIG4B4AaABAg.9pEmKSTnyM59pHiNUmuhuo,UgxU886pDKVfi0KIG4B4AaABAg,TRUE
jhZEIJ8dFmQ,2023-04-09T18:51:31Z,373381,,739,Phthorimaea_absoluta,Spain,Insects,established,aparecer,Post-Introduction,Detection,Detection,2006,2006-06-01T12:00:00Z,comment,6319,0,UgwUZ9FtkNOcH2HieV54AaABAg.9oG3BLbspBV9oINamOAQRI,UgwUZ9FtkNOcH2HieV54AaABAg,TRUE
jhZEIJ8dFmQ,2023-01-07T08:12:40Z,373381,,739,Phthorimaea_absoluta,Spain,Insects,established,comprar,Post-Introduction,eCommerce,eCommerce,2006,2006-06-01T12:00:00Z,comment,6319,1,UgzJAI9haP9eldx-M7J4AaABAg.9kNO42EbVfb9k_LMCwR2-k,UgzJAI9haP9eldx-M7J4AaABAg,TRUE
jhZEIJ8dFmQ,2022-10-31T21:47:57Z,373381,,739,Phthorimaea_absoluta,Spain,Insects,established,plaga,Post-Introduction,Invasion,Invasion,2006,2006-06-01T12:00:00Z,comment,6319,0,UgywMPSXYMffqRQZSp14AaABAg.9hottOI7oI69hrhb01i6_O,UgywMPSXYMffqRQZSp14AaABAg,TRUE
jhZEIJ8dFmQ,2022-10-31T21:47:57Z,373381,,739,Phthorimaea_absoluta,Spain,Insects,established,encontrado,Post-Introduction,Detection,Detection,2006,2006-06-01T12:00:00Z,comment,6319,0,UgywMPSXYMffqRQZSp14AaABAg.9hottOI7oI69hrhb01i6_O,UgywMPSXYMffqRQZSp14AaABAg,TRUE
jhZEIJ8dFmQ,2022-10-09T21:30:46Z,373381,,739,Phthorimaea_absoluta,Spain,Insects,established,observado,Post-Introduction,Detection,Detection,2006,2006-06-01T12:00:00Z,comment,6319,0,UgyzUSYncBYpcVN7NBh4AaABAg.9gvNH8pXdbw9gz18xvTRRO,UgyzUSYncBYpcVN7NBh4AaABAg,TRUE
jhZEIJ8dFmQ,2022-09-19T20:25:36Z,373381,,739,Phthorimaea_absoluta,Spain,Insects,established,plagas,Post-Introduction,Invasion,Invasion,2006,2006-06-01T12:00:00Z,comment,6319,0,Ugw-5UbRhWb6IktRMF54AaABAg.9g6sNKc7_E19gAPnAHyYHc,Ugw-5UbRhWb6IktRMF54AaABAg,TRUE
jhZEIJ8dFmQ,2022-08-12T17:50:40Z,373381,,739,Phthorimaea_absoluta,Spain,Insects,established,aparecer,Post-Introduction,Detection,Detection,2006,2006-06-01T12:00:00Z,comment,6319,1,Ugy5zvJyz7gmECjRZ3d4AaABAg.9ecxwBUnxMv9edHr5Hr69r,Ugy5zvJyz7gmECjRZ3d4AaABAg,TRUE
jhZEIJ8dFmQ,2022-08-07T21:56:58Z,373381,,739,Phthorimaea_absoluta,Spain,Insects,established,visto,Post-Introduction,Detection,Detection,2006,2006-06-01T12:00:00Z,comment,6319,1,Ugz-sOgF9fv_dKyZwwt4AaABAg.9eRCLpvhRjj9eRr3jS8n_l,Ugz-sOgF9fv_dKyZwwt4AaABAg,TRUE
jhZEIJ8dFmQ,2022-08-07T21:56:58Z,373381,,739,Phthorimaea_absoluta,Spain,Insects,established,visto,Post-Introduction,Detection,Detection,2006,2006-06-01T12:00:00Z,comment,6319,1,Ugz-sOgF9fv_dKyZwwt4AaABAg.9eRCLpvhRjj9eRr3jS8n_l,Ugz-sOgF9fv_dKyZwwt4AaABAg,TRUE
jhZEIJ8dFmQ,2022-07-30T21:32:32Z,373381,,739,Phthorimaea_absoluta,Spain,Insects,established,trampa,Post-Introduction,Detection,Detection,2006,2006-06-01T12:00:00Z,comment,6319,1,UgxsHLTiZeU4AV6oFZh4AaABAg.9e626wTFxPo9e7CuluCuRC,UgxsHLTiZeU4AV6oFZh4AaABAg,TRUE
jhZEIJ8dFmQ,2022-07-08T15:51:42Z,373381,,739,Phthorimaea_absoluta,Spain,Insects,established,comprar,Post-Introduction,eCommerce,eCommerce,2006,2006-06-01T12:00:00Z,comment,6319,0,Ugx_BHuBKRJIHhNQIdN4AaABAg.9d8Us3Y2oNT9dDxQAQtVV3,Ugx_BHuBKRJIHhNQIdN4AaABAg,TRUE
jhZEIJ8dFmQ,2022-06-28T21:29:30Z,373381,,739,Phthorimaea_absoluta,Spain,Insects,established,comprar,Post-Introduction,eCommerce,eCommerce,2006,2006-06-01T12:00:00Z,comment,6319,0,UgxJmCpMmwi4cW4d6OB4AaABAg.9cnHAyDd-hU9cpo7VPM77F,UgxJmCpMmwi4cW4d6OB4AaABAg,TRUE
jhZEIJ8dFmQ,2022-06-24T16:54:13Z,373381,,739,Phthorimaea_absoluta,Spain,Insects,established,plagas,Post-Introduction,Invasion,Invasion,2006,2006-06-01T12:00:00Z,comment,6319,1,UgylJlCYWH88rvlt9K94AaABAg.9cc3OJKHmzV9cf0RoLMZzf,UgylJlCYWH88rvlt9K94AaABAg,TRUE
jhZEIJ8dFmQ,2022-06-24T18:46:18Z,373381,,739,Phthorimaea_absoluta,Spain,Insects,established,nocivo,Post-Introduction,Threat,Threat,2006,2006-06-01T12:00:00Z,comment,6319,0,UgylJlCYWH88rvlt9K94AaABAg.9cc3OJKHmzV9cfDGkXwekh,UgylJlCYWH88rvlt9K94AaABAg,TRUE
jhZEIJ8dFmQ,2022-06-24T22:22:44Z,373381,,739,Phthorimaea_absoluta,Spain,Insects,established,nocivo,Post-Introduction,Threat,Threat,2006,2006-06-01T12:00:00Z,comment,6319,1,UgylJlCYWH88rvlt9K94AaABAg.9cc3OJKHmzV9cfb1vodtOs,UgylJlCYWH88rvlt9K94AaABAg,TRUE
jhZEIJ8dFmQ,2022-06-19T16:40:10Z,373381,,739,Phthorimaea_absoluta,Spain,Insects,established,visto,Post-Introduction,Detection,Detection,2006,2006-06-01T12:00:00Z,comment,6319,0,UgwGPoiF8hYU2Xvi_pB4AaABAg.9cQd9ZriPum9cT6rV3sSCC,UgwGPoiF8hYU2Xvi_pB4AaABAg,TRUE
jhZEIJ8dFmQ,2022-04-26T18:40:49Z,373381,,739,Phthorimaea_absoluta,Spain,Insects,established,riesgo,Post-Introduction,Threat,Threat,2006,2006-06-01T12:00:00Z,comment,6319,0,UgxdtZWPDWsffKH0Pll4AaABAg.9aFv06Pmy4K9aIHjud26yk,UgxdtZWPDWsffKH0Pll4AaABAg,TRUE
jhZEIJ8dFmQ,2022-04-26T18:40:49Z,373381,,739,Phthorimaea_absoluta,Spain,Insects,established,plagas,Post-Introduction,Invasion,Invasion,2006,2006-06-01T12:00:00Z,comment,6319,0,UgxdtZWPDWsffKH0Pll4AaABAg.9aFv06Pmy4K9aIHjud26yk,UgxdtZWPDWsffKH0Pll4AaABAg,TRUE
jhZEIJ8dFmQ,2022-04-26T18:40:49Z,373381,,739,Phthorimaea_absoluta,Spain,Insects,established,visto,Post-Introduction,Detection,Detection,2006,2006-06-01T12:00:00Z,comment,6319,0,UgxdtZWPDWsffKH0Pll4AaABAg.9aFv06Pmy4K9aIHjud26yk,UgxdtZWPDWsffKH0Pll4AaABAg,TRUE
jhZEIJ8dFmQ,2022-04-28T15:04:09Z,373381,,739,Phthorimaea_absoluta,Spain,Insects,established,plagas,Post-Introduction,Invasion,Invasion,2006,2006-06-01T12:00:00Z,comment,6319,0,UgxdtZWPDWsffKH0Pll4AaABAg.9aFv06Pmy4K9aN2XoCiKpb,UgxdtZWPDWsffKH0Pll4AaABAg,TRUE
jhZEIJ8dFmQ,2022-02-03T19:04:33Z,373381,,739,Phthorimaea_absoluta,Spain,Insects,established,aparecer,Post-Introduction,Detection,Detection,2006,2006-06-01T12:00:00Z,comment,6319,0,Ugxx-Ev91p_4AGY3n_h4AaABAg.9XyNOje5lVy9Y-BH1rXDOU,Ugxx-Ev91p_4AGY3n_h4AaABAg,TRUE
jhZEIJ8dFmQ,2021-08-02T20:38:33Z,373381,,739,Phthorimaea_absoluta,Spain,Insects,established,toxicidad,Post-Introduction,Threat,Threat,2006,2006-06-01T12:00:00Z,comment,6319,0,UgzJMsgj2KTQkmSzeI94AaABAg.9QU547keOlB9QYzyeX2ZeR,UgzJMsgj2KTQkmSzeI94AaABAg,TRUE
jhZEIJ8dFmQ,2021-07-28T21:27:30Z,373381,,739,Phthorimaea_absoluta,Spain,Insects,established,controlar,Post-Introduction,Detection,Detection,2006,2006-06-01T12:00:00Z,comment,6319,0,Ugzdb0qtUvNdcfNeVnx4AaABAg.9QLW9iiqjF69QMCajIbB7A,Ugzdb0qtUvNdcfNeVnx4AaABAg,TRUE
jhZEIJ8dFmQ,2021-07-29T17:31:21Z,373381,,739,Phthorimaea_absoluta,Spain,Insects,established,controlar,Post-Introduction,Detection,Detection,2006,2006-06-01T12:00:00Z,comment,6319,1,UgwksbueCkTJ0qasH_V4AaABAg.9QL7p3h8fJ39QOMN0QzEpq,UgwksbueCkTJ0qasH_V4AaABAg,TRUE
jhZEIJ8dFmQ,2021-07-22T21:43:36Z,373381,,739,Phthorimaea_absoluta,Spain,Insects,established,plaga,Post-Introduction,Invasion,Invasion,2006,2006-06-01T12:00:00Z,comment,6319,0,Ugzbu3g1w7WbMDtxrIh4AaABAg.9Q5JFr7WgGi9Q6mfN_Dn6x,Ugzbu3g1w7WbMDtxrIh4AaABAg,TRUE
jhZEIJ8dFmQ,2021-07-15T21:22:12Z,373381,,739,Phthorimaea_absoluta,Spain,Insects,established,aparecer,Post-Introduction,Detection,Detection,2006,2006-06-01T12:00:00Z,comment,6319,0,UgxhZHb5KRntrSQZRXR4AaABAg.9PinkOd9pR79PpieZoaJ6Q,UgxhZHb5KRntrSQZRXR4AaABAg,TRUE
jhZEIJ8dFmQ,2021-07-04T17:26:37Z,373381,,739,Phthorimaea_absoluta,Spain,Insects,established,dinero,Post-Introduction,eCommerce,eCommerce,2006,2006-06-01T12:00:00Z,comment,6319,0,UgwXsIFGL7tJImVhsxl4AaABAg.9PMz7XeiM2o9PNyxRklfjQ,UgwXsIFGL7tJImVhsxl4AaABAg,TRUE
jhZEIJ8dFmQ,2021-07-03T21:16:30Z,373381,,739,Phthorimaea_absoluta,Spain,Insects,established,controlar,Post-Introduction,Detection,Detection,2006,2006-06-01T12:00:00Z,comment,6319,1,UgyiteHWLjC7wg1ES8N4AaABAg.9PFXos0n19w9PLoTJhjkka,UgyiteHWLjC7wg1ES8N4AaABAg,TRUE
jhZEIJ8dFmQ,2021-07-03T21:16:30Z,373381,,739,Phthorimaea_absoluta,Spain,Insects,established,plagas,Post-Introduction,Invasion,Invasion,2006,2006-06-01T12:00:00Z,comment,6319,1,UgyiteHWLjC7wg1ES8N4AaABAg.9PFXos0n19w9PLoTJhjkka,UgyiteHWLjC7wg1ES8N4AaABAg,TRUE
jhZEIJ8dFmQ,2021-07-03T21:16:30Z,373381,,739,Phthorimaea_absoluta,Spain,Insects,established,plaga,Post-Introduction,Invasion,Invasion,2006,2006-06-01T12:00:00Z,comment,6319,1,UgyiteHWLjC7wg1ES8N4AaABAg.9PFXos0n19w9PLoTJhjkka,UgyiteHWLjC7wg1ES8N4AaABAg,TRUE
jhZEIJ8dFmQ,2021-07-02T17:31:27Z,373381,,739,Phthorimaea_absoluta,Spain,Insects,established,tienda,Post-Introduction,eCommerce,eCommerce,2006,2006-06-01T12:00:00Z,comment,6319,0,UgzElw1QzDUWN2Onhfl4AaABAg.9PCkDs5NiuN9PIpv7UJbOB,UgzElw1QzDUWN2Onhfl4AaABAg,TRUE
jhZEIJ8dFmQ,2021-06-28T17:03:20Z,373381,,739,Phthorimaea_absoluta,Spain,Insects,established,plaga,Post-Introduction,Invasion,Invasion,2006,2006-06-01T12:00:00Z,comment,6319,0,UgyK5buBH2ZVoDYM7X54AaABAg.9P69S66RGx69P8UWkkg4aE,UgyK5buBH2ZVoDYM7X54AaABAg,TRUE
jhZEIJ8dFmQ,2021-06-28T18:32:17Z,373381,,739,Phthorimaea_absoluta,Spain,Insects,established,controlar,Post-Introduction,Detection,Detection,2006,2006-06-01T12:00:00Z,comment,6319,0,UgyK5buBH2ZVoDYM7X54AaABAg.9P69S66RGx69P8dhCQUHq_,UgyK5buBH2ZVoDYM7X54AaABAg,TRUE
jhZEIJ8dFmQ,2021-06-28T18:32:17Z,373381,,739,Phthorimaea_absoluta,Spain,Insects,established,plaga,Post-Introduction,Invasion,Invasion,2006,2006-06-01T12:00:00Z,comment,6319,0,UgyK5buBH2ZVoDYM7X54AaABAg.9P69S66RGx69P8dhCQUHq_,UgyK5buBH2ZVoDYM7X54AaABAg,TRUE
l2RpW8btCVA,2025-10-11T20:52:57Z,19149,,7,Phthorimaea_absoluta,Spain,Insects,established,euros,Post-Introduction,eCommerce,eCommerce,2006,2006-06-01T12:00:00Z,comment,367,0,Ugy90i2KksrUKt_LjUN4AaABAg,,FALSE
l2RpW8btCVA,2025-10-11T20:52:57Z,19149,,7,Phthorimaea_absoluta,Spain,Insects,established,sobrepoblacion,Post-Introduction,Threat,Threat,2006,2006-06-01T12:00:00Z,comment,367,0,Ugy90i2KksrUKt_LjUN4AaABAg,,FALSE
l2RpW8btCVA,2025-10-11T20:52:57Z,19149,,7,Phthorimaea_absoluta,Spain,Insects,established,trampas,Post-Introduction,Detection,Detection,2006,2006-06-01T12:00:00Z,comment,367,0,Ugy90i2KksrUKt_LjUN4AaABAg,,FALSE
l2RpW8btCVA,2025-10-11T20:52:57Z,19149,,7,Phthorimaea_absoluta,Spain,Insects,established,riesgo,Post-Introduction,Threat,Threat,2006,2006-06-01T12:00:00Z,comment,367,0,Ugy90i2KksrUKt_LjUN4AaABAg,,FALSE
l2RpW8btCVA,2025-07-04T18:51:29Z,19149,,7,Phthorimaea_absoluta,Spain,Insects,established,controlo,Post-Introduction,Detection,Detection,2006,2006-06-01T12:00:00Z,comment,367,0,UgxGk9KCBTEKrjbVwcd4AaABAg,,FALSE
l2RpW8btCVA,2025-07-04T16:58:14Z,19149,,7,Phthorimaea_absoluta,Spain,Insects,established,comprar,Post-Introduction,eCommerce,eCommerce,2006,2006-06-01T12:00:00Z,comment,367,1,UgxRESHtxS9U3M1KMqx4AaABAg,,FALSE
l2RpW8btCVA,2025-10-12T17:00:15Z,19149,,7,Phthorimaea_absoluta,Spain,Insects,established,vender,Post-Introduction,eCommerce,eCommerce,2006,2006-06-01T12:00:00Z,comment,367,0,UgxRESHtxS9U3M1KMqx4AaABAg.AK9t4uuwpjNAOBNoEpdDph,UgxRESHtxS9U3M1KMqx4AaABAg,TRUE
l2RpW8btCVA,2025-10-12T17:00:15Z,19149,,7,Phthorimaea_absoluta,Spain,Insects,established,comprado,Post-Introduction,eCommerce,eCommerce,2006,2006-06-01T12:00:00Z,comment,367,0,UgxRESHtxS9U3M1KMqx4AaABAg.AK9t4uuwpjNAOBNoEpdDph,UgxRESHtxS9U3M1KMqx4AaABAg,TRUE
l2RpW8btCVA,2025-10-12T17:00:15Z,19149,,7,Phthorimaea_absoluta,Spain,Insects,established,riesgo,Post-Introduction,Threat,Threat,2006,2006-06-01T12:00:00Z,comment,367,0,UgxRESHtxS9U3M1KMqx4AaABAg.AK9t4uuwpjNAOBNoEpdDph,UgxRESHtxS9U3M1KMqx4AaABAg,TRUE
l2RpW8btCVA,2025-10-12T17:00:15Z,19149,,7,Phthorimaea_absoluta,Spain,Insects,established,comprar,Post-Introduction,eCommerce,eCommerce,2006,2006-06-01T12:00:00Z,comment,367,0,UgxRESHtxS9U3M1KMqx4AaABAg.AK9t4uuwpjNAOBNoEpdDph,UgxRESHtxS9U3M1KMqx4AaABAg,TRUE
l2RpW8btCVA,2025-10-12T17:00:15Z,19149,,7,Phthorimaea_absoluta,Spain,Insects,established,controlar,Post-Introduction,Detection,Detection,2006,2006-06-01T12:00:00Z,comment,367,0,UgxRESHtxS9U3M1KMqx4AaABAg.AK9t4uuwpjNAOBNoEpdDph,UgxRESHtxS9U3M1KMqx4AaABAg,TRUE
l2RpW8btCVA,2025-10-12T17:00:15Z,19149,,7,Phthorimaea_absoluta,Spain,Insects,established,plaga,Post-Introduction,Invasion,Invasion,2006,2006-06-01T12:00:00Z,comment,367,0,UgxRESHtxS9U3M1KMqx4AaABAg.AK9t4uuwpjNAOBNoEpdDph,UgxRESHtxS9U3M1KMqx4AaABAg,TRUE
7dR6dO7ugcQ,2017-06-07T18:44:16Z,7333,,3,Phthorimaea_absoluta,Spain,Insects,established,comprar,Post-Introduction,eCommerce,eCommerce,2006,2006-06-01T12:00:00Z,comment,13,0,UghCYL7PFIBcCXgCoAEC,,FALSE
PXfmtp6dNhw,2024-08-04T05:59:05Z,7672,,11,Phthorimaea_absoluta,Spain,Insects,established,visto,Post-Introduction,Detection,Detection,2006,2006-06-01T12:00:00Z,comment,89,0,UgzESeTCf-SdlkEo_l94AaABAg,,FALSE
PXfmtp6dNhw,2023-09-13T18:29:53Z,7672,,11,Phthorimaea_absoluta,Spain,Insects,established,trampes,Post-Introduction,Detection,Detection,2006,2006-06-01T12:00:00Z,comment,89,1,UgzIc7xU8DKEujUCdoV4AaABAg,,FALSE
PXfmtp6dNhw,2023-09-13T18:34:36Z,7672,,11,Phthorimaea_absoluta,Spain,Insects,established,trampes,Post-Introduction,Detection,Detection,2006,2006-06-01T12:00:00Z,comment,89,0,UgzIc7xU8DKEujUCdoV4AaABAg.9ubavgZuAih9ubbTAAdHAf,UgzIc7xU8DKEujUCdoV4AaABAg,TRUE
bW7obi6Y_pw,2023-09-07T03:53:14Z,579,,1,Phthorimaea_absoluta,Spain,Insects,established,trampa,Post-Introduction,Detection,Detection,2006,2006-06-01T12:00:00Z,comment,4,0,UgwBAI9D2IKCdagk-0l4AaABAg,,FALSE
WjhLknmrKUQ,2024-06-18T16:35:59Z,6671,,1,Phthorimaea_absoluta,Spain,Insects,established,comprar,Post-Introduction,eCommerce,eCommerce,2006,2006-06-01T12:00:00Z,comment,30,0,Ugzvpl5-lcG8veUhq_14AaABAg,,FALSE
S_csRMvnUqU,2024-06-05T05:23:56Z,21860,,73,Phthorimaea_absoluta,Spain,Insects,established,visto,Post-Introduction,Detection,Detection,2006,2006-06-01T12:00:00Z,comment,618,1,UgxBJ1FCo9XVvTQffsR4AaABAg,,FALSE
S_csRMvnUqU,2024-05-22T19:11:28Z,21860,,73,Phthorimaea_absoluta,Spain,Insects,established,comprar,Post-Introduction,eCommerce,eCommerce,2006,2006-06-01T12:00:00Z,comment,618,1,UgwpGGDB8mS7V6Q8KGN4AaABAg,,FALSE
S_csRMvnUqU,2024-05-22T19:11:28Z,21860,,73,Phthorimaea_absoluta,Spain,Insects,established,barato,Post-Introduction,eCommerce,eCommerce,2006,2006-06-01T12:00:00Z,comment,618,1,UgwpGGDB8mS7V6Q8KGN4AaABAg,,FALSE
S_csRMvnUqU,2024-05-22T14:52:45Z,21860,,73,Phthorimaea_absoluta,Spain,Insects,established,descubierto,Post-Introduction,Detection,Detection,2006,2006-06-01T12:00:00Z,comment,618,3,Ugz1zE304pMIOQTK9-V4AaABAg,,FALSE
S_csRMvnUqU,2024-05-22T14:52:45Z,21860,,73,Phthorimaea_absoluta,Spain,Insects,established,comprado,Post-Introduction,eCommerce,eCommerce,2006,2006-06-01T12:00:00Z,comment,618,3,Ugz1zE304pMIOQTK9-V4AaABAg,,FALSE
S_csRMvnUqU,2024-05-20T11:17:07Z,21860,,73,Phthorimaea_absoluta,Spain,Insects,established,trampas,Post-Introduction,Detection,Detection,2006,2006-06-01T12:00:00Z,comment,618,0,UgyK6sPHf-B-x0wX7Wp4AaABAg,,FALSE
S_csRMvnUqU,2024-05-20T04:20:05Z,21860,,73,Phthorimaea_absoluta,Spain,Insects,established,plagas,Post-Introduction,Invasion,Invasion,2006,2006-06-01T12:00:00Z,comment,618,1,Ugxm64YW1MIWvhE8Nax4AaABAg,,FALSE
S_csRMvnUqU,2024-05-19T14:08:44Z,21860,,73,Phthorimaea_absoluta,Spain,Insects,established,plaga,Post-Introduction,Invasion,Invasion,2006,2006-06-01T12:00:00Z,comment,618,5,Ugw9Flwpe1ZboxUGtEZ4AaABAg,,FALSE
S_csRMvnUqU,2024-05-19T12:19:47Z,21860,,73,Phthorimaea_absoluta,Spain,Insects,established,visto,Post-Introduction,Detection,Detection,2006,2006-06-01T12:00:00Z,comment,618,0,UgzqAcyO1uSWIrwE4OF4AaABAg,,FALSE
S_csRMvnUqU,2025-05-28T04:53:46Z,21860,,73,Phthorimaea_absoluta,Spain,Insects,established,compre,Post-Introduction,eCommerce,eCommerce,2006,2006-06-01T12:00:00Z,comment,618,1,UgwqrwkveztLxvtz5Td4AaABAg.AIdYJH5leb-AIeJlM1HnCf,UgwqrwkveztLxvtz5Td4AaABAg,TRUE
S_csRMvnUqU,2024-05-23T17:06:08Z,21860,,73,Phthorimaea_absoluta,Spain,Insects,established,caro,Post-Introduction,eCommerce,eCommerce,2006,2006-06-01T12:00:00Z,comment,618,0,UgwpGGDB8mS7V6Q8KGN4AaABAg.A3kZ-dpgBpIA3muSauzm0y,UgwpGGDB8mS7V6Q8KGN4AaABAg,TRUE
S_csRMvnUqU,2024-05-23T17:06:08Z,21860,,73,Phthorimaea_absoluta,Spain,Insects,established,registro,Post-Introduction,Detection,Detection,2006,2006-06-01T12:00:00Z,comment,618,0,UgwpGGDB8mS7V6Q8KGN4AaABAg.A3kZ-dpgBpIA3muSauzm0y,UgwpGGDB8mS7V6Q8KGN4AaABAg,TRUE
S_csRMvnUqU,2024-05-24T13:29:37Z,21860,,73,Phthorimaea_absoluta,Spain,Insects,established,registro,Post-Introduction,Detection,Detection,2006,2006-06-01T12:00:00Z,comment,618,0,UgwpGGDB8mS7V6Q8KGN4AaABAg.A3kZ-dpgBpIA3p5Tg89-K3,UgwpGGDB8mS7V6Q8KGN4AaABAg,TRUE
_nGqGgE4gqw,2024-08-14T21:01:02Z,2953,,1,Phthorimaea_absoluta,Spain,Insects,established,precio,Post-Introduction,eCommerce,eCommerce,2006,2006-06-01T12:00:00Z,comment,11,0,Ugzpzs2ZIifajAMPe4t4AaABAg,,FALSE
jFTODiz7VHQ,2022-04-23T19:51:24Z,41580,,8,Phthorimaea_absoluta,Spain,Insects,established,barato,Post-Introduction,eCommerce,eCommerce,2006,2006-06-01T12:00:00Z,comment,153,0,UgxbalrcXUbe0a6Un8h4AaABAg,,FALSE
jFTODiz7VHQ,2016-10-28T08:14:53Z,41580,,8,Phthorimaea_absoluta,Spain,Insects,established,plaga,Post-Introduction,Invasion,Invasion,2006,2006-06-01T12:00:00Z,comment,153,2,Ugg3zyDdASYZuXgCoAEC.89PDXnk2w_08KZsVDvCQfD,Ugg3zyDdASYZuXgCoAEC,TRUE
tcTKbk65Da4,2025-08-25T13:07:01Z,3743,,6,Phthorimaea_absoluta,Spain,Insects,established,trampas,Post-Introduction,Detection,Detection,2006,2006-06-01T12:00:00Z,comment,191,0,Ugxmin13h8LuUneINjN4AaABAg,,FALSE
z1buHXWCf4U,2019-07-21T10:56:39Z,1090,,1,Phthorimaea_absoluta,Spain,Insects,established,controlar,Post-Introduction,Detection,Detection,2006,2006-06-01T12:00:00Z,comment,6,1,UgyQbJhf8haPIVI8rlB4AaABAg,,FALSE
elKk2jK395w,2019-08-16T14:52:51Z,430,,8,Phthorimaea_absoluta,Spain,Insects,established,visto,Post-Introduction,Detection,Detection,2006,2006-06-01T12:00:00Z,comment,19,0,UgwuLo0LXYpaDEll1CV4AaABAg,,FALSE
elKk2jK395w,2019-08-16T14:17:27Z,430,,8,Phthorimaea_absoluta,Spain,Insects,established,caro,Post-Introduction,eCommerce,eCommerce,2006,2006-06-01T12:00:00Z,comment,19,1,UgzCS96qiQk5AV7uFYJ4AaABAg,,FALSE
QjqtOobIgV0,2025-05-07T20:04:51Z,1655,,17,Phytophthora_citricola,Spain,"Bacteria, Viruses, Fungi",established,riesgo,Post-Introduction,Threat,Threat,2006,2006-06-01T12:00:00Z,comment,124,0,UgzWrn3kTngn1bYuCzZ4AaABAg.AHlm_SN5S9ZAHpsKvfd-PD,UgzWrn3kTngn1bYuCzZ4AaABAg,TRUE
vvCXMTyKqF8,2024-11-16T07:42:38Z,20097,,49,Phytophthora_citricola,Spain,"Bacteria, Viruses, Fungi",established,dinero,Post-Introduction,eCommerce,eCommerce,2006,2006-06-01T12:00:00Z,comment,513,4,UgxtvOYSFFkejR0CHrV4AaABAg,,FALSE
vvCXMTyKqF8,2024-11-16T07:42:38Z,20097,,49,Phytophthora_citricola,Spain,"Bacteria, Viruses, Fungi",established,comprar,Post-Introduction,eCommerce,eCommerce,2006,2006-06-01T12:00:00Z,comment,513,4,UgxtvOYSFFkejR0CHrV4AaABAg,,FALSE
vvCXMTyKqF8,2024-11-16T06:54:45Z,20097,,49,Phytophthora_citricola,Spain,"Bacteria, Viruses, Fungi",established,visto,Post-Introduction,Detection,Detection,2006,2006-06-01T12:00:00Z,comment,513,3,UgyMo-4KlYEY-nQnOo94AaABAg,,FALSE
vvCXMTyKqF8,2024-11-16T06:54:45Z,20097,,49,Phytophthora_citricola,Spain,"Bacteria, Viruses, Fungi",established,comprar,Post-Introduction,eCommerce,eCommerce,2006,2006-06-01T12:00:00Z,comment,513,3,UgyMo-4KlYEY-nQnOo94AaABAg,,FALSE
vvCXMTyKqF8,2024-11-16T06:54:45Z,20097,,49,Phytophthora_citricola,Spain,"Bacteria, Viruses, Fungi",established,barato,Post-Introduction,eCommerce,eCommerce,2006,2006-06-01T12:00:00Z,comment,513,3,UgyMo-4KlYEY-nQnOo94AaABAg,,FALSE
vvCXMTyKqF8,2024-11-15T21:45:28Z,20097,,49,Phytophthora_citricola,Spain,"Bacteria, Viruses, Fungi",established,prohibido,Post-Introduction,eCommerce,eCommerce,2006,2006-06-01T12:00:00Z,comment,513,1,Ugz1VoscFXgNXSG11ZF4AaABAg,,FALSE
vvCXMTyKqF8,2024-11-15T22:10:21Z,20097,,49,Phytophthora_citricola,Spain,"Bacteria, Viruses, Fungi",established,prohibido,Post-Introduction,eCommerce,eCommerce,2006,2006-06-01T12:00:00Z,comment,513,0,Ugz1VoscFXgNXSG11ZF4AaABAg.AAsaKZY_ikKAAsdAoprKTm,Ugz1VoscFXgNXSG11ZF4AaABAg,TRUE
7zbr6l3zInQ,2024-10-25T16:34:19Z,17461,,43,Phytophthora_citricola,Spain,"Bacteria, Viruses, Fungi",established,vender,Post-Introduction,eCommerce,eCommerce,2006,2006-06-01T12:00:00Z,comment,333,0,UgxXExjOoHuBn1r10Tt4AaABAg,,FALSE
7zbr6l3zInQ,2024-10-21T13:10:23Z,17461,,43,Phytophthora_citricola,Spain,"Bacteria, Viruses, Fungi",established,vist,Post-Introduction,Detection,Detection,2006,2006-06-01T12:00:00Z,comment,333,2,UgzeBkmQDfAwKLkBtZ94AaABAg,,FALSE
7zbr6l3zInQ,2024-10-24T21:00:38Z,17461,,43,Phytophthora_citricola,Spain,"Bacteria, Viruses, Fungi",established,afectando,Post-Introduction,Invasion,Invasion,2006,2006-06-01T12:00:00Z,comment,333,0,UgzGQFw7O1tim0yUmqB4AaABAg.A9rUAMiV4BiA9zrhuRplEr,UgzGQFw7O1tim0yUmqB4AaABAg,TRUE
7zbr6l3zInQ,2024-10-22T13:58:54Z,17461,,43,Phytophthora_citricola,Spain,"Bacteria, Viruses, Fungi",established,prohibido,Post-Introduction,eCommerce,eCommerce,2006,2006-06-01T12:00:00Z,comment,333,0,UgxXIkxAvC_kF_9-l1R4AaABAg.A9rOBnpoChnA9txrDziU8Y,UgxXIkxAvC_kF_9-l1R4AaABAg,TRUE
g2tWkifag7k,2025-11-20T00:52:57Z,639,,1,Pionites_melanocephalus,Spain,Birds,alien,cara,Post-Introduction,eCommerce,eCommerce,2007,2007-06-01T12:00:00Z,comment,12,0,UgwU8MJkb4jzsiywLuF4AaABAg,,FALSE
bAsaLpowKxw,2022-04-29T19:03:04Z,1689,,22,Pionites_melanocephalus,Spain,Birds,alien,euros,Post-Introduction,eCommerce,eCommerce,2007,2007-06-01T12:00:00Z,comment,65,1,Ugy5lTYKOBTg64NT-fF4AaABAg.9aNBvacmkht9aQ2fWtcTfz,Ugy5lTYKOBTg64NT-fF4AaABAg,TRUE
bAsaLpowKxw,2022-04-29T19:18:46Z,1689,,22,Pionites_melanocephalus,Spain,Birds,alien,euros,Post-Introduction,eCommerce,eCommerce,2007,2007-06-01T12:00:00Z,comment,65,0,Ugy5lTYKOBTg64NT-fF4AaABAg.9aNBvacmkht9aQ4TUwjeCb,Ugy5lTYKOBTg64NT-fF4AaABAg,TRUE
bAsaLpowKxw,2022-04-29T19:18:46Z,1689,,22,Pionites_melanocephalus,Spain,Birds,alien,visto,Post-Introduction,Detection,Detection,2007,2007-06-01T12:00:00Z,comment,65,0,Ugy5lTYKOBTg64NT-fF4AaABAg.9aNBvacmkht9aQ4TUwjeCb,Ugy5lTYKOBTg64NT-fF4AaABAg,TRUE
L9KGOBrvjGg,2023-06-28T14:25:52Z,92,,1,Pionites_melanocephalus,Spain,Birds,alien,tienda,Post-Introduction,eCommerce,eCommerce,2007,2007-06-01T12:00:00Z,comment,1,0,UgznKmJL0_VlQG3he-94AaABAg,,FALSE
toYQUIl2ItI,2023-04-03T04:00:47Z,225243,,72,Platycerium_bifurcatum,Madeira,Plants,established,encontre,Post-Introduction,Detection,Detection,2017,2017-06-01T12:00:00Z,comment,2101,0,UgzLGnu98YLWK7Z7Kg54AaABAg,,FALSE
toYQUIl2ItI,2021-02-07T23:48:43Z,225243,,72,Platycerium_bifurcatum,Madeira,Plants,established,visto,Post-Introduction,Detection,Detection,2017,2017-06-01T12:00:00Z,comment,2101,3,Ugwfcj9AJC8l-xpgJpF4AaABAg,,FALSE
toYQUIl2ItI,2020-06-14T22:28:37Z,225243,,72,Platycerium_bifurcatum,Madeira,Plants,established,comprar,Post-Introduction,eCommerce,eCommerce,2017,2017-06-01T12:00:00Z,comment,2101,1,UgxQlkN7t1kHg99BNDN4AaABAg,,FALSE
toYQUIl2ItI,2020-06-12T16:42:58Z,225243,,72,Platycerium_bifurcatum,Madeira,Plants,established,comprar,Post-Introduction,eCommerce,eCommerce,2017,2017-06-01T12:00:00Z,comment,2101,0,UgwkS6sZHG0h21QVV3l4AaABAg.979hXvhjZfe99oPK5gfs3t,UgwkS6sZHG0h21QVV3l4AaABAg,TRUE
MhPn8yG2EcU,2022-09-26T13:50:43Z,306,,5,Platycerium_bifurcatum,Madeira,Plants,established,venta,Post-Introduction,eCommerce,eCommerce,2017,2017-06-01T12:00:00Z,comment,14,0,UgwWFZMKmYHtygmwmMh4AaABAg,,FALSE
8LwXrabABEc,2022-02-12T15:56:41Z,19958,,40,Platycerium_bifurcatum,Madeira,Plants,established,compre,Post-Introduction,eCommerce,eCommerce,2017,2017-06-01T12:00:00Z,comment,1036,0,UgwqHcNVpsWqUSjo40B4AaABAg,,FALSE
vNdqp3dtCS0,2022-04-08T16:21:36Z,29534,,34,Platycerium_bifurcatum,Madeira,Plants,established,visto,Post-Introduction,Detection,Detection,2017,2017-06-01T12:00:00Z,comment,372,0,Ugz5lieveME0kYqEE-x4AaABAg,,FALSE
vNdqp3dtCS0,2021-06-22T02:09:30Z,29534,,34,Platycerium_bifurcatum,Madeira,Plants,established,plaga,Post-Introduction,Invasion,Invasion,2017,2017-06-01T12:00:00Z,comment,372,1,UgzcS6wNzIR2vRk8PW14AaABAg,,FALSE
vNdqp3dtCS0,2021-04-23T10:28:57Z,29534,,34,Platycerium_bifurcatum,Madeira,Plants,established,comprado,Post-Introduction,eCommerce,eCommerce,2017,2017-06-01T12:00:00Z,comment,372,0,UgzJRjS9EamMM9HMx4N4AaABAg,,FALSE
vNdqp3dtCS0,2022-08-21T10:01:47Z,29534,,34,Platycerium_bifurcatum,Madeira,Plants,established,acuarios,Post-Introduction,eCommerce,eCommerce,2017,2017-06-01T12:00:00Z,comment,372,2,UgxnSkRsSdAquP3W1j94AaABAg.9eysxgOh_pQ9ezcLkGO1cO,UgxnSkRsSdAquP3W1j94AaABAg,TRUE
vNdqp3dtCS0,2020-10-24T23:14:01Z,29534,,34,Platycerium_bifurcatum,Madeira,Plants,established,compre,Post-Introduction,eCommerce,eCommerce,2017,2017-06-01T12:00:00Z,comment,372,0,UgzjfxbKbTp6Kxc_7q54AaABAg.96GrpIx9IkZ9FD8aXIylMK,UgzjfxbKbTp6Kxc_7q54AaABAg,TRUE
EY6ZTVfIxYM,2023-02-27T22:53:06Z,1979,,7,Platycerium_bifurcatum,Madeira,Plants,established,terrario,Post-Introduction,eCommerce,eCommerce,2017,2017-06-01T12:00:00Z,comment,24,1,UgwN-wDQMF7Uhd_wnNV4AaABAg,,FALSE
EY6ZTVfIxYM,2023-02-28T11:41:33Z,1979,,7,Platycerium_bifurcatum,Madeira,Plants,established,visto,Post-Introduction,Detection,Detection,2017,2017-06-01T12:00:00Z,comment,24,0,UgwN-wDQMF7Uhd_wnNV4AaABAg.9meEeECzHLr9mfbaeRZpD1,UgwN-wDQMF7Uhd_wnNV4AaABAg,TRUE
rdSjlLAiGZw,2020-08-05T16:57:12Z,54325,,55,Platycerium_bifurcatum,Madeira,Plants,established,encontre,Post-Introduction,Detection,Detection,2017,2017-06-01T12:00:00Z,comment,549,6,UgxvQTiA_rhRcBmCMa54AaABAg,,FALSE
rdSjlLAiGZw,2020-08-05T16:57:12Z,54325,,55,Platycerium_bifurcatum,Madeira,Plants,established,encontre,Post-Introduction,Detection,Detection,2017,2017-06-01T12:00:00Z,comment,549,6,UgxvQTiA_rhRcBmCMa54AaABAg,,FALSE
rdSjlLAiGZw,2020-08-05T16:57:12Z,54325,,55,Platycerium_bifurcatum,Madeira,Plants,established,encontre,Post-Introduction,Detection,Detection,2017,2017-06-01T12:00:00Z,comment,549,6,UgxvQTiA_rhRcBmCMa54AaABAg,,FALSE
rdSjlLAiGZw,2022-08-25T04:29:26Z,54325,,55,Platycerium_bifurcatum,Madeira,Plants,established,compre,Post-Introduction,eCommerce,eCommerce,2017,2017-06-01T12:00:00Z,comment,549,0,UgwD4YGrvklGhMKq4qN4AaABAg.9GerwtU4AI29f8KV5TudgR,UgwD4YGrvklGhMKq4qN4AaABAg,TRUE
U7iDuqWUfs4,2025-10-27T03:03:21Z,18035,,29,Platycerium_bifurcatum,Madeira,Plants,established,compre,Post-Introduction,eCommerce,eCommerce,2017,2017-06-01T12:00:00Z,comment,272,2,UgwvRalYF5Obcklny3l4AaABAg,,FALSE
U7iDuqWUfs4,2020-05-05T15:51:10Z,18035,,29,Platycerium_bifurcatum,Madeira,Plants,established,compre,Post-Introduction,eCommerce,eCommerce,2017,2017-06-01T12:00:00Z,comment,272,1,Ugz5bfnbwTBVJ_9hZIp4AaABAg,,FALSE
U7iDuqWUfs4,2019-02-10T02:13:19Z,18035,,29,Platycerium_bifurcatum,Madeira,Plants,established,exotica,Post-Introduction,Invasion,Invasion,2017,2017-06-01T12:00:00Z,comment,272,1,Ugz3D-MzxAbx706K_mp4AaABAg.8r8VjiMGyyX8r9HsaauECV,Ugz3D-MzxAbx706K_mp4AaABAg,TRUE
-kihkq7jHJw,2023-11-22T00:47:23Z,22222,,22,Platycerium_bifurcatum,Madeira,Plants,established,precio,Post-Introduction,eCommerce,eCommerce,2017,2017-06-01T12:00:00Z,comment,497,0,UgzvjrBO7WMpEEV2fkp4AaABAg,,FALSE
-kihkq7jHJw,2021-07-09T23:44:43Z,22222,,22,Platycerium_bifurcatum,Madeira,Plants,established,compre,Post-Introduction,eCommerce,eCommerce,2017,2017-06-01T12:00:00Z,comment,497,1,Ugxfo87ape663BS67_Z4AaABAg,,FALSE
-kihkq7jHJw,2021-05-17T17:58:32Z,22222,,22,Platycerium_bifurcatum,Madeira,Plants,established,terrario,Post-Introduction,eCommerce,eCommerce,2017,2017-06-01T12:00:00Z,comment,497,0,Ugx8uco6QGvB-vCAuEt4AaABAg.9NSPynGSPNy9NSRSFMhfKo,Ugx8uco6QGvB-vCAuEt4AaABAg,TRUE
-kihkq7jHJw,2021-05-17T18:14:04Z,22222,,22,Platycerium_bifurcatum,Madeira,Plants,established,terrario,Post-Introduction,eCommerce,eCommerce,2017,2017-06-01T12:00:00Z,comment,497,0,Ugx8uco6QGvB-vCAuEt4AaABAg.9NSPynGSPNy9NSTDzc6FxO,Ugx8uco6QGvB-vCAuEt4AaABAg,TRUE
j3mLuCpMq8E,2025-07-30T17:13:42Z,197,,5,Platycerium_bifurcatum,Madeira,Plants,established,alien,Post-Introduction,Invasion,Invasion,2017,2017-06-01T12:00:00Z,comment,8,0,UgyjF_gNrtBwdMRTIQt4AaABAg,,FALSE
j3mLuCpMq8E,2025-05-19T17:47:37Z,197,,5,Platycerium_bifurcatum,Madeira,Plants,established,alien,Post-Introduction,Invasion,Invasion,2017,2017-06-01T12:00:00Z,comment,8,0,Ugxcw2Yx17E0xJ1Ft0F4AaABAg,,FALSE
d-VectV2fgY,2015-05-18T02:16:51Z,34766,,26,Pomacea_maculata,Spain,Non-arthropod invertebrates,established,acuario,Post-Introduction,eCommerce,eCommerce,2009,2009-06-01T12:00:00Z,comment,102,0,Ugie97ddWkeiiHgCoAEC,,FALSE
d-VectV2fgY,2013-11-26T18:15:51Z,34766,,26,Pomacea_maculata,Spain,Non-arthropod invertebrates,established,pecera,Post-Introduction,eCommerce,eCommerce,2009,2009-06-01T12:00:00Z,comment,102,1,Ugj3zUH-LSFr-HgCoAEC,,FALSE
d-VectV2fgY,2013-09-09T21:48:17Z,34766,,26,Pomacea_maculata,Spain,Non-arthropod invertebrates,established,costo,Post-Introduction,eCommerce,eCommerce,2009,2009-06-01T12:00:00Z,comment,102,0,UgyGal8SaoLagkV1DC94AaABAg,,FALSE
d-VectV2fgY,2015-05-23T12:24:26Z,34766,,26,Pomacea_maculata,Spain,Non-arthropod invertebrates,established,prohibida,Post-Introduction,eCommerce,eCommerce,2009,2009-06-01T12:00:00Z,comment,102,0,UghkmkoJaJBu3HgCoAEC.8-V2r79yue97-H1DSSbhmc,UghkmkoJaJBu3HgCoAEC,TRUE
d-VectV2fgY,2015-06-12T23:18:19Z,34766,,26,Pomacea_maculata,Spain,Non-arthropod invertebrates,established,acuario,Post-Introduction,eCommerce,eCommerce,2009,2009-06-01T12:00:00Z,comment,102,0,Ugie97ddWkeiiHgCoAEC.8-H6002CyrF70JdnHP_qZY,Ugie97ddWkeiiHgCoAEC,TRUE
vSN8HvKwz_4,2020-07-24T14:09:25Z,59737,,165,Primolius_maracana,Spain,Birds,alien,compra,Post-Introduction,eCommerce,eCommerce,2007,2007-06-01T12:00:00Z,comment,1064,1,UgzHnSe-lXzT4g7Xgth4AaABAg,,FALSE
vSN8HvKwz_4,2017-05-16T09:47:45Z,59737,,165,Primolius_maracana,Spain,Birds,alien,comprei,Post-Introduction,eCommerce,eCommerce,2007,2007-06-01T12:00:00Z,comment,1064,1,Ugia3fYp_-S3qngCoAEC,,FALSE
vSN8HvKwz_4,2017-05-16T09:47:45Z,59737,,165,Primolius_maracana,Spain,Birds,alien,loja,Post-Introduction,eCommerce,eCommerce,2007,2007-06-01T12:00:00Z,comment,1064,1,Ugia3fYp_-S3qngCoAEC,,FALSE
vSN8HvKwz_4,2017-05-16T09:47:45Z,59737,,165,Primolius_maracana,Spain,Birds,alien,aquarios,Post-Introduction,eCommerce,eCommerce,2007,2007-06-01T12:00:00Z,comment,1064,1,Ugia3fYp_-S3qngCoAEC,,FALSE
vSN8HvKwz_4,2017-05-16T09:47:45Z,59737,,165,Primolius_maracana,Spain,Birds,alien,comprei,Post-Introduction,eCommerce,eCommerce,2007,2007-06-01T12:00:00Z,comment,1064,1,Ugia3fYp_-S3qngCoAEC,,FALSE
vSN8HvKwz_4,2017-05-16T09:47:45Z,59737,,165,Primolius_maracana,Spain,Birds,alien,gaiola,Post-Introduction,eCommerce,eCommerce,2007,2007-06-01T12:00:00Z,comment,1064,1,Ugia3fYp_-S3qngCoAEC,,FALSE
vSN8HvKwz_4,2017-05-16T09:47:45Z,59737,,165,Primolius_maracana,Spain,Birds,alien,gaiola,Post-Introduction,eCommerce,eCommerce,2007,2007-06-01T12:00:00Z,comment,1064,1,Ugia3fYp_-S3qngCoAEC,,FALSE
vSN8HvKwz_4,2016-06-05T22:22:50Z,59737,,165,Primolius_maracana,Spain,Birds,alien,compre,Post-Introduction,eCommerce,eCommerce,2007,2007-06-01T12:00:00Z,comment,1064,0,Ughisnj6uzChjngCoAEC,,FALSE
vSN8HvKwz_4,2016-06-05T22:22:50Z,59737,,165,Primolius_maracana,Spain,Birds,alien,visto,Post-Introduction,Detection,Detection,2007,2007-06-01T12:00:00Z,comment,1064,0,Ughisnj6uzChjngCoAEC,,FALSE
vSN8HvKwz_4,2016-06-05T13:50:22Z,59737,,165,Primolius_maracana,Spain,Birds,alien,adoptado,Post-Introduction,eCommerce,eCommerce,2007,2007-06-01T12:00:00Z,comment,1064,0,UgjxGzYpsebUD3gCoAEC,,FALSE
vSN8HvKwz_4,2016-06-04T15:09:00Z,59737,,165,Primolius_maracana,Spain,Birds,alien,visto,Post-Introduction,Detection,Detection,2007,2007-06-01T12:00:00Z,comment,1064,0,Ugi3pKYy8iNEVHgCoAEC,,FALSE
vSN8HvKwz_4,2016-06-04T15:09:00Z,59737,,165,Primolius_maracana,Spain,Birds,alien,pajareria,Post-Introduction,eCommerce,eCommerce,2007,2007-06-01T12:00:00Z,comment,1064,0,Ugi3pKYy8iNEVHgCoAEC,,FALSE
vSN8HvKwz_4,2016-06-04T15:09:00Z,59737,,165,Primolius_maracana,Spain,Birds,alien,caro,Post-Introduction,eCommerce,eCommerce,2007,2007-06-01T12:00:00Z,comment,1064,0,Ugi3pKYy8iNEVHgCoAEC,,FALSE
vSN8HvKwz_4,2016-05-21T22:28:21Z,59737,,165,Primolius_maracana,Spain,Birds,alien,peligro,Post-Introduction,Threat,Threat,2007,2007-06-01T12:00:00Z,comment,1064,0,UggT7aFA3MO0pXgCoAEC,,FALSE
vSN8HvKwz_4,2016-05-21T15:28:12Z,59737,,165,Primolius_maracana,Spain,Birds,alien,visto,Post-Introduction,Detection,Detection,2007,2007-06-01T12:00:00Z,comment,1064,2,UggpTdlkB3wuEXgCoAEC,,FALSE
vSN8HvKwz_4,2016-05-21T14:22:05Z,59737,,165,Primolius_maracana,Spain,Birds,alien,peligro,Post-Introduction,Threat,Threat,2007,2007-06-01T12:00:00Z,comment,1064,0,UgiPFdy3UNXqpXgCoAEC,,FALSE
vSN8HvKwz_4,2016-05-21T14:22:05Z,59737,,165,Primolius_maracana,Spain,Birds,alien,extincion,Post-Introduction,Threat,Threat,2007,2007-06-01T12:00:00Z,comment,1064,0,UgiPFdy3UNXqpXgCoAEC,,FALSE
vSN8HvKwz_4,2016-06-02T11:28:07Z,59737,,165,Primolius_maracana,Spain,Birds,alien,mascota,Post-Introduction,eCommerce,eCommerce,2007,2007-06-01T12:00:00Z,comment,1064,0,UgjVi1IdruWy_XgCoAEC.8ETxwZ3ek118Ec7y02KT2B,UgjVi1IdruWy_XgCoAEC,TRUE
vSN8HvKwz_4,2016-05-22T15:43:09Z,59737,,165,Primolius_maracana,Spain,Birds,alien,peligro,Post-Introduction,Threat,Threat,2007,2007-06-01T12:00:00Z,comment,1064,0,Ughwmc5j3yqR9XgCoAEC.8E9mdQ_U1-I8EBGPJcTMcF,Ughwmc5j3yqR9XgCoAEC,TRUE
vSN8HvKwz_4,2016-05-22T15:43:09Z,59737,,165,Primolius_maracana,Spain,Birds,alien,extincion,Post-Introduction,Threat,Threat,2007,2007-06-01T12:00:00Z,comment,1064,0,Ughwmc5j3yqR9XgCoAEC.8E9mdQ_U1-I8EBGPJcTMcF,Ughwmc5j3yqR9XgCoAEC,TRUE
vSN8HvKwz_4,2016-05-22T15:43:09Z,59737,,165,Primolius_maracana,Spain,Birds,alien,peligro,Post-Introduction,Threat,Threat,2007,2007-06-01T12:00:00Z,comment,1064,0,Ughwmc5j3yqR9XgCoAEC.8E9mdQ_U1-I8EBGPJcTMcF,Ughwmc5j3yqR9XgCoAEC,TRUE
vSN8HvKwz_4,2016-05-22T09:10:54Z,59737,,165,Primolius_maracana,Spain,Birds,alien,peligro,Post-Introduction,Threat,Threat,2007,2007-06-01T12:00:00Z,comment,1064,0,UggT7aFA3MO0pXgCoAEC.8E9Pz8C5Sgw8EAZWMJb5dY,UggT7aFA3MO0pXgCoAEC,TRUE
vSN8HvKwz_4,2020-07-24T14:12:49Z,59737,,165,Primolius_maracana,Spain,Birds,alien,compra,Post-Introduction,eCommerce,eCommerce,2007,2007-06-01T12:00:00Z,comment,1064,0,Ugg8bdkG-CL1TngCoAEC.8E92tP3neiL9BVHXAW92A7,Ugg8bdkG-CL1TngCoAEC,TRUE
vSN8HvKwz_4,2020-07-24T14:14:10Z,59737,,165,Primolius_maracana,Spain,Birds,alien,comprar,Post-Introduction,eCommerce,eCommerce,2007,2007-06-01T12:00:00Z,comment,1064,0,Ugg8bdkG-CL1TngCoAEC.8E92tP3neiL9BVHg5P1ZHs,Ugg8bdkG-CL1TngCoAEC,TRUE
vSN8HvKwz_4,2016-05-22T16:11:32Z,59737,,165,Primolius_maracana,Spain,Birds,alien,mascota,Post-Introduction,eCommerce,eCommerce,2007,2007-06-01T12:00:00Z,comment,1064,0,UghwUHoiid1zxHgCoAEC.8E8fT3Xsw1g8EBJe9GJZ3t,UghwUHoiid1zxHgCoAEC,TRUE
vSN8HvKwz_4,2016-05-22T09:27:18Z,59737,,165,Primolius_maracana,Spain,Birds,alien,peligro,Post-Introduction,Threat,Threat,2007,2007-06-01T12:00:00Z,comment,1064,0,UgiPFdy3UNXqpXgCoAEC.8E8YKcn55z_8EAaOUCBJ7d,UgiPFdy3UNXqpXgCoAEC,TRUE
vSN8HvKwz_4,2016-05-22T09:30:14Z,59737,,165,Primolius_maracana,Spain,Birds,alien,vistos,Post-Introduction,Detection,Detection,2007,2007-06-01T12:00:00Z,comment,1064,1,UghOCaav8RDJjngCoAEC.8E8WlcYxfvu8EAaizGnAA0,UghOCaav8RDJjngCoAEC,TRUE
wCy5NhYmqDU,2016-05-20T04:55:57Z,14898,,17,Primolius_maracana,Spain,Birds,alien,costo,Post-Introduction,eCommerce,eCommerce,2007,2007-06-01T12:00:00Z,comment,242,0,UgggGBkMcpyvS3gCoAEC,,FALSE
DvjKgJClKco,2013-02-20T01:24:25Z,10444,,6,Psephotus_haematonotus,Spain,Birds,alien,jaula,Post-Introduction,eCommerce,eCommerce,2006,2006-06-01T12:00:00Z,comment,27,0,UgxmgbnEgc14Sq3ud4h4AaABAg,,FALSE
DvjKgJClKco,2013-02-20T01:24:25Z,10444,,6,Psephotus_haematonotus,Spain,Birds,alien,jaula,Post-Introduction,eCommerce,eCommerce,2006,2006-06-01T12:00:00Z,comment,27,0,UgxmgbnEgc14Sq3ud4h4AaABAg,,FALSE
DvjKgJClKco,2013-02-20T01:24:25Z,10444,,6,Psephotus_haematonotus,Spain,Birds,alien,jaula,Post-Introduction,eCommerce,eCommerce,2006,2006-06-01T12:00:00Z,comment,27,0,UgxmgbnEgc14Sq3ud4h4AaABAg,,FALSE
5Oql3OXw0oY,2020-03-05T17:57:47Z,17706,,31,Psephotus_haematonotus,Spain,Birds,alien,jaula,Post-Introduction,eCommerce,eCommerce,2006,2006-06-01T12:00:00Z,comment,249,0,UgzX_rQJ1AmQxHQpRBB4AaABAg,,FALSE
5Oql3OXw0oY,2020-03-05T17:57:47Z,17706,,31,Psephotus_haematonotus,Spain,Birds,alien,compre,Post-Introduction,eCommerce,eCommerce,2006,2006-06-01T12:00:00Z,comment,249,0,UgzX_rQJ1AmQxHQpRBB4AaABAg,,FALSE
5Oql3OXw0oY,2020-03-05T17:57:47Z,17706,,31,Psephotus_haematonotus,Spain,Birds,alien,jaula,Post-Introduction,eCommerce,eCommerce,2006,2006-06-01T12:00:00Z,comment,249,0,UgzX_rQJ1AmQxHQpRBB4AaABAg,,FALSE
5Oql3OXw0oY,2019-07-01T21:07:23Z,17706,,31,Psephotus_haematonotus,Spain,Birds,alien,visto,Post-Introduction,Detection,Detection,2006,2006-06-01T12:00:00Z,comment,249,1,Ugzrn6N7J0BpbTWZq8d4AaABAg,,FALSE
5Oql3OXw0oY,2023-02-23T20:49:21Z,17706,,31,Psephotus_haematonotus,Spain,Birds,alien,jaula,Post-Introduction,eCommerce,eCommerce,2006,2006-06-01T12:00:00Z,comment,249,0,UgzX_rQJ1AmQxHQpRBB4AaABAg.95pcBSRZNfi9mUiJPYOE34,UgzX_rQJ1AmQxHQpRBB4AaABAg,TRUE
5Oql3OXw0oY,2023-02-23T20:49:21Z,17706,,31,Psephotus_haematonotus,Spain,Birds,alien,jaula,Post-Introduction,eCommerce,eCommerce,2006,2006-06-01T12:00:00Z,comment,249,0,UgzX_rQJ1AmQxHQpRBB4AaABAg.95pcBSRZNfi9mUiJPYOE34,UgzX_rQJ1AmQxHQpRBB4AaABAg,TRUE
5Oql3OXw0oY,2019-07-13T22:16:17Z,17706,,31,Psephotus_haematonotus,Spain,Birds,alien,jaula,Post-Introduction,eCommerce,eCommerce,2006,2006-06-01T12:00:00Z,comment,249,0,Ugw7BbNRhsJkOp0zFSB4AaABAg.8xITAIg3dkL8xLPAHTh_MY,Ugw7BbNRhsJkOp0zFSB4AaABAg,TRUE
5Oql3OXw0oY,2019-07-13T23:36:13Z,17706,,31,Psephotus_haematonotus,Spain,Birds,alien,jaula,Post-Introduction,eCommerce,eCommerce,2006,2006-06-01T12:00:00Z,comment,249,0,Ugw7BbNRhsJkOp0zFSB4AaABAg.8xITAIg3dkL8xLYJj7QpUP,Ugw7BbNRhsJkOp0zFSB4AaABAg,TRUE
5Oql3OXw0oY,2019-07-13T23:36:13Z,17706,,31,Psephotus_haematonotus,Spain,Birds,alien,jaula,Post-Introduction,eCommerce,eCommerce,2006,2006-06-01T12:00:00Z,comment,249,0,Ugw7BbNRhsJkOp0zFSB4AaABAg.8xITAIg3dkL8xLYJj7QpUP,Ugw7BbNRhsJkOp0zFSB4AaABAg,TRUE
5Oql3OXw0oY,2019-07-15T17:59:29Z,17706,,31,Psephotus_haematonotus,Spain,Birds,alien,jaula,Post-Introduction,eCommerce,eCommerce,2006,2006-06-01T12:00:00Z,comment,249,0,Ugw7BbNRhsJkOp0zFSB4AaABAg.8xITAIg3dkL8xQ5NEnHQKT,Ugw7BbNRhsJkOp0zFSB4AaABAg,TRUE
PS-SGUs9iYw,2025-12-28T21:55:28Z,1240,,2,Psephotus_haematonotus,Spain,Birds,alien,precio,Post-Introduction,eCommerce,eCommerce,2006,2006-06-01T12:00:00Z,comment,60,0,UgytcBHXgGITFy7EPJZ4AaABAg,,FALSE
5rZQHJhNOUo,2023-05-18T15:05:48Z,38580,,89,Psephotus_haematonotus,Spain,Birds,alien,comprar,Post-Introduction,eCommerce,eCommerce,2006,2006-06-01T12:00:00Z,comment,431,0,Ugxj9a7Pl9byfPKbX494AaABAg,,FALSE
5rZQHJhNOUo,2022-07-11T03:45:10Z,38580,,89,Psephotus_haematonotus,Spain,Birds,alien,compre,Post-Introduction,eCommerce,eCommerce,2006,2006-06-01T12:00:00Z,comment,431,0,UgyZOZGPutHI5KIai414AaABAg,,FALSE
5rZQHJhNOUo,2020-03-05T17:55:37Z,38580,,89,Psephotus_haematonotus,Spain,Birds,alien,jaula,Post-Introduction,eCommerce,eCommerce,2006,2006-06-01T12:00:00Z,comment,431,1,UgwI-fdBcpawVWnv6Kl4AaABAg,,FALSE
5rZQHJhNOUo,2020-01-25T19:12:51Z,38580,,89,Psephotus_haematonotus,Spain,Birds,alien,adoptado,Post-Introduction,eCommerce,eCommerce,2006,2006-06-01T12:00:00Z,comment,431,0,UgykqprnIrL_tS8RL594AaABAg,,FALSE
5rZQHJhNOUo,2019-12-18T19:56:59Z,38580,,89,Psephotus_haematonotus,Spain,Birds,alien,visto,Post-Introduction,Detection,Detection,2006,2006-06-01T12:00:00Z,comment,431,0,UgxTidhF0xpLTKUqJ5B4AaABAg,,FALSE
5rZQHJhNOUo,2025-05-17T10:31:26Z,38580,,89,Psephotus_haematonotus,Spain,Birds,alien,jaula,Post-Introduction,eCommerce,eCommerce,2006,2006-06-01T12:00:00Z,comment,431,0,UgwTQ_9ueUx0gWlqXmd4AaABAg.AIC_l2fgxt7AIDaepAu4-b,UgwTQ_9ueUx0gWlqXmd4AaABAg,TRUE
5rZQHJhNOUo,2023-05-18T16:15:08Z,38580,,89,Psephotus_haematonotus,Spain,Birds,alien,tienda,Post-Introduction,eCommerce,eCommerce,2006,2006-06-01T12:00:00Z,comment,431,0,Ugxj9a7Pl9byfPKbX494AaABAg.9prOlfelXdQ9prWhfHHa5w,Ugxj9a7Pl9byfPKbX494AaABAg,TRUE
5rZQHJhNOUo,2022-03-26T23:03:20Z,38580,,89,Psephotus_haematonotus,Spain,Birds,alien,jaula,Post-Introduction,eCommerce,eCommerce,2006,2006-06-01T12:00:00Z,comment,431,0,Ugx6Mdr9YV8-KqS9EN94AaABAg.9_2qjwtLY2z9_2w8_QfK9U,Ugx6Mdr9YV8-KqS9EN94AaABAg,TRUE
5rZQHJhNOUo,2022-03-26T23:03:20Z,38580,,89,Psephotus_haematonotus,Spain,Birds,alien,jaula,Post-Introduction,eCommerce,eCommerce,2006,2006-06-01T12:00:00Z,comment,431,0,Ugx6Mdr9YV8-KqS9EN94AaABAg.9_2qjwtLY2z9_2w8_QfK9U,Ugx6Mdr9YV8-KqS9EN94AaABAg,TRUE
5rZQHJhNOUo,2022-03-26T23:17:29Z,38580,,89,Psephotus_haematonotus,Spain,Birds,alien,jaula,Post-Introduction,eCommerce,eCommerce,2006,2006-06-01T12:00:00Z,comment,431,0,Ugx6Mdr9YV8-KqS9EN94AaABAg.9_2qjwtLY2z9_2xlCpRmEo,Ugx6Mdr9YV8-KqS9EN94AaABAg,TRUE
5rZQHJhNOUo,2022-03-26T23:17:29Z,38580,,89,Psephotus_haematonotus,Spain,Birds,alien,jaula,Post-Introduction,eCommerce,eCommerce,2006,2006-06-01T12:00:00Z,comment,431,0,Ugx6Mdr9YV8-KqS9EN94AaABAg.9_2qjwtLY2z9_2xlCpRmEo,Ugx6Mdr9YV8-KqS9EN94AaABAg,TRUE
5rZQHJhNOUo,2021-08-14T14:50:00Z,38580,,89,Psephotus_haematonotus,Spain,Birds,alien,invasora,Post-Introduction,Invasion,Invasion,2006,2006-06-01T12:00:00Z,comment,431,0,Ugwz9eNVJwG_NBUnIjl4AaABAg.9R19W1hOrXI9R1GcCNjow4,Ugwz9eNVJwG_NBUnIjl4AaABAg,TRUE
5rZQHJhNOUo,2020-03-05T18:17:21Z,38580,,89,Psephotus_haematonotus,Spain,Birds,alien,jaula,Post-Introduction,eCommerce,eCommerce,2006,2006-06-01T12:00:00Z,comment,431,0,UgwI-fdBcpawVWnv6Kl4AaABAg.95pbwYJi4GS95peQrrFK80,UgwI-fdBcpawVWnv6Kl4AaABAg,TRUE
5rZQHJhNOUo,2020-03-05T18:39:29Z,38580,,89,Psephotus_haematonotus,Spain,Birds,alien,jaula,Post-Introduction,eCommerce,eCommerce,2006,2006-06-01T12:00:00Z,comment,431,0,UgwI-fdBcpawVWnv6Kl4AaABAg.95pbwYJi4GS95pgxtxHNx9,UgwI-fdBcpawVWnv6Kl4AaABAg,TRUE
5rZQHJhNOUo,2020-03-05T19:15:44Z,38580,,89,Psephotus_haematonotus,Spain,Birds,alien,jaula,Post-Introduction,eCommerce,eCommerce,2006,2006-06-01T12:00:00Z,comment,431,0,UgwI-fdBcpawVWnv6Kl4AaABAg.95pbwYJi4GS95pl6PrWm1S,UgwI-fdBcpawVWnv6Kl4AaABAg,TRUE
5rZQHJhNOUo,2021-08-09T13:06:34Z,38580,,89,Psephotus_haematonotus,Spain,Birds,alien,jaula,Post-Introduction,eCommerce,eCommerce,2006,2006-06-01T12:00:00Z,comment,431,0,UgwXUjhJ-i12HVsFafd4AaABAg.91XNue7SpyU9QpCoGJM61T,UgwXUjhJ-i12HVsFafd4AaABAg,TRUE
5rZQHJhNOUo,2021-08-09T13:06:34Z,38580,,89,Psephotus_haematonotus,Spain,Birds,alien,jaula,Post-Introduction,eCommerce,eCommerce,2006,2006-06-01T12:00:00Z,comment,431,0,UgwXUjhJ-i12HVsFafd4AaABAg.91XNue7SpyU9QpCoGJM61T,UgwXUjhJ-i12HVsFafd4AaABAg,TRUE
XUiHH642KtI,2025-02-18T14:31:31Z,2443,,32,Pseudemys_concinna,Portugal,Herptiles,established,pecera,Post-Introduction,eCommerce,eCommerce,2013,2013-06-01T12:00:00Z,comment,85,0,UgwhFhq8WXb0fn-aZYh4AaABAg,,FALSE
XUiHH642KtI,2020-03-11T19:20:51Z,2443,,32,Pseudemys_concinna,Portugal,Herptiles,established,visto,Post-Introduction,Detection,Detection,2013,2013-06-01T12:00:00Z,comment,85,1,UgxrnCO6ywDLB4K2SUZ4AaABAg,,FALSE
sHxbwGRHzPI,2025-02-24T21:06:35Z,1341,,17,Pseudemys_concinna,Portugal,Herptiles,established,mascota,Post-Introduction,eCommerce,eCommerce,2013,2013-06-01T12:00:00Z,comment,32,0,Ugz4hoH7q_NblcUWEVR4AaABAg,,FALSE
sHxbwGRHzPI,2025-02-24T21:06:35Z,1341,,17,Pseudemys_concinna,Portugal,Herptiles,established,dinero,Post-Introduction,eCommerce,eCommerce,2013,2013-06-01T12:00:00Z,comment,32,0,Ugz4hoH7q_NblcUWEVR4AaABAg,,FALSE
sHxbwGRHzPI,2021-04-18T10:13:40Z,1341,,17,Pseudemys_concinna,Portugal,Herptiles,established,registro,Post-Introduction,Detection,Detection,2013,2013-06-01T12:00:00Z,comment,32,0,Ugw_h_vS9MZrUF0JSUF4AaABAg,,FALSE
sHxbwGRHzPI,2020-05-03T18:07:26Z,1341,,17,Pseudemys_concinna,Portugal,Herptiles,established,costo,Post-Introduction,eCommerce,eCommerce,2013,2013-06-01T12:00:00Z,comment,32,0,UgyqJWACwQrEmzzJw6Z4AaABAg,,FALSE
sHxbwGRHzPI,2020-05-03T18:07:26Z,1341,,17,Pseudemys_concinna,Portugal,Herptiles,established,euros,Post-Introduction,eCommerce,eCommerce,2013,2013-06-01T12:00:00Z,comment,32,0,UgyqJWACwQrEmzzJw6Z4AaABAg,,FALSE
sHxbwGRHzPI,2020-05-03T19:31:08Z,1341,,17,Pseudemys_concinna,Portugal,Herptiles,established,comprado,Post-Introduction,eCommerce,eCommerce,2013,2013-06-01T12:00:00Z,comment,32,0,UgyqJWACwQrEmzzJw6Z4AaABAg.98CZBlEpaRn98Chlt7pDU-,UgyqJWACwQrEmzzJw6Z4AaABAg,TRUE
sHxbwGRHzPI,2020-05-03T19:31:08Z,1341,,17,Pseudemys_concinna,Portugal,Herptiles,established,euros,Post-Introduction,eCommerce,eCommerce,2013,2013-06-01T12:00:00Z,comment,32,0,UgyqJWACwQrEmzzJw6Z4AaABAg.98CZBlEpaRn98Chlt7pDU-,UgyqJWACwQrEmzzJw6Z4AaABAg,TRUE
sHxbwGRHzPI,2020-05-03T19:31:08Z,1341,,17,Pseudemys_concinna,Portugal,Herptiles,established,euros,Post-Introduction,eCommerce,eCommerce,2013,2013-06-01T12:00:00Z,comment,32,0,UgyqJWACwQrEmzzJw6Z4AaABAg.98CZBlEpaRn98Chlt7pDU-,UgyqJWACwQrEmzzJw6Z4AaABAg,TRUE
sHxbwGRHzPI,2020-05-03T19:31:08Z,1341,,17,Pseudemys_concinna,Portugal,Herptiles,established,euros,Post-Introduction,eCommerce,eCommerce,2013,2013-06-01T12:00:00Z,comment,32,0,UgyqJWACwQrEmzzJw6Z4AaABAg.98CZBlEpaRn98Chlt7pDU-,UgyqJWACwQrEmzzJw6Z4AaABAg,TRUE
sHxbwGRHzPI,2020-05-03T19:31:08Z,1341,,17,Pseudemys_concinna,Portugal,Herptiles,established,euros,Post-Introduction,eCommerce,eCommerce,2013,2013-06-01T12:00:00Z,comment,32,0,UgyqJWACwQrEmzzJw6Z4AaABAg.98CZBlEpaRn98Chlt7pDU-,UgyqJWACwQrEmzzJw6Z4AaABAg,TRUE
sHxbwGRHzPI,2020-05-03T19:31:08Z,1341,,17,Pseudemys_concinna,Portugal,Herptiles,established,caro,Post-Introduction,eCommerce,eCommerce,2013,2013-06-01T12:00:00Z,comment,32,0,UgyqJWACwQrEmzzJw6Z4AaABAg.98CZBlEpaRn98Chlt7pDU-,UgyqJWACwQrEmzzJw6Z4AaABAg,TRUE
sHxbwGRHzPI,2020-05-03T19:31:08Z,1341,,17,Pseudemys_concinna,Portugal,Herptiles,established,euros,Post-Introduction,eCommerce,eCommerce,2013,2013-06-01T12:00:00Z,comment,32,0,UgyqJWACwQrEmzzJw6Z4AaABAg.98CZBlEpaRn98Chlt7pDU-,UgyqJWACwQrEmzzJw6Z4AaABAg,TRUE
sHxbwGRHzPI,2020-05-03T19:26:52Z,1341,,17,Pseudemys_concinna,Portugal,Herptiles,established,comprado,Post-Introduction,eCommerce,eCommerce,2013,2013-06-01T12:00:00Z,comment,32,0,UgzUArpTGCGJ18wMNj94AaABAg.98CTKNi67v798ChHZoJWCL,UgzUArpTGCGJ18wMNj94AaABAg,TRUE
sHxbwGRHzPI,2020-05-03T19:26:52Z,1341,,17,Pseudemys_concinna,Portugal,Herptiles,established,tienda,Post-Introduction,eCommerce,eCommerce,2013,2013-06-01T12:00:00Z,comment,32,0,UgzUArpTGCGJ18wMNj94AaABAg.98CTKNi67v798ChHZoJWCL,UgzUArpTGCGJ18wMNj94AaABAg,TRUE
b8Wcpwwcw6I,2019-07-01T14:55:25Z,13586,,41,Pseudemys_concinna,Portugal,Herptiles,established,comprar,Post-Introduction,eCommerce,eCommerce,2013,2013-06-01T12:00:00Z,comment,214,0,UgzplhN2P-9Enrs6NrN4AaABAg,,FALSE
b8Wcpwwcw6I,2016-11-12T10:11:44Z,13586,,41,Pseudemys_concinna,Portugal,Herptiles,established,peligro,Post-Introduction,Threat,Threat,2013,2013-06-01T12:00:00Z,comment,214,3,UgjGFcbsLokrtHgCoAEC,,FALSE
b8Wcpwwcw6I,2016-10-31T14:55:20Z,13586,,41,Pseudemys_concinna,Portugal,Herptiles,established,tienda,Post-Introduction,eCommerce,eCommerce,2013,2013-06-01T12:00:00Z,comment,214,0,Ugg_Vd1zqNCN2XgCoAEC,,FALSE
b8Wcpwwcw6I,2016-10-31T14:55:20Z,13586,,41,Pseudemys_concinna,Portugal,Herptiles,established,comprar,Post-Introduction,eCommerce,eCommerce,2013,2013-06-01T12:00:00Z,comment,214,0,Ugg_Vd1zqNCN2XgCoAEC,,FALSE
b8Wcpwwcw6I,2016-10-31T14:55:20Z,13586,,41,Pseudemys_concinna,Portugal,Herptiles,established,comprado,Post-Introduction,eCommerce,eCommerce,2013,2013-06-01T12:00:00Z,comment,214,0,Ugg_Vd1zqNCN2XgCoAEC,,FALSE
b8Wcpwwcw6I,2016-10-31T14:55:20Z,13586,,41,Pseudemys_concinna,Portugal,Herptiles,established,precio,Post-Introduction,eCommerce,eCommerce,2013,2013-06-01T12:00:00Z,comment,214,0,Ugg_Vd1zqNCN2XgCoAEC,,FALSE
b8Wcpwwcw6I,2018-08-05T11:58:14Z,13586,,41,Pseudemys_concinna,Portugal,Herptiles,established,compra,Post-Introduction,eCommerce,eCommerce,2013,2013-06-01T12:00:00Z,comment,214,1,UgxInpe_xXUvHpIyx2d4AaABAg.8jZfJqcVz-48jZf_Mp1Us7,UgxInpe_xXUvHpIyx2d4AaABAg,TRUE
b8Wcpwwcw6I,2018-08-05T11:58:14Z,13586,,41,Pseudemys_concinna,Portugal,Herptiles,established,acuario,Post-Introduction,eCommerce,eCommerce,2013,2013-06-01T12:00:00Z,comment,214,1,UgxInpe_xXUvHpIyx2d4AaABAg.8jZfJqcVz-48jZf_Mp1Us7,UgxInpe_xXUvHpIyx2d4AaABAg,TRUE
b8Wcpwwcw6I,2017-12-02T13:27:25Z,13586,,41,Pseudemys_concinna,Portugal,Herptiles,established,acuario,Post-Introduction,eCommerce,eCommerce,2013,2013-06-01T12:00:00Z,comment,214,0,Ugyrjh_myEafC3r__Fp4AaABAg.8_fMdXeMpuz8_fPEE84JXa,Ugyrjh_myEafC3r__Fp4AaABAg,TRUE
b8Wcpwwcw6I,2017-12-02T13:27:25Z,13586,,41,Pseudemys_concinna,Portugal,Herptiles,established,comprar,Post-Introduction,eCommerce,eCommerce,2013,2013-06-01T12:00:00Z,comment,214,0,Ugyrjh_myEafC3r__Fp4AaABAg.8_fMdXeMpuz8_fPEE84JXa,Ugyrjh_myEafC3r__Fp4AaABAg,TRUE
b8Wcpwwcw6I,2018-01-13T14:32:10Z,13586,,41,Pseudemys_concinna,Portugal,Herptiles,established,acuarios,Post-Introduction,eCommerce,eCommerce,2013,2013-06-01T12:00:00Z,comment,214,0,UgjGFcbsLokrtHgCoAEC.8LAhn7czz1l8bMf1DpX7PE,UgjGFcbsLokrtHgCoAEC,TRUE
2o3yA_bQxmY,2017-09-25T22:58:50Z,2617,,1,Pseudemys_concinna,Portugal,Herptiles,established,compra,Post-Introduction,eCommerce,eCommerce,2013,2013-06-01T12:00:00Z,comment,14,0,UgxdZhV3SlhHeuWHCuR4AaABAg,,FALSE
iq7LSGHGtnA,2021-04-19T21:55:11Z,853,,2,Pseudemys_peninsularis,Spain,Herptiles,alien,tienda,Post-Introduction,eCommerce,eCommerce,2020,2020-06-01T12:00:00Z,comment,13,0,UgxC7o6dPPW0NrkMsYx4AaABAg.9MJtU-XW8X19MKlH-GDdYp,UgxC7o6dPPW0NrkMsYx4AaABAg,TRUE
cTANOn_aVuY,2021-07-23T13:53:31Z,955,,6,Pseudemys_peninsularis,Spain,Herptiles,alien,encontre,Post-Introduction,Detection,Detection,2020,2020-06-01T12:00:00Z,comment,16,1,UgxWdH4WaaMrdGUr5tp4AaABAg,,FALSE
cTANOn_aVuY,2021-07-23T12:46:29Z,955,,6,Pseudemys_peninsularis,Spain,Herptiles,alien,encontre,Post-Introduction,Detection,Detection,2020,2020-06-01T12:00:00Z,comment,16,0,UgzTec7jXQNNbWTpRGN4AaABAg,,FALSE
cTANOn_aVuY,2021-07-23T19:31:32Z,955,,6,Pseudemys_peninsularis,Spain,Herptiles,alien,encontrada,Post-Introduction,Detection,Detection,2020,2020-06-01T12:00:00Z,comment,16,1,UgxWdH4WaaMrdGUr5tp4AaABAg.9Q8WfIL6hrt9Q97M2xZQGY,UgxWdH4WaaMrdGUr5tp4AaABAg,TRUE
cTANOn_aVuY,2021-07-23T19:31:32Z,955,,6,Pseudemys_peninsularis,Spain,Herptiles,alien,invasoras,Post-Introduction,Invasion,Invasion,2020,2020-06-01T12:00:00Z,comment,16,1,UgxWdH4WaaMrdGUr5tp4AaABAg.9Q8WfIL6hrt9Q97M2xZQGY,UgxWdH4WaaMrdGUr5tp4AaABAg,TRUE
YaYTDhTFr_0,2020-07-01T11:00:25Z,369744,,364,Psittacus_erithacus,Portugal,Birds,casual,descuento,Post-Introduction,eCommerce,eCommerce,2014,2014-06-01T12:00:00Z,comment,4095,4,Ugyt2C3ICZV0T522L1V4AaABAg,,FALSE
YaYTDhTFr_0,2016-08-24T10:03:28Z,369744,,364,Psittacus_erithacus,Portugal,Birds,casual,visto,Post-Introduction,Detection,Detection,2014,2014-06-01T12:00:00Z,comment,4095,0,Ugi9DC8wR9pLR3gCoAEC.8HqzGQIOX7j8HxhFed24pp,Ugi9DC8wR9pLR3gCoAEC,TRUE
JJdhVmkFBjI,2024-11-03T15:16:57Z,24803,,66,Psittacus_erithacus,Portugal,Birds,casual,comprar,Post-Introduction,eCommerce,eCommerce,2014,2014-06-01T12:00:00Z,comment,733,2,UgxA7jxpZ5qeA2NSaah4AaABAg,,FALSE
JJdhVmkFBjI,2024-11-03T15:16:57Z,24803,,66,Psittacus_erithacus,Portugal,Birds,casual,comprar,Post-Introduction,eCommerce,eCommerce,2014,2014-06-01T12:00:00Z,comment,733,2,UgxA7jxpZ5qeA2NSaah4AaABAg,,FALSE
JJdhVmkFBjI,2025-12-17T18:18:05Z,24803,,66,Psittacus_erithacus,Portugal,Birds,casual,compre,Post-Introduction,eCommerce,eCommerce,2014,2014-06-01T12:00:00Z,comment,733,1,Ugx5I4R3ZdFpuohDVW94AaABAg,,FALSE
JJdhVmkFBjI,2025-11-15T16:05:47Z,24803,,66,Psittacus_erithacus,Portugal,Birds,casual,jaula,Post-Introduction,eCommerce,eCommerce,2014,2014-06-01T12:00:00Z,comment,733,0,UgzWPuHIq4U2AqEBSZ94AaABAg,,FALSE
JJdhVmkFBjI,2025-05-03T17:42:53Z,24803,,66,Psittacus_erithacus,Portugal,Birds,casual,adoptar,Post-Introduction,eCommerce,eCommerce,2014,2014-06-01T12:00:00Z,comment,733,0,Ugw7Gi9pQPcFZ_vdVIt4AaABAg,,FALSE
JJdhVmkFBjI,2024-11-06T19:08:06Z,24803,,66,Psittacus_erithacus,Portugal,Birds,casual,visto,Post-Introduction,Detection,Detection,2014,2014-06-01T12:00:00Z,comment,733,1,Ugx6G0QuTq2_bpxMkpl4AaABAg,,FALSE
JJdhVmkFBjI,2024-11-04T07:08:05Z,24803,,66,Psittacus_erithacus,Portugal,Birds,casual,jaula,Post-Introduction,eCommerce,eCommerce,2014,2014-06-01T12:00:00Z,comment,733,2,UgxJA_ohWhyq1wLArX54AaABAg,,FALSE
JJdhVmkFBjI,2024-11-03T21:59:06Z,24803,,66,Psittacus_erithacus,Portugal,Birds,casual,adopte,Post-Introduction,eCommerce,eCommerce,2014,2014-06-01T12:00:00Z,comment,733,0,Ugwt6NKlqGvPaZRnEfZ4AaABAg,,FALSE
JJdhVmkFBjI,2024-11-03T16:00:27Z,24803,,66,Psittacus_erithacus,Portugal,Birds,casual,jaula,Post-Introduction,eCommerce,eCommerce,2014,2014-06-01T12:00:00Z,comment,733,18,UgzNeOjOYpfRVpnA_Wt4AaABAg,,FALSE
JJdhVmkFBjI,2024-11-03T15:59:48Z,24803,,66,Psittacus_erithacus,Portugal,Birds,casual,adoptar,Post-Introduction,eCommerce,eCommerce,2014,2014-06-01T12:00:00Z,comment,733,0,UgzLxdHg6Qwu7j4DXAp4AaABAg,,FALSE
JJdhVmkFBjI,2025-12-12T15:35:46Z,24803,,66,Psittacus_erithacus,Portugal,Birds,casual,comprar,Post-Introduction,eCommerce,eCommerce,2014,2014-06-01T12:00:00Z,comment,733,1,UgzWPuHIq4U2AqEBSZ94AaABAg.APYpaxbB3DjAQdIclnfuA5,UgzWPuHIq4U2AqEBSZ94AaABAg,TRUE
JJdhVmkFBjI,2025-12-12T15:35:46Z,24803,,66,Psittacus_erithacus,Portugal,Birds,casual,jaula,Post-Introduction,eCommerce,eCommerce,2014,2014-06-01T12:00:00Z,comment,733,1,UgzWPuHIq4U2AqEBSZ94AaABAg.APYpaxbB3DjAQdIclnfuA5,UgzWPuHIq4U2AqEBSZ94AaABAg,TRUE
JJdhVmkFBjI,2024-11-08T14:36:19Z,24803,,66,Psittacus_erithacus,Portugal,Birds,casual,descuento,Post-Introduction,eCommerce,eCommerce,2014,2014-06-01T12:00:00Z,comment,733,0,UgwuEnKsfymcGm_mr4x4AaABAg.AAYlgdBzumvAA_ne94SRg9,UgwuEnKsfymcGm_mr4x4AaABAg,TRUE
JJdhVmkFBjI,2024-11-08T14:45:05Z,24803,,66,Psittacus_erithacus,Portugal,Birds,casual,vista,Post-Introduction,Detection,Detection,2014,2014-06-01T12:00:00Z,comment,733,0,Ugx6G0QuTq2_bpxMkpl4AaABAg.AAW8A5STcn1AA_oeOOZ4KD,Ugx6G0QuTq2_bpxMkpl4AaABAg,TRUE
JJdhVmkFBjI,2025-02-11T14:08:46Z,24803,,66,Psittacus_erithacus,Portugal,Birds,casual,acuario,Post-Introduction,eCommerce,eCommerce,2014,2014-06-01T12:00:00Z,comment,733,0,UgxJA_ohWhyq1wLArX54AaABAg.AAPhAlc0tfMAEPN0VaQKyR,UgxJA_ohWhyq1wLArX54AaABAg,TRUE
JJdhVmkFBjI,2025-02-11T14:08:46Z,24803,,66,Psittacus_erithacus,Portugal,Birds,casual,terrarios,Post-Introduction,eCommerce,eCommerce,2014,2014-06-01T12:00:00Z,comment,733,0,UgxJA_ohWhyq1wLArX54AaABAg.AAPhAlc0tfMAEPN0VaQKyR,UgxJA_ohWhyq1wLArX54AaABAg,TRUE
JJdhVmkFBjI,2025-02-11T14:08:46Z,24803,,66,Psittacus_erithacus,Portugal,Birds,casual,jaula,Post-Introduction,eCommerce,eCommerce,2014,2014-06-01T12:00:00Z,comment,733,0,UgxJA_ohWhyq1wLArX54AaABAg.AAPhAlc0tfMAEPN0VaQKyR,UgxJA_ohWhyq1wLArX54AaABAg,TRUE
JJdhVmkFBjI,2025-02-11T14:08:46Z,24803,,66,Psittacus_erithacus,Portugal,Birds,casual,jaula,Post-Introduction,eCommerce,eCommerce,2014,2014-06-01T12:00:00Z,comment,733,0,UgxJA_ohWhyq1wLArX54AaABAg.AAPhAlc0tfMAEPN0VaQKyR,UgxJA_ohWhyq1wLArX54AaABAg,TRUE
JJdhVmkFBjI,2024-11-08T14:37:16Z,24803,,66,Psittacus_erithacus,Portugal,Birds,casual,jaula,Post-Introduction,eCommerce,eCommerce,2014,2014-06-01T12:00:00Z,comment,733,0,Ugwt6NKlqGvPaZRnEfZ4AaABAg.AAOiLwgJqo0AA_nl9HYXpf,Ugwt6NKlqGvPaZRnEfZ4AaABAg,TRUE
JJdhVmkFBjI,2024-11-08T14:42:27Z,24803,,66,Psittacus_erithacus,Portugal,Birds,casual,compra,Post-Introduction,eCommerce,eCommerce,2014,2014-06-01T12:00:00Z,comment,733,0,Ugy9BdCi9cQFmzdt9eN4AaABAg.AAOVPJq4pKhAA_oM8bUfOw,Ugy9BdCi9cQFmzdt9eN4AaABAg,TRUE
JJdhVmkFBjI,2025-09-16T11:21:18Z,24803,,66,Psittacus_erithacus,Portugal,Birds,casual,compre,Post-Introduction,eCommerce,eCommerce,2014,2014-06-01T12:00:00Z,comment,733,0,UgwAK-NGYzktuSf5zmF4AaABAg.AAO3xOTcEmYAN7pLvKsc_z,UgwAK-NGYzktuSf5zmF4AaABAg,TRUE
HnEpdNLTsWY,2025-03-04T20:34:58Z,931988,,552,Psittacus_erithacus,Portugal,Birds,casual,ofertas,Post-Introduction,eCommerce,eCommerce,2014,2014-06-01T12:00:00Z,comment,20947,0,UgwL3fQPOtkO8vF6s-d4AaABAg,,FALSE
HnEpdNLTsWY,2025-03-03T23:16:04Z,931988,,552,Psittacus_erithacus,Portugal,Birds,casual,visto,Post-Introduction,Detection,Detection,2014,2014-06-01T12:00:00Z,comment,20947,4,UgwloVZhSq6aFz5ROSF4AaABAg,,FALSE
HnEpdNLTsWY,2023-04-27T16:27:25Z,931988,,552,Psittacus_erithacus,Portugal,Birds,casual,mascota,Post-Introduction,eCommerce,eCommerce,2014,2014-06-01T12:00:00Z,comment,20947,0,Ugx7mhGK6Zo-gB7gTHt4AaABAg,,FALSE
HnEpdNLTsWY,2023-04-27T16:27:25Z,931988,,552,Psittacus_erithacus,Portugal,Birds,casual,jaula,Post-Introduction,eCommerce,eCommerce,2014,2014-06-01T12:00:00Z,comment,20947,0,Ugx7mhGK6Zo-gB7gTHt4AaABAg,,FALSE
HnEpdNLTsWY,2021-07-30T00:32:43Z,931988,,552,Psittacus_erithacus,Portugal,Birds,casual,aparece,Post-Introduction,Detection,Detection,2014,2014-06-01T12:00:00Z,comment,20947,0,UgzUIJ4NIrjw87SM0UN4AaABAg,,FALSE
HnEpdNLTsWY,2021-07-30T00:32:43Z,931988,,552,Psittacus_erithacus,Portugal,Birds,casual,vista,Post-Introduction,Detection,Detection,2014,2014-06-01T12:00:00Z,comment,20947,0,UgzUIJ4NIrjw87SM0UN4AaABAg,,FALSE
HnEpdNLTsWY,2023-03-29T08:35:45Z,931988,,552,Psittacus_erithacus,Portugal,Birds,casual,adoptar,Post-Introduction,eCommerce,eCommerce,2014,2014-06-01T12:00:00Z,comment,20947,1,UgxsSJ1RUzaBHtB_fNB4AaABAg.9NjApBwMnVK9npxOCcbKbJ,UgxsSJ1RUzaBHtB_fNB4AaABAg,TRUE
HnEpdNLTsWY,2021-04-18T23:16:55Z,931988,,552,Psittacus_erithacus,Portugal,Birds,casual,encontrado,Post-Introduction,Detection,Detection,2014,2014-06-01T12:00:00Z,comment,20947,0,UgwSGAC2m_AFFhYQIuV4AaABAg,,FALSE
HnEpdNLTsWY,2021-04-18T23:16:55Z,931988,,552,Psittacus_erithacus,Portugal,Birds,casual,extincion,Post-Introduction,Threat,Threat,2014,2014-06-01T12:00:00Z,comment,20947,0,UgwSGAC2m_AFFhYQIuV4AaABAg,,FALSE
HnEpdNLTsWY,2021-04-09T21:23:40Z,931988,,552,Psittacus_erithacus,Portugal,Birds,casual,precio,Post-Introduction,eCommerce,eCommerce,2014,2014-06-01T12:00:00Z,comment,20947,0,UgyxZtLgzkvSbqPIJHV4AaABAg,,FALSE
HnEpdNLTsWY,2021-03-07T20:23:31Z,931988,,552,Psittacus_erithacus,Portugal,Birds,casual,compre,Post-Introduction,eCommerce,eCommerce,2014,2014-06-01T12:00:00Z,comment,20947,0,UgxOlmIuC0C4tVze2fJ4AaABAg,,FALSE
HnEpdNLTsWY,2021-02-28T21:54:58Z,931988,,552,Psittacus_erithacus,Portugal,Birds,casual,comprar,Post-Introduction,eCommerce,eCommerce,2014,2014-06-01T12:00:00Z,comment,20947,0,Ugwud257uauyfuKzncl4AaABAg,,FALSE
bnkKcZhQ1Gs,2021-12-01T10:15:13Z,77931,,14,Psittacus_erithacus,Portugal,Birds,casual,tienda,Post-Introduction,eCommerce,eCommerce,2014,2014-06-01T12:00:00Z,comment,366,3,Ugw0DjVr8T5qrsMawbV4AaABAg,,FALSE
bnkKcZhQ1Gs,2021-10-03T00:56:19Z,77931,,14,Psittacus_erithacus,Portugal,Birds,casual,comprar,Post-Introduction,eCommerce,eCommerce,2014,2014-06-01T12:00:00Z,comment,366,0,UgznFH0XEbE7IakTlkJ4AaABAg,,FALSE
rD_BOyVNBLo,2024-11-09T23:52:45Z,1070,,1,Psittacus_erithacus,Portugal,Birds,casual,precio,Post-Introduction,eCommerce,eCommerce,2014,2014-06-01T12:00:00Z,comment,48,2,Ugwsgv5pWq9TsdKo5914AaABAg,,FALSE
ve_UW4u-RHo,2025-05-11T22:02:21Z,1524,,3,Psittacus_erithacus,Portugal,Birds,casual,mascota,Post-Introduction,eCommerce,eCommerce,2014,2014-06-01T12:00:00Z,comment,47,2,UgxMz-MyTlLC6VTdmgd4AaABAg,,FALSE
7t4r_3k7mzY,2025-05-16T12:02:32Z,1093,,1,Psittacus_erithacus,Portugal,Birds,casual,mascota,Post-Introduction,eCommerce,eCommerce,2014,2014-06-01T12:00:00Z,comment,32,2,UgyJnNDOjbOmpzn1qnl4AaABAg,,FALSE
oz9VoapIkHM,2025-05-28T05:29:46Z,227971,,393,Psittacus_erithacus,Portugal,Birds,casual,compra,Post-Introduction,eCommerce,eCommerce,2014,2014-06-01T12:00:00Z,comment,14214,0,Ugyr7Tx2y4lTMHefrfZ4AaABAg,,FALSE
oz9VoapIkHM,2025-05-28T05:29:46Z,227971,,393,Psittacus_erithacus,Portugal,Birds,casual,comprar,Post-Introduction,eCommerce,eCommerce,2014,2014-06-01T12:00:00Z,comment,14214,0,Ugyr7Tx2y4lTMHefrfZ4AaABAg,,FALSE
oz9VoapIkHM,2025-03-07T21:31:50Z,227971,,393,Psittacus_erithacus,Portugal,Birds,casual,cara,Post-Introduction,eCommerce,eCommerce,2014,2014-06-01T12:00:00Z,comment,14214,0,Ugx-Ou0NFDXX6gvKOn14AaABAg,,FALSE
oz9VoapIkHM,2025-02-06T16:37:33Z,227971,,393,Psittacus_erithacus,Portugal,Birds,casual,precio,Post-Introduction,eCommerce,eCommerce,2014,2014-06-01T12:00:00Z,comment,14214,0,UgwvafRNMWnmT2GGXoN4AaABAg,,FALSE
oz9VoapIkHM,2025-01-30T11:07:22Z,227971,,393,Psittacus_erithacus,Portugal,Birds,casual,venta,Post-Introduction,eCommerce,eCommerce,2014,2014-06-01T12:00:00Z,comment,14214,0,UgywKIWP4n_gpQ7UpRB4AaABAg,,FALSE
oz9VoapIkHM,2025-01-30T11:07:22Z,227971,,393,Psittacus_erithacus,Portugal,Birds,casual,alerta,Post-Introduction,Detection,Detection,2014,2014-06-01T12:00:00Z,comment,14214,0,UgywKIWP4n_gpQ7UpRB4AaABAg,,FALSE
oz9VoapIkHM,2025-01-30T03:28:33Z,227971,,393,Psittacus_erithacus,Portugal,Birds,casual,dinero,Post-Introduction,eCommerce,eCommerce,2014,2014-06-01T12:00:00Z,comment,14214,0,UgwYFRaZ4JtMzykzHcV4AaABAg,,FALSE
oz9VoapIkHM,2025-01-27T00:03:39Z,227971,,393,Psittacus_erithacus,Portugal,Birds,casual,comprar,Post-Introduction,eCommerce,eCommerce,2014,2014-06-01T12:00:00Z,comment,14214,0,Ugzr4CSIUsHu_qpKQ3R4AaABAg,,FALSE
oz9VoapIkHM,2025-01-26T23:59:08Z,227971,,393,Psittacus_erithacus,Portugal,Birds,casual,aparecieron,Post-Introduction,Detection,Detection,2014,2014-06-01T12:00:00Z,comment,14214,2,UgzU-1c8ksaNc2P-u014AaABAg,,FALSE
oz9VoapIkHM,2025-01-26T16:21:51Z,227971,,393,Psittacus_erithacus,Portugal,Birds,casual,dinero,Post-Introduction,eCommerce,eCommerce,2014,2014-06-01T12:00:00Z,comment,14214,0,UgwNHmOSVu5BuRx5aRl4AaABAg,,FALSE
oz9VoapIkHM,2025-01-26T13:11:03Z,227971,,393,Psittacus_erithacus,Portugal,Birds,casual,visto,Post-Introduction,Detection,Detection,2014,2014-06-01T12:00:00Z,comment,14214,0,UgzP1QyjahmO4KknqCh4AaABAg,,FALSE
oz9VoapIkHM,2025-01-26T13:11:03Z,227971,,393,Psittacus_erithacus,Portugal,Birds,casual,adoptar,Post-Introduction,eCommerce,eCommerce,2014,2014-06-01T12:00:00Z,comment,14214,0,UgzP1QyjahmO4KknqCh4AaABAg,,FALSE
oz9VoapIkHM,2025-01-26T13:11:03Z,227971,,393,Psittacus_erithacus,Portugal,Birds,casual,caro,Post-Introduction,eCommerce,eCommerce,2014,2014-06-01T12:00:00Z,comment,14214,0,UgzP1QyjahmO4KknqCh4AaABAg,,FALSE
oz9VoapIkHM,2025-01-23T17:24:16Z,227971,,393,Psittacus_erithacus,Portugal,Birds,casual,dinero,Post-Introduction,eCommerce,eCommerce,2014,2014-06-01T12:00:00Z,comment,14214,1,UgwHzj6WzgU2vw64tzR4AaABAg,,FALSE
oz9VoapIkHM,2025-01-21T15:06:39Z,227971,,393,Psittacus_erithacus,Portugal,Birds,casual,compra,Post-Introduction,eCommerce,eCommerce,2014,2014-06-01T12:00:00Z,comment,14214,18,Ugw0HuiUPfblvcUhekd4AaABAg,,FALSE
oz9VoapIkHM,2025-01-21T15:06:39Z,227971,,393,Psittacus_erithacus,Portugal,Birds,casual,capturas,Post-Introduction,Detection,Detection,2014,2014-06-01T12:00:00Z,comment,14214,18,Ugw0HuiUPfblvcUhekd4AaABAg,,FALSE
oz9VoapIkHM,2025-01-21T13:15:36Z,227971,,393,Psittacus_erithacus,Portugal,Birds,casual,adoptar,Post-Introduction,eCommerce,eCommerce,2014,2014-06-01T12:00:00Z,comment,14214,1,Ugx3DAje7EjNAmu1bx54AaABAg,,FALSE
oz9VoapIkHM,2025-01-21T13:15:36Z,227971,,393,Psittacus_erithacus,Portugal,Birds,casual,euros,Post-Introduction,eCommerce,eCommerce,2014,2014-06-01T12:00:00Z,comment,14214,1,Ugx3DAje7EjNAmu1bx54AaABAg,,FALSE
oz9VoapIkHM,2025-01-21T08:49:16Z,227971,,393,Psittacus_erithacus,Portugal,Birds,casual,dinero,Post-Introduction,eCommerce,eCommerce,2014,2014-06-01T12:00:00Z,comment,14214,0,UgyRRipUoS3PzfjF2Jh4AaABAg,,FALSE
EM9-DM2xijQ,2013-08-21T14:51:53Z,6523,,6,Psittacus_erithacus,Portugal,Birds,casual,jaula,Pre-Introduction,eCommerce,eCommerce,2014,2014-06-01T12:00:00Z,comment,91,0,Ugw8LvsML54JKLKZ2xF4AaABAg,,FALSE
EM9-DM2xijQ,2013-02-05T15:06:40Z,6523,,6,Psittacus_erithacus,Portugal,Birds,casual,jaula,Pre-Introduction,eCommerce,eCommerce,2014,2014-06-01T12:00:00Z,comment,91,0,UgxGpOcDXjIxXj5cB994AaABAg,,FALSE
EM9-DM2xijQ,2013-02-04T23:19:09Z,6523,,6,Psittacus_erithacus,Portugal,Birds,casual,mascota,Pre-Introduction,eCommerce,eCommerce,2014,2014-06-01T12:00:00Z,comment,91,0,UgyDbjFswNHU0j3xjHd4AaABAg,,FALSE
EuYxJg3G1i8,2025-05-14T11:32:51Z,2148,,3,Psittacus_erithacus,Portugal,Birds,casual,mascota,Post-Introduction,eCommerce,eCommerce,2014,2014-06-01T12:00:00Z,comment,69,2,UgzKjUXFGVMt89x4idp4AaABAg,,FALSE
zRj7sn0hkas,2025-05-11T11:34:48Z,2247,,1,Psittacus_erithacus,Portugal,Birds,casual,mascota,Post-Introduction,eCommerce,eCommerce,2014,2014-06-01T12:00:00Z,comment,59,3,UgyPARIHhgMC9riT__R4AaABAg,,FALSE
NdCHdSOB7hg,2025-04-23T22:05:18Z,3154,,4,Psittacus_erithacus,Portugal,Birds,casual,visto,Post-Introduction,Detection,Detection,2014,2014-06-01T12:00:00Z,comment,92,4,UgwhushUn8meNd6_bNd4AaABAg,,FALSE
v3bsGsHgKuM,2025-05-13T20:02:57Z,1692,,1,Psittacus_erithacus,Portugal,Birds,casual,mascota,Post-Introduction,eCommerce,eCommerce,2014,2014-06-01T12:00:00Z,comment,25,2,UgzF0SjYZsOvT5acdyR4AaABAg,,FALSE
3gehFIx0PH0,2025-05-11T12:41:14Z,950,,11,Psittacus_erithacus,Portugal,Birds,casual,capturado,Post-Introduction,Detection,Detection,2014,2014-06-01T12:00:00Z,comment,32,2,UgywvqllhhZ_8ydDFtd4AaABAg.AHzLWjeHe_xAHzNkHGGpLM,UgywvqllhhZ_8ydDFtd4AaABAg,TRUE
3gehFIx0PH0,2025-05-11T12:41:14Z,950,,11,Psittacus_erithacus,Portugal,Birds,casual,jaula,Post-Introduction,eCommerce,eCommerce,2014,2014-06-01T12:00:00Z,comment,32,2,UgywvqllhhZ_8ydDFtd4AaABAg.AHzLWjeHe_xAHzNkHGGpLM,UgywvqllhhZ_8ydDFtd4AaABAg,TRUE
kyB43Oh0TRk,2019-08-13T22:29:50Z,114971,,37,Psittacus_erithacus,Portugal,Birds,casual,jaula,Post-Introduction,eCommerce,eCommerce,2014,2014-06-01T12:00:00Z,comment,644,2,Ugwc1lv6T_jJbo69SHJ4AaABAg,,FALSE
kyB43Oh0TRk,2018-01-28T22:01:50Z,114971,,37,Psittacus_erithacus,Portugal,Birds,casual,jaula,Post-Introduction,eCommerce,eCommerce,2014,2014-06-01T12:00:00Z,comment,644,0,Ugwuqw8HI-FgEDVNmwV4AaABAg,,FALSE
kyB43Oh0TRk,2015-10-29T13:12:43Z,114971,,37,Psittacus_erithacus,Portugal,Birds,casual,jaula,Post-Introduction,eCommerce,eCommerce,2014,2014-06-01T12:00:00Z,comment,644,1,UghqdY34ksUR0ngCoAEC,,FALSE
G-uzUi6Nogw,2017-08-03T11:02:51Z,8251,,9,Psittacus_erithacus,Portugal,Birds,casual,comprado,Post-Introduction,eCommerce,eCommerce,2014,2014-06-01T12:00:00Z,comment,131,0,UgzZP2-lrEeXGUKnXuR4AaABAg,,FALSE
G-uzUi6Nogw,2017-08-02T00:09:29Z,8251,,9,Psittacus_erithacus,Portugal,Birds,casual,peligro,Post-Introduction,Threat,Threat,2014,2014-06-01T12:00:00Z,comment,131,0,UgxXRJjcHzUq2Kmxk9Z4AaABAg,,FALSE
fIcYjUzvoiI,2022-10-27T10:09:36Z,18431,,4,Psittacus_erithacus,Portugal,Birds,casual,compra,Post-Introduction,eCommerce,eCommerce,2014,2014-06-01T12:00:00Z,comment,110,3,UgxEKltdD67dRRqKNcp4AaABAg,,FALSE
vDf9NtV-CoQ,2014-12-28T05:33:30Z,5588,,8,Psittacus_erithacus,Portugal,Birds,casual,visto,Post-Introduction,Detection,Detection,2014,2014-06-01T12:00:00Z,comment,71,0,UggFR5iW6dqe4XgCoAEC,,FALSE
hY5CMNBqNn8,2021-01-15T19:17:59Z,1626,,2,Psittacus_erithacus,Portugal,Birds,casual,comprar,Post-Introduction,eCommerce,eCommerce,2014,2014-06-01T12:00:00Z,comment,26,0,UgxjVUcLxTEAqfFtemZ4AaABAg,,FALSE
bygWEHETNno,2019-11-03T20:17:27Z,230018,,50,Psittacus_erithacus,Portugal,Birds,casual,comprar,Post-Introduction,eCommerce,eCommerce,2014,2014-06-01T12:00:00Z,comment,1036,4,Ugz2mmsmMIkwa1Zln7N4AaABAg,,FALSE
bygWEHETNno,2018-04-06T21:32:56Z,230018,,50,Psittacus_erithacus,Portugal,Birds,casual,dinero,Post-Introduction,eCommerce,eCommerce,2014,2014-06-01T12:00:00Z,comment,1036,4,UgySaSNk-2Vco4-z4HR4AaABAg,,FALSE
bygWEHETNno,2024-11-10T20:34:47Z,230018,,50,Psittacus_erithacus,Portugal,Birds,casual,visto,Post-Introduction,Detection,Detection,2014,2014-06-01T12:00:00Z,comment,1036,1,UgxClLY66uowMKIey9d4AaABAg.A2DhGiebx95AAfaGOvp5v7,UgxClLY66uowMKIey9d4AaABAg,TRUE
bygWEHETNno,2021-04-14T09:55:21Z,230018,,50,Psittacus_erithacus,Portugal,Birds,casual,pajareria,Post-Introduction,eCommerce,eCommerce,2014,2014-06-01T12:00:00Z,comment,1036,0,UgxWdEBr1q4HPl6H1vR4AaABAg.9I_RJgo0ipe9M6avOZJtkp,UgxWdEBr1q4HPl6H1vR4AaABAg,TRUE
bygWEHETNno,2021-04-27T17:00:39Z,230018,,50,Psittacus_erithacus,Portugal,Birds,casual,comprar,Post-Introduction,eCommerce,eCommerce,2014,2014-06-01T12:00:00Z,comment,1036,2,Ugz2mmsmMIkwa1Zln7N4AaABAg.90t9OoJHvul9Mdpvq--HS-,Ugz2mmsmMIkwa1Zln7N4AaABAg,TRUE
TEuGNWGxc9o,2021-09-14T07:53:35Z,49999,,26,Psittacus_erithacus,Portugal,Birds,casual,visto,Post-Introduction,Detection,Detection,2014,2014-06-01T12:00:00Z,comment,554,5,UgzbLKWWvdkUTsVMdBJ4AaABAg,,FALSE
TEuGNWGxc9o,2021-01-15T21:12:11Z,49999,,26,Psittacus_erithacus,Portugal,Birds,casual,cara,Post-Introduction,eCommerce,eCommerce,2014,2014-06-01T12:00:00Z,comment,554,6,UgxdVoWbDRUaLswYdPx4AaABAg,,FALSE
03-kmaNL3BY,2019-04-05T23:15:39Z,15189,,10,Psittacus_erithacus,Portugal,Birds,casual,jaula,Post-Introduction,eCommerce,eCommerce,2014,2014-06-01T12:00:00Z,comment,109,0,UgyyNO7UeDXFZCr5Rwp4AaABAg.8sjO1vnadUa8tMaGStbERa,UgyyNO7UeDXFZCr5Rwp4AaABAg,TRUE
khqAvw8SDmM,2024-09-25T00:46:51Z,2816,,3,Psittacus_erithacus,Portugal,Birds,casual,precios,Post-Introduction,eCommerce,eCommerce,2014,2014-06-01T12:00:00Z,comment,51,1,Ugw238YxUv7SimKqgMh4AaABAg,,FALSE
7AnXZ8nwJG8,2022-07-15T21:39:23Z,56007,,37,Psittacus_erithacus,Portugal,Birds,casual,jaula,Post-Introduction,eCommerce,eCommerce,2014,2014-06-01T12:00:00Z,comment,248,0,UgzfVNleQxVpoOe8BWN4AaABAg,,FALSE
7AnXZ8nwJG8,2019-02-22T14:18:58Z,56007,,37,Psittacus_erithacus,Portugal,Birds,casual,jaula,Post-Introduction,eCommerce,eCommerce,2014,2014-06-01T12:00:00Z,comment,248,0,Ugw_bxpgido5ybAP9n54AaABAg,,FALSE
7AnXZ8nwJG8,2018-03-27T07:41:02Z,56007,,37,Psittacus_erithacus,Portugal,Birds,casual,jaula,Post-Introduction,eCommerce,eCommerce,2014,2014-06-01T12:00:00Z,comment,248,1,UgzISqmh-PW80FhxW0N4AaABAg,,FALSE
7AnXZ8nwJG8,2017-04-10T22:37:51Z,56007,,37,Psittacus_erithacus,Portugal,Birds,casual,cara,Post-Introduction,eCommerce,eCommerce,2014,2014-06-01T12:00:00Z,comment,248,0,UgihmBknAGFEdngCoAEC,,FALSE
7AnXZ8nwJG8,2022-10-25T23:14:40Z,56007,,37,Psittacus_erithacus,Portugal,Birds,casual,jaula,Post-Introduction,eCommerce,eCommerce,2014,2014-06-01T12:00:00Z,comment,248,0,UgzfVNleQxVpoOe8BWN4AaABAg.9dWall6tXeu9hcPkwdjw7F,UgzfVNleQxVpoOe8BWN4AaABAg,TRUE
7AnXZ8nwJG8,2022-10-25T23:14:40Z,56007,,37,Psittacus_erithacus,Portugal,Birds,casual,jaula,Post-Introduction,eCommerce,eCommerce,2014,2014-06-01T12:00:00Z,comment,248,0,UgzfVNleQxVpoOe8BWN4AaABAg.9dWall6tXeu9hcPkwdjw7F,UgzfVNleQxVpoOe8BWN4AaABAg,TRUE
7AnXZ8nwJG8,2021-02-13T10:16:49Z,56007,,37,Psittacus_erithacus,Portugal,Birds,casual,euros,Post-Introduction,eCommerce,eCommerce,2014,2014-06-01T12:00:00Z,comment,248,1,Ugz_CqJmm2mIGLAaWa54AaABAg.9A1UJv3opvZ9Jh8gAec32o,Ugz_CqJmm2mIGLAaWa54AaABAg,TRUE
7AnXZ8nwJG8,2021-02-13T10:16:49Z,56007,,37,Psittacus_erithacus,Portugal,Birds,casual,euros,Post-Introduction,eCommerce,eCommerce,2014,2014-06-01T12:00:00Z,comment,248,1,Ugz_CqJmm2mIGLAaWa54AaABAg.9A1UJv3opvZ9Jh8gAec32o,Ugz_CqJmm2mIGLAaWa54AaABAg,TRUE
7AnXZ8nwJG8,2022-10-25T23:17:44Z,56007,,37,Psittacus_erithacus,Portugal,Birds,casual,jaula,Post-Introduction,eCommerce,eCommerce,2014,2014-06-01T12:00:00Z,comment,248,0,UgzISqmh-PW80FhxW0N4AaABAg.8eHu-vDvRAt9hcQ6PZ_ELn,UgzISqmh-PW80FhxW0N4AaABAg,TRUE
7AnXZ8nwJG8,2022-10-25T23:17:44Z,56007,,37,Psittacus_erithacus,Portugal,Birds,casual,jaula,Post-Introduction,eCommerce,eCommerce,2014,2014-06-01T12:00:00Z,comment,248,0,UgzISqmh-PW80FhxW0N4AaABAg.8eHu-vDvRAt9hcQ6PZ_ELn,UgzISqmh-PW80FhxW0N4AaABAg,TRUE
QTQusFeKZbM,2019-04-16T07:30:30Z,7718,,61,Psittacus_erithacus,Portugal,Birds,casual,visto,Post-Introduction,Detection,Detection,2014,2014-06-01T12:00:00Z,comment,439,0,Ugz9NQnndC0Z-K8rCm14AaABAg,,FALSE
s5Od0zXA3gI,2024-01-17T06:12:40Z,2957,,5,Psittacus_erithacus,Portugal,Birds,casual,jaula,Post-Introduction,eCommerce,eCommerce,2014,2014-06-01T12:00:00Z,comment,70,1,Ugy1EwD-py_zLXwAt3x4AaABAg.9ze6-ROrGCb9zeiiLY-ps-,Ugy1EwD-py_zLXwAt3x4AaABAg,TRUE
1Ofzz5hzfB0,2023-05-12T00:41:25Z,5383,,3,Psittacus_erithacus,Portugal,Birds,casual,tienda,Post-Introduction,eCommerce,eCommerce,2014,2014-06-01T12:00:00Z,comment,94,2,Ugx00PWlz4Q0izG7J5x4AaABAg,,FALSE
QIlGKL_Oxgw,2025-11-03T21:11:56Z,586,,2,Psittacus_erithacus,Portugal,Birds,casual,jaula,Post-Introduction,eCommerce,eCommerce,2014,2014-06-01T12:00:00Z,comment,9,0,UgwcRjNuqu3Z-sFwQPx4AaABAg,,FALSE
AXlBriWqZiE,2021-06-19T00:46:14Z,889,,5,Psittacus_erithacus,Portugal,Birds,casual,encontre,Post-Introduction,Detection,Detection,2014,2014-06-01T12:00:00Z,comment,19,0,Ugw1G56z9t0IN-df9T94AaABAg,,FALSE
R10Qgq9MNgI,2020-04-30T16:10:48Z,8662,,37,Psittacus_erithacus,Portugal,Birds,casual,visto,Post-Introduction,Detection,Detection,2014,2014-06-01T12:00:00Z,comment,264,0,Ugyn48idSkj0946WohN4AaABAg,,FALSE
R10Qgq9MNgI,2020-04-30T16:10:48Z,8662,,37,Psittacus_erithacus,Portugal,Birds,casual,rastreo,Post-Introduction,Detection,Detection,2014,2014-06-01T12:00:00Z,comment,264,0,Ugyn48idSkj0946WohN4AaABAg,,FALSE
R10Qgq9MNgI,2020-04-30T16:10:48Z,8662,,37,Psittacus_erithacus,Portugal,Birds,casual,comprar,Post-Introduction,eCommerce,eCommerce,2014,2014-06-01T12:00:00Z,comment,264,0,Ugyn48idSkj0946WohN4AaABAg,,FALSE
R10Qgq9MNgI,2020-04-27T16:05:50Z,8662,,37,Psittacus_erithacus,Portugal,Birds,casual,compra,Post-Introduction,eCommerce,eCommerce,2014,2014-06-01T12:00:00Z,comment,264,1,UgyKWBx2PGHguW8UbvF4AaABAg,,FALSE
R10Qgq9MNgI,2020-04-27T16:05:50Z,8662,,37,Psittacus_erithacus,Portugal,Birds,casual,mascota,Post-Introduction,eCommerce,eCommerce,2014,2014-06-01T12:00:00Z,comment,264,1,UgyKWBx2PGHguW8UbvF4AaABAg,,FALSE
R10Qgq9MNgI,2020-04-27T16:05:50Z,8662,,37,Psittacus_erithacus,Portugal,Birds,casual,visto,Post-Introduction,Detection,Detection,2014,2014-06-01T12:00:00Z,comment,264,1,UgyKWBx2PGHguW8UbvF4AaABAg,,FALSE
R10Qgq9MNgI,2020-04-26T20:56:54Z,8662,,37,Psittacus_erithacus,Portugal,Birds,casual,comprar,Post-Introduction,eCommerce,eCommerce,2014,2014-06-01T12:00:00Z,comment,264,0,UgwIOzixVyAICrlkx_B4AaABAg,,FALSE
R10Qgq9MNgI,2020-04-24T21:54:39Z,8662,,37,Psittacus_erithacus,Portugal,Birds,casual,visto,Post-Introduction,Detection,Detection,2014,2014-06-01T12:00:00Z,comment,264,1,UgzQqJNfSsMxGtBfcRF4AaABAg,,FALSE
43w8TMJlu8w,2021-01-17T21:11:15Z,2492,,2,Psittacus_erithacus,Portugal,Birds,casual,comprar,Post-Introduction,eCommerce,eCommerce,2014,2014-06-01T12:00:00Z,comment,20,0,UgyostJcYdJsBb8nViF4AaABAg,,FALSE
wTIV18QtGj4,2019-08-25T13:21:16Z,1907,,5,Psittacus_erithacus,Portugal,Birds,casual,compre,Post-Introduction,eCommerce,eCommerce,2014,2014-06-01T12:00:00Z,comment,39,1,UgwL1CiAQqLJXzfolhV4AaABAg.8z34Qe4lyDV8z3A7JL-ySR,UgwL1CiAQqLJXzfolhV4AaABAg,TRUE
wTIV18QtGj4,2019-08-25T13:21:16Z,1907,,5,Psittacus_erithacus,Portugal,Birds,casual,costo,Post-Introduction,eCommerce,eCommerce,2014,2014-06-01T12:00:00Z,comment,39,1,UgwL1CiAQqLJXzfolhV4AaABAg.8z34Qe4lyDV8z3A7JL-ySR,UgwL1CiAQqLJXzfolhV4AaABAg,TRUE
wTIV18QtGj4,2019-08-25T13:21:16Z,1907,,5,Psittacus_erithacus,Portugal,Birds,casual,euros,Post-Introduction,eCommerce,eCommerce,2014,2014-06-01T12:00:00Z,comment,39,1,UgwL1CiAQqLJXzfolhV4AaABAg.8z34Qe4lyDV8z3A7JL-ySR,UgwL1CiAQqLJXzfolhV4AaABAg,TRUE
WOYJsnkxlAM,2023-04-25T16:52:21Z,7476,,12,Psittacus_erithacus,Portugal,Birds,casual,comprar,Post-Introduction,eCommerce,eCommerce,2014,2014-06-01T12:00:00Z,comment,38,1,UgyPCgKtPIdPHn1aj9Z4AaABAg,,FALSE
WOYJsnkxlAM,2020-05-05T20:15:53Z,7476,,12,Psittacus_erithacus,Portugal,Birds,casual,venta,Post-Introduction,eCommerce,eCommerce,2014,2014-06-01T12:00:00Z,comment,38,0,Ugz_fDc6M-tTFJ9ZjNp4AaABAg,,FALSE
WOYJsnkxlAM,2017-01-22T07:54:29Z,7476,,12,Psittacus_erithacus,Portugal,Birds,casual,precio,Post-Introduction,eCommerce,eCommerce,2014,2014-06-01T12:00:00Z,comment,38,1,UghBdQCXjEnM5ngCoAEC,,FALSE
WOYJsnkxlAM,2017-03-12T07:25:03Z,7476,,12,Psittacus_erithacus,Portugal,Birds,casual,precios,Post-Introduction,eCommerce,eCommerce,2014,2014-06-01T12:00:00Z,comment,38,0,UghBdQCXjEnM5ngCoAEC.8O1HX465kb-8Q-P6JdXiR-,UghBdQCXjEnM5ngCoAEC,TRUE
WOYJsnkxlAM,2018-02-01T14:24:59Z,7476,,12,Psittacus_erithacus,Portugal,Birds,casual,precio,Post-Introduction,eCommerce,eCommerce,2014,2014-06-01T12:00:00Z,comment,38,0,UghBdQCXjEnM5ngCoAEC.8O1HX465kb-8c7_JHl0qru,UghBdQCXjEnM5ngCoAEC,TRUE
30jH311vFM8,2019-08-02T12:58:53Z,55740,,4,Psittacus_erithacus,Portugal,Birds,casual,jaula,Post-Introduction,eCommerce,eCommerce,2014,2014-06-01T12:00:00Z,comment,190,3,Ugy2T0GbLZ6RW8nvyXp4AaABAg,,FALSE
Mn8rvS_gHLk,2018-02-18T09:17:03Z,4391,,10,Psittacus_erithacus,Portugal,Birds,casual,compre,Post-Introduction,eCommerce,eCommerce,2014,2014-06-01T12:00:00Z,comment,50,2,Ugwx3InwtsALlFS1E2V4AaABAg,,FALSE
Mn8rvS_gHLk,2018-02-17T22:09:04Z,4391,,10,Psittacus_erithacus,Portugal,Birds,casual,visto,Post-Introduction,Detection,Detection,2014,2014-06-01T12:00:00Z,comment,50,2,UgyuOg0YzA036ZX2h8R4AaABAg,,FALSE
Mn8rvS_gHLk,2018-02-17T22:25:20Z,4391,,10,Psittacus_erithacus,Portugal,Birds,casual,visto,Post-Introduction,Detection,Detection,2014,2014-06-01T12:00:00Z,comment,50,2,UgyuOg0YzA036ZX2h8R4AaABAg.8cmb8LQ39fv8cmd-U2AEY-,UgyuOg0YzA036ZX2h8R4AaABAg,TRUE
JQsj7TpP6T0,2013-05-22T20:04:08Z,27875,,5,Psittacus_erithacus,Portugal,Birds,casual,jaula,Pre-Introduction,eCommerce,eCommerce,2014,2014-06-01T12:00:00Z,comment,29,0,UgzRn8UY_S3Z5Kfx0SN4AaABAg,,FALSE
J3Ey42tBAy8,2016-06-09T03:00:53Z,1797,,8,Psittacus_erithacus,Portugal,Birds,casual,comprar,Post-Introduction,eCommerce,eCommerce,2014,2014-06-01T12:00:00Z,comment,9,0,UghnnDqG3-T4mHgCoAEC,,FALSE
J3Ey42tBAy8,2016-06-09T06:05:20Z,1797,,8,Psittacus_erithacus,Portugal,Birds,casual,mercado,Post-Introduction,eCommerce,eCommerce,2014,2014-06-01T12:00:00Z,comment,9,0,UghnnDqG3-T4mHgCoAEC.8EtFTy4X08u8Et_a1Ijg_B,UghnnDqG3-T4mHgCoAEC,TRUE
G1osoRrmfa4,2023-05-16T22:20:18Z,1423,,2,Psittacus_erithacus,Portugal,Birds,casual,jaula,Post-Introduction,eCommerce,eCommerce,2014,2014-06-01T12:00:00Z,comment,45,1,UgxV-QOZWYMWgiAlbZF4AaABAg,,FALSE
Lni-8JM8N1o,2019-12-20T20:20:26Z,232662,,56,Psittacus_erithacus,Portugal,Birds,casual,jaula,Post-Introduction,eCommerce,eCommerce,2014,2014-06-01T12:00:00Z,comment,939,3,UgxNm5s57ePt6A6G1-94AaABAg,,FALSE
Lni-8JM8N1o,2019-05-30T02:40:45Z,232662,,56,Psittacus_erithacus,Portugal,Birds,casual,jaula,Post-Introduction,eCommerce,eCommerce,2014,2014-06-01T12:00:00Z,comment,939,6,UgyoLBvvsbfRUhklvhF4AaABAg,,FALSE
Lni-8JM8N1o,2017-02-07T19:40:24Z,232662,,56,Psittacus_erithacus,Portugal,Birds,casual,jaula,Post-Introduction,eCommerce,eCommerce,2014,2014-06-01T12:00:00Z,comment,939,7,UggV_cBCYA7rXXgCoAEC,,FALSE
Lni-8JM8N1o,2016-06-12T21:03:11Z,232662,,56,Psittacus_erithacus,Portugal,Birds,casual,jaula,Post-Introduction,eCommerce,eCommerce,2014,2014-06-01T12:00:00Z,comment,939,1,UggoQQXpA7-d1HgCoAEC,,FALSE
Lni-8JM8N1o,2016-06-29T00:07:24Z,232662,,56,Psittacus_erithacus,Portugal,Birds,casual,jaula,Post-Introduction,eCommerce,eCommerce,2014,2014-06-01T12:00:00Z,comment,939,1,UggoQQXpA7-d1HgCoAEC.8F1ui_KeZXd8FgRWxwRGxP,UggoQQXpA7-d1HgCoAEC,TRUE
Lni-8JM8N1o,2016-07-04T02:15:10Z,232662,,56,Psittacus_erithacus,Portugal,Birds,casual,jaula,Post-Introduction,eCommerce,eCommerce,2014,2014-06-01T12:00:00Z,comment,939,2,UggoQQXpA7-d1HgCoAEC.8F1ui_KeZXd8FtY76bVWUe,UggoQQXpA7-d1HgCoAEC,TRUE
Lni-8JM8N1o,2017-01-06T17:03:28Z,232662,,56,Psittacus_erithacus,Portugal,Birds,casual,jaula,Post-Introduction,eCommerce,eCommerce,2014,2014-06-01T12:00:00Z,comment,939,0,UgipHEdPvxhX2XgCoAEC.7-H0Z7-0ZdV8NP3cvZWzKG,UgipHEdPvxhX2XgCoAEC,TRUE
cizNLmoMfl4,2020-06-18T14:04:09Z,827,,3,Psittacus_erithacus,Portugal,Birds,casual,comprar,Post-Introduction,eCommerce,eCommerce,2014,2014-06-01T12:00:00Z,comment,8,0,UgwL2ZC3bPYAEtodg954AaABAg.92ATzy_7M4p9A2ZvF9KK_I,UgwL2ZC3bPYAEtodg954AaABAg,TRUE
cizNLmoMfl4,2020-06-18T14:04:09Z,827,,3,Psittacus_erithacus,Portugal,Birds,casual,costo,Post-Introduction,eCommerce,eCommerce,2014,2014-06-01T12:00:00Z,comment,8,0,UgwL2ZC3bPYAEtodg954AaABAg.92ATzy_7M4p9A2ZvF9KK_I,UgwL2ZC3bPYAEtodg954AaABAg,TRUE
tciEFZ4O_gA,2025-05-20T21:06:10Z,11592,,40,Psittacus_erithacus,Portugal,Birds,casual,costo,Post-Introduction,eCommerce,eCommerce,2014,2014-06-01T12:00:00Z,comment,106,1,UgxFFCWUQbxXjT4gk8N4AaABAg,,FALSE
tciEFZ4O_gA,2024-05-17T13:52:31Z,11592,,40,Psittacus_erithacus,Portugal,Birds,casual,compre,Post-Introduction,eCommerce,eCommerce,2014,2014-06-01T12:00:00Z,comment,106,2,UgwoOloXMnj2VcH2JdZ4AaABAg,,FALSE
tciEFZ4O_gA,2022-12-25T18:31:43Z,11592,,40,Psittacus_erithacus,Portugal,Birds,casual,comprado,Post-Introduction,eCommerce,eCommerce,2014,2014-06-01T12:00:00Z,comment,106,1,UgxiAHxV_XPVwmZ_fWd4AaABAg,,FALSE
tciEFZ4O_gA,2022-09-25T17:36:28Z,11592,,40,Psittacus_erithacus,Portugal,Birds,casual,jaula,Post-Introduction,eCommerce,eCommerce,2014,2014-06-01T12:00:00Z,comment,106,1,Ugy8iiComSCkFWkCp6J4AaABAg,,FALSE
tciEFZ4O_gA,2021-01-10T17:57:12Z,11592,,40,Psittacus_erithacus,Portugal,Birds,casual,comprar,Post-Introduction,eCommerce,eCommerce,2014,2014-06-01T12:00:00Z,comment,106,1,UgycnjUtZ8kzgsKZtap4AaABAg,,FALSE
tciEFZ4O_gA,2022-12-30T06:39:11Z,11592,,40,Psittacus_erithacus,Portugal,Birds,casual,compre,Post-Introduction,eCommerce,eCommerce,2014,2014-06-01T12:00:00Z,comment,106,0,UgxiAHxV_XPVwmZ_fWd4AaABAg.9k3yrvaO_mC9kF_IXyOSWr,UgxiAHxV_XPVwmZ_fWd4AaABAg,TRUE
ZzooEs2ziYQ,2023-10-02T22:48:05Z,37063,,17,Psittacus_erithacus,Portugal,Birds,casual,extension,Post-Introduction,Invasion,Invasion,2014,2014-06-01T12:00:00Z,comment,264,0,UgyxjsZUMKzBTrHaPGZ4AaABAg,,FALSE
ZzooEs2ziYQ,2022-12-30T17:39:15Z,37063,,17,Psittacus_erithacus,Portugal,Birds,casual,precio,Post-Introduction,eCommerce,eCommerce,2014,2014-06-01T12:00:00Z,comment,264,0,UgyEstp2NGWmQJowA-54AaABAg,,FALSE
ZzooEs2ziYQ,2022-09-27T14:57:11Z,37063,,17,Psittacus_erithacus,Portugal,Birds,casual,mascota,Post-Introduction,eCommerce,eCommerce,2014,2014-06-01T12:00:00Z,comment,264,0,UgxrQos0WOJhcz_SO394AaABAg,,FALSE
ZzooEs2ziYQ,2023-10-02T23:01:42Z,37063,,17,Psittacus_erithacus,Portugal,Birds,casual,precio,Post-Introduction,eCommerce,eCommerce,2014,2014-06-01T12:00:00Z,comment,264,0,UgyEstp2NGWmQJowA-54AaABAg.9kGkq1qnlBP9vO086hfB7h,UgyEstp2NGWmQJowA-54AaABAg,TRUE
Sx3tbRBlbUE,2026-01-21T10:22:30Z,5902,,17,Psittacus_erithacus,Portugal,Birds,casual,jaula,Post-Introduction,eCommerce,eCommerce,2014,2014-06-01T12:00:00Z,comment,121,0,UgzABwiWmyr9Si5Imqt4AaABAg,,FALSE
Sx3tbRBlbUE,2026-01-21T10:22:30Z,5902,,17,Psittacus_erithacus,Portugal,Birds,casual,jaula,Post-Introduction,eCommerce,eCommerce,2014,2014-06-01T12:00:00Z,comment,121,0,UgzABwiWmyr9Si5Imqt4AaABAg,,FALSE
Sx3tbRBlbUE,2025-08-04T02:46:50Z,5902,,17,Psittacus_erithacus,Portugal,Birds,casual,comprar,Post-Introduction,eCommerce,eCommerce,2014,2014-06-01T12:00:00Z,comment,121,0,UgwSaZraPGKbrRzL4HJ4AaABAg,,FALSE
Sx3tbRBlbUE,2025-08-04T02:46:50Z,5902,,17,Psittacus_erithacus,Portugal,Birds,casual,comprar,Post-Introduction,eCommerce,eCommerce,2014,2014-06-01T12:00:00Z,comment,121,0,UgwSaZraPGKbrRzL4HJ4AaABAg,,FALSE
Sx3tbRBlbUE,2025-07-22T17:18:52Z,5902,,17,Psittacus_erithacus,Portugal,Birds,casual,compra,Post-Introduction,eCommerce,eCommerce,2014,2014-06-01T12:00:00Z,comment,121,0,UgzwSQlAPcJxjVavGhx4AaABAg,,FALSE
Sx3tbRBlbUE,2024-05-22T19:23:46Z,5902,,17,Psittacus_erithacus,Portugal,Birds,casual,prohibida,Post-Introduction,eCommerce,eCommerce,2014,2014-06-01T12:00:00Z,comment,121,0,UgydxOOWU3Nagq8NfF14AaABAg,,FALSE
Sx3tbRBlbUE,2024-05-22T19:23:46Z,5902,,17,Psittacus_erithacus,Portugal,Birds,casual,venta,Post-Introduction,eCommerce,eCommerce,2014,2014-06-01T12:00:00Z,comment,121,0,UgydxOOWU3Nagq8NfF14AaABAg,,FALSE
Sx3tbRBlbUE,2024-10-15T07:00:28Z,5902,,17,Psittacus_erithacus,Portugal,Birds,casual,jaula,Post-Introduction,eCommerce,eCommerce,2014,2014-06-01T12:00:00Z,comment,121,1,Ugy_eKfE4JWFJtmy8y94AaABAg.A9b6jboaQzgA9bBPSNu2nR,Ugy_eKfE4JWFJtmy8y94AaABAg,TRUE
Sx3tbRBlbUE,2024-10-15T10:09:57Z,5902,,17,Psittacus_erithacus,Portugal,Birds,casual,jaula,Post-Introduction,eCommerce,eCommerce,2014,2014-06-01T12:00:00Z,comment,121,1,Ugy_eKfE4JWFJtmy8y94AaABAg.A9b6jboaQzgA9bX5F4hMLo,Ugy_eKfE4JWFJtmy8y94AaABAg,TRUE
Sx3tbRBlbUE,2025-01-05T20:06:07Z,5902,,17,Psittacus_erithacus,Portugal,Birds,casual,jaula,Post-Introduction,eCommerce,eCommerce,2014,2014-06-01T12:00:00Z,comment,121,0,Ugy_eKfE4JWFJtmy8y94AaABAg.A9b6jboaQzgACvjVTAUDJ4,Ugy_eKfE4JWFJtmy8y94AaABAg,TRUE
W15yVkXmZZc,2025-10-13T13:38:57Z,11173,,68,Psittacus_erithacus,Portugal,Birds,casual,adoptar,Post-Introduction,eCommerce,eCommerce,2014,2014-06-01T12:00:00Z,comment,803,0,UgxpWm33iGGYp4K0gSZ4AaABAg,,FALSE
W15yVkXmZZc,2021-06-08T21:39:33Z,11173,,68,Psittacus_erithacus,Portugal,Birds,casual,toxico,Post-Introduction,Threat,Threat,2014,2014-06-01T12:00:00Z,comment,803,0,UgxrmRLkkI2hR2EqUZV4AaABAg,,FALSE
W15yVkXmZZc,2021-04-19T11:50:32Z,11173,,68,Psittacus_erithacus,Portugal,Birds,casual,cara,Post-Introduction,eCommerce,eCommerce,2014,2014-06-01T12:00:00Z,comment,803,0,Ugw1JCmC9f9sSrh1o554AaABAg,,FALSE
W15yVkXmZZc,2021-04-17T03:23:48Z,11173,,68,Psittacus_erithacus,Portugal,Birds,casual,compre,Post-Introduction,eCommerce,eCommerce,2014,2014-06-01T12:00:00Z,comment,803,0,UgzEGzb0ZocU8uZ89Wp4AaABAg,,FALSE
W15yVkXmZZc,2021-04-17T03:23:48Z,11173,,68,Psittacus_erithacus,Portugal,Birds,casual,jaula,Post-Introduction,eCommerce,eCommerce,2014,2014-06-01T12:00:00Z,comment,803,0,UgzEGzb0ZocU8uZ89Wp4AaABAg,,FALSE
W15yVkXmZZc,2021-03-24T09:28:17Z,11173,,68,Psittacus_erithacus,Portugal,Birds,casual,compre,Post-Introduction,eCommerce,eCommerce,2014,2014-06-01T12:00:00Z,comment,803,0,Ugyo7qvVUBaRP_f_ZQN4AaABAg,,FALSE
W15yVkXmZZc,2021-03-24T09:28:17Z,11173,,68,Psittacus_erithacus,Portugal,Birds,casual,jaula,Post-Introduction,eCommerce,eCommerce,2014,2014-06-01T12:00:00Z,comment,803,0,Ugyo7qvVUBaRP_f_ZQN4AaABAg,,FALSE
W15yVkXmZZc,2021-03-24T09:28:17Z,11173,,68,Psittacus_erithacus,Portugal,Birds,casual,compre,Post-Introduction,eCommerce,eCommerce,2014,2014-06-01T12:00:00Z,comment,803,0,Ugyo7qvVUBaRP_f_ZQN4AaABAg,,FALSE
W15yVkXmZZc,2021-03-24T09:28:17Z,11173,,68,Psittacus_erithacus,Portugal,Birds,casual,jaula,Post-Introduction,eCommerce,eCommerce,2014,2014-06-01T12:00:00Z,comment,803,0,Ugyo7qvVUBaRP_f_ZQN4AaABAg,,FALSE
W15yVkXmZZc,2021-03-18T20:06:40Z,11173,,68,Psittacus_erithacus,Portugal,Birds,casual,jaula,Post-Introduction,eCommerce,eCommerce,2014,2014-06-01T12:00:00Z,comment,803,0,UgzRouy3s0O90x6Jd_t4AaABAg,,FALSE
W15yVkXmZZc,2021-03-18T19:30:25Z,11173,,68,Psittacus_erithacus,Portugal,Birds,casual,adoptar,Post-Introduction,eCommerce,eCommerce,2014,2014-06-01T12:00:00Z,comment,803,4,UgzKVYU3exqGC7vHr754AaABAg,,FALSE
W15yVkXmZZc,2021-03-18T19:15:27Z,11173,,68,Psittacus_erithacus,Portugal,Birds,casual,compre,Post-Introduction,eCommerce,eCommerce,2014,2014-06-01T12:00:00Z,comment,803,2,UgzoJJ-fNm-hqA6oxF94AaABAg,,FALSE
W15yVkXmZZc,2021-03-18T19:29:15Z,11173,,68,Psittacus_erithacus,Portugal,Birds,casual,jaula,Post-Introduction,eCommerce,eCommerce,2014,2014-06-01T12:00:00Z,comment,803,0,UgzoJJ-fNm-hqA6oxF94AaABAg.9L24Z6px4Qw9L268C02SYq,UgzoJJ-fNm-hqA6oxF94AaABAg,TRUE
hugdDaUo3U8,2025-12-27T12:54:56Z,1202,,1,Psittacus_erithacus,Portugal,Birds,casual,coste,Post-Introduction,eCommerce,eCommerce,2014,2014-06-01T12:00:00Z,comment,59,1,UgzLl3ruODiBOWQON9l4AaABAg.AR530PdOeQjAREd8s83qCM,UgzLl3ruODiBOWQON9l4AaABAg,TRUE
06Tsg-SuL8s,2024-11-27T17:31:35Z,1302,,2,Psittacus_erithacus,Portugal,Birds,casual,precio,Post-Introduction,eCommerce,eCommerce,2014,2014-06-01T12:00:00Z,comment,28,2,UgzXQf9c2aLqkAvVixR4AaABAg,,FALSE
R-T92xqOhdk,2024-09-30T20:21:22Z,159,,2,Psittacus_erithacus,Portugal,Birds,casual,comprado,Post-Introduction,eCommerce,eCommerce,2014,2014-06-01T12:00:00Z,comment,2,1,Ugx63wDj_Q8XW4CMYvd4AaABAg,,FALSE
fy8BotKneVs,2025-08-08T10:41:10Z,156,,8,Psittacus_erithacus,Portugal,Birds,casual,comprar,Post-Introduction,eCommerce,eCommerce,2014,2014-06-01T12:00:00Z,comment,3,0,UgxENkUVTu2dPq93GXx4AaABAg,,FALSE
TkTjFAGFn1M,2017-10-04T15:57:45Z,18067,,13,Psittacus_erithacus,Portugal,Birds,casual,mascota,Post-Introduction,eCommerce,eCommerce,2014,2014-06-01T12:00:00Z,comment,50,0,Ugxt8kuxRbdUzKpddEB4AaABAg,,FALSE
TkTjFAGFn1M,2016-06-05T23:39:39Z,18067,,13,Psittacus_erithacus,Portugal,Birds,casual,comprar,Post-Introduction,eCommerce,eCommerce,2014,2014-06-01T12:00:00Z,comment,50,0,UggsulOz4UCuTXgCoAEC,,FALSE
TkTjFAGFn1M,2016-06-05T23:39:28Z,18067,,13,Psittacus_erithacus,Portugal,Birds,casual,comprar,Post-Introduction,eCommerce,eCommerce,2014,2014-06-01T12:00:00Z,comment,50,0,UghJIQyBD0oha3gCoAEC,,FALSE
TkTjFAGFn1M,2016-02-12T13:59:57Z,18067,,13,Psittacus_erithacus,Portugal,Birds,casual,comprar,Post-Introduction,eCommerce,eCommerce,2014,2014-06-01T12:00:00Z,comment,50,0,UgiSTHBTE99zBHgCoAEC,,FALSE
TkTjFAGFn1M,2012-02-17T12:05:08Z,18067,,13,Psittacus_erithacus,Portugal,Birds,casual,precios,Pre-Introduction,eCommerce,eCommerce,2014,2014-06-01T12:00:00Z,comment,50,0,UgxpPswnVW5QncHPf5R4AaABAg,,FALSE
TkTjFAGFn1M,2009-10-31T06:14:35Z,18067,,13,Psittacus_erithacus,Portugal,Birds,casual,precio,Pre-Introduction,eCommerce,eCommerce,2014,2014-06-01T12:00:00Z,comment,50,0,UgzuMm5HrHi7XkkYWT94AaABAg,,FALSE
NSL9sHsS1CY,2025-08-27T21:53:48Z,14532,,10,Psittacus_erithacus,Portugal,Birds,casual,visto,Post-Introduction,Detection,Detection,2014,2014-06-01T12:00:00Z,comment,245,2,UgwnjWqH6sohxQpwfdp4AaABAg.A87HuO2RzL6AMLSpz2IEwI,UgwnjWqH6sohxQpwfdp4AaABAg,TRUE
oMbP9k3w5Hg,2021-05-29T08:10:25Z,187645,,63,Psittacus_erithacus,Portugal,Birds,casual,jaula,Post-Introduction,eCommerce,eCommerce,2014,2014-06-01T12:00:00Z,comment,1108,1,UgyxTFnDRXo03bLmHgB4AaABAg,,FALSE
oMbP9k3w5Hg,2017-05-08T00:54:19Z,187645,,63,Psittacus_erithacus,Portugal,Birds,casual,enjaulado,Post-Introduction,eCommerce,eCommerce,2014,2014-06-01T12:00:00Z,comment,1108,1,UggOrS6kM9ddF3gCoAEC,,FALSE
oMbP9k3w5Hg,2021-07-29T09:18:19Z,187645,,63,Psittacus_erithacus,Portugal,Birds,casual,venta,Post-Introduction,eCommerce,eCommerce,2014,2014-06-01T12:00:00Z,comment,1108,0,UgywQP3viEkbLAgoYI54AaABAg.9Q8kebJryjD9QNTwzFTYhY,UgywQP3viEkbLAgoYI54AaABAg,TRUE
oMbP9k3w5Hg,2021-07-03T21:19:43Z,187645,,63,Psittacus_erithacus,Portugal,Birds,casual,jaula,Post-Introduction,eCommerce,eCommerce,2014,2014-06-01T12:00:00Z,comment,1108,1,UgyxTFnDRXo03bLmHgB4AaABAg.9NvHgCQYzyL9PLoprHBwdv,UgyxTFnDRXo03bLmHgB4AaABAg,TRUE
oMbP9k3w5Hg,2020-01-04T22:45:00Z,187645,,63,Psittacus_erithacus,Portugal,Birds,casual,compre,Post-Introduction,eCommerce,eCommerce,2014,2014-06-01T12:00:00Z,comment,1108,0,Ugz9b-HDp9dRzr4z3JN4AaABAg.93ApwfUXzU193O3ZnFOGkB,Ugz9b-HDp9dRzr4z3JN4AaABAg,TRUE
oMbP9k3w5Hg,2019-09-24T23:23:58Z,187645,,63,Psittacus_erithacus,Portugal,Birds,casual,costo,Post-Introduction,eCommerce,eCommerce,2014,2014-06-01T12:00:00Z,comment,1108,0,Ugzr9nuRZ6VNyBh9a-t4AaABAg.8yAfXtk0cEV9-HUwymkF-T,Ugzr9nuRZ6VNyBh9a-t4AaABAg,TRUE
oMbP9k3w5Hg,2019-09-24T23:23:58Z,187645,,63,Psittacus_erithacus,Portugal,Birds,casual,precio,Post-Introduction,eCommerce,eCommerce,2014,2014-06-01T12:00:00Z,comment,1108,0,Ugzr9nuRZ6VNyBh9a-t4AaABAg.8yAfXtk0cEV9-HUwymkF-T,Ugzr9nuRZ6VNyBh9a-t4AaABAg,TRUE
oMbP9k3w5Hg,2019-09-24T23:23:58Z,187645,,63,Psittacus_erithacus,Portugal,Birds,casual,caro,Post-Introduction,eCommerce,eCommerce,2014,2014-06-01T12:00:00Z,comment,1108,0,Ugzr9nuRZ6VNyBh9a-t4AaABAg.8yAfXtk0cEV9-HUwymkF-T,Ugzr9nuRZ6VNyBh9a-t4AaABAg,TRUE
oMbP9k3w5Hg,2018-10-11T22:01:20Z,187645,,63,Psittacus_erithacus,Portugal,Birds,casual,euros,Post-Introduction,eCommerce,eCommerce,2014,2014-06-01T12:00:00Z,comment,1108,2,UgxY354ABdOV-8lV69J4AaABAg.8kukPFGbqAQ8mHGrF9XWS-,UgxY354ABdOV-8lV69J4AaABAg,TRUE
oMbP9k3w5Hg,2018-10-11T22:01:20Z,187645,,63,Psittacus_erithacus,Portugal,Birds,casual,euros,Post-Introduction,eCommerce,eCommerce,2014,2014-06-01T12:00:00Z,comment,1108,2,UgxY354ABdOV-8lV69J4AaABAg.8kukPFGbqAQ8mHGrF9XWS-,UgxY354ABdOV-8lV69J4AaABAg,TRUE
oMbP9k3w5Hg,2018-10-11T22:01:20Z,187645,,63,Psittacus_erithacus,Portugal,Birds,casual,capturado,Post-Introduction,Detection,Detection,2014,2014-06-01T12:00:00Z,comment,1108,2,UgxY354ABdOV-8lV69J4AaABAg.8kukPFGbqAQ8mHGrF9XWS-,UgxY354ABdOV-8lV69J4AaABAg,TRUE
oMbP9k3w5Hg,2019-02-04T14:39:34Z,187645,,63,Psittacus_erithacus,Portugal,Birds,casual,comprado,Post-Introduction,eCommerce,eCommerce,2014,2014-06-01T12:00:00Z,comment,1108,1,UgxY354ABdOV-8lV69J4AaABAg.8kukPFGbqAQ8qwAW60tKqd,UgxY354ABdOV-8lV69J4AaABAg,TRUE
oMbP9k3w5Hg,2018-10-12T10:34:12Z,187645,,63,Psittacus_erithacus,Portugal,Birds,casual,barato,Post-Introduction,eCommerce,eCommerce,2014,2014-06-01T12:00:00Z,comment,1108,0,UgyzfX9yzb3uXIE4_Gd4AaABAg.8jXeIQrPVhg8mIc0PpBEyO,UgyzfX9yzb3uXIE4_Gd4AaABAg,TRUE
oMbP9k3w5Hg,2017-05-08T02:01:16Z,187645,,63,Psittacus_erithacus,Portugal,Birds,casual,jaula,Post-Introduction,eCommerce,eCommerce,2014,2014-06-01T12:00:00Z,comment,1108,1,UggOrS6kM9ddF3gCoAEC.8SHThLrWcEd8SHaMlRVhcG,UggOrS6kM9ddF3gCoAEC,TRUE
m2I-cwbmd1Y,2019-05-09T02:54:48Z,6106,,75,Psittacus_erithacus,Portugal,Birds,casual,compre,Post-Introduction,eCommerce,eCommerce,2014,2014-06-01T12:00:00Z,comment,456,0,Ugx3C1kRv9Xk0NIZ6ZF4AaABAg,,FALSE
m2I-cwbmd1Y,2019-05-01T22:29:33Z,6106,,75,Psittacus_erithacus,Portugal,Birds,casual,jaula,Post-Introduction,eCommerce,eCommerce,2014,2014-06-01T12:00:00Z,comment,456,0,Ugw_kmwWthkI783s8el4AaABAg.8uMW9XpfoBO8uPSeegOwhs,Ugw_kmwWthkI783s8el4AaABAg,TRUE
-39Pm8ZDgUk,2013-09-25T00:54:16Z,4662,,5,Psittacus_erithacus,Portugal,Birds,casual,jaula,Pre-Introduction,eCommerce,eCommerce,2014,2014-06-01T12:00:00Z,comment,9,0,UgyOweN2z2V0Pq0APQ94AaABAg,,FALSE
kD0eKKEXRqs,2020-05-27T14:49:42Z,1948,,6,Psittacus_erithacus,Portugal,Birds,casual,mascota,Post-Introduction,eCommerce,eCommerce,2014,2014-06-01T12:00:00Z,comment,86,0,Ugw-HeLpGCbqn1ety3d4AaABAg,,FALSE
ymotsGyozOY,2010-09-08T22:56:31Z,1006,,1,Psittacus_erithacus,Portugal,Birds,casual,comprar,Pre-Introduction,eCommerce,eCommerce,2014,2014-06-01T12:00:00Z,comment,3,0,Ugz4bfL85Qj-kebXHUh4AaABAg,,FALSE
ymotsGyozOY,2010-09-08T22:56:31Z,1006,,1,Psittacus_erithacus,Portugal,Birds,casual,precio,Pre-Introduction,eCommerce,eCommerce,2014,2014-06-01T12:00:00Z,comment,3,0,Ugz4bfL85Qj-kebXHUh4AaABAg,,FALSE
e_69IFRDMTU,2015-06-06T01:51:35Z,299,,3,Psittacus_erithacus,Portugal,Birds,casual,comprar,Post-Introduction,eCommerce,eCommerce,2014,2014-06-01T12:00:00Z,comment,11,1,UgiSJjNDaLNLJXgCoAEC,,FALSE
e_69IFRDMTU,2015-06-06T08:27:08Z,299,,3,Psittacus_erithacus,Portugal,Birds,casual,tienda,Post-Introduction,eCommerce,eCommerce,2014,2014-06-01T12:00:00Z,comment,11,1,UgiSJjNDaLNLJXgCoAEC.801zD_sO8zD7-HipE0LaVE,UgiSJjNDaLNLJXgCoAEC,TRUE
e_69IFRDMTU,2015-06-06T08:27:08Z,299,,3,Psittacus_erithacus,Portugal,Birds,casual,venta,Post-Introduction,eCommerce,eCommerce,2014,2014-06-01T12:00:00Z,comment,11,1,UgiSJjNDaLNLJXgCoAEC.801zD_sO8zD7-HipE0LaVE,UgiSJjNDaLNLJXgCoAEC,TRUE
e_69IFRDMTU,2015-06-06T08:27:08Z,299,,3,Psittacus_erithacus,Portugal,Birds,casual,capturado,Post-Introduction,Detection,Detection,2014,2014-06-01T12:00:00Z,comment,11,1,UgiSJjNDaLNLJXgCoAEC.801zD_sO8zD7-HipE0LaVE,UgiSJjNDaLNLJXgCoAEC,TRUE
kCa5T8vjS0Q,2023-12-10T14:06:18Z,80196,,145,Psittacus_erithacus,Portugal,Birds,casual,jaula,Post-Introduction,eCommerce,eCommerce,2014,2014-06-01T12:00:00Z,comment,1089,1,UgxfzAXZILSi3qAAQZh4AaABAg,,FALSE
kCa5T8vjS0Q,2023-05-08T01:35:21Z,80196,,145,Psittacus_erithacus,Portugal,Birds,casual,precio,Post-Introduction,eCommerce,eCommerce,2014,2014-06-01T12:00:00Z,comment,1089,0,Ugy5CpnjSa6hoSBHOCB4AaABAg,,FALSE
kCa5T8vjS0Q,2021-12-07T12:38:31Z,80196,,145,Psittacus_erithacus,Portugal,Birds,casual,compre,Post-Introduction,eCommerce,eCommerce,2014,2014-06-01T12:00:00Z,comment,1089,0,UgyWpyWq5gLaXgednId4AaABAg,,FALSE
kCa5T8vjS0Q,2021-12-07T12:38:31Z,80196,,145,Psittacus_erithacus,Portugal,Birds,casual,compre,Post-Introduction,eCommerce,eCommerce,2014,2014-06-01T12:00:00Z,comment,1089,0,UgyWpyWq5gLaXgednId4AaABAg,,FALSE
kCa5T8vjS0Q,2021-11-15T19:42:09Z,80196,,145,Psittacus_erithacus,Portugal,Birds,casual,jaula,Post-Introduction,eCommerce,eCommerce,2014,2014-06-01T12:00:00Z,comment,1089,0,UgyQ3U7dIvHRSiwXSZ14AaABAg,,FALSE
kCa5T8vjS0Q,2020-12-16T19:42:02Z,80196,,145,Psittacus_erithacus,Portugal,Birds,casual,jaula,Post-Introduction,eCommerce,eCommerce,2014,2014-06-01T12:00:00Z,comment,1089,0,Ugw2P0cyx0dC02xwzFV4AaABAg,,FALSE
kCa5T8vjS0Q,2020-07-04T15:59:43Z,80196,,145,Psittacus_erithacus,Portugal,Birds,casual,comprar,Post-Introduction,eCommerce,eCommerce,2014,2014-06-01T12:00:00Z,comment,1089,1,Ugx0NmCmcwFp4GT0QLV4AaABAg,,FALSE
kCa5T8vjS0Q,2020-03-11T23:07:07Z,80196,,145,Psittacus_erithacus,Portugal,Birds,casual,adopte,Post-Introduction,eCommerce,eCommerce,2014,2014-06-01T12:00:00Z,comment,1089,1,Ugz5R_4UCUY8zpzB8at4AaABAg,,FALSE
kCa5T8vjS0Q,2020-01-01T19:15:33Z,80196,,145,Psittacus_erithacus,Portugal,Birds,casual,jaula,Post-Introduction,eCommerce,eCommerce,2014,2014-06-01T12:00:00Z,comment,1089,0,UgwVRuPfbV24jay_D4R4AaABAg,,FALSE
kCa5T8vjS0Q,2019-03-02T14:31:55Z,80196,,145,Psittacus_erithacus,Portugal,Birds,casual,adoptar,Post-Introduction,eCommerce,eCommerce,2014,2014-06-01T12:00:00Z,comment,1089,0,Ugw52ktZt-QQRUeeq_14AaABAg,,FALSE
kCa5T8vjS0Q,2019-03-02T14:31:55Z,80196,,145,Psittacus_erithacus,Portugal,Birds,casual,encontre,Post-Introduction,Detection,Detection,2014,2014-06-01T12:00:00Z,comment,1089,0,Ugw52ktZt-QQRUeeq_14AaABAg,,FALSE
kCa5T8vjS0Q,2019-01-09T00:45:00Z,80196,,145,Psittacus_erithacus,Portugal,Birds,casual,jaula,Post-Introduction,eCommerce,eCommerce,2014,2014-06-01T12:00:00Z,comment,1089,1,UgzgjUFzydvz5Dl8wGB4AaABAg,,FALSE
kCa5T8vjS0Q,2018-12-11T23:14:57Z,80196,,145,Psittacus_erithacus,Portugal,Birds,casual,jaula,Post-Introduction,eCommerce,eCommerce,2014,2014-06-01T12:00:00Z,comment,1089,2,UgzZKcjIocuH12yzUDB4AaABAg,,FALSE
kCa5T8vjS0Q,2018-08-13T18:10:53Z,80196,,145,Psittacus_erithacus,Portugal,Birds,casual,jaula,Post-Introduction,eCommerce,eCommerce,2014,2014-06-01T12:00:00Z,comment,1089,0,Ugyg4XhEacAmEAKhoIp4AaABAg,,FALSE
kCa5T8vjS0Q,2018-08-10T17:49:16Z,80196,,145,Psittacus_erithacus,Portugal,Birds,casual,jaula,Post-Introduction,eCommerce,eCommerce,2014,2014-06-01T12:00:00Z,comment,1089,0,UgzwPAPKyYRgFdUXDdl4AaABAg,,FALSE
kCa5T8vjS0Q,2018-08-02T18:33:36Z,80196,,145,Psittacus_erithacus,Portugal,Birds,casual,visto,Post-Introduction,Detection,Detection,2014,2014-06-01T12:00:00Z,comment,1089,1,UgxFejKPTZCVBVV624R4AaABAg,,FALSE
kCa5T8vjS0Q,2018-08-02T14:35:16Z,80196,,145,Psittacus_erithacus,Portugal,Birds,casual,comprar,Post-Introduction,eCommerce,eCommerce,2014,2014-06-01T12:00:00Z,comment,1089,1,UgykkQPqwPw0lDTKWlV4AaABAg,,FALSE
kCa5T8vjS0Q,2018-08-01T14:53:28Z,80196,,145,Psittacus_erithacus,Portugal,Birds,casual,compre,Post-Introduction,eCommerce,eCommerce,2014,2014-06-01T12:00:00Z,comment,1089,2,UgwexpC3Sl8ShRqH4zN4AaABAg,,FALSE
kCa5T8vjS0Q,2018-08-01T14:53:28Z,80196,,145,Psittacus_erithacus,Portugal,Birds,casual,compre,Post-Introduction,eCommerce,eCommerce,2014,2014-06-01T12:00:00Z,comment,1089,2,UgwexpC3Sl8ShRqH4zN4AaABAg,,FALSE
kCa5T8vjS0Q,2018-08-01T14:53:28Z,80196,,145,Psittacus_erithacus,Portugal,Birds,casual,jaula,Post-Introduction,eCommerce,eCommerce,2014,2014-06-01T12:00:00Z,comment,1089,2,UgwexpC3Sl8ShRqH4zN4AaABAg,,FALSE
kCa5T8vjS0Q,2018-08-01T14:53:28Z,80196,,145,Psittacus_erithacus,Portugal,Birds,casual,jaula,Post-Introduction,eCommerce,eCommerce,2014,2014-06-01T12:00:00Z,comment,1089,2,UgwexpC3Sl8ShRqH4zN4AaABAg,,FALSE
kCa5T8vjS0Q,2019-02-14T10:33:55Z,80196,,145,Psittacus_erithacus,Portugal,Birds,casual,jaula,Post-Introduction,eCommerce,eCommerce,2014,2014-06-01T12:00:00Z,comment,1089,1,UgzZNqYopHLb6x9AUMB4AaABAg.8rKTIbXUxtM8rKULgaQumz,UgzZNqYopHLb6x9AUMB4AaABAg,TRUE
kCa5T8vjS0Q,2018-10-29T17:13:39Z,80196,,145,Psittacus_erithacus,Portugal,Birds,casual,jaula,Post-Introduction,eCommerce,eCommerce,2014,2014-06-01T12:00:00Z,comment,1089,0,UgyCsE4dfDHi5aKdLJV4AaABAg.8msUsT9YsXx8n-6EtfLh-n,UgyCsE4dfDHi5aKdLJV4AaABAg,TRUE
kCa5T8vjS0Q,2018-10-29T17:13:39Z,80196,,145,Psittacus_erithacus,Portugal,Birds,casual,jaula,Post-Introduction,eCommerce,eCommerce,2014,2014-06-01T12:00:00Z,comment,1089,0,UgyCsE4dfDHi5aKdLJV4AaABAg.8msUsT9YsXx8n-6EtfLh-n,UgyCsE4dfDHi5aKdLJV4AaABAg,TRUE
kCa5T8vjS0Q,2018-08-13T18:39:04Z,80196,,145,Psittacus_erithacus,Portugal,Birds,casual,jaula,Post-Introduction,eCommerce,eCommerce,2014,2014-06-01T12:00:00Z,comment,1089,0,Ugyg4XhEacAmEAKhoIp4AaABAg.8jtw_evpauU8jtzo8uOXPX,Ugyg4XhEacAmEAKhoIp4AaABAg,TRUE
kCa5T8vjS0Q,2018-08-02T20:29:27Z,80196,,145,Psittacus_erithacus,Portugal,Birds,casual,riesgo,Post-Introduction,Threat,Threat,2014,2014-06-01T12:00:00Z,comment,1089,0,UgxFejKPTZCVBVV624R4AaABAg.8jSeRSmO2G68jSrgvfDFim,UgxFejKPTZCVBVV624R4AaABAg,TRUE
haFmdCruhEc,2025-04-11T08:20:33Z,11625,,30,Psittacus_erithacus,Portugal,Birds,casual,jaula,Post-Introduction,eCommerce,eCommerce,2014,2014-06-01T12:00:00Z,comment,408,0,Ugy8BcgpEhSpsZ4U4RR4AaABAg,,FALSE
haFmdCruhEc,2025-02-02T17:29:01Z,11625,,30,Psittacus_erithacus,Portugal,Birds,casual,jaula,Post-Introduction,eCommerce,eCommerce,2014,2014-06-01T12:00:00Z,comment,408,0,Ugx6qgC783llXW0g0GR4AaABAg,,FALSE
haFmdCruhEc,2024-10-25T19:00:33Z,11625,,30,Psittacus_erithacus,Portugal,Birds,casual,tienda,Post-Introduction,eCommerce,eCommerce,2014,2014-06-01T12:00:00Z,comment,408,2,UgzVIBI2ILcg4J2CXVJ4AaABAg,,FALSE
haFmdCruhEc,2024-07-24T11:30:34Z,11625,,30,Psittacus_erithacus,Portugal,Birds,casual,compre,Post-Introduction,eCommerce,eCommerce,2014,2014-06-01T12:00:00Z,comment,408,0,UgytkHTSL9jPRwcgEzV4AaABAg,,FALSE
haFmdCruhEc,2024-04-13T21:53:51Z,11625,,30,Psittacus_erithacus,Portugal,Birds,casual,jaula,Post-Introduction,eCommerce,eCommerce,2014,2014-06-01T12:00:00Z,comment,408,2,Ugx3LRPMZBWYjWSFHRV4AaABAg,,FALSE
haFmdCruhEc,2025-04-09T00:24:28Z,11625,,30,Psittacus_erithacus,Portugal,Birds,casual,jaula,Post-Introduction,eCommerce,eCommerce,2014,2014-06-01T12:00:00Z,comment,408,0,UgxdBVQGoW0u-P9uAS94AaABAg.9w7D_6paxstAGff-8aqOHh,UgxdBVQGoW0u-P9uAS94AaABAg,TRUE
haFmdCruhEc,2025-04-09T00:24:28Z,11625,,30,Psittacus_erithacus,Portugal,Birds,casual,comprar,Post-Introduction,eCommerce,eCommerce,2014,2014-06-01T12:00:00Z,comment,408,0,UgxdBVQGoW0u-P9uAS94AaABAg.9w7D_6paxstAGff-8aqOHh,UgxdBVQGoW0u-P9uAS94AaABAg,TRUE
haFmdCruhEc,2025-04-09T00:24:28Z,11625,,30,Psittacus_erithacus,Portugal,Birds,casual,comprar,Post-Introduction,eCommerce,eCommerce,2014,2014-06-01T12:00:00Z,comment,408,0,UgxdBVQGoW0u-P9uAS94AaABAg.9w7D_6paxstAGff-8aqOHh,UgxdBVQGoW0u-P9uAS94AaABAg,TRUE
haFmdCruhEc,2025-04-09T00:24:28Z,11625,,30,Psittacus_erithacus,Portugal,Birds,casual,caro,Post-Introduction,eCommerce,eCommerce,2014,2014-06-01T12:00:00Z,comment,408,0,UgxdBVQGoW0u-P9uAS94AaABAg.9w7D_6paxstAGff-8aqOHh,UgxdBVQGoW0u-P9uAS94AaABAg,TRUE
aUa4b7XOd-A,2025-02-12T08:12:28Z,20970,,21,Psittacus_erithacus,Portugal,Birds,casual,vender,Post-Introduction,eCommerce,eCommerce,2014,2014-06-01T12:00:00Z,comment,288,0,UgzYx6JXvxJxBLe8-XV4AaABAg,,FALSE
aUa4b7XOd-A,2019-12-24T03:40:52Z,20970,,21,Psittacus_erithacus,Portugal,Birds,casual,enjaulado,Post-Introduction,eCommerce,eCommerce,2014,2014-06-01T12:00:00Z,comment,288,2,Ugx9y4cah2atFg2jrUZ4AaABAg,,FALSE
aUa4b7XOd-A,2025-05-01T20:13:06Z,20970,,21,Psittacus_erithacus,Portugal,Birds,casual,jaula,Post-Introduction,eCommerce,eCommerce,2014,2014-06-01T12:00:00Z,comment,288,1,Ugx9y4cah2atFg2jrUZ4AaABAg.92ugtFIPdnXAHaRW86F1my,Ugx9y4cah2atFg2jrUZ4AaABAg,TRUE
aUa4b7XOd-A,2025-05-01T20:13:06Z,20970,,21,Psittacus_erithacus,Portugal,Birds,casual,jaula,Post-Introduction,eCommerce,eCommerce,2014,2014-06-01T12:00:00Z,comment,288,1,Ugx9y4cah2atFg2jrUZ4AaABAg.92ugtFIPdnXAHaRW86F1my,Ugx9y4cah2atFg2jrUZ4AaABAg,TRUE
aUa4b7XOd-A,2021-10-29T03:34:40Z,20970,,21,Psittacus_erithacus,Portugal,Birds,casual,jaula,Post-Introduction,eCommerce,eCommerce,2014,2014-06-01T12:00:00Z,comment,288,0,Ugx7XHEAmz36-rHD_494AaABAg.8sa_OAC9_kR9U3kkTSFlOF,Ugx7XHEAmz36-rHD_494AaABAg,TRUE
Occ8D5Fb66U,2025-08-03T08:58:48Z,7679,,23,Psittacus_erithacus,Portugal,Birds,casual,adoptado,Post-Introduction,eCommerce,eCommerce,2014,2014-06-01T12:00:00Z,comment,169,0,UgwXDpSBv2qKv6y-bVZ4AaABAg,,FALSE
Occ8D5Fb66U,2025-08-03T08:58:48Z,7679,,23,Psittacus_erithacus,Portugal,Birds,casual,jaula,Post-Introduction,eCommerce,eCommerce,2014,2014-06-01T12:00:00Z,comment,169,0,UgwXDpSBv2qKv6y-bVZ4AaABAg,,FALSE
Occ8D5Fb66U,2024-10-17T18:53:34Z,7679,,23,Psittacus_erithacus,Portugal,Birds,casual,jaula,Post-Introduction,eCommerce,eCommerce,2014,2014-06-01T12:00:00Z,comment,169,0,Ugy60GW-tlVWjHhjjbx4AaABAg,,FALSE
Occ8D5Fb66U,2024-04-05T14:14:44Z,7679,,23,Psittacus_erithacus,Portugal,Birds,casual,adoptada,Post-Introduction,eCommerce,eCommerce,2014,2014-06-01T12:00:00Z,comment,169,0,Ugz-yNdAhGBx6jtJa_t4AaABAg,,FALSE
Occ8D5Fb66U,2024-04-05T14:14:44Z,7679,,23,Psittacus_erithacus,Portugal,Birds,casual,cara,Post-Introduction,eCommerce,eCommerce,2014,2014-06-01T12:00:00Z,comment,169,0,Ugz-yNdAhGBx6jtJa_t4AaABAg,,FALSE
Occ8D5Fb66U,2024-04-05T14:14:44Z,7679,,23,Psittacus_erithacus,Portugal,Birds,casual,adoptado,Post-Introduction,eCommerce,eCommerce,2014,2014-06-01T12:00:00Z,comment,169,0,Ugz-yNdAhGBx6jtJa_t4AaABAg,,FALSE
P16ZazjpIqg,2020-12-23T17:00:12Z,1256,,8,Psittacus_erithacus,Portugal,Birds,casual,precio,Post-Introduction,eCommerce,eCommerce,2014,2014-06-01T12:00:00Z,comment,29,0,UgzgMo0UKwH13nxuNMh4AaABAg.9HYykWlPYst9HbyW6dMwqe,UgzgMo0UKwH13nxuNMh4AaABAg,TRUE
P16ZazjpIqg,2023-09-23T13:56:20Z,1256,,8,Psittacus_erithacus,Portugal,Birds,casual,barato,Post-Introduction,eCommerce,eCommerce,2014,2014-06-01T12:00:00Z,comment,29,0,UgzgMo0UKwH13nxuNMh4AaABAg.9HYykWlPYst9v-rZutmSvO,UgzgMo0UKwH13nxuNMh4AaABAg,TRUE
V9JSFnV8fjw,2019-05-19T19:36:10Z,7102,,79,Psittacus_erithacus,Portugal,Birds,casual,jaula,Post-Introduction,eCommerce,eCommerce,2014,2014-06-01T12:00:00Z,comment,553,0,UgyF8WBrQg-RifqFYNh4AaABAg,,FALSE
V9JSFnV8fjw,2019-05-15T18:01:40Z,7102,,79,Psittacus_erithacus,Portugal,Birds,casual,comprar,Post-Introduction,eCommerce,eCommerce,2014,2014-06-01T12:00:00Z,comment,553,0,UgxvHMzDak493AxeLPd4AaABAg,,FALSE
V9JSFnV8fjw,2019-05-12T18:42:34Z,7102,,79,Psittacus_erithacus,Portugal,Birds,casual,visto,Post-Introduction,Detection,Detection,2014,2014-06-01T12:00:00Z,comment,553,1,UgxTHA_7OKJTnhSsvQd4AaABAg,,FALSE
V9JSFnV8fjw,2019-04-18T17:24:07Z,7102,,79,Psittacus_erithacus,Portugal,Birds,casual,mascota,Post-Introduction,eCommerce,eCommerce,2014,2014-06-01T12:00:00Z,comment,553,0,UgxDod0e0xJ9P2KdkAV4AaABAg,,FALSE
V9JSFnV8fjw,2019-04-14T20:53:49Z,7102,,79,Psittacus_erithacus,Portugal,Birds,casual,mascota,Post-Introduction,eCommerce,eCommerce,2014,2014-06-01T12:00:00Z,comment,553,0,Ugyrvadv2xEZKep0WhF4AaABAg,,FALSE
1bVnnzOXEG0,2011-09-20T08:52:15Z,2306,,2,Psittacus_erithacus,Portugal,Birds,casual,visto,Pre-Introduction,Detection,Detection,2014,2014-06-01T12:00:00Z,comment,20,0,UgwaIut-MtQWJEIaQul4AaABAg,,FALSE
yeBfvbp4vIQ,2017-06-10T14:40:12Z,1122,,1,Psittacus_erithacus,Portugal,Birds,casual,jaula,Post-Introduction,eCommerce,eCommerce,2014,2014-06-01T12:00:00Z,comment,5,1,UgiDVbTD2x_CZHgCoAEC,,FALSE
FTRdnYp1l8k,2021-08-11T16:42:31Z,2356,,11,Psittacus_erithacus,Portugal,Birds,casual,compre,Post-Introduction,eCommerce,eCommerce,2014,2014-06-01T12:00:00Z,comment,29,1,Ugxmw6lDudkNO8IGYwd4AaABAg,,FALSE
SmDqA762XwU,2019-06-15T17:04:30Z,212,,4,Reticulitermes_flavipes,Canary Islands,Insects,alien,encontrado,Post-Introduction,Detection,Detection,2010,2010-06-01T12:00:00Z,comment,3,0,Ugx3JYiHGUu1nNbhp8l4AaABAg,,FALSE
oZa_yUbxsRY,2023-08-31T17:30:44Z,1134,,40,Rugulopteryx_okamurae,Spain,Plants,alien,cara,Post-Introduction,eCommerce,eCommerce,2015,2015-06-01T12:00:00Z,comment,67,1,UgxY9ti0ADR7QIloYQB4AaABAg,,FALSE
oZa_yUbxsRY,2023-09-01T13:55:12Z,1134,,40,Rugulopteryx_okamurae,Spain,Plants,alien,visto,Post-Introduction,Detection,Detection,2015,2015-06-01T12:00:00Z,comment,67,1,UgzDJSraUHoNoVkNO5F4AaABAg.9u7AKjMSgXg9u7CxLAhNf8,UgzDJSraUHoNoVkNO5F4AaABAg,TRUE
po0oPyayV7g,2020-06-23T14:14:42Z,4320,,18,Rugulopteryx_okamurae,Spain,Plants,alien,peligro,Post-Introduction,Threat,Threat,2015,2015-06-01T12:00:00Z,comment,49,1,UgwCoCoge-AgC37GGBZ4AaABAg,,FALSE
po0oPyayV7g,2020-06-23T14:14:42Z,4320,,18,Rugulopteryx_okamurae,Spain,Plants,alien,extincion,Post-Introduction,Threat,Threat,2015,2015-06-01T12:00:00Z,comment,49,1,UgwCoCoge-AgC37GGBZ4AaABAg,,FALSE
WY_IxuwpW1A,2024-08-21T20:14:16Z,14662,,74,Rugulopteryx_okamurae,Spain,Plants,alien,encontre,Post-Introduction,Detection,Detection,2015,2015-06-01T12:00:00Z,comment,423,0,Ugw1mBDFKlc1omT9kz14AaABAg,,FALSE
WY_IxuwpW1A,2024-08-19T17:27:06Z,14662,,74,Rugulopteryx_okamurae,Spain,Plants,alien,capturas,Post-Introduction,Detection,Detection,2015,2015-06-01T12:00:00Z,comment,423,0,Ugz-ltTBnMNVgN6mDpZ4AaABAg,,FALSE
WY_IxuwpW1A,2024-08-19T17:27:06Z,14662,,74,Rugulopteryx_okamurae,Spain,Plants,alien,capturar,Post-Introduction,Detection,Detection,2015,2015-06-01T12:00:00Z,comment,423,0,Ugz-ltTBnMNVgN6mDpZ4AaABAg,,FALSE
WY_IxuwpW1A,2024-08-17T18:59:29Z,14662,,74,Rugulopteryx_okamurae,Spain,Plants,alien,presente,Post-Introduction,Invasion,Invasion,2015,2015-06-01T12:00:00Z,comment,423,0,Ugx4-bgP4eKv3Bd-CGR4AaABAg,,FALSE
WY_IxuwpW1A,2024-08-08T10:24:00Z,14662,,74,Rugulopteryx_okamurae,Spain,Plants,alien,aparezca,Post-Introduction,Detection,Detection,2015,2015-06-01T12:00:00Z,comment,423,1,UgzN2KT6BJ2kpVNeUg94AaABAg,,FALSE
WY_IxuwpW1A,2024-08-08T10:00:56Z,14662,,74,Rugulopteryx_okamurae,Spain,Plants,alien,plaga,Post-Introduction,Invasion,Invasion,2015,2015-06-01T12:00:00Z,comment,423,1,UgyEGZ-g3wGUvljD6RJ4AaABAg,,FALSE
WY_IxuwpW1A,2024-08-06T16:54:41Z,14662,,74,Rugulopteryx_okamurae,Spain,Plants,alien,vista,Post-Introduction,Detection,Detection,2015,2015-06-01T12:00:00Z,comment,423,1,UgxlyDzu5-HHI4odDPR4AaABAg,,FALSE
WY_IxuwpW1A,2024-08-06T16:19:30Z,14662,,74,Rugulopteryx_okamurae,Spain,Plants,alien,plaga,Post-Introduction,Invasion,Invasion,2015,2015-06-01T12:00:00Z,comment,423,0,UgwvjXLOuWQdxCDpDAV4AaABAg,,FALSE
WY_IxuwpW1A,2024-08-04T22:23:30Z,14662,,74,Rugulopteryx_okamurae,Spain,Plants,alien,difusion,Post-Introduction,Invasion,Invasion,2015,2015-06-01T12:00:00Z,comment,423,2,UgwxfRsw00XR1-Wu33h4AaABAg,,FALSE
WY_IxuwpW1A,2024-08-04T20:22:26Z,14662,,74,Rugulopteryx_okamurae,Spain,Plants,alien,controlar,Post-Introduction,Detection,Detection,2015,2015-06-01T12:00:00Z,comment,423,2,Ugwe5szw59Wry9s1Aqp4AaABAg,,FALSE
WY_IxuwpW1A,2024-08-04T20:04:11Z,14662,,74,Rugulopteryx_okamurae,Spain,Plants,alien,invasora,Post-Introduction,Invasion,Invasion,2015,2015-06-01T12:00:00Z,comment,423,1,UgwV9TBufeZDTjwVgkF4AaABAg,,FALSE
WY_IxuwpW1A,2024-08-04T18:32:39Z,14662,,74,Rugulopteryx_okamurae,Spain,Plants,alien,afectando,Post-Introduction,Invasion,Invasion,2015,2015-06-01T12:00:00Z,comment,423,0,Ugw5R-AF8EHsghsQSbp4AaABAg,,FALSE
WY_IxuwpW1A,2024-08-04T18:32:39Z,14662,,74,Rugulopteryx_okamurae,Spain,Plants,alien,invasor,Post-Introduction,Invasion,Invasion,2015,2015-06-01T12:00:00Z,comment,423,0,Ugw5R-AF8EHsghsQSbp4AaABAg,,FALSE
WY_IxuwpW1A,2024-08-04T16:39:59Z,14662,,74,Rugulopteryx_okamurae,Spain,Plants,alien,visto,Post-Introduction,Detection,Detection,2015,2015-06-01T12:00:00Z,comment,423,1,UgyNEHhtb9KzpGjEnER4AaABAg,,FALSE
WY_IxuwpW1A,2024-08-04T15:25:37Z,14662,,74,Rugulopteryx_okamurae,Spain,Plants,alien,invasora,Post-Introduction,Invasion,Invasion,2015,2015-06-01T12:00:00Z,comment,423,1,Ugy1eTw9Y1X013hhI9B4AaABAg,,FALSE
WY_IxuwpW1A,2024-08-04T11:38:24Z,14662,,74,Rugulopteryx_okamurae,Spain,Plants,alien,invasoras,Post-Introduction,Invasion,Invasion,2015,2015-06-01T12:00:00Z,comment,423,1,UgyZWhrPJ9u4LwNadxJ4AaABAg,,FALSE
WY_IxuwpW1A,2024-08-04T11:08:39Z,14662,,74,Rugulopteryx_okamurae,Spain,Plants,alien,invasora,Post-Introduction,Invasion,Invasion,2015,2015-06-01T12:00:00Z,comment,423,1,Ugyu_CUdn3i5YrokhSN4AaABAg,,FALSE
WY_IxuwpW1A,2024-08-04T10:45:03Z,14662,,74,Rugulopteryx_okamurae,Spain,Plants,alien,rastreo,Post-Introduction,Detection,Detection,2015,2015-06-01T12:00:00Z,comment,423,1,Ugw43JjXusLimxqoJnF4AaABAg,,FALSE
WY_IxuwpW1A,2024-08-08T12:23:41Z,14662,,74,Rugulopteryx_okamurae,Spain,Plants,alien,deteccion,Post-Introduction,Detection,Detection,2015,2015-06-01T12:00:00Z,comment,423,1,UgzN2KT6BJ2kpVNeUg94AaABAg.A6sSdeR-bxHA6sfLGw6rxA,UgzN2KT6BJ2kpVNeUg94AaABAg,TRUE
WY_IxuwpW1A,2024-08-04T11:08:15Z,14662,,74,Rugulopteryx_okamurae,Spain,Plants,alien,invasora,Post-Introduction,Invasion,Invasion,2015,2015-06-01T12:00:00Z,comment,423,1,UgxJsnjzpHzVOt2D7jJ4AaABAg.A6i83bclaEkA6iEXI9K2nI,UgxJsnjzpHzVOt2D7jJ4AaABAg,TRUE
J2rpNbozdGg,2025-06-26T16:22:16Z,1086,,4,Rugulopteryx_okamurae,Spain,Plants,alien,capturar,Post-Introduction,Detection,Detection,2015,2015-06-01T12:00:00Z,comment,40,1,Ugymt_PlGy3-IQcY1Rl4AaABAg,,FALSE
J2rpNbozdGg,2025-06-27T04:33:41Z,1086,,4,Rugulopteryx_okamurae,Spain,Plants,alien,precio,Post-Introduction,eCommerce,eCommerce,2015,2015-06-01T12:00:00Z,comment,40,1,Ugymt_PlGy3-IQcY1Rl4AaABAg.AJqDbSJo7xFAJrXJUDD5sV,Ugymt_PlGy3-IQcY1Rl4AaABAg,TRUE
J2rpNbozdGg,2025-06-27T04:33:41Z,1086,,4,Rugulopteryx_okamurae,Spain,Plants,alien,control,Post-Introduction,Detection,Detection,2015,2015-06-01T12:00:00Z,comment,40,1,Ugymt_PlGy3-IQcY1Rl4AaABAg.AJqDbSJo7xFAJrXJUDD5sV,Ugymt_PlGy3-IQcY1Rl4AaABAg,TRUE
Kv6UIGkNt5c,2024-01-12T18:22:04Z,80,,8,Rugulopteryx_okamurae,Spain,Plants,alien,invasores,Post-Introduction,Invasion,Invasion,2015,2015-06-01T12:00:00Z,comment,10,2,Ugzl8hGbD1QUzPcvW5V4AaABAg,,FALSE
J7YlnHQzu_A,2025-08-24T22:33:42Z,1621,,14,Rugulopteryx_okamurae,Spain,Plants,alien,vista,Post-Introduction,Detection,Detection,2015,2015-06-01T12:00:00Z,comment,35,0,UgxAKiadmY6SE98TBEx4AaABAg,,FALSE
J7YlnHQzu_A,2025-08-15T16:19:27Z,1621,,14,Rugulopteryx_okamurae,Spain,Plants,alien,invasores,Post-Introduction,Invasion,Invasion,2015,2015-06-01T12:00:00Z,comment,35,0,Ugw1KFPfT-sn7LS0WFZ4AaABAg,,FALSE
J7YlnHQzu_A,2025-08-15T08:30:41Z,1621,,14,Rugulopteryx_okamurae,Spain,Plants,alien,dinheiro,Post-Introduction,eCommerce,eCommerce,2015,2015-06-01T12:00:00Z,comment,35,0,Ugxq6PQvZO2vUVw1jnN4AaABAg,,FALSE
J7YlnHQzu_A,2025-08-15T08:30:41Z,1621,,14,Rugulopteryx_okamurae,Spain,Plants,alien,monitorizar,Post-Introduction,Detection,Detection,2015,2015-06-01T12:00:00Z,comment,35,0,Ugxq6PQvZO2vUVw1jnN4AaABAg,,FALSE
J7YlnHQzu_A,2025-08-13T20:44:13Z,1621,,14,Rugulopteryx_okamurae,Spain,Plants,alien,invasao,Post-Introduction,Invasion,Invasion,2015,2015-06-01T12:00:00Z,comment,35,0,UgwgzTQ53SSAU7RyGDB4AaABAg,,FALSE
J7YlnHQzu_A,2025-08-12T21:28:21Z,1621,,14,Rugulopteryx_okamurae,Spain,Plants,alien,invasao,Post-Introduction,Invasion,Invasion,2015,2015-06-01T12:00:00Z,comment,35,1,UgxHyG6n1MXH0n0BH8F4AaABAg,,FALSE
J7YlnHQzu_A,2025-08-12T11:31:32Z,1621,,14,Rugulopteryx_okamurae,Spain,Plants,alien,invasora,Post-Introduction,Invasion,Invasion,2015,2015-06-01T12:00:00Z,comment,35,6,UgwTO4MrxvM0gVilvgB4AaABAg,,FALSE
SEtDY8aW8_M,2023-03-31T23:17:27Z,1250,,4,Rugulopteryx_okamurae,Spain,Plants,alien,plaga,Post-Introduction,Invasion,Invasion,2015,2015-06-01T12:00:00Z,comment,50,1,Ugy45R3NBs-8JfSyPWF4AaABAg,,FALSE
Do-k9FdE89o,2024-10-31T13:48:15Z,3521,,6,Rugulopteryx_okamurae,Spain,Plants,alien,invasion,Post-Introduction,Invasion,Invasion,2015,2015-06-01T12:00:00Z,comment,33,0,Ugy4zx_yOaFmC_xFEfR4AaABAg,,FALSE
Do-k9FdE89o,2024-10-31T13:48:15Z,3521,,6,Rugulopteryx_okamurae,Spain,Plants,alien,difusion,Post-Introduction,Invasion,Invasion,2015,2015-06-01T12:00:00Z,comment,33,0,Ugy4zx_yOaFmC_xFEfR4AaABAg,,FALSE
Do-k9FdE89o,2024-10-31T13:48:15Z,3521,,6,Rugulopteryx_okamurae,Spain,Plants,alien,vector,Post-Introduction,Threat,Threat,2015,2015-06-01T12:00:00Z,comment,33,0,Ugy4zx_yOaFmC_xFEfR4AaABAg,,FALSE
Do-k9FdE89o,2024-10-31T13:48:15Z,3521,,6,Rugulopteryx_okamurae,Spain,Plants,alien,introduccion,Post-Introduction,Invasion,Invasion,2015,2015-06-01T12:00:00Z,comment,33,0,Ugy4zx_yOaFmC_xFEfR4AaABAg,,FALSE
Do-k9FdE89o,2023-10-17T14:38:10Z,3521,,6,Rugulopteryx_okamurae,Spain,Plants,alien,invasora,Post-Introduction,Invasion,Invasion,2015,2015-06-01T12:00:00Z,comment,33,2,Ugw5cpZ_rXZ3uX-EMFx4AaABAg,,FALSE
Do-k9FdE89o,2023-10-17T14:38:10Z,3521,,6,Rugulopteryx_okamurae,Spain,Plants,alien,plaga,Post-Introduction,Invasion,Invasion,2015,2015-06-01T12:00:00Z,comment,33,2,Ugw5cpZ_rXZ3uX-EMFx4AaABAg,,FALSE
Do-k9FdE89o,2023-10-17T14:38:10Z,3521,,6,Rugulopteryx_okamurae,Spain,Plants,alien,plaga,Post-Introduction,Invasion,Invasion,2015,2015-06-01T12:00:00Z,comment,33,2,Ugw5cpZ_rXZ3uX-EMFx4AaABAg,,FALSE
Do-k9FdE89o,2023-10-17T14:38:10Z,3521,,6,Rugulopteryx_okamurae,Spain,Plants,alien,dinero,Post-Introduction,eCommerce,eCommerce,2015,2015-06-01T12:00:00Z,comment,33,2,Ugw5cpZ_rXZ3uX-EMFx4AaABAg,,FALSE
Do-k9FdE89o,2023-10-17T14:38:10Z,3521,,6,Rugulopteryx_okamurae,Spain,Plants,alien,expansion,Post-Introduction,Invasion,Invasion,2015,2015-06-01T12:00:00Z,comment,33,2,Ugw5cpZ_rXZ3uX-EMFx4AaABAg,,FALSE
Do-k9FdE89o,2023-10-17T14:38:10Z,3521,,6,Rugulopteryx_okamurae,Spain,Plants,alien,plaga,Post-Introduction,Invasion,Invasion,2015,2015-06-01T12:00:00Z,comment,33,2,Ugw5cpZ_rXZ3uX-EMFx4AaABAg,,FALSE
V4lPzbleL7M,2022-03-31T19:34:21Z,187,,1,Rugulopteryx_okamurae,Spain,Plants,alien,coste,Post-Introduction,eCommerce,eCommerce,2015,2015-06-01T12:00:00Z,comment,3,0,UgyZGYKCxTA1H4xB4RJ4AaABAg,,FALSE
EX2Bdme7Ywo,2022-07-24T23:03:44Z,11188,,79,Rugulopteryx_okamurae,Spain,Plants,alien,invasora,Post-Introduction,Invasion,Invasion,2015,2015-06-01T12:00:00Z,comment,548,1,Ugy-Eue_KesAZEFF6yZ4AaABAg,,FALSE
EX2Bdme7Ywo,2022-07-24T23:03:44Z,11188,,79,Rugulopteryx_okamurae,Spain,Plants,alien,ataca,Post-Introduction,Threat,Threat,2015,2015-06-01T12:00:00Z,comment,548,1,Ugy-Eue_KesAZEFF6yZ4AaABAg,,FALSE
EX2Bdme7Ywo,2022-07-24T23:01:08Z,11188,,79,Rugulopteryx_okamurae,Spain,Plants,alien,invasoras,Post-Introduction,Invasion,Invasion,2015,2015-06-01T12:00:00Z,comment,548,3,Ugx3unte9R_mjkuug8l4AaABAg,,FALSE
EX2Bdme7Ywo,2022-07-24T21:58:55Z,11188,,79,Rugulopteryx_okamurae,Spain,Plants,alien,invasora,Post-Introduction,Invasion,Invasion,2015,2015-06-01T12:00:00Z,comment,548,0,Ugy57sNq7IsQd7oaNmd4AaABAg,,FALSE
EX2Bdme7Ywo,2022-07-24T19:49:48Z,11188,,79,Rugulopteryx_okamurae,Spain,Plants,alien,praga,Post-Introduction,Invasion,Invasion,2015,2015-06-01T12:00:00Z,comment,548,0,Ugzh8fNMT3FnpHZwmmN4AaABAg,,FALSE
EX2Bdme7Ywo,2022-07-24T18:21:26Z,11188,,79,Rugulopteryx_okamurae,Spain,Plants,alien,preco,Post-Introduction,eCommerce,eCommerce,2015,2015-06-01T12:00:00Z,comment,548,1,UgxTUGX22yPT1KuIzlp4AaABAg,,FALSE
EX2Bdme7Ywo,2022-07-24T17:13:34Z,11188,,79,Rugulopteryx_okamurae,Spain,Plants,alien,invasores,Post-Introduction,Invasion,Invasion,2015,2015-06-01T12:00:00Z,comment,548,0,UgzNTvCy_UhqY_aX1u54AaABAg,,FALSE
EX2Bdme7Ywo,2022-07-24T17:11:23Z,11188,,79,Rugulopteryx_okamurae,Spain,Plants,alien,vender,Post-Introduction,eCommerce,eCommerce,2015,2015-06-01T12:00:00Z,comment,548,2,UgwawY5vC6kny1Zmowd4AaABAg,,FALSE
EX2Bdme7Ywo,2022-07-24T17:09:44Z,11188,,79,Rugulopteryx_okamurae,Spain,Plants,alien,invasao,Post-Introduction,Invasion,Invasion,2015,2015-06-01T12:00:00Z,comment,548,8,UgwxkuxVfbtTqAOl_k14AaABAg,,FALSE
EX2Bdme7Ywo,2022-07-24T15:34:27Z,11188,,79,Rugulopteryx_okamurae,Spain,Plants,alien,invasao,Post-Introduction,Invasion,Invasion,2015,2015-06-01T12:00:00Z,comment,548,3,UgwJ2d2fxCoIP0zSWU14AaABAg,,FALSE
EX2Bdme7Ywo,2022-07-24T15:34:27Z,11188,,79,Rugulopteryx_okamurae,Spain,Plants,alien,invasao,Post-Introduction,Invasion,Invasion,2015,2015-06-01T12:00:00Z,comment,548,3,UgwJ2d2fxCoIP0zSWU14AaABAg,,FALSE
EX2Bdme7Ywo,2022-07-24T15:31:16Z,11188,,79,Rugulopteryx_okamurae,Spain,Plants,alien,pragas,Post-Introduction,Invasion,Invasion,2015,2015-06-01T12:00:00Z,comment,548,0,UgwV_raCwI8z-AKOagt4AaABAg,,FALSE
EX2Bdme7Ywo,2022-07-24T15:31:16Z,11188,,79,Rugulopteryx_okamurae,Spain,Plants,alien,invasoras,Post-Introduction,Invasion,Invasion,2015,2015-06-01T12:00:00Z,comment,548,0,UgwV_raCwI8z-AKOagt4AaABAg,,FALSE
EX2Bdme7Ywo,2022-07-24T15:22:18Z,11188,,79,Rugulopteryx_okamurae,Spain,Plants,alien,invasoras,Post-Introduction,Invasion,Invasion,2015,2015-06-01T12:00:00Z,comment,548,2,UgyJJIqgBUnsH2Pcd6h4AaABAg,,FALSE
EX2Bdme7Ywo,2022-07-24T19:52:12Z,11188,,79,Rugulopteryx_okamurae,Spain,Plants,alien,recente,Post-Introduction,Detection,Detection,2015,2015-06-01T12:00:00Z,comment,548,1,Ugzgyulr2Pg21TLLnFl4AaABAg.9ds6abOvxBR9ds_eeQYrXk,Ugzgyulr2Pg21TLLnFl4AaABAg,TRUE
3hiWNlDPQus,2025-07-28T11:56:22Z,78,,1,Rugulopteryx_okamurae,Spain,Plants,alien,capturas,Post-Introduction,Detection,Detection,2015,2015-06-01T12:00:00Z,comment,2,0,UgxZ0jRh9B-Z3kY3KAh4AaABAg,,FALSE
quue0aRMQUE,2021-05-29T16:20:04Z,2139,,57,Rugulopteryx_okamurae,Spain,Plants,alien,invasoras,Post-Introduction,Invasion,Invasion,2015,2015-06-01T12:00:00Z,comment,552,1,Ugxwi0saSN92hK-oB1l4AaABAg,,FALSE
quue0aRMQUE,2021-05-27T22:21:02Z,2139,,57,Rugulopteryx_okamurae,Spain,Plants,alien,invasoras,Post-Introduction,Invasion,Invasion,2015,2015-06-01T12:00:00Z,comment,552,3,UgyKTyQJ2W7GBtEcsZl4AaABAg,,FALSE
quue0aRMQUE,2021-05-27T22:21:02Z,2139,,57,Rugulopteryx_okamurae,Spain,Plants,alien,peligro,Post-Introduction,Threat,Threat,2015,2015-06-01T12:00:00Z,comment,552,3,UgyKTyQJ2W7GBtEcsZl4AaABAg,,FALSE
quue0aRMQUE,2021-05-27T22:15:24Z,2139,,57,Rugulopteryx_okamurae,Spain,Plants,alien,controlar,Post-Introduction,Detection,Detection,2015,2015-06-01T12:00:00Z,comment,552,1,UgzyMvIGglcfJC4LxpN4AaABAg.9NrbVMQIGrV9NrdnMxqFwy,UgzyMvIGglcfJC4LxpN4AaABAg,TRUE
quue0aRMQUE,2021-05-27T22:15:24Z,2139,,57,Rugulopteryx_okamurae,Spain,Plants,alien,invasoras,Post-Introduction,Invasion,Invasion,2015,2015-06-01T12:00:00Z,comment,552,1,UgzyMvIGglcfJC4LxpN4AaABAg.9NrbVMQIGrV9NrdnMxqFwy,UgzyMvIGglcfJC4LxpN4AaABAg,TRUE
quue0aRMQUE,2021-05-27T22:15:24Z,2139,,57,Rugulopteryx_okamurae,Spain,Plants,alien,peligro,Post-Introduction,Threat,Threat,2015,2015-06-01T12:00:00Z,comment,552,1,UgzyMvIGglcfJC4LxpN4AaABAg.9NrbVMQIGrV9NrdnMxqFwy,UgzyMvIGglcfJC4LxpN4AaABAg,TRUE
L7FaNHp2__0,2021-12-26T08:23:12Z,3422,,54,Scyphophorus_acupunctatus,Spain,Insects,established,invasion,Post-Introduction,Invasion,Invasion,2007,2007-06-01T12:00:00Z,comment,219,0,UgzLze4cQoulFvWqxMd4AaABAg,,FALSE
L7FaNHp2__0,2021-12-25T23:23:05Z,3422,,54,Scyphophorus_acupunctatus,Spain,Insects,established,visto,Post-Introduction,Detection,Detection,2007,2007-06-01T12:00:00Z,comment,219,4,UgxCf2VBCBroVWmR6-54AaABAg,,FALSE
L7FaNHp2__0,2022-04-18T11:47:29Z,3422,,54,Scyphophorus_acupunctatus,Spain,Insects,established,plaga,Post-Introduction,Invasion,Invasion,2007,2007-06-01T12:00:00Z,comment,219,0,UgyWPXhoJyjaYWAZbDh4AaABAg.9_xg8_YFIq29_xx4YbppkJ,UgyWPXhoJyjaYWAZbDh4AaABAg,TRUE
L7FaNHp2__0,2021-12-26T11:46:16Z,3422,,54,Scyphophorus_acupunctatus,Spain,Insects,established,visto,Post-Introduction,Detection,Detection,2007,2007-06-01T12:00:00Z,comment,219,1,UgwEY7VJ8HfwDGb5QO14AaABAg.9WPySVCJ0ra9WPz6r-UFBA,UgwEY7VJ8HfwDGb5QO14AaABAg,TRUE
L7FaNHp2__0,2021-12-26T11:46:16Z,3422,,54,Scyphophorus_acupunctatus,Spain,Insects,established,plagas,Post-Introduction,Invasion,Invasion,2007,2007-06-01T12:00:00Z,comment,219,1,UgwEY7VJ8HfwDGb5QO14AaABAg.9WPySVCJ0ra9WPz6r-UFBA,UgwEY7VJ8HfwDGb5QO14AaABAg,TRUE
6VRQSAX4ZDE,2025-07-24T14:01:57Z,3982,,8,Scyphophorus_acupunctatus,Spain,Insects,established,danino,Post-Introduction,Threat,Threat,2007,2007-06-01T12:00:00Z,comment,95,0,UgwBBoTcsMhp3TAv5uF4AaABAg,,FALSE
ysgTqNIvMnw,2024-05-14T05:59:06Z,384,,24,Scyphophorus_acupunctatus,Spain,Insects,established,encontre,Post-Introduction,Detection,Detection,2007,2007-06-01T12:00:00Z,comment,50,1,UgwLzkrMH62mEwtfe094AaABAg,,FALSE
ysgTqNIvMnw,2024-05-13T05:56:08Z,384,,24,Scyphophorus_acupunctatus,Spain,Insects,established,control,Post-Introduction,Detection,Detection,2007,2007-06-01T12:00:00Z,comment,50,0,UgzLpv9TTRxsSG-eKvl4AaABAg,,FALSE
ysgTqNIvMnw,2024-05-12T18:49:22Z,384,,24,Scyphophorus_acupunctatus,Spain,Insects,established,alien,Post-Introduction,Invasion,Invasion,2007,2007-06-01T12:00:00Z,comment,50,1,Ugy82E3f9aj_6XznTLR4AaABAg,,FALSE
ysgTqNIvMnw,2024-05-13T07:07:45Z,384,,24,Scyphophorus_acupunctatus,Spain,Insects,established,ataca,Post-Introduction,Threat,Threat,2007,2007-06-01T12:00:00Z,comment,50,1,UgwUw7o4EvFFqePPqZV4AaABAg.A3LzxtVcVfJA3N5188Vc8e,UgwUw7o4EvFFqePPqZV4AaABAg,TRUE
AwsMEhRSI44,2025-07-28T17:20:39Z,1841,,10,Scyphophorus_acupunctatus,Spain,Insects,established,encontre,Post-Introduction,Detection,Detection,2007,2007-06-01T12:00:00Z,comment,62,0,UgxgiP6KTPTE9ILR9at4AaABAg,,FALSE
AwsMEhRSI44,2025-07-28T17:20:39Z,1841,,10,Scyphophorus_acupunctatus,Spain,Insects,established,peligro,Post-Introduction,Threat,Threat,2007,2007-06-01T12:00:00Z,comment,62,0,UgxgiP6KTPTE9ILR9at4AaABAg,,FALSE
AwsMEhRSI44,2024-06-08T14:13:49Z,1841,,10,Scyphophorus_acupunctatus,Spain,Insects,established,encontrado,Post-Introduction,Detection,Detection,2007,2007-06-01T12:00:00Z,comment,62,0,Ugy_I0uVY0Xgp-zlFKZ4AaABAg,,FALSE
AwsMEhRSI44,2025-07-30T08:31:04Z,1841,,10,Scyphophorus_acupunctatus,Spain,Insects,established,ataca,Post-Introduction,Threat,Threat,2007,2007-06-01T12:00:00Z,comment,62,1,UgxgiP6KTPTE9ILR9at4AaABAg.AL7ij9O3i1KALBvi11-Cod,UgxgiP6KTPTE9ILR9at4AaABAg,TRUE
IA5FwWN7Ef8,2024-09-11T05:16:40Z,102115,,81,Spodoptera_frugiperda,Canary Islands,Insects,alien,trampas,Post-Introduction,Detection,Detection,2020,2020-06-01T12:00:00Z,comment,2290,0,UgwsMHk8qvqVlNo4x6B4AaABAg,,FALSE
IA5FwWN7Ef8,2023-05-01T19:44:03Z,102115,,81,Spodoptera_frugiperda,Canary Islands,Insects,alien,ataca,Post-Introduction,Threat,Threat,2020,2020-06-01T12:00:00Z,comment,2290,0,UgyrxgU1XbkXpatsJkp4AaABAg,,FALSE
IA5FwWN7Ef8,2023-03-05T21:09:42Z,102115,,81,Spodoptera_frugiperda,Canary Islands,Insects,alien,introduccion,Post-Introduction,Invasion,Invasion,2020,2020-06-01T12:00:00Z,comment,2290,1,Ugx-JpcKYV7a6o9zEa54AaABAg,,FALSE
IA5FwWN7Ef8,2023-03-05T21:09:42Z,102115,,81,Spodoptera_frugiperda,Canary Islands,Insects,alien,visto,Post-Introduction,Detection,Detection,2020,2020-06-01T12:00:00Z,comment,2290,1,Ugx-JpcKYV7a6o9zEa54AaABAg,,FALSE
IA5FwWN7Ef8,2022-02-05T01:19:28Z,102115,,81,Spodoptera_frugiperda,Canary Islands,Insects,alien,control,Post-Introduction,Detection,Detection,2020,2020-06-01T12:00:00Z,comment,2290,5,UgxbhLHsqNG7FDCBJW14AaABAg,,FALSE
IA5FwWN7Ef8,2021-10-15T00:20:27Z,102115,,81,Spodoptera_frugiperda,Canary Islands,Insects,alien,trampa,Post-Introduction,Detection,Detection,2020,2020-06-01T12:00:00Z,comment,2290,35,Ugw8QAIoWGtzVvYBjLF4AaABAg,,FALSE
IA5FwWN7Ef8,2021-10-15T00:20:27Z,102115,,81,Spodoptera_frugiperda,Canary Islands,Insects,alien,control,Post-Introduction,Detection,Detection,2020,2020-06-01T12:00:00Z,comment,2290,35,Ugw8QAIoWGtzVvYBjLF4AaABAg,,FALSE
IA5FwWN7Ef8,2023-05-14T05:10:44Z,102115,,81,Spodoptera_frugiperda,Canary Islands,Insects,alien,ataca,Post-Introduction,Threat,Threat,2020,2020-06-01T12:00:00Z,comment,2290,0,UgyrxgU1XbkXpatsJkp4AaABAg.9pB75os4wg_9pg1UnAP7o7,UgyrxgU1XbkXpatsJkp4AaABAg,TRUE
IA5FwWN7Ef8,2022-12-27T10:40:11Z,102115,,81,Spodoptera_frugiperda,Canary Islands,Insects,alien,trampas,Post-Introduction,Detection,Detection,2020,2020-06-01T12:00:00Z,comment,2290,0,UgxbhLHsqNG7FDCBJW14AaABAg.9Y2QyrpeddJ9k8HV2HQsmk,UgxbhLHsqNG7FDCBJW14AaABAg,TRUE
IA5FwWN7Ef8,2021-10-16T13:10:11Z,102115,,81,Spodoptera_frugiperda,Canary Islands,Insects,alien,trampa,Post-Introduction,Detection,Detection,2020,2020-06-01T12:00:00Z,comment,2290,4,Ugw8QAIoWGtzVvYBjLF4AaABAg.9TVMOjZps579TZJHEu-Zep,Ugw8QAIoWGtzVvYBjLF4AaABAg,TRUE
U-djHiWhe6w,2023-10-04T00:05:24Z,2486,,11,Spodoptera_frugiperda,Canary Islands,Insects,alien,encontrado,Post-Introduction,Detection,Detection,2020,2020-06-01T12:00:00Z,comment,52,0,UgzFTu5jbKtEzLXallZ4AaABAg,,FALSE
U-djHiWhe6w,2021-03-17T14:36:39Z,2486,,11,Spodoptera_frugiperda,Canary Islands,Insects,alien,encontre,Post-Introduction,Detection,Detection,2020,2020-06-01T12:00:00Z,comment,52,1,Ugyok8-BqYCrA41nI6N4AaABAg,,FALSE
ZDRCxdQ_wlg,2022-10-07T02:27:48Z,6848,,9,Synoicus_chinensis,Spain,Birds,alien,jaula,Post-Introduction,eCommerce,eCommerce,2006,2006-06-01T12:00:00Z,comment,95,1,Ugy0dGof5NlWWGYAgOt4AaABAg,,FALSE
ZDRCxdQ_wlg,2022-08-15T23:52:12Z,6848,,9,Synoicus_chinensis,Spain,Birds,alien,venenoso,Post-Introduction,Threat,Threat,2006,2006-06-01T12:00:00Z,comment,95,2,UgwicC0xWMDz_mN0Adp4AaABAg,,FALSE
ZDRCxdQ_wlg,2022-08-15T23:52:12Z,6848,,9,Synoicus_chinensis,Spain,Birds,alien,venenoso,Post-Introduction,Threat,Threat,2006,2006-06-01T12:00:00Z,comment,95,2,UgwicC0xWMDz_mN0Adp4AaABAg,,FALSE
SuuHnXtXg-c,2025-03-17T16:22:45Z,17467,,51,Synoicus_chinensis,Spain,Birds,alien,jaula,Post-Introduction,eCommerce,eCommerce,2006,2006-06-01T12:00:00Z,comment,250,0,UgzPCoTv-zs2vwuKJlx4AaABAg,,FALSE
SuuHnXtXg-c,2022-02-21T13:40:28Z,17467,,51,Synoicus_chinensis,Spain,Birds,alien,jaula,Post-Introduction,eCommerce,eCommerce,2006,2006-06-01T12:00:00Z,comment,250,0,UgwM6NPGqfamtSEqJdt4AaABAg,,FALSE
SuuHnXtXg-c,2022-01-30T11:38:24Z,17467,,51,Synoicus_chinensis,Spain,Birds,alien,compre,Post-Introduction,eCommerce,eCommerce,2006,2006-06-01T12:00:00Z,comment,250,0,UgywBlEb9WwROHIc5MB4AaABAg.9KiHv3P9uXC9Xp51nK2p6b,UgywBlEb9WwROHIc5MB4AaABAg,TRUE
rghk-WTYwk4,2023-05-08T18:17:40Z,4149,,11,Synoicus_chinensis,Spain,Birds,alien,jaula,Post-Introduction,eCommerce,eCommerce,2006,2006-06-01T12:00:00Z,comment,51,0,UgzL9NXEEBFXm3kis314AaABAg,,FALSE
rghk-WTYwk4,2023-05-08T18:17:40Z,4149,,11,Synoicus_chinensis,Spain,Birds,alien,jaula,Post-Introduction,eCommerce,eCommerce,2006,2006-06-01T12:00:00Z,comment,51,0,UgzL9NXEEBFXm3kis314AaABAg,,FALSE
rghk-WTYwk4,2019-06-11T07:06:40Z,4149,,11,Synoicus_chinensis,Spain,Birds,alien,comprar,Post-Introduction,eCommerce,eCommerce,2006,2006-06-01T12:00:00Z,comment,51,0,UgyCvdSud10vT8Qstvd4AaABAg.8w0GpIwp1sM8w1Nd3gPaa-,UgyCvdSud10vT8Qstvd4AaABAg,TRUE
-bMOUKWPnf8,2023-07-09T10:13:18Z,1551,,14,Synoicus_chinensis,Spain,Birds,alien,visto,Post-Introduction,Detection,Detection,2006,2006-06-01T12:00:00Z,comment,64,2,Ugw4dW6biByACAH7KtJ4AaABAg,,FALSE
mk3ZbfXGwus,2020-03-20T17:58:43Z,1547,,29,Synoicus_chinensis,Spain,Birds,alien,jaula,Post-Introduction,eCommerce,eCommerce,2006,2006-06-01T12:00:00Z,comment,87,0,Ugzptkj02T_WDEEoAuF4AaABAg,,FALSE
ozKT8isk-ew,2018-08-11T06:26:16Z,15591,,10,Synoicus_chinensis,Spain,Birds,alien,venda,Post-Introduction,eCommerce,eCommerce,2006,2006-06-01T12:00:00Z,comment,59,1,UgwLu7qkx7zgQc-Xyv94AaABAg,,FALSE
ozKT8isk-ew,2018-08-15T19:26:11Z,15591,,10,Synoicus_chinensis,Spain,Birds,alien,comprar,Post-Introduction,eCommerce,eCommerce,2006,2006-06-01T12:00:00Z,comment,59,0,UgwLu7qkx7zgQc-Xyv94AaABAg.8jnXMC_btbV8jzDmwVZnPY,UgwLu7qkx7zgQc-Xyv94AaABAg,TRUE
ozKT8isk-ew,2016-09-19T11:21:33Z,15591,,10,Synoicus_chinensis,Spain,Birds,alien,euros,Post-Introduction,eCommerce,eCommerce,2006,2006-06-01T12:00:00Z,comment,59,3,UghL22W9ba1juXgCoAEC.8IzxAh8OeNY8J-mrLxYdOf,UghL22W9ba1juXgCoAEC,TRUE
5wVCNHo5p4s,2020-05-02T21:13:46Z,5439,,43,Synoicus_chinensis,Spain,Birds,alien,jaula,Post-Introduction,eCommerce,eCommerce,2006,2006-06-01T12:00:00Z,comment,243,0,UgxcQCbSATxfvt_-EPp4AaABAg,,FALSE
5wVCNHo5p4s,2020-03-28T13:42:03Z,5439,,43,Synoicus_chinensis,Spain,Birds,alien,comprar,Post-Introduction,eCommerce,eCommerce,2006,2006-06-01T12:00:00Z,comment,243,0,UgxBNlpzNDkifCmooXZ4AaABAg,,FALSE
5wVCNHo5p4s,2020-03-28T13:42:03Z,5439,,43,Synoicus_chinensis,Spain,Birds,alien,vender,Post-Introduction,eCommerce,eCommerce,2006,2006-06-01T12:00:00Z,comment,243,0,UgxBNlpzNDkifCmooXZ4AaABAg,,FALSE
KhuKm-gJJnU,2018-08-02T02:41:54Z,32162,,21,Synoicus_chinensis,Spain,Birds,alien,comprar,Post-Introduction,eCommerce,eCommerce,2006,2006-06-01T12:00:00Z,comment,,0,UgzIZAVmtpOgkIiIEtp4AaABAg,,FALSE
KhuKm-gJJnU,2017-10-21T18:44:25Z,32162,,21,Synoicus_chinensis,Spain,Birds,alien,visto,Post-Introduction,Detection,Detection,2006,2006-06-01T12:00:00Z,comment,,1,UgwMoSTw1f6vcmCma414AaABAg.8YzjhDP1Kdc8Yzp7LuvY_3,UgwMoSTw1f6vcmCma414AaABAg,TRUE
ScJfoXX4siQ,2024-07-01T22:22:59Z,880,,18,Testudo_marginata,Spain,Herptiles,established,terrario,Post-Introduction,eCommerce,eCommerce,2017,2017-06-01T12:00:00Z,comment,28,1,UgyDzDk7Ha97s2wLibd4AaABAg,,FALSE
kFaHB8XO5PQ,2023-07-23T13:01:03Z,1572,,4,Tobamovirus_fructirugosum,Spain,"Bacteria, Viruses, Fungi",alien,comprar,Post-Introduction,eCommerce,eCommerce,2019,2019-06-01T12:00:00Z,comment,41,0,UgxtWbMmMNQPLZd2Axx4AaABAg,,FALSE
kLjkaSaJ8Ys,2023-05-30T20:19:28Z,1317,,7,Tobamovirus_fructirugosum,Spain,"Bacteria, Viruses, Fungi",alien,prohibido,Post-Introduction,eCommerce,eCommerce,2019,2019-06-01T12:00:00Z,comment,21,0,UgzDGttNqtJdMBBk2Eh4AaABAg,,FALSE
kLjkaSaJ8Ys,2023-05-30T20:14:26Z,1317,,7,Tobamovirus_fructirugosum,Spain,"Bacteria, Viruses, Fungi",alien,vector,Post-Introduction,Threat,Threat,2019,2019-06-01T12:00:00Z,comment,21,0,UgyS4hsKpZXLRFCnaUl4AaABAg,,FALSE
kLjkaSaJ8Ys,2023-05-31T14:33:23Z,1317,,7,Tobamovirus_fructirugosum,Spain,"Bacteria, Viruses, Fungi",alien,registro,Post-Introduction,Detection,Detection,2019,2019-06-01T12:00:00Z,comment,21,0,UgzDGttNqtJdMBBk2Eh4AaABAg.9qLrCZQM3IX9qNoOdS2g9T,UgzDGttNqtJdMBBk2Eh4AaABAg,TRUE
kLjkaSaJ8Ys,2023-05-31T14:33:23Z,1317,,7,Tobamovirus_fructirugosum,Spain,"Bacteria, Viruses, Fungi",alien,manejo,Post-Introduction,Detection,Detection,2019,2019-06-01T12:00:00Z,comment,21,0,UgzDGttNqtJdMBBk2Eh4AaABAg.9qLrCZQM3IX9qNoOdS2g9T,UgzDGttNqtJdMBBk2Eh4AaABAg,TRUE
kLjkaSaJ8Ys,2023-05-31T14:33:23Z,1317,,7,Tobamovirus_fructirugosum,Spain,"Bacteria, Viruses, Fungi",alien,manejar,Post-Introduction,Detection,Detection,2019,2019-06-01T12:00:00Z,comment,21,0,UgzDGttNqtJdMBBk2Eh4AaABAg.9qLrCZQM3IX9qNoOdS2g9T,UgzDGttNqtJdMBBk2Eh4AaABAg,TRUE
kLjkaSaJ8Ys,2023-05-31T20:08:52Z,1317,,7,Tobamovirus_fructirugosum,Spain,"Bacteria, Viruses, Fungi",alien,riesgo,Post-Introduction,Threat,Threat,2019,2019-06-01T12:00:00Z,comment,21,0,UgzDGttNqtJdMBBk2Eh4AaABAg.9qLrCZQM3IX9qOPmr8YWdn,UgzDGttNqtJdMBBk2Eh4AaABAg,TRUE
NrQCYWpR0iw,2025-07-06T18:55:46Z,461,,1,Tomato_leaf_curl_New_Delhi_virus,Spain,"Bacteria, Viruses, Fungi",alien,mercado,Post-Introduction,eCommerce,eCommerce,2012,2012-06-01T12:00:00Z,comment,6,0,UgwBTJl04lCwrKMbttt4AaABAg,,FALSE
nsv_bUturIc,2019-08-05T02:13:34Z,17989,,24,Varanus_exanthematicus,Spain,Herptiles,uncertain,comprar,Post-Introduction,eCommerce,eCommerce,2011,2011-06-01T12:00:00Z,comment,445,2,UgwgVzkdjqJS0axV5IV4AaABAg,,FALSE
nsv_bUturIc,2019-08-05T02:13:34Z,17989,,24,Varanus_exanthematicus,Spain,Herptiles,uncertain,comprar,Post-Introduction,eCommerce,eCommerce,2011,2011-06-01T12:00:00Z,comment,445,2,UgwgVzkdjqJS0axV5IV4AaABAg,,FALSE
nsv_bUturIc,2018-09-25T01:01:41Z,17989,,24,Varanus_exanthematicus,Spain,Herptiles,uncertain,compre,Post-Introduction,eCommerce,eCommerce,2011,2011-06-01T12:00:00Z,comment,445,6,UgySIlR3KtntthgXzG54AaABAg,,FALSE
nsv_bUturIc,2018-09-25T01:01:41Z,17989,,24,Varanus_exanthematicus,Spain,Herptiles,uncertain,terrario,Post-Introduction,eCommerce,eCommerce,2011,2011-06-01T12:00:00Z,comment,445,6,UgySIlR3KtntthgXzG54AaABAg,,FALSE
zp7kz2FgfUI,2018-02-14T06:47:45Z,27375,,27,Varanus_exanthematicus,Spain,Herptiles,uncertain,terrario,Post-Introduction,eCommerce,eCommerce,2011,2011-06-01T12:00:00Z,comment,323,0,Ugy8lASqlEULTuP33B14AaABAg,,FALSE
zp7kz2FgfUI,2016-11-13T16:04:07Z,27375,,27,Varanus_exanthematicus,Spain,Herptiles,uncertain,visto,Post-Introduction,Detection,Detection,2011,2011-06-01T12:00:00Z,comment,323,10,Ugjp1ikr6dwhOHgCoAEC,,FALSE
zp7kz2FgfUI,2016-09-17T03:35:05Z,27375,,27,Varanus_exanthematicus,Spain,Herptiles,uncertain,comprar,Post-Introduction,eCommerce,eCommerce,2011,2011-06-01T12:00:00Z,comment,323,0,UghoSr1Qlc14MHgCoAEC,,FALSE
zp7kz2FgfUI,2016-07-01T20:32:43Z,27375,,27,Varanus_exanthematicus,Spain,Herptiles,uncertain,compre,Post-Introduction,eCommerce,eCommerce,2011,2011-06-01T12:00:00Z,comment,323,0,Ugj1rRec10hF2XgCoAEC,,FALSE
zp7kz2FgfUI,2016-07-01T11:43:47Z,27375,,27,Varanus_exanthematicus,Spain,Herptiles,uncertain,terrario,Post-Introduction,eCommerce,eCommerce,2011,2011-06-01T12:00:00Z,comment,323,3,Ugge7YEs_8Evr3gCoAEC,,FALSE
zp7kz2FgfUI,2016-07-01T11:43:47Z,27375,,27,Varanus_exanthematicus,Spain,Herptiles,uncertain,terrario,Post-Introduction,eCommerce,eCommerce,2011,2011-06-01T12:00:00Z,comment,323,3,Ugge7YEs_8Evr3gCoAEC,,FALSE
zp7kz2FgfUI,2016-03-16T18:44:07Z,27375,,27,Varanus_exanthematicus,Spain,Herptiles,uncertain,mascota,Post-Introduction,eCommerce,eCommerce,2011,2011-06-01T12:00:00Z,comment,323,0,Ugh_K3OIrFvh-3gCoAEC,,FALSE
zp7kz2FgfUI,2015-08-25T12:56:58Z,27375,,27,Varanus_exanthematicus,Spain,Herptiles,uncertain,terrario,Post-Introduction,eCommerce,eCommerce,2011,2011-06-01T12:00:00Z,comment,323,8,UgijIdQHl_mUongCoAEC,,FALSE
zp7kz2FgfUI,2015-08-21T13:37:33Z,27375,,27,Varanus_exanthematicus,Spain,Herptiles,uncertain,visto,Post-Introduction,Detection,Detection,2011,2011-06-01T12:00:00Z,comment,323,0,UgjcIje5quwQlngCoAEC.834t6X9hHqe7-J3sGDBWZS,UgjcIje5quwQlngCoAEC,TRUE
5qv1wLqdDJ8,2021-03-26T08:41:32Z,960,,21,Varanus_exanthematicus,Spain,Herptiles,uncertain,visto,Post-Introduction,Detection,Detection,2011,2011-06-01T12:00:00Z,comment,22,0,Ugzg7iYmUjrA0Qu1nG54AaABAg.9JbRN6Z3X8n9LLYN9xVufm,Ugzg7iYmUjrA0Qu1nG54AaABAg,TRUE
5qv1wLqdDJ8,2021-03-26T08:41:32Z,960,,21,Varanus_exanthematicus,Spain,Herptiles,uncertain,riesgo,Post-Introduction,Threat,Threat,2011,2011-06-01T12:00:00Z,comment,22,0,Ugzg7iYmUjrA0Qu1nG54AaABAg.9JbRN6Z3X8n9LLYN9xVufm,Ugzg7iYmUjrA0Qu1nG54AaABAg,TRUE
5qv1wLqdDJ8,2021-03-26T08:41:32Z,960,,21,Varanus_exanthematicus,Spain,Herptiles,uncertain,peligrosa,Post-Introduction,Threat,Threat,2011,2011-06-01T12:00:00Z,comment,22,0,Ugzg7iYmUjrA0Qu1nG54AaABAg.9JbRN6Z3X8n9LLYN9xVufm,Ugzg7iYmUjrA0Qu1nG54AaABAg,TRUE
P133XvqFAUY,2016-01-10T15:45:06Z,16005,,10,Varanus_exanthematicus,Spain,Herptiles,uncertain,visto,Post-Introduction,Detection,Detection,2011,2011-06-01T12:00:00Z,comment,38,2,UggBA8yRLbzEZngCoAEC,,FALSE
uUh_xfKaKsw,2009-11-21T15:34:15Z,1335,,2,Varanus_exanthematicus,Spain,Herptiles,uncertain,visto,Pre-Introduction,Detection,Detection,2011,2011-06-01T12:00:00Z,comment,4,0,Ugw3dOwv-81CFIQj76t4AaABAg,,FALSE
uUh_xfKaKsw,2009-11-21T15:34:15Z,1335,,2,Varanus_exanthematicus,Spain,Herptiles,uncertain,visto,Pre-Introduction,Detection,Detection,2011,2011-06-01T12:00:00Z,comment,4,0,Ugw3dOwv-81CFIQj76t4AaABAg,,FALSE
q0pGFYf9KUU,2017-05-16T11:15:08Z,13301,,117,Varanus_exanthematicus,Spain,Herptiles,uncertain,venenoso,Post-Introduction,Threat,Threat,2011,2011-06-01T12:00:00Z,comment,367,0,UghdKEELVuPpG3gCoAEC,,FALSE
q0pGFYf9KUU,2017-05-11T14:31:51Z,13301,,117,Varanus_exanthematicus,Spain,Herptiles,uncertain,comprar,Post-Introduction,eCommerce,eCommerce,2011,2011-06-01T12:00:00Z,comment,367,6,UgjeI8c1XRmze3gCoAEC,,FALSE
q0pGFYf9KUU,2017-05-04T13:46:33Z,13301,,117,Varanus_exanthematicus,Spain,Herptiles,uncertain,caro,Post-Introduction,eCommerce,eCommerce,2011,2011-06-01T12:00:00Z,comment,367,0,UghixVJsm7ReSngCoAEC,,FALSE
q0pGFYf9KUU,2017-05-03T21:17:50Z,13301,,117,Varanus_exanthematicus,Spain,Herptiles,uncertain,terrario,Post-Introduction,eCommerce,eCommerce,2011,2011-06-01T12:00:00Z,comment,367,0,UghF3rL0woB5FXgCoAEC,,FALSE
q0pGFYf9KUU,2017-05-03T17:06:59Z,13301,,117,Varanus_exanthematicus,Spain,Herptiles,uncertain,acuario,Post-Introduction,eCommerce,eCommerce,2011,2011-06-01T12:00:00Z,comment,367,0,Ugjtcrip3xRhkngCoAEC,,FALSE
q0pGFYf9KUU,2017-05-04T21:24:29Z,13301,,117,Varanus_exanthematicus,Spain,Herptiles,uncertain,veneno,Post-Introduction,Threat,Threat,2011,2011-06-01T12:00:00Z,comment,367,1,Ughe0715WuGe13gCoAEC.8S98Rw5YqJ58S9NIuGX7sP,Ughe0715WuGe13gCoAEC,TRUE
q0pGFYf9KUU,2021-04-21T11:16:31Z,13301,,117,Varanus_exanthematicus,Spain,Herptiles,uncertain,terrario,Post-Introduction,eCommerce,eCommerce,2011,2011-06-01T12:00:00Z,comment,367,0,UggLn8vwPRKnBHgCoAEC.8S6SqL5ttKK9MOllzpcqdF,UggLn8vwPRKnBHgCoAEC,TRUE
KwgvZ2iXE0o,2020-04-25T17:01:28Z,8675,,60,Varanus_exanthematicus,Spain,Herptiles,uncertain,terrario,Post-Introduction,eCommerce,eCommerce,2011,2011-06-01T12:00:00Z,comment,287,0,UgxYuFM3NFwZ4oRSiL14AaABAg,,FALSE
KwgvZ2iXE0o,2018-03-31T05:32:10Z,8675,,60,Varanus_exanthematicus,Spain,Herptiles,uncertain,terrario,Post-Introduction,eCommerce,eCommerce,2011,2011-06-01T12:00:00Z,comment,287,0,UgzY5Et4vzZoTgogi814AaABAg,,FALSE
KwgvZ2iXE0o,2018-03-31T05:32:10Z,8675,,60,Varanus_exanthematicus,Spain,Herptiles,uncertain,comprar,Post-Introduction,eCommerce,eCommerce,2011,2011-06-01T12:00:00Z,comment,287,0,UgzY5Et4vzZoTgogi814AaABAg,,FALSE
KwgvZ2iXE0o,2017-06-27T23:29:00Z,8675,,60,Varanus_exanthematicus,Spain,Herptiles,uncertain,visto,Post-Introduction,Detection,Detection,2011,2011-06-01T12:00:00Z,comment,287,0,UghWylG7bR-PUngCoAEC,,FALSE
KwgvZ2iXE0o,2017-06-27T19:19:15Z,8675,,60,Varanus_exanthematicus,Spain,Herptiles,uncertain,comprar,Post-Introduction,eCommerce,eCommerce,2011,2011-06-01T12:00:00Z,comment,287,0,UghQB9wQxE1zengCoAEC,,FALSE
KwgvZ2iXE0o,2017-06-27T16:53:08Z,8675,,60,Varanus_exanthematicus,Spain,Herptiles,uncertain,terrario,Post-Introduction,eCommerce,eCommerce,2011,2011-06-01T12:00:00Z,comment,287,0,Ughjg3GgVUokzHgCoAEC,,FALSE
KwgvZ2iXE0o,2017-06-27T16:53:08Z,8675,,60,Varanus_exanthematicus,Spain,Herptiles,uncertain,perjudicial,Post-Introduction,Threat,Threat,2011,2011-06-01T12:00:00Z,comment,287,0,Ughjg3GgVUokzHgCoAEC,,FALSE
KwgvZ2iXE0o,2017-06-27T16:53:08Z,8675,,60,Varanus_exanthematicus,Spain,Herptiles,uncertain,vista,Post-Introduction,Detection,Detection,2011,2011-06-01T12:00:00Z,comment,287,0,Ughjg3GgVUokzHgCoAEC,,FALSE
KwgvZ2iXE0o,2017-06-28T22:30:11Z,8675,,60,Varanus_exanthematicus,Spain,Herptiles,uncertain,terrario,Post-Introduction,eCommerce,eCommerce,2011,2011-06-01T12:00:00Z,comment,287,0,UghQB9wQxE1zengCoAEC.8UKBtrIzXRE8UN6YCj9l6e,UghQB9wQxE1zengCoAEC,TRUE
KwgvZ2iXE0o,2017-06-27T20:54:48Z,8675,,60,Varanus_exanthematicus,Spain,Herptiles,uncertain,vista,Post-Introduction,Detection,Detection,2011,2011-06-01T12:00:00Z,comment,287,0,Ughjg3GgVUokzHgCoAEC.8UJwAlqlQyU8UKMpgxgLPY,Ughjg3GgVUokzHgCoAEC,TRUE
ZHbkgTYxxI0,2022-08-26T17:18:32Z,2548,,6,Varanus_exanthematicus,Spain,Herptiles,uncertain,compra,Post-Introduction,eCommerce,eCommerce,2011,2011-06-01T12:00:00Z,comment,29,0,UgwjtY2U99KFF8ki2Z14AaABAg.9EYrHXF3Xb09fCHIz4yuCs,UgwjtY2U99KFF8ki2Z14AaABAg,TRUE
ZHbkgTYxxI0,2022-08-26T17:18:32Z,2548,,6,Varanus_exanthematicus,Spain,Herptiles,uncertain,caro,Post-Introduction,eCommerce,eCommerce,2011,2011-06-01T12:00:00Z,comment,29,0,UgwjtY2U99KFF8ki2Z14AaABAg.9EYrHXF3Xb09fCHIz4yuCs,UgwjtY2U99KFF8ki2Z14AaABAg,TRUE
TmXwFfweD9c,2022-06-21T14:05:38Z,28202,,60,Varanus_exanthematicus,Spain,Herptiles,uncertain,venenoso,Post-Introduction,Threat,Threat,2011,2011-06-01T12:00:00Z,comment,257,0,Ugxf8R-ciozugnGbUFl4AaABAg,,FALSE
TmXwFfweD9c,2020-06-09T18:00:24Z,28202,,60,Varanus_exanthematicus,Spain,Herptiles,uncertain,terrario,Post-Introduction,eCommerce,eCommerce,2011,2011-06-01T12:00:00Z,comment,257,0,UgwWZA5CnNVsKkWY_0N4AaABAg,,FALSE
TmXwFfweD9c,2020-06-09T18:00:24Z,28202,,60,Varanus_exanthematicus,Spain,Herptiles,uncertain,comprar,Post-Introduction,eCommerce,eCommerce,2011,2011-06-01T12:00:00Z,comment,257,0,UgwWZA5CnNVsKkWY_0N4AaABAg,,FALSE
TmXwFfweD9c,2019-06-13T23:10:35Z,28202,,60,Varanus_exanthematicus,Spain,Herptiles,uncertain,visto,Post-Introduction,Detection,Detection,2011,2011-06-01T12:00:00Z,comment,257,1,Ugwdf6D_BkgwmQmy5FF4AaABAg,,FALSE
TmXwFfweD9c,2019-04-20T03:41:22Z,28202,,60,Varanus_exanthematicus,Spain,Herptiles,uncertain,precio,Post-Introduction,eCommerce,eCommerce,2011,2011-06-01T12:00:00Z,comment,257,0,UgyhlTE4q2lpFtE4_Yl4AaABAg,,FALSE
TmXwFfweD9c,2018-03-20T02:57:18Z,28202,,60,Varanus_exanthematicus,Spain,Herptiles,uncertain,terrario,Post-Introduction,eCommerce,eCommerce,2011,2011-06-01T12:00:00Z,comment,257,0,UgzbuqPTRp52dfNNH714AaABAg,,FALSE
TmXwFfweD9c,2017-12-04T02:54:42Z,28202,,60,Varanus_exanthematicus,Spain,Herptiles,uncertain,costo,Post-Introduction,eCommerce,eCommerce,2011,2011-06-01T12:00:00Z,comment,257,0,UgxxxrstetJsxOQg9cF4AaABAg,,FALSE
TmXwFfweD9c,2017-11-20T21:34:43Z,28202,,60,Varanus_exanthematicus,Spain,Herptiles,uncertain,venenoso,Post-Introduction,Threat,Threat,2011,2011-06-01T12:00:00Z,comment,257,2,Ugw2bzXbE2vkG7rO9yd4AaABAg,,FALSE
TmXwFfweD9c,2016-07-20T11:47:57Z,28202,,60,Varanus_exanthematicus,Spain,Herptiles,uncertain,tienda,Post-Introduction,eCommerce,eCommerce,2011,2011-06-01T12:00:00Z,comment,257,1,UgheK5dfl0wsIXgCoAEC,,FALSE
TmXwFfweD9c,2016-05-17T19:13:07Z,28202,,60,Varanus_exanthematicus,Spain,Herptiles,uncertain,terrario,Post-Introduction,eCommerce,eCommerce,2011,2011-06-01T12:00:00Z,comment,257,1,UggGsAoHhyjp8HgCoAEC,,FALSE
TmXwFfweD9c,2016-05-17T19:13:07Z,28202,,60,Varanus_exanthematicus,Spain,Herptiles,uncertain,comprar,Post-Introduction,eCommerce,eCommerce,2011,2011-06-01T12:00:00Z,comment,257,1,UggGsAoHhyjp8HgCoAEC,,FALSE
TmXwFfweD9c,2018-02-28T12:08:45Z,28202,,60,Varanus_exanthematicus,Spain,Herptiles,uncertain,vender,Post-Introduction,eCommerce,eCommerce,2011,2011-06-01T12:00:00Z,comment,257,0,Ugz94zXrrDYK-bEYMBV4AaABAg.8dCZx26yR-C8dCrB905Psn,Ugz94zXrrDYK-bEYMBV4AaABAg,TRUE
TmXwFfweD9c,2017-12-03T10:34:47Z,28202,,60,Varanus_exanthematicus,Spain,Herptiles,uncertain,venenoso,Post-Introduction,Threat,Threat,2011,2011-06-01T12:00:00Z,comment,257,1,Ugw2bzXbE2vkG7rO9yd4AaABAg.8_CNSny38Me8_hfGj-WsJy,Ugw2bzXbE2vkG7rO9yd4AaABAg,TRUE
TmXwFfweD9c,2017-12-03T10:34:47Z,28202,,60,Varanus_exanthematicus,Spain,Herptiles,uncertain,toxica,Post-Introduction,Threat,Threat,2011,2011-06-01T12:00:00Z,comment,257,1,Ugw2bzXbE2vkG7rO9yd4AaABAg.8_CNSny38Me8_hfGj-WsJy,Ugw2bzXbE2vkG7rO9yd4AaABAg,TRUE
TmXwFfweD9c,2016-07-24T12:53:57Z,28202,,60,Varanus_exanthematicus,Spain,Herptiles,uncertain,tienda,Post-Introduction,eCommerce,eCommerce,2011,2011-06-01T12:00:00Z,comment,257,0,UgheK5dfl0wsIXgCoAEC.8GYlOFVR5Ky8GiB7ClZTcQ,UgheK5dfl0wsIXgCoAEC,TRUE
TmXwFfweD9c,2016-07-24T12:53:57Z,28202,,60,Varanus_exanthematicus,Spain,Herptiles,uncertain,precio,Post-Introduction,eCommerce,eCommerce,2011,2011-06-01T12:00:00Z,comment,257,0,UgheK5dfl0wsIXgCoAEC.8GYlOFVR5Ky8GiB7ClZTcQ,UgheK5dfl0wsIXgCoAEC,TRUE
TmXwFfweD9c,2016-07-24T12:59:16Z,28202,,60,Varanus_exanthematicus,Spain,Herptiles,uncertain,aparece,Post-Introduction,Detection,Detection,2011,2011-06-01T12:00:00Z,comment,257,0,UgheK5dfl0wsIXgCoAEC.8GYlOFVR5Ky8GiBj6Ua0ho,UgheK5dfl0wsIXgCoAEC,TRUE
TmXwFfweD9c,2016-05-17T20:58:59Z,28202,,60,Varanus_exanthematicus,Spain,Herptiles,uncertain,terrario,Post-Introduction,eCommerce,eCommerce,2011,2011-06-01T12:00:00Z,comment,257,0,UggGsAoHhyjp8HgCoAEC.8DzlSgr-v8k8Dzx_9xqrTP,UggGsAoHhyjp8HgCoAEC,TRUE
TmXwFfweD9c,2016-05-17T20:58:59Z,28202,,60,Varanus_exanthematicus,Spain,Herptiles,uncertain,terrario,Post-Introduction,eCommerce,eCommerce,2011,2011-06-01T12:00:00Z,comment,257,0,UggGsAoHhyjp8HgCoAEC.8DzlSgr-v8k8Dzx_9xqrTP,UggGsAoHhyjp8HgCoAEC,TRUE
TmXwFfweD9c,2016-05-28T18:29:23Z,28202,,60,Varanus_exanthematicus,Spain,Herptiles,uncertain,encontrado,Post-Introduction,Detection,Detection,2011,2011-06-01T12:00:00Z,comment,257,0,UghTdvNesKD2k3gCoAEC.8DOqiMuMt_U8ER0C40s9da,UghTdvNesKD2k3gCoAEC,TRUE
TmXwFfweD9c,2016-05-15T16:19:29Z,28202,,60,Varanus_exanthematicus,Spain,Herptiles,uncertain,peligroso,Post-Introduction,Threat,Threat,2011,2011-06-01T12:00:00Z,comment,257,0,Uggn4P10lpNwungCoAEC.8CfNydbM3i38DuJ-F7hkr3,Uggn4P10lpNwungCoAEC,TRUE
TmXwFfweD9c,2016-04-13T08:53:37Z,28202,,60,Varanus_exanthematicus,Spain,Herptiles,uncertain,terrarios,Post-Introduction,eCommerce,eCommerce,2011,2011-06-01T12:00:00Z,comment,257,1,UgiMgZMSibkePngCoAEC.8Cb3nrnCC-e8Cb6Xe5YCo0,UgiMgZMSibkePngCoAEC,TRUE
Gp53O84N6do,2025-08-27T13:28:12Z,1533,,8,Vespa_orientalis,Spain,Insects,alien,visto,Post-Introduction,Detection,Detection,2012,2012-06-01T12:00:00Z,comment,20,0,UgyJdyshf7Wq05El7n54AaABAg,,FALSE
Gp53O84N6do,2025-07-30T12:19:36Z,1533,,8,Vespa_orientalis,Spain,Insects,alien,encontrado,Post-Introduction,Detection,Detection,2012,2012-06-01T12:00:00Z,comment,20,1,Ugw2QDBZpxlySflHxTp4AaABAg,,FALSE
Gp53O84N6do,2024-10-08T11:44:09Z,1533,,8,Vespa_orientalis,Spain,Insects,alien,atacado,Post-Introduction,Threat,Threat,2012,2012-06-01T12:00:00Z,comment,20,1,UgyuAPXBy0VyjcRkuAJ4AaABAg,,FALSE
Gp53O84N6do,2024-11-03T19:08:51Z,1533,,8,Vespa_orientalis,Spain,Insects,alien,ataca,Post-Introduction,Threat,Threat,2012,2012-06-01T12:00:00Z,comment,20,0,Ugzx_p13YVbDwKMqWKB4AaABAg.A9eGY5ZR7XHAAOPrzdNRF7,Ugzx_p13YVbDwKMqWKB4AaABAg,TRUE
vCkChYlQ9IQ,2023-11-25T00:38:34Z,1634,,19,Vespa_orientalis,Spain,Insects,alien,peligrosa,Post-Introduction,Threat,Threat,2012,2012-06-01T12:00:00Z,comment,160,3,UgwEDyQaBqoKMI2YX2V4AaABAg,,FALSE
vCkChYlQ9IQ,2023-12-22T09:45:34Z,1634,,19,Vespa_orientalis,Spain,Insects,alien,aparecido,Post-Introduction,Detection,Detection,2012,2012-06-01T12:00:00Z,comment,160,0,UgyLTLCTNbHpPNzyqYV4AaABAg.9yaiGUI8IsU9yc9PtvFEqE,UgyLTLCTNbHpPNzyqYV4AaABAg,TRUE
mlfqHAiQWBA,2025-08-28T12:28:46Z,49,,1,Vespa_orientalis,Spain,Insects,alien,peligro,Post-Introduction,Threat,Threat,2012,2012-06-01T12:00:00Z,comment,1,0,UgyFzbzBOUPj3sNK-h94AaABAg,,FALSE
DhFACfHaZK0,2024-11-05T00:39:10Z,173155,,53,Vespa_orientalis,Spain,Insects,alien,venenoso,Post-Introduction,Threat,Threat,2012,2012-06-01T12:00:00Z,comment,6896,1,UgzHy3th97hUewgQci94AaABAg,,FALSE
DhFACfHaZK0,2024-09-24T16:04:53Z,173155,,53,Vespa_orientalis,Spain,Insects,alien,plaga,Post-Introduction,Invasion,Invasion,2012,2012-06-01T12:00:00Z,comment,6896,0,UgzvRP0LbbdKYGT2R8R4AaABAg,,FALSE
DhFACfHaZK0,2025-07-26T16:33:39Z,173155,,53,Vespa_orientalis,Spain,Insects,alien,colonizacion,Post-Introduction,Invasion,Invasion,2012,2012-06-01T12:00:00Z,comment,6896,0,UgxWJcFrbQy-mAZHcGh4AaABAg.AKnr3izEGLLAL2Ul5eLOW-,UgxWJcFrbQy-mAZHcGh4AaABAg,TRUE
GST70tq0Ick,2024-08-03T11:54:07Z,2938,,20,Vespa_orientalis,Spain,Insects,alien,invasora,Post-Introduction,Invasion,Invasion,2012,2012-06-01T12:00:00Z,comment,162,0,UgwsFmIcDpcR5SR9uih4AaABAg,,FALSE
GST70tq0Ick,2024-08-03T11:54:07Z,2938,,20,Vespa_orientalis,Spain,Insects,alien,ataca,Post-Introduction,Threat,Threat,2012,2012-06-01T12:00:00Z,comment,162,0,UgwsFmIcDpcR5SR9uih4AaABAg,,FALSE
GST70tq0Ick,2024-08-03T11:54:07Z,2938,,20,Vespa_orientalis,Spain,Insects,alien,peligro,Post-Introduction,Threat,Threat,2012,2012-06-01T12:00:00Z,comment,162,0,UgwsFmIcDpcR5SR9uih4AaABAg,,FALSE
GST70tq0Ick,2024-07-31T11:56:46Z,2938,,20,Vespa_orientalis,Spain,Insects,alien,plaga,Post-Introduction,Invasion,Invasion,2012,2012-06-01T12:00:00Z,comment,162,0,Ugx-iYqAoTgY_0guvhJ4AaABAg,,FALSE
GST70tq0Ick,2024-09-19T11:28:42Z,2938,,20,Vespa_orientalis,Spain,Insects,alien,visto,Post-Introduction,Detection,Detection,2012,2012-06-01T12:00:00Z,comment,162,1,UgxhLfa8PZNb0Dl5duF4AaABAg.A8ZUBl_BxnEA8ZiRHu_oDI,UgxhLfa8PZNb0Dl5duF4AaABAg,TRUE
h1arvF7Mcsk,2025-08-28T12:15:42Z,1881,,1,Vespa_orientalis,Spain,Insects,alien,plaga,Post-Introduction,Invasion,Invasion,2012,2012-06-01T12:00:00Z,comment,15,2,UgxrhMCAGI3nWW7JPdh4AaABAg,,FALSE
-1ge-tHp-tk,2025-08-28T09:27:29Z,1391,,8,Vespa_orientalis,Spain,Insects,alien,trampas,Post-Introduction,Detection,Detection,2012,2012-06-01T12:00:00Z,comment,53,0,Ugx9k2SK4gNSb8o_hrB4AaABAg,,FALSE
-1ge-tHp-tk,2025-08-28T09:27:29Z,1391,,8,Vespa_orientalis,Spain,Insects,alien,trampas,Post-Introduction,Detection,Detection,2012,2012-06-01T12:00:00Z,comment,53,0,Ugx9k2SK4gNSb8o_hrB4AaABAg,,FALSE
-1ge-tHp-tk,2025-04-17T11:50:12Z,1391,,8,Vespa_orientalis,Spain,Insects,alien,invasoras,Post-Introduction,Invasion,Invasion,2012,2012-06-01T12:00:00Z,comment,53,0,Ugwfqk8OQcz4OYcA-qd4AaABAg,,FALSE
-1ge-tHp-tk,2025-04-16T18:37:24Z,1391,,8,Vespa_orientalis,Spain,Insects,alien,trampas,Post-Introduction,Detection,Detection,2012,2012-06-01T12:00:00Z,comment,53,0,Ugxj6sbH0YBDDLngRHt4AaABAg,,FALSE
-1ge-tHp-tk,2025-04-16T18:37:24Z,1391,,8,Vespa_orientalis,Spain,Insects,alien,trampa,Post-Introduction,Detection,Detection,2012,2012-06-01T12:00:00Z,comment,53,0,Ugxj6sbH0YBDDLngRHt4AaABAg,,FALSE
-1ge-tHp-tk,2025-08-31T05:41:29Z,1391,,8,Vespa_orientalis,Spain,Insects,alien,visto,Post-Introduction,Detection,Detection,2012,2012-06-01T12:00:00Z,comment,53,0,Ugx9k2SK4gNSb8o_hrB4AaABAg.AMMhD_J_JvmAMU0jyZe4AR,Ugx9k2SK4gNSb8o_hrB4AaABAg,TRUE
-1ge-tHp-tk,2025-04-17T12:00:10Z,1391,,8,Vespa_orientalis,Spain,Insects,alien,invasoras,Post-Introduction,Invasion,Invasion,2012,2012-06-01T12:00:00Z,comment,53,0,UgzRehz5fhlfCSqCGh94AaABAg.AH0Ua9CkUajAH0VyXvNHRO,UgzRehz5fhlfCSqCGh94AaABAg,TRUE
phtjLpnzgJI,2022-11-08T16:22:56Z,135978,,51,Vespa_velutina,Portugal,Insects,established,extincion,Post-Introduction,Threat,Threat,2011,2011-06-01T12:00:00Z,comment,586,0,UgxWM8lb-cHUodzkoP54AaABAg,,FALSE
phtjLpnzgJI,2020-06-26T21:43:17Z,135978,,51,Vespa_velutina,Portugal,Insects,established,trampas,Post-Introduction,Detection,Detection,2011,2011-06-01T12:00:00Z,comment,586,0,UgyfWjezTzN8YJQrKyl4AaABAg,,FALSE
phtjLpnzgJI,2020-05-14T15:21:49Z,135978,,51,Vespa_velutina,Portugal,Insects,established,invasion,Post-Introduction,Invasion,Invasion,2011,2011-06-01T12:00:00Z,comment,586,0,UgykXngepOUk5CzgMyp4AaABAg,,FALSE
phtjLpnzgJI,2020-05-14T15:21:49Z,135978,,51,Vespa_velutina,Portugal,Insects,established,invasor,Post-Introduction,Invasion,Invasion,2011,2011-06-01T12:00:00Z,comment,586,0,UgykXngepOUk5CzgMyp4AaABAg,,FALSE
phtjLpnzgJI,2020-05-14T15:21:49Z,135978,,51,Vespa_velutina,Portugal,Insects,established,trampas,Post-Introduction,Detection,Detection,2011,2011-06-01T12:00:00Z,comment,586,0,UgykXngepOUk5CzgMyp4AaABAg,,FALSE
phtjLpnzgJI,2018-10-26T23:01:00Z,135978,,51,Vespa_velutina,Portugal,Insects,established,veneno,Post-Introduction,Threat,Threat,2011,2011-06-01T12:00:00Z,comment,586,0,UgzGN9GO_k8G53BNBmR4AaABAg,,FALSE
phtjLpnzgJI,2018-02-25T17:06:24Z,135978,,51,Vespa_velutina,Portugal,Insects,established,capturar,Post-Introduction,Detection,Detection,2011,2011-06-01T12:00:00Z,comment,586,1,UgxpyidACTPuEtGldG54AaABAg,,FALSE
phtjLpnzgJI,2018-02-25T17:06:24Z,135978,,51,Vespa_velutina,Portugal,Insects,established,plaga,Post-Introduction,Invasion,Invasion,2011,2011-06-01T12:00:00Z,comment,586,1,UgxpyidACTPuEtGldG54AaABAg,,FALSE
phtjLpnzgJI,2017-09-15T04:58:01Z,135978,,51,Vespa_velutina,Portugal,Insects,established,amenaza,Post-Introduction,Threat,Threat,2011,2011-06-01T12:00:00Z,comment,586,0,UgzC04znQm1XfwxQIpt4AaABAg,,FALSE
phtjLpnzgJI,2014-10-26T09:11:45Z,135978,,51,Vespa_velutina,Portugal,Insects,established,amenaza,Post-Introduction,Threat,Threat,2011,2011-06-01T12:00:00Z,comment,586,3,UghpeIDZbs7TlngCoAEC,,FALSE
phtjLpnzgJI,2020-05-07T13:23:21Z,135978,,51,Vespa_velutina,Portugal,Insects,established,control,Post-Introduction,Detection,Detection,2011,2011-06-01T12:00:00Z,comment,586,1,UgwJ2RrHme6wPLt7zux4AaABAg.8oC1TYFgATN98MLrck_DlS,UgwJ2RrHme6wPLt7zux4AaABAg,TRUE
phtjLpnzgJI,2017-09-13T11:51:22Z,135978,,51,Vespa_velutina,Portugal,Insects,established,extendida,Post-Introduction,Invasion,Invasion,2011,2011-06-01T12:00:00Z,comment,586,0,Ugxi0qjaeJGgj8GKc_J4AaABAg.8XSE9Ln5-tp8XSEdkZ4sZK,Ugxi0qjaeJGgj8GKc_J4AaABAg,TRUE
LapvBtRExSo,2022-02-18T19:33:31Z,478605,,137,Vespa_velutina,Portugal,Insects,established,trampa,Post-Introduction,Detection,Detection,2011,2011-06-01T12:00:00Z,comment,1212,0,Ugx7X4G0jScaUyBYooR4AaABAg,,FALSE
LapvBtRExSo,2021-03-29T20:49:36Z,478605,,137,Vespa_velutina,Portugal,Insects,established,trampas,Post-Introduction,Detection,Detection,2011,2011-06-01T12:00:00Z,comment,1212,0,Ugzdft77SgEOUT4_j7d4AaABAg,,FALSE
LapvBtRExSo,2020-07-10T19:59:24Z,478605,,137,Vespa_velutina,Portugal,Insects,established,invasor,Post-Introduction,Invasion,Invasion,2011,2011-06-01T12:00:00Z,comment,1212,1,UgwfrCHrmWVE7q2BUSx4AaABAg,,FALSE
LapvBtRExSo,2020-05-24T17:54:24Z,478605,,137,Vespa_velutina,Portugal,Insects,established,epidemia,Post-Introduction,Threat,Threat,2011,2011-06-01T12:00:00Z,comment,1212,0,UgyGeFBxGoDknoHrai54AaABAg,,FALSE
LapvBtRExSo,2020-05-21T05:26:01Z,478605,,137,Vespa_velutina,Portugal,Insects,established,praga,Post-Introduction,Invasion,Invasion,2011,2011-06-01T12:00:00Z,comment,1212,0,Ugwb2I-Vj_0jPbc-txh4AaABAg,,FALSE
LapvBtRExSo,2018-11-18T02:34:10Z,478605,,137,Vespa_velutina,Portugal,Insects,established,atacada,Post-Introduction,Threat,Threat,2011,2011-06-01T12:00:00Z,comment,1212,0,UgyL3_V3U7vG4zIBuUJ4AaABAg,,FALSE
LapvBtRExSo,2018-09-04T15:17:01Z,478605,,137,Vespa_velutina,Portugal,Insects,established,visto,Post-Introduction,Detection,Detection,2011,2011-06-01T12:00:00Z,comment,1212,0,Ugyf-DQ-45pDK-dmYGV4AaABAg,,FALSE
LapvBtRExSo,2018-07-18T11:52:45Z,478605,,137,Vespa_velutina,Portugal,Insects,established,alerta,Post-Introduction,Detection,Detection,2011,2011-06-01T12:00:00Z,comment,1212,0,UgznOMcHzg3rbH-MUrp4AaABAg,,FALSE
LapvBtRExSo,2018-01-12T02:21:45Z,478605,,137,Vespa_velutina,Portugal,Insects,established,comprar,Post-Introduction,eCommerce,eCommerce,2011,2011-06-01T12:00:00Z,comment,1212,0,Ugx0dKuJwZMztS7fH2R4AaABAg,,FALSE
LapvBtRExSo,2017-12-13T16:58:33Z,478605,,137,Vespa_velutina,Portugal,Insects,established,trampa,Post-Introduction,Detection,Detection,2011,2011-06-01T12:00:00Z,comment,1212,2,Ugz6L7K35bhuTaCZKv54AaABAg,,FALSE
LapvBtRExSo,2017-11-20T19:00:34Z,478605,,137,Vespa_velutina,Portugal,Insects,established,compra,Post-Introduction,eCommerce,eCommerce,2011,2011-06-01T12:00:00Z,comment,1212,1,UgzUXiMKoP2qKBfi55J4AaABAg,,FALSE
LapvBtRExSo,2016-09-12T13:57:52Z,478605,,137,Vespa_velutina,Portugal,Insects,established,peligro,Post-Introduction,Threat,Threat,2011,2011-06-01T12:00:00Z,comment,1212,3,UghWwZ6uBGaw7XgCoAEC,,FALSE
LapvBtRExSo,2018-08-07T14:18:19Z,478605,,137,Vespa_velutina,Portugal,Insects,established,perjudicial,Post-Introduction,Threat,Threat,2011,2011-06-01T12:00:00Z,comment,1212,0,UgybaTeMrW1FnD9pmvZ4AaABAg.8j7PMX2DFGF8je4C4pF98J,UgybaTeMrW1FnD9pmvZ4AaABAg,TRUE
LapvBtRExSo,2018-04-28T23:35:53Z,478605,,137,Vespa_velutina,Portugal,Insects,established,peligroso,Post-Introduction,Threat,Threat,2011,2011-06-01T12:00:00Z,comment,1212,0,UghWwZ6uBGaw7XgCoAEC.8Ij2Ay8cK7T8fb-iU47ggu,UghWwZ6uBGaw7XgCoAEC,TRUE
LapvBtRExSo,2017-10-23T17:21:31Z,478605,,137,Vespa_velutina,Portugal,Insects,established,visto,Post-Introduction,Detection,Detection,2011,2011-06-01T12:00:00Z,comment,1212,0,UghJu9YuNihz6XgCoAEC.8IhB8emaqqj8Z3pDtya-se,UghJu9YuNihz6XgCoAEC,TRUE
LapvBtRExSo,2018-07-23T02:24:43Z,478605,,137,Vespa_velutina,Portugal,Insects,established,peligro,Post-Introduction,Threat,Threat,2011,2011-06-01T12:00:00Z,comment,1212,0,UgiWcDZuU-1nUXgCoAEC.8IeoIfjnmXF8j1AbMAxmRo,UgiWcDZuU-1nUXgCoAEC,TRUE
LapvBtRExSo,2018-07-23T02:24:43Z,478605,,137,Vespa_velutina,Portugal,Insects,established,extincion,Post-Introduction,Threat,Threat,2011,2011-06-01T12:00:00Z,comment,1212,0,UgiWcDZuU-1nUXgCoAEC.8IeoIfjnmXF8j1AbMAxmRo,UgiWcDZuU-1nUXgCoAEC,TRUE
LapvBtRExSo,2016-09-10T15:44:58Z,478605,,137,Vespa_velutina,Portugal,Insects,established,ataca,Post-Introduction,Threat,Threat,2011,2011-06-01T12:00:00Z,comment,1212,6,UgjZ-z2LKRRXD3gCoAEC.8Idd3H9By8c8Ie4qhckvoM,UgjZ-z2LKRRXD3gCoAEC,TRUE
LapvBtRExSo,2016-09-07T11:49:02Z,478605,,137,Vespa_velutina,Portugal,Insects,established,invasoras,Post-Introduction,Invasion,Invasion,2011,2011-06-01T12:00:00Z,comment,1212,5,UgjKW-yL7ehqSngCoAEC.8Gr3UJQMY7W8IWwT3qxrEN,UgjKW-yL7ehqSngCoAEC,TRUE
LapvBtRExSo,2016-09-09T16:27:10Z,478605,,137,Vespa_velutina,Portugal,Insects,established,invasoras,Post-Introduction,Invasion,Invasion,2011,2011-06-01T12:00:00Z,comment,1212,1,UgjKW-yL7ehqSngCoAEC.8Gr3UJQMY7W8Ib_sz4q8TC,UgjKW-yL7ehqSngCoAEC,TRUE
eZ-cu6nvmxw,2024-11-01T19:50:43Z,399002,,156,Vespa_velutina,Portugal,Insects,established,vistas,Post-Introduction,Detection,Detection,2011,2011-06-01T12:00:00Z,comment,2720,1,UgxtlayLYrLxavhLFTB4AaABAg,,FALSE
zpJQf2nxY2E,2019-07-11T19:07:04Z,15980,,13,Vespa_velutina,Portugal,Insects,established,plaga,Post-Introduction,Invasion,Invasion,2011,2011-06-01T12:00:00Z,comment,65,0,UgxOuICHD7drmEGHag94AaABAg,,FALSE
zpJQf2nxY2E,2019-07-05T05:33:44Z,15980,,13,Vespa_velutina,Portugal,Insects,established,peligro,Post-Introduction,Threat,Threat,2011,2011-06-01T12:00:00Z,comment,65,3,UgwYQh33xHiTjaX5G3Z4AaABAg,,FALSE
zpJQf2nxY2E,2018-08-14T15:32:49Z,15980,,13,Vespa_velutina,Portugal,Insects,established,peligro,Post-Introduction,Threat,Threat,2011,2011-06-01T12:00:00Z,comment,65,3,Ugz3EfpElfRHtfyUzkB4AaABAg,,FALSE
zpJQf2nxY2E,2018-07-23T12:49:49Z,15980,,13,Vespa_velutina,Portugal,Insects,established,veneno,Post-Introduction,Threat,Threat,2011,2011-06-01T12:00:00Z,comment,65,1,UgxzznrwNB3hkFKzYhV4AaABAg,,FALSE
zpJQf2nxY2E,2018-07-23T12:49:49Z,15980,,13,Vespa_velutina,Portugal,Insects,established,ataca,Post-Introduction,Threat,Threat,2011,2011-06-01T12:00:00Z,comment,65,1,UgxzznrwNB3hkFKzYhV4AaABAg,,FALSE
zpJQf2nxY2E,2018-03-20T09:52:10Z,15980,,13,Vespa_velutina,Portugal,Insects,established,ameaza,Post-Introduction,Threat,Threat,2011,2011-06-01T12:00:00Z,comment,65,3,UgzOzq1ajJc4iRyPZOp4AaABAg,,FALSE
zpJQf2nxY2E,2018-01-11T21:40:33Z,15980,,13,Vespa_velutina,Portugal,Insects,established,riesgo,Post-Introduction,Threat,Threat,2011,2011-06-01T12:00:00Z,comment,65,9,UgzkNO2aPJXeDh3W-9R4AaABAg,,FALSE
HcI_iJyJrF0,2021-01-19T18:54:58Z,6554,,57,Vespa_velutina,Portugal,Insects,established,proliferacion,Post-Introduction,Invasion,Invasion,2011,2011-06-01T12:00:00Z,comment,105,3,UgywgmcXzetqoo5qH094AaABAg,,FALSE
x9kyUyW6wko,2021-11-02T22:28:45Z,450,,3,Vespa_velutina,Portugal,Insects,established,invadir,Post-Introduction,Invasion,Invasion,2011,2011-06-01T12:00:00Z,comment,17,0,Ugz_K05eSW1fmyNRJFl4AaABAg,,FALSE
x9kyUyW6wko,2021-11-02T17:28:52Z,450,,3,Vespa_velutina,Portugal,Insects,established,invasion,Post-Introduction,Invasion,Invasion,2011,2011-06-01T12:00:00Z,comment,17,1,UgwwtuO1GOuiEPlJIUt4AaABAg,,FALSE
qyDAdOaNjnc,2024-11-20T11:56:38Z,138746,,146,Vespa_velutina,Portugal,Insects,established,propagando,Post-Introduction,Invasion,Invasion,2011,2011-06-01T12:00:00Z,comment,1615,0,UgwIfyMPuk_pI9xsCtt4AaABAg,,FALSE
qyDAdOaNjnc,2024-06-16T22:48:09Z,138746,,146,Vespa_velutina,Portugal,Insects,established,controlar,Post-Introduction,Detection,Detection,2011,2011-06-01T12:00:00Z,comment,1615,1,UgwQ7kcF-1wwN1Ph0qJ4AaABAg,,FALSE
qyDAdOaNjnc,2024-06-16T22:48:09Z,138746,,146,Vespa_velutina,Portugal,Insects,established,plaga,Post-Introduction,Invasion,Invasion,2011,2011-06-01T12:00:00Z,comment,1615,1,UgwQ7kcF-1wwN1Ph0qJ4AaABAg,,FALSE
qyDAdOaNjnc,2024-06-16T22:48:09Z,138746,,146,Vespa_velutina,Portugal,Insects,established,invasora,Post-Introduction,Invasion,Invasion,2011,2011-06-01T12:00:00Z,comment,1615,1,UgwQ7kcF-1wwN1Ph0qJ4AaABAg,,FALSE
qyDAdOaNjnc,2024-06-16T22:48:09Z,138746,,146,Vespa_velutina,Portugal,Insects,established,invasora,Post-Introduction,Invasion,Invasion,2011,2011-06-01T12:00:00Z,comment,1615,1,UgwQ7kcF-1wwN1Ph0qJ4AaABAg,,FALSE
qyDAdOaNjnc,2024-05-25T18:18:04Z,138746,,146,Vespa_velutina,Portugal,Insects,established,extincion,Post-Introduction,Threat,Threat,2011,2011-06-01T12:00:00Z,comment,1615,15,UgzBkMDmQzYKV-FZkmF4AaABAg,,FALSE
qyDAdOaNjnc,2024-02-05T22:18:25Z,138746,,146,Vespa_velutina,Portugal,Insects,established,plagas,Post-Introduction,Invasion,Invasion,2011,2011-06-01T12:00:00Z,comment,1615,5,UgyXPXiesH3U1FXWf2d4AaABAg,,FALSE
qyDAdOaNjnc,2024-01-06T05:39:50Z,138746,,146,Vespa_velutina,Portugal,Insects,established,plaga,Post-Introduction,Invasion,Invasion,2011,2011-06-01T12:00:00Z,comment,1615,1,UgzaeFViIN8jgfB-IGB4AaABAg,,FALSE
qyDAdOaNjnc,2024-01-06T05:39:50Z,138746,,146,Vespa_velutina,Portugal,Insects,established,control,Post-Introduction,Detection,Detection,2011,2011-06-01T12:00:00Z,comment,1615,1,UgzaeFViIN8jgfB-IGB4AaABAg,,FALSE
qyDAdOaNjnc,2024-07-03T22:43:14Z,138746,,146,Vespa_velutina,Portugal,Insects,established,invasoras,Post-Introduction,Invasion,Invasion,2011,2011-06-01T12:00:00Z,comment,1615,3,Ugxgo7zk8GLGmByaP2J4AaABAg.A5KvJULQ54wA5S4cWX_SEs,Ugxgo7zk8GLGmByaP2J4AaABAg,TRUE
qyDAdOaNjnc,2024-05-21T14:17:06Z,138746,,146,Vespa_velutina,Portugal,Insects,established,atacando,Post-Introduction,Threat,Threat,2011,2011-06-01T12:00:00Z,comment,1615,0,Ugw3T7ksisGwuMOLvLp4AaABAg.9wVPZrowLVJA3hSWs5HWXT,Ugw3T7ksisGwuMOLvLp4AaABAg,TRUE
qyDAdOaNjnc,2023-05-03T13:13:32Z,138746,,146,Vespa_velutina,Portugal,Insects,established,cara,Post-Introduction,eCommerce,eCommerce,2011,2011-06-01T12:00:00Z,comment,1615,9,UgyC17QLHTzjpKPushB4AaABAg.9cVqwRZjOp79pF_-N3nTyC,UgyC17QLHTzjpKPushB4AaABAg,TRUE
qyDAdOaNjnc,2024-05-21T16:46:04Z,138746,,146,Vespa_velutina,Portugal,Insects,established,vista,Post-Introduction,Detection,Detection,2011,2011-06-01T12:00:00Z,comment,1615,0,UgyC17QLHTzjpKPushB4AaABAg.9cVqwRZjOp7A3hiZr5LXWL,UgyC17QLHTzjpKPushB4AaABAg,TRUE
qyDAdOaNjnc,2023-12-23T18:08:36Z,138746,,146,Vespa_velutina,Portugal,Insects,established,barato,Post-Introduction,eCommerce,eCommerce,2011,2011-06-01T12:00:00Z,comment,1615,23,UgxZKmBuWLmCUqi6hRZ4AaABAg.9TK63enViDI9yfcm48a1uh,UgxZKmBuWLmCUqi6hRZ4AaABAg,TRUE
UnB1AoV7K8I,2022-09-07T08:04:46Z,21849,,7,Vespa_velutina,Portugal,Insects,established,veneno,Post-Introduction,Threat,Threat,2011,2011-06-01T12:00:00Z,comment,159,3,UgyUtpNb5gU6O3dGmUl4AaABAg,,FALSE
UnB1AoV7K8I,2022-04-13T16:50:07Z,21849,,7,Vespa_velutina,Portugal,Insects,established,cara,Post-Introduction,eCommerce,eCommerce,2011,2011-06-01T12:00:00Z,comment,159,5,UgwefA9UUOjxkgss_h94AaABAg,,FALSE
EkmjpWMUT1o,2025-11-17T19:35:23Z,341321,,1270,Vespa_velutina,Portugal,Insects,established,invasion,Post-Introduction,Invasion,Invasion,2011,2011-06-01T12:00:00Z,comment,3482,0,Ugx2dYtl0wlzjYk5veF4AaABAg,,FALSE
EkmjpWMUT1o,2024-05-21T19:23:16Z,341321,,1270,Vespa_velutina,Portugal,Insects,established,plagas,Post-Introduction,Invasion,Invasion,2011,2011-06-01T12:00:00Z,comment,3482,0,Ugxjyc-h1Z8ldvklJFV4AaABAg,,FALSE
EkmjpWMUT1o,2023-10-01T22:28:36Z,341321,,1270,Vespa_velutina,Portugal,Insects,established,plaga,Post-Introduction,Invasion,Invasion,2011,2011-06-01T12:00:00Z,comment,3482,1,Ugy1O-HEE3gzpEbcjaJ4AaABAg,,FALSE
EkmjpWMUT1o,2022-09-11T22:49:28Z,341321,,1270,Vespa_velutina,Portugal,Insects,established,ataca,Post-Introduction,Threat,Threat,2011,2011-06-01T12:00:00Z,comment,3482,0,Ugybp1dbpZzZGMlNZC94AaABAg,,FALSE
EkmjpWMUT1o,2022-09-11T22:49:28Z,341321,,1270,Vespa_velutina,Portugal,Insects,established,danina,Post-Introduction,Threat,Threat,2011,2011-06-01T12:00:00Z,comment,3482,0,Ugybp1dbpZzZGMlNZC94AaABAg,,FALSE
EkmjpWMUT1o,2022-09-11T22:49:28Z,341321,,1270,Vespa_velutina,Portugal,Insects,established,plaga,Post-Introduction,Invasion,Invasion,2011,2011-06-01T12:00:00Z,comment,3482,0,Ugybp1dbpZzZGMlNZC94AaABAg,,FALSE
EkmjpWMUT1o,2021-10-23T23:20:28Z,341321,,1270,Vespa_velutina,Portugal,Insects,established,plaga,Post-Introduction,Invasion,Invasion,2011,2011-06-01T12:00:00Z,comment,3482,0,UgwSxmwprMdPYA6UqHN4AaABAg,,FALSE
EkmjpWMUT1o,2020-05-14T09:54:11Z,341321,,1270,Vespa_velutina,Portugal,Insects,established,visto,Post-Introduction,Detection,Detection,2011,2011-06-01T12:00:00Z,comment,3482,0,Ugz4zXpOwS5ZPExjifl4AaABAg,,FALSE
EkmjpWMUT1o,2020-05-09T02:21:03Z,341321,,1270,Vespa_velutina,Portugal,Insects,established,plagas,Post-Introduction,Invasion,Invasion,2011,2011-06-01T12:00:00Z,comment,3482,2,UgwffQxSg4rF7cQa9XJ4AaABAg,,FALSE
EkmjpWMUT1o,2020-05-09T02:21:03Z,341321,,1270,Vespa_velutina,Portugal,Insects,established,aparicion,Post-Introduction,Detection,Detection,2011,2011-06-01T12:00:00Z,comment,3482,2,UgwffQxSg4rF7cQa9XJ4AaABAg,,FALSE
EkmjpWMUT1o,2019-09-16T16:32:19Z,341321,,1270,Vespa_velutina,Portugal,Insects,established,visto,Post-Introduction,Detection,Detection,2011,2011-06-01T12:00:00Z,comment,3482,1,Ugyvter3pBH9ni6PoEF4AaABAg,,FALSE
EkmjpWMUT1o,2019-08-07T08:17:16Z,341321,,1270,Vespa_velutina,Portugal,Insects,established,visto,Post-Introduction,Detection,Detection,2011,2011-06-01T12:00:00Z,comment,3482,1,UgxcGjYh-wDVelYRBzt4AaABAg,,FALSE
EkmjpWMUT1o,2019-07-03T01:44:12Z,341321,,1270,Vespa_velutina,Portugal,Insects,established,invasoras,Post-Introduction,Invasion,Invasion,2011,2011-06-01T12:00:00Z,comment,3482,0,UgyYM9QVUqJ-D6kCkB94AaABAg,,FALSE
EkmjpWMUT1o,2019-06-30T11:09:07Z,341321,,1270,Vespa_velutina,Portugal,Insects,established,invadir,Post-Introduction,Invasion,Invasion,2011,2011-06-01T12:00:00Z,comment,3482,0,UgzkykqkNIA5wF3lDRl4AaABAg,,FALSE
EkmjpWMUT1o,2019-06-30T08:02:27Z,341321,,1270,Vespa_velutina,Portugal,Insects,established,controlar,Post-Introduction,Detection,Detection,2011,2011-06-01T12:00:00Z,comment,3482,1,Ugxd7cGx6tnPLkXM81h4AaABAg,,FALSE
EkmjpWMUT1o,2019-06-29T21:22:24Z,341321,,1270,Vespa_velutina,Portugal,Insects,established,cara,Post-Introduction,eCommerce,eCommerce,2011,2011-06-01T12:00:00Z,comment,3482,1,Ugx9mHJtw-t7Qa25_Bt4AaABAg,,FALSE
EkmjpWMUT1o,2019-06-29T21:22:24Z,341321,,1270,Vespa_velutina,Portugal,Insects,established,comprado,Post-Introduction,eCommerce,eCommerce,2011,2011-06-01T12:00:00Z,comment,3482,1,Ugx9mHJtw-t7Qa25_Bt4AaABAg,,FALSE
EkmjpWMUT1o,2019-06-29T10:35:38Z,341321,,1270,Vespa_velutina,Portugal,Insects,established,comprar,Post-Introduction,eCommerce,eCommerce,2011,2011-06-01T12:00:00Z,comment,3482,3,UgxDoBZerSxOC-huEZV4AaABAg,,FALSE
EkmjpWMUT1o,2019-06-29T09:51:16Z,341321,,1270,Vespa_velutina,Portugal,Insects,established,cara,Post-Introduction,eCommerce,eCommerce,2011,2011-06-01T12:00:00Z,comment,3482,0,Ugze4u_1egQLjwCAClZ4AaABAg,,FALSE
EkmjpWMUT1o,2019-06-29T09:51:16Z,341321,,1270,Vespa_velutina,Portugal,Insects,established,descubierta,Post-Introduction,Detection,Detection,2011,2011-06-01T12:00:00Z,comment,3482,0,Ugze4u_1egQLjwCAClZ4AaABAg,,FALSE
EkmjpWMUT1o,2019-06-29T08:57:18Z,341321,,1270,Vespa_velutina,Portugal,Insects,established,plagas,Post-Introduction,Invasion,Invasion,2011,2011-06-01T12:00:00Z,comment,3482,1,UgxTlTaDSHiLazdnSKZ4AaABAg,,FALSE
EkmjpWMUT1o,2019-06-29T08:00:39Z,341321,,1270,Vespa_velutina,Portugal,Insects,established,visto,Post-Introduction,Detection,Detection,2011,2011-06-01T12:00:00Z,comment,3482,0,UgybWCQCEP44wGtOiIV4AaABAg,,FALSE
EkmjpWMUT1o,2019-06-29T05:22:42Z,341321,,1270,Vespa_velutina,Portugal,Insects,established,invade,Post-Introduction,Invasion,Invasion,2011,2011-06-01T12:00:00Z,comment,3482,1,UgzQut9bfr8TVa-FPPZ4AaABAg,,FALSE
EkmjpWMUT1o,2019-06-28T21:36:24Z,341321,,1270,Vespa_velutina,Portugal,Insects,established,controlado,Post-Introduction,Detection,Detection,2011,2011-06-01T12:00:00Z,comment,3482,0,UgwNPcYEeN7FcgWO9Lt4AaABAg,,FALSE
EkmjpWMUT1o,2019-06-28T15:56:33Z,341321,,1270,Vespa_velutina,Portugal,Insects,established,invadir,Post-Introduction,Invasion,Invasion,2011,2011-06-01T12:00:00Z,comment,3482,0,UgwKI2nBgmVNWm5fX9R4AaABAg,,FALSE
GOuQRURX8LY,2025-11-08T01:09:03Z,48077,,117,Vespa_velutina,Portugal,Insects,established,veneno,Post-Introduction,Threat,Threat,2011,2011-06-01T12:00:00Z,comment,932,0,UgzC-A6IZenjdMm8DV14AaABAg,,FALSE
GOuQRURX8LY,2025-11-08T01:09:03Z,48077,,117,Vespa_velutina,Portugal,Insects,established,trampa,Post-Introduction,Detection,Detection,2011,2011-06-01T12:00:00Z,comment,932,0,UgzC-A6IZenjdMm8DV14AaABAg,,FALSE
GOuQRURX8LY,2025-10-19T10:55:25Z,48077,,117,Vespa_velutina,Portugal,Insects,established,veneno,Post-Introduction,Threat,Threat,2011,2011-06-01T12:00:00Z,comment,932,2,Ugxdth3qONz6LdHcRBN4AaABAg,,FALSE
GOuQRURX8LY,2025-10-15T14:06:43Z,48077,,117,Vespa_velutina,Portugal,Insects,established,comprar,Post-Introduction,eCommerce,eCommerce,2011,2011-06-01T12:00:00Z,comment,932,0,UgyLr6NEKgVZxelxq-l4AaABAg,,FALSE
GOuQRURX8LY,2025-05-16T08:05:54Z,48077,,117,Vespa_velutina,Portugal,Insects,established,veneno,Post-Introduction,Threat,Threat,2011,2011-06-01T12:00:00Z,comment,932,2,UgwIJRnWYJ4jVUNIlHx4AaABAg,,FALSE
GOuQRURX8LY,2025-01-30T22:13:45Z,48077,,117,Vespa_velutina,Portugal,Insects,established,trampas,Post-Introduction,Detection,Detection,2011,2011-06-01T12:00:00Z,comment,932,0,UgwWhO6j30qbMtVtyxl4AaABAg,,FALSE
GOuQRURX8LY,2025-01-30T22:13:45Z,48077,,117,Vespa_velutina,Portugal,Insects,established,trampa,Post-Introduction,Detection,Detection,2011,2011-06-01T12:00:00Z,comment,932,0,UgwWhO6j30qbMtVtyxl4AaABAg,,FALSE
GOuQRURX8LY,2024-09-19T13:36:42Z,48077,,117,Vespa_velutina,Portugal,Insects,established,veneno,Post-Introduction,Threat,Threat,2011,2011-06-01T12:00:00Z,comment,932,0,Ugyp_Fc5vfYPFBFaOzB4AaABAg,,FALSE
GOuQRURX8LY,2024-08-26T17:23:45Z,48077,,117,Vespa_velutina,Portugal,Insects,established,veneno,Post-Introduction,Threat,Threat,2011,2011-06-01T12:00:00Z,comment,932,0,UgwITzMCMpfaLOa75lx4AaABAg,,FALSE
GOuQRURX8LY,2024-08-26T04:41:34Z,48077,,117,Vespa_velutina,Portugal,Insects,established,plagas,Post-Introduction,Invasion,Invasion,2011,2011-06-01T12:00:00Z,comment,932,0,UgyXJBc01jSrNOyrSlF4AaABAg,,FALSE
GOuQRURX8LY,2024-08-08T09:38:07Z,48077,,117,Vespa_velutina,Portugal,Insects,established,veneno,Post-Introduction,Threat,Threat,2011,2011-06-01T12:00:00Z,comment,932,0,UgxInKU1fJ1AA7kB8654AaABAg,,FALSE
GOuQRURX8LY,2024-07-29T18:45:47Z,48077,,117,Vespa_velutina,Portugal,Insects,established,visto,Post-Introduction,Detection,Detection,2011,2011-06-01T12:00:00Z,comment,932,1,UgwkE0CRtOIefjKrODh4AaABAg,,FALSE
GOuQRURX8LY,2024-07-29T18:45:47Z,48077,,117,Vespa_velutina,Portugal,Insects,established,visto,Post-Introduction,Detection,Detection,2011,2011-06-01T12:00:00Z,comment,932,1,UgwkE0CRtOIefjKrODh4AaABAg,,FALSE
GOuQRURX8LY,2024-07-29T18:45:47Z,48077,,117,Vespa_velutina,Portugal,Insects,established,visto,Post-Introduction,Detection,Detection,2011,2011-06-01T12:00:00Z,comment,932,1,UgwkE0CRtOIefjKrODh4AaABAg,,FALSE
GOuQRURX8LY,2024-07-21T19:44:25Z,48077,,117,Vespa_velutina,Portugal,Insects,established,controlar,Post-Introduction,Detection,Detection,2011,2011-06-01T12:00:00Z,comment,932,0,UgxsMjmGL_IcdwQFjgZ4AaABAg,,FALSE
GOuQRURX8LY,2024-07-21T19:44:25Z,48077,,117,Vespa_velutina,Portugal,Insects,established,controlar,Post-Introduction,Detection,Detection,2011,2011-06-01T12:00:00Z,comment,932,0,UgxsMjmGL_IcdwQFjgZ4AaABAg,,FALSE
GOuQRURX8LY,2024-07-17T20:13:07Z,48077,,117,Vespa_velutina,Portugal,Insects,established,trampa,Post-Introduction,Detection,Detection,2011,2011-06-01T12:00:00Z,comment,932,0,Ugziazpe8lxDgdb-cG54AaABAg,,FALSE
GOuQRURX8LY,2024-07-13T19:21:57Z,48077,,117,Vespa_velutina,Portugal,Insects,established,visto,Post-Introduction,Detection,Detection,2011,2011-06-01T12:00:00Z,comment,932,6,UgyU_LsxLNLEzRW1A-14AaABAg,,FALSE
GOuQRURX8LY,2024-07-13T19:21:57Z,48077,,117,Vespa_velutina,Portugal,Insects,established,veneno,Post-Introduction,Threat,Threat,2011,2011-06-01T12:00:00Z,comment,932,6,UgyU_LsxLNLEzRW1A-14AaABAg,,FALSE
GOuQRURX8LY,2024-07-13T19:21:57Z,48077,,117,Vespa_velutina,Portugal,Insects,established,veneno,Post-Introduction,Threat,Threat,2011,2011-06-01T12:00:00Z,comment,932,6,UgyU_LsxLNLEzRW1A-14AaABAg,,FALSE
GOuQRURX8LY,2024-07-13T19:21:57Z,48077,,117,Vespa_velutina,Portugal,Insects,established,veneno,Post-Introduction,Threat,Threat,2011,2011-06-01T12:00:00Z,comment,932,6,UgyU_LsxLNLEzRW1A-14AaABAg,,FALSE
GOuQRURX8LY,2024-07-11T07:22:34Z,48077,,117,Vespa_velutina,Portugal,Insects,established,extincion,Post-Introduction,Threat,Threat,2011,2011-06-01T12:00:00Z,comment,932,0,UgwFypaxGogonyQMR_x4AaABAg,,FALSE
GOuQRURX8LY,2024-07-06T13:17:31Z,48077,,117,Vespa_velutina,Portugal,Insects,established,veneno,Post-Introduction,Threat,Threat,2011,2011-06-01T12:00:00Z,comment,932,1,UgzmuBJ_1cGvzdXePDh4AaABAg,,FALSE
GOuQRURX8LY,2024-06-30T20:57:29Z,48077,,117,Vespa_velutina,Portugal,Insects,established,peligroso,Post-Introduction,Threat,Threat,2011,2011-06-01T12:00:00Z,comment,932,0,UgwL5h58Vfb-IHUf5WV4AaABAg,,FALSE
GOuQRURX8LY,2024-06-30T20:57:29Z,48077,,117,Vespa_velutina,Portugal,Insects,established,control,Post-Introduction,Detection,Detection,2011,2011-06-01T12:00:00Z,comment,932,0,UgwL5h58Vfb-IHUf5WV4AaABAg,,FALSE
GOuQRURX8LY,2024-03-31T00:35:23Z,48077,,117,Vespa_velutina,Portugal,Insects,established,veneno,Post-Introduction,Threat,Threat,2011,2011-06-01T12:00:00Z,comment,932,0,UgzAQrNGs-6vDE9yG6l4AaABAg,,FALSE
GOuQRURX8LY,2024-02-18T11:12:53Z,48077,,117,Vespa_velutina,Portugal,Insects,established,perjudicial,Post-Introduction,Threat,Threat,2011,2011-06-01T12:00:00Z,comment,932,1,UgyUC0mK0jEjvWe7_ah4AaABAg,,FALSE
GOuQRURX8LY,2024-02-15T10:59:25Z,48077,,117,Vespa_velutina,Portugal,Insects,established,veneno,Post-Introduction,Threat,Threat,2011,2011-06-01T12:00:00Z,comment,932,7,UgwK49oFx5oGFKrIzAF4AaABAg,,FALSE
GOuQRURX8LY,2024-01-03T20:20:05Z,48077,,117,Vespa_velutina,Portugal,Insects,established,veneno,Post-Introduction,Threat,Threat,2011,2011-06-01T12:00:00Z,comment,932,0,Ugz4qRohZvx8wR2yy4l4AaABAg,,FALSE
GOuQRURX8LY,2023-12-07T20:30:25Z,48077,,117,Vespa_velutina,Portugal,Insects,established,comprar,Post-Introduction,eCommerce,eCommerce,2011,2011-06-01T12:00:00Z,comment,932,0,UgwRoRqV4_7L5XhEJlt4AaABAg,,FALSE
GOuQRURX8LY,2023-11-24T18:48:49Z,48077,,117,Vespa_velutina,Portugal,Insects,established,trampa,Post-Introduction,Detection,Detection,2011,2011-06-01T12:00:00Z,comment,932,0,Ugz7qc2U2p5_nTVaJu94AaABAg,,FALSE
GOuQRURX8LY,2023-11-24T18:28:20Z,48077,,117,Vespa_velutina,Portugal,Insects,established,veneno,Post-Introduction,Threat,Threat,2011,2011-06-01T12:00:00Z,comment,932,0,Ugy6KJUTOd6dQZA5wAl4AaABAg,,FALSE
GOuQRURX8LY,2023-11-24T12:29:07Z,48077,,117,Vespa_velutina,Portugal,Insects,established,comprar,Post-Introduction,eCommerce,eCommerce,2011,2011-06-01T12:00:00Z,comment,932,0,Ugxjg0RfndHlXFBtm6Z4AaABAg,,FALSE
GOuQRURX8LY,2023-11-23T19:10:51Z,48077,,117,Vespa_velutina,Portugal,Insects,established,veneno,Post-Introduction,Threat,Threat,2011,2011-06-01T12:00:00Z,comment,932,0,Ugzwp8A1Mzen9-ec3j14AaABAg,,FALSE
GOuQRURX8LY,2023-11-23T17:51:26Z,48077,,117,Vespa_velutina,Portugal,Insects,established,veneno,Post-Introduction,Threat,Threat,2011,2011-06-01T12:00:00Z,comment,932,0,UgwMz1IwuQ3iiJiVoqN4AaABAg,,FALSE
GOuQRURX8LY,2023-11-23T17:51:26Z,48077,,117,Vespa_velutina,Portugal,Insects,established,jaula,Post-Introduction,eCommerce,eCommerce,2011,2011-06-01T12:00:00Z,comment,932,0,UgwMz1IwuQ3iiJiVoqN4AaABAg,,FALSE
GOuQRURX8LY,2023-11-22T21:54:23Z,48077,,117,Vespa_velutina,Portugal,Insects,established,caro,Post-Introduction,eCommerce,eCommerce,2011,2011-06-01T12:00:00Z,comment,932,0,Ugy4D9wrMQ80oYfiNUV4AaABAg,,FALSE
GOuQRURX8LY,2023-11-22T18:13:43Z,48077,,117,Vespa_velutina,Portugal,Insects,established,trampa,Post-Introduction,Detection,Detection,2011,2011-06-01T12:00:00Z,comment,932,2,Ugw6Z5MNI4dH2N-nCCt4AaABAg,,FALSE
GOuQRURX8LY,2023-11-22T17:29:06Z,48077,,117,Vespa_velutina,Portugal,Insects,established,peligro,Post-Introduction,Threat,Threat,2011,2011-06-01T12:00:00Z,comment,932,0,Ugw_eRZ-jDQzrB0UPbJ4AaABAg,,FALSE
GOuQRURX8LY,2023-11-22T17:29:06Z,48077,,117,Vespa_velutina,Portugal,Insects,established,veneno,Post-Introduction,Threat,Threat,2011,2011-06-01T12:00:00Z,comment,932,0,Ugw_eRZ-jDQzrB0UPbJ4AaABAg,,FALSE
GOuQRURX8LY,2023-11-22T16:58:54Z,48077,,117,Vespa_velutina,Portugal,Insects,established,veneno,Post-Introduction,Threat,Threat,2011,2011-06-01T12:00:00Z,comment,932,0,UgzpcKFq_AV3bD8uhtN4AaABAg,,FALSE
GOuQRURX8LY,2023-11-22T16:58:54Z,48077,,117,Vespa_velutina,Portugal,Insects,established,veneno,Post-Introduction,Threat,Threat,2011,2011-06-01T12:00:00Z,comment,932,0,UgzpcKFq_AV3bD8uhtN4AaABAg,,FALSE
GOuQRURX8LY,2023-11-22T11:50:19Z,48077,,117,Vespa_velutina,Portugal,Insects,established,veneno,Post-Introduction,Threat,Threat,2011,2011-06-01T12:00:00Z,comment,932,0,UgxaytF0Q8y-jpqbjMd4AaABAg,,FALSE
GOuQRURX8LY,2023-11-22T09:50:33Z,48077,,117,Vespa_velutina,Portugal,Insects,established,controlar,Post-Introduction,Detection,Detection,2011,2011-06-01T12:00:00Z,comment,932,1,UgyW-dYUpdADdfNCTuR4AaABAg,,FALSE
GOuQRURX8LY,2023-11-22T09:50:33Z,48077,,117,Vespa_velutina,Portugal,Insects,established,riesgo,Post-Introduction,Threat,Threat,2011,2011-06-01T12:00:00Z,comment,932,1,UgyW-dYUpdADdfNCTuR4AaABAg,,FALSE
GOuQRURX8LY,2023-11-22T09:50:33Z,48077,,117,Vespa_velutina,Portugal,Insects,established,letal,Post-Introduction,Threat,Threat,2011,2011-06-01T12:00:00Z,comment,932,1,UgyW-dYUpdADdfNCTuR4AaABAg,,FALSE
GOuQRURX8LY,2023-11-21T22:45:14Z,48077,,117,Vespa_velutina,Portugal,Insects,established,euros,Post-Introduction,eCommerce,eCommerce,2011,2011-06-01T12:00:00Z,comment,932,3,UgyxPM6enH7r3kAM3wt4AaABAg,,FALSE
GOuQRURX8LY,2023-11-21T21:36:40Z,48077,,117,Vespa_velutina,Portugal,Insects,established,veneno,Post-Introduction,Threat,Threat,2011,2011-06-01T12:00:00Z,comment,932,0,UgwDcDyoXtpSbXxHmJt4AaABAg,,FALSE
GOuQRURX8LY,2023-11-21T21:29:20Z,48077,,117,Vespa_velutina,Portugal,Insects,established,veneno,Post-Introduction,Threat,Threat,2011,2011-06-01T12:00:00Z,comment,932,0,UgyOEyjx8El5iAnldL54AaABAg,,FALSE
GOuQRURX8LY,2023-11-21T20:27:29Z,48077,,117,Vespa_velutina,Portugal,Insects,established,veneno,Post-Introduction,Threat,Threat,2011,2011-06-01T12:00:00Z,comment,932,0,Ugz3zgcPaCnKN64DoDd4AaABAg,,FALSE
GOuQRURX8LY,2023-11-21T20:10:24Z,48077,,117,Vespa_velutina,Portugal,Insects,established,veneno,Post-Introduction,Threat,Threat,2011,2011-06-01T12:00:00Z,comment,932,0,UgyyJv0Hbak4w5eFa7F4AaABAg,,FALSE
GOuQRURX8LY,2024-09-22T14:07:18Z,48077,,117,Vespa_velutina,Portugal,Insects,established,peligroso,Post-Introduction,Threat,Threat,2011,2011-06-01T12:00:00Z,comment,932,0,Ugyp_Fc5vfYPFBFaOzB4AaABAg.A8Zx4sM_uSMA8giy_VyIvR,Ugyp_Fc5vfYPFBFaOzB4AaABAg,TRUE
GOuQRURX8LY,2024-03-07T15:19:02Z,48077,,117,Vespa_velutina,Portugal,Insects,established,trampas,Post-Introduction,Detection,Detection,2011,2011-06-01T12:00:00Z,comment,932,0,UgxqtoFmMqBi-yfXH9d4AaABAg.A0fhEkKmm5SA0gRzrNvUdj,UgxqtoFmMqBi-yfXH9d4AaABAg,TRUE
GOuQRURX8LY,2024-02-19T12:49:22Z,48077,,117,Vespa_velutina,Portugal,Insects,established,peligroso,Post-Introduction,Threat,Threat,2011,2011-06-01T12:00:00Z,comment,932,0,UgyUC0mK0jEjvWe7_ah4AaABAg.A-xeWG0o305A0-PLkFVp-V,UgyUC0mK0jEjvWe7_ah4AaABAg,TRUE
GOuQRURX8LY,2024-02-19T12:49:22Z,48077,,117,Vespa_velutina,Portugal,Insects,established,veneno,Post-Introduction,Threat,Threat,2011,2011-06-01T12:00:00Z,comment,932,0,UgyUC0mK0jEjvWe7_ah4AaABAg.A-xeWG0o305A0-PLkFVp-V,UgyUC0mK0jEjvWe7_ah4AaABAg,TRUE
GOuQRURX8LY,2024-01-03T20:48:37Z,48077,,117,Vespa_velutina,Portugal,Insects,established,veneno,Post-Introduction,Threat,Threat,2011,2011-06-01T12:00:00Z,comment,932,0,Ugz4qRohZvx8wR2yy4l4AaABAg.9z7BZig5Br99z7Epjye5j3,Ugz4qRohZvx8wR2yy4l4AaABAg,TRUE
GOuQRURX8LY,2023-11-22T12:38:30Z,48077,,117,Vespa_velutina,Portugal,Insects,established,visto,Post-Introduction,Detection,Detection,2011,2011-06-01T12:00:00Z,comment,932,0,UgxaytF0Q8y-jpqbjMd4AaABAg.9xQ7qPSndCU9xQDMIw3O_9,UgxaytF0Q8y-jpqbjMd4AaABAg,TRUE
GOuQRURX8LY,2023-11-22T14:49:14Z,48077,,117,Vespa_velutina,Portugal,Insects,established,precio,Post-Introduction,eCommerce,eCommerce,2011,2011-06-01T12:00:00Z,comment,932,0,UgyxPM6enH7r3kAM3wt4AaABAg.9xOj-Ef_blt9xQSJlx07ZU,UgyxPM6enH7r3kAM3wt4AaABAg,TRUE
GOuQRURX8LY,2023-11-22T14:49:14Z,48077,,117,Vespa_velutina,Portugal,Insects,established,dinero,Post-Introduction,eCommerce,eCommerce,2011,2011-06-01T12:00:00Z,comment,932,0,UgyxPM6enH7r3kAM3wt4AaABAg.9xOj-Ef_blt9xQSJlx07ZU,UgyxPM6enH7r3kAM3wt4AaABAg,TRUE
GOuQRURX8LY,2023-11-21T22:00:26Z,48077,,117,Vespa_velutina,Portugal,Insects,established,trampa,Post-Introduction,Detection,Detection,2011,2011-06-01T12:00:00Z,comment,932,0,Ugwn7I1eMX2aGFlM_xR4AaABAg.9xOUkaUrkh99xOdsBtHdW2,Ugwn7I1eMX2aGFlM_xR4AaABAg,TRUE
qv86iKkdjAo,2025-11-11T12:51:37Z,49197,,250,Vespa_velutina,Portugal,Insects,established,trampas,Post-Introduction,Detection,Detection,2011,2011-06-01T12:00:00Z,comment,2484,1,Ugw9Y1VPEkkIFvElnkB4AaABAg,,FALSE
qv86iKkdjAo,2025-11-11T12:51:37Z,49197,,250,Vespa_velutina,Portugal,Insects,established,captura,Post-Introduction,Detection,Detection,2011,2011-06-01T12:00:00Z,comment,2484,1,Ugw9Y1VPEkkIFvElnkB4AaABAg,,FALSE
qv86iKkdjAo,2025-07-13T14:46:45Z,49197,,250,Vespa_velutina,Portugal,Insects,established,trampas,Post-Introduction,Detection,Detection,2011,2011-06-01T12:00:00Z,comment,2484,0,UgzJoWCU79RuhQDOREV4AaABAg,,FALSE
qv86iKkdjAo,2025-07-13T14:46:45Z,49197,,250,Vespa_velutina,Portugal,Insects,established,trampa,Post-Introduction,Detection,Detection,2011,2011-06-01T12:00:00Z,comment,2484,0,UgzJoWCU79RuhQDOREV4AaABAg,,FALSE
qv86iKkdjAo,2025-06-06T18:03:36Z,49197,,250,Vespa_velutina,Portugal,Insects,established,trampa,Post-Introduction,Detection,Detection,2011,2011-06-01T12:00:00Z,comment,2484,0,Ugz9SK6zUgyjRvb-OiJ4AaABAg,,FALSE
qv86iKkdjAo,2025-06-06T18:03:36Z,49197,,250,Vespa_velutina,Portugal,Insects,established,plagas,Post-Introduction,Invasion,Invasion,2011,2011-06-01T12:00:00Z,comment,2484,0,Ugz9SK6zUgyjRvb-OiJ4AaABAg,,FALSE
qv86iKkdjAo,2025-06-03T05:47:30Z,49197,,250,Vespa_velutina,Portugal,Insects,established,control,Post-Introduction,Detection,Detection,2011,2011-06-01T12:00:00Z,comment,2484,0,UgwkzTmtAww1nOUa8lZ4AaABAg,,FALSE
qv86iKkdjAo,2025-06-03T05:47:30Z,49197,,250,Vespa_velutina,Portugal,Insects,established,invasoras,Post-Introduction,Invasion,Invasion,2011,2011-06-01T12:00:00Z,comment,2484,0,UgwkzTmtAww1nOUa8lZ4AaABAg,,FALSE
qv86iKkdjAo,2025-06-01T18:25:50Z,49197,,250,Vespa_velutina,Portugal,Insects,established,invasoras,Post-Introduction,Invasion,Invasion,2011,2011-06-01T12:00:00Z,comment,2484,0,UgybX1E2Uu3IKGvNykB4AaABAg,,FALSE
qv86iKkdjAo,2025-06-01T16:46:19Z,49197,,250,Vespa_velutina,Portugal,Insects,established,amenaza,Post-Introduction,Threat,Threat,2011,2011-06-01T12:00:00Z,comment,2484,0,UgzmWcG0zMiWh-KndzZ4AaABAg,,FALSE
qv86iKkdjAo,2025-06-01T16:46:19Z,49197,,250,Vespa_velutina,Portugal,Insects,established,plaga,Post-Introduction,Invasion,Invasion,2011,2011-06-01T12:00:00Z,comment,2484,0,UgzmWcG0zMiWh-KndzZ4AaABAg,,FALSE
qv86iKkdjAo,2025-06-01T13:02:15Z,49197,,250,Vespa_velutina,Portugal,Insects,established,visto,Post-Introduction,Detection,Detection,2011,2011-06-01T12:00:00Z,comment,2484,0,UgxedytxpMfJX9y1bih4AaABAg,,FALSE
qv86iKkdjAo,2025-06-01T13:02:15Z,49197,,250,Vespa_velutina,Portugal,Insects,established,invasora,Post-Introduction,Invasion,Invasion,2011,2011-06-01T12:00:00Z,comment,2484,0,UgxedytxpMfJX9y1bih4AaABAg,,FALSE
qv86iKkdjAo,2025-05-31T19:26:33Z,49197,,250,Vespa_velutina,Portugal,Insects,established,trampa,Post-Introduction,Detection,Detection,2011,2011-06-01T12:00:00Z,comment,2484,0,UgxogAkjaoDHKuR_q-J4AaABAg,,FALSE
qv86iKkdjAo,2025-05-31T19:26:33Z,49197,,250,Vespa_velutina,Portugal,Insects,established,trampa,Post-Introduction,Detection,Detection,2011,2011-06-01T12:00:00Z,comment,2484,0,UgxogAkjaoDHKuR_q-J4AaABAg,,FALSE
qv86iKkdjAo,2025-05-31T19:26:33Z,49197,,250,Vespa_velutina,Portugal,Insects,established,trampa,Post-Introduction,Detection,Detection,2011,2011-06-01T12:00:00Z,comment,2484,0,UgxogAkjaoDHKuR_q-J4AaABAg,,FALSE
qv86iKkdjAo,2025-05-30T15:01:38Z,49197,,250,Vespa_velutina,Portugal,Insects,established,trampa,Post-Introduction,Detection,Detection,2011,2011-06-01T12:00:00Z,comment,2484,0,UgxJRtZm-nNUvxyYh1t4AaABAg,,FALSE
qv86iKkdjAo,2025-05-30T12:11:33Z,49197,,250,Vespa_velutina,Portugal,Insects,established,trampas,Post-Introduction,Detection,Detection,2011,2011-06-01T12:00:00Z,comment,2484,0,UgxBBFKamB09SQb1HE94AaABAg,,FALSE
qv86iKkdjAo,2025-05-30T08:34:45Z,49197,,250,Vespa_velutina,Portugal,Insects,established,visto,Post-Introduction,Detection,Detection,2011,2011-06-01T12:00:00Z,comment,2484,0,Ugzk7nZKU-vV0vZcCvJ4AaABAg,,FALSE
qv86iKkdjAo,2025-05-30T07:04:00Z,49197,,250,Vespa_velutina,Portugal,Insects,established,trampa,Post-Introduction,Detection,Detection,2011,2011-06-01T12:00:00Z,comment,2484,0,UgzpMoSahNcKOosXsGt4AaABAg,,FALSE
qv86iKkdjAo,2025-05-30T05:20:52Z,49197,,250,Vespa_velutina,Portugal,Insects,established,trampas,Post-Introduction,Detection,Detection,2011,2011-06-01T12:00:00Z,comment,2484,0,UgwLU3xKhda_OTHDugl4AaABAg,,FALSE
qv86iKkdjAo,2025-05-30T05:20:52Z,49197,,250,Vespa_velutina,Portugal,Insects,established,visto,Post-Introduction,Detection,Detection,2011,2011-06-01T12:00:00Z,comment,2484,0,UgwLU3xKhda_OTHDugl4AaABAg,,FALSE
qv86iKkdjAo,2025-05-30T05:20:52Z,49197,,250,Vespa_velutina,Portugal,Insects,established,trampa,Post-Introduction,Detection,Detection,2011,2011-06-01T12:00:00Z,comment,2484,0,UgwLU3xKhda_OTHDugl4AaABAg,,FALSE
qv86iKkdjAo,2025-05-29T23:02:01Z,49197,,250,Vespa_velutina,Portugal,Insects,established,plagas,Post-Introduction,Invasion,Invasion,2011,2011-06-01T12:00:00Z,comment,2484,0,Ugz8gxLv3kG3aSJr0qZ4AaABAg,,FALSE
qv86iKkdjAo,2025-05-29T23:02:01Z,49197,,250,Vespa_velutina,Portugal,Insects,established,trampa,Post-Introduction,Detection,Detection,2011,2011-06-01T12:00:00Z,comment,2484,0,Ugz8gxLv3kG3aSJr0qZ4AaABAg,,FALSE
qv86iKkdjAo,2025-05-29T23:02:01Z,49197,,250,Vespa_velutina,Portugal,Insects,established,peligro,Post-Introduction,Threat,Threat,2011,2011-06-01T12:00:00Z,comment,2484,0,Ugz8gxLv3kG3aSJr0qZ4AaABAg,,FALSE
qv86iKkdjAo,2025-05-29T21:14:44Z,49197,,250,Vespa_velutina,Portugal,Insects,established,trampa,Post-Introduction,Detection,Detection,2011,2011-06-01T12:00:00Z,comment,2484,0,Ugz4mDAGv5dn3xTocPZ4AaABAg,,FALSE
qv86iKkdjAo,2025-05-29T20:46:53Z,49197,,250,Vespa_velutina,Portugal,Insects,established,trampa,Post-Introduction,Detection,Detection,2011,2011-06-01T12:00:00Z,comment,2484,0,Ugz6d8ELgV-feZA3bdR4AaABAg,,FALSE
qv86iKkdjAo,2025-05-29T19:28:33Z,49197,,250,Vespa_velutina,Portugal,Insects,established,trampas,Post-Introduction,Detection,Detection,2011,2011-06-01T12:00:00Z,comment,2484,0,UgxF1bROMBGX5RPl0bN4AaABAg,,FALSE
qv86iKkdjAo,2025-05-29T19:28:33Z,49197,,250,Vespa_velutina,Portugal,Insects,established,trampa,Post-Introduction,Detection,Detection,2011,2011-06-01T12:00:00Z,comment,2484,0,UgxF1bROMBGX5RPl0bN4AaABAg,,FALSE
qv86iKkdjAo,2025-05-29T19:19:23Z,49197,,250,Vespa_velutina,Portugal,Insects,established,riesgo,Post-Introduction,Threat,Threat,2011,2011-06-01T12:00:00Z,comment,2484,2,UgxpxZwjIWYxx5kXRfV4AaABAg,,FALSE
qv86iKkdjAo,2025-05-29T19:10:16Z,49197,,250,Vespa_velutina,Portugal,Insects,established,control,Post-Introduction,Detection,Detection,2011,2011-06-01T12:00:00Z,comment,2484,0,UgwgeaSEW8EOOKCR3rx4AaABAg,,FALSE
qv86iKkdjAo,2025-05-29T19:10:16Z,49197,,250,Vespa_velutina,Portugal,Insects,established,plagas,Post-Introduction,Invasion,Invasion,2011,2011-06-01T12:00:00Z,comment,2484,0,UgwgeaSEW8EOOKCR3rx4AaABAg,,FALSE
qv86iKkdjAo,2025-05-29T19:10:16Z,49197,,250,Vespa_velutina,Portugal,Insects,established,trampas,Post-Introduction,Detection,Detection,2011,2011-06-01T12:00:00Z,comment,2484,0,UgwgeaSEW8EOOKCR3rx4AaABAg,,FALSE
qv86iKkdjAo,2025-05-29T19:10:16Z,49197,,250,Vespa_velutina,Portugal,Insects,established,control,Post-Introduction,Detection,Detection,2011,2011-06-01T12:00:00Z,comment,2484,0,UgwgeaSEW8EOOKCR3rx4AaABAg,,FALSE
qv86iKkdjAo,2025-05-29T18:40:05Z,49197,,250,Vespa_velutina,Portugal,Insects,established,peligro,Post-Introduction,Threat,Threat,2011,2011-06-01T12:00:00Z,comment,2484,5,UgzakLv34d-rLIV5sq14AaABAg,,FALSE
qv86iKkdjAo,2025-05-29T18:40:05Z,49197,,250,Vespa_velutina,Portugal,Insects,established,peligro,Post-Introduction,Threat,Threat,2011,2011-06-01T12:00:00Z,comment,2484,5,UgzakLv34d-rLIV5sq14AaABAg,,FALSE
qv86iKkdjAo,2025-05-29T16:16:52Z,49197,,250,Vespa_velutina,Portugal,Insects,established,trampa,Post-Introduction,Detection,Detection,2011,2011-06-01T12:00:00Z,comment,2484,0,UgwCUa6foYdS0zxirs54AaABAg,,FALSE
qv86iKkdjAo,2025-06-07T17:01:25Z,49197,,250,Vespa_velutina,Portugal,Insects,established,trampa,Post-Introduction,Detection,Detection,2011,2011-06-01T12:00:00Z,comment,2484,1,Ugx1N9cEYFW3sOgGRfl4AaABAg.AJ4FZvxIUP4AJ4MzZYbaIq,Ugx1N9cEYFW3sOgGRfl4AaABAg,TRUE
qv86iKkdjAo,2025-05-30T03:52:22Z,49197,,250,Vespa_velutina,Portugal,Insects,established,plagas,Post-Introduction,Invasion,Invasion,2011,2011-06-01T12:00:00Z,comment,2484,2,UgzakLv34d-rLIV5sq14AaABAg.AIiN7QV6A7BAIjMKMgCaXU,UgzakLv34d-rLIV5sq14AaABAg,TRUE
qv86iKkdjAo,2025-05-31T13:28:34Z,49197,,250,Vespa_velutina,Portugal,Insects,established,plaga,Post-Introduction,Invasion,Invasion,2011,2011-06-01T12:00:00Z,comment,2484,0,UgzakLv34d-rLIV5sq14AaABAg.AIiN7QV6A7BAImy3TPzqC_,UgzakLv34d-rLIV5sq14AaABAg,TRUE
qv86iKkdjAo,2025-05-31T13:28:34Z,49197,,250,Vespa_velutina,Portugal,Insects,established,peligrosa,Post-Introduction,Threat,Threat,2011,2011-06-01T12:00:00Z,comment,2484,0,UgzakLv34d-rLIV5sq14AaABAg.AIiN7QV6A7BAImy3TPzqC_,UgzakLv34d-rLIV5sq14AaABAg,TRUE
qv86iKkdjAo,2025-05-31T13:28:34Z,49197,,250,Vespa_velutina,Portugal,Insects,established,peligro,Post-Introduction,Threat,Threat,2011,2011-06-01T12:00:00Z,comment,2484,0,UgzakLv34d-rLIV5sq14AaABAg.AIiN7QV6A7BAImy3TPzqC_,UgzakLv34d-rLIV5sq14AaABAg,TRUE
qv86iKkdjAo,2025-05-29T15:08:43Z,49197,,250,Vespa_velutina,Portugal,Insects,established,trampa,Post-Introduction,Detection,Detection,2011,2011-06-01T12:00:00Z,comment,2484,1,UgwSVb6Imfnil6r0sOZ4AaABAg,,FALSE
qv86iKkdjAo,2025-05-29T15:08:43Z,49197,,250,Vespa_velutina,Portugal,Insects,established,trampas,Post-Introduction,Detection,Detection,2011,2011-06-01T12:00:00Z,comment,2484,1,UgwSVb6Imfnil6r0sOZ4AaABAg,,FALSE
qv86iKkdjAo,2025-05-29T14:49:21Z,49197,,250,Vespa_velutina,Portugal,Insects,established,peligrosa,Post-Introduction,Threat,Threat,2011,2011-06-01T12:00:00Z,comment,2484,0,UgxsIRTHJHEf2kkHZrl4AaABAg,,FALSE
qv86iKkdjAo,2025-05-29T13:49:42Z,49197,,250,Vespa_velutina,Portugal,Insects,established,trampas,Post-Introduction,Detection,Detection,2011,2011-06-01T12:00:00Z,comment,2484,0,UgwrQRzQVGkCVarqslF4AaABAg,,FALSE
qv86iKkdjAo,2025-05-29T13:49:31Z,49197,,250,Vespa_velutina,Portugal,Insects,established,visto,Post-Introduction,Detection,Detection,2011,2011-06-01T12:00:00Z,comment,2484,0,Ugz7DDe0M-2m9EZrIA14AaABAg,,FALSE
qv86iKkdjAo,2025-05-29T13:27:33Z,49197,,250,Vespa_velutina,Portugal,Insects,established,trampas,Post-Introduction,Detection,Detection,2011,2011-06-01T12:00:00Z,comment,2484,0,UgyKq4eBxJjOxwCdUvB4AaABAg,,FALSE
qv86iKkdjAo,2025-05-29T13:24:07Z,49197,,250,Vespa_velutina,Portugal,Insects,established,trampa,Post-Introduction,Detection,Detection,2011,2011-06-01T12:00:00Z,comment,2484,0,UgyECQ7oG6yg9e97CV54AaABAg,,FALSE
qv86iKkdjAo,2025-05-29T13:09:57Z,49197,,250,Vespa_velutina,Portugal,Insects,established,trampas,Post-Introduction,Detection,Detection,2011,2011-06-01T12:00:00Z,comment,2484,0,UgzRMH4t74g9UZbLzYl4AaABAg,,FALSE
qv86iKkdjAo,2025-05-29T12:23:26Z,49197,,250,Vespa_velutina,Portugal,Insects,established,trampa,Post-Introduction,Detection,Detection,2011,2011-06-01T12:00:00Z,comment,2484,0,Ugzj2EpNL3NA0DTVVoV4AaABAg,,FALSE
qv86iKkdjAo,2025-05-29T12:23:26Z,49197,,250,Vespa_velutina,Portugal,Insects,established,vista,Post-Introduction,Detection,Detection,2011,2011-06-01T12:00:00Z,comment,2484,0,Ugzj2EpNL3NA0DTVVoV4AaABAg,,FALSE
qv86iKkdjAo,2025-05-29T12:23:26Z,49197,,250,Vespa_velutina,Portugal,Insects,established,trampas,Post-Introduction,Detection,Detection,2011,2011-06-01T12:00:00Z,comment,2484,0,Ugzj2EpNL3NA0DTVVoV4AaABAg,,FALSE
qv86iKkdjAo,2025-05-29T11:53:59Z,49197,,250,Vespa_velutina,Portugal,Insects,established,trampas,Post-Introduction,Detection,Detection,2011,2011-06-01T12:00:00Z,comment,2484,0,Ugy04XbhWtOoZwaP4XJ4AaABAg,,FALSE
qv86iKkdjAo,2025-05-29T11:46:31Z,49197,,250,Vespa_velutina,Portugal,Insects,established,trampa,Post-Introduction,Detection,Detection,2011,2011-06-01T12:00:00Z,comment,2484,0,Ugx1k8ixRfRdCaWRumZ4AaABAg,,FALSE
qv86iKkdjAo,2025-05-29T11:35:33Z,49197,,250,Vespa_velutina,Portugal,Insects,established,trampas,Post-Introduction,Detection,Detection,2011,2011-06-01T12:00:00Z,comment,2484,0,UgzX9Qh2sHydEx2kPxZ4AaABAg,,FALSE
qv86iKkdjAo,2025-05-29T11:10:17Z,49197,,250,Vespa_velutina,Portugal,Insects,established,trampa,Post-Introduction,Detection,Detection,2011,2011-06-01T12:00:00Z,comment,2484,0,Ugx3bD5mkMjRWJTUDQ14AaABAg,,FALSE
qv86iKkdjAo,2025-05-29T11:10:17Z,49197,,250,Vespa_velutina,Portugal,Insects,established,trampas,Post-Introduction,Detection,Detection,2011,2011-06-01T12:00:00Z,comment,2484,0,Ugx3bD5mkMjRWJTUDQ14AaABAg,,FALSE
qv86iKkdjAo,2025-05-29T11:10:17Z,49197,,250,Vespa_velutina,Portugal,Insects,established,trampa,Post-Introduction,Detection,Detection,2011,2011-06-01T12:00:00Z,comment,2484,0,Ugx3bD5mkMjRWJTUDQ14AaABAg,,FALSE
qv86iKkdjAo,2025-05-29T11:01:28Z,49197,,250,Vespa_velutina,Portugal,Insects,established,trampa,Post-Introduction,Detection,Detection,2011,2011-06-01T12:00:00Z,comment,2484,9,Ugx1rguC_MAS0pzAi554AaABAg,,FALSE
qv86iKkdjAo,2025-05-29T11:01:28Z,49197,,250,Vespa_velutina,Portugal,Insects,established,trampa,Post-Introduction,Detection,Detection,2011,2011-06-01T12:00:00Z,comment,2484,9,Ugx1rguC_MAS0pzAi554AaABAg,,FALSE
qv86iKkdjAo,2025-05-29T10:54:03Z,49197,,250,Vespa_velutina,Portugal,Insects,established,invasoras,Post-Introduction,Invasion,Invasion,2011,2011-06-01T12:00:00Z,comment,2484,0,UgwDOqrDPblkdO-rpwZ4AaABAg,,FALSE
qv86iKkdjAo,2025-05-29T10:53:17Z,49197,,250,Vespa_velutina,Portugal,Insects,established,trampa,Post-Introduction,Detection,Detection,2011,2011-06-01T12:00:00Z,comment,2484,12,UgxsoVlwz-MKesWDsHN4AaABAg,,FALSE
qv86iKkdjAo,2025-05-29T10:44:13Z,49197,,250,Vespa_velutina,Portugal,Insects,established,visto,Post-Introduction,Detection,Detection,2011,2011-06-01T12:00:00Z,comment,2484,0,UgxQj1Qn569Ah_5fH7h4AaABAg,,FALSE
qv86iKkdjAo,2025-05-29T10:44:13Z,49197,,250,Vespa_velutina,Portugal,Insects,established,trampas,Post-Introduction,Detection,Detection,2011,2011-06-01T12:00:00Z,comment,2484,0,UgxQj1Qn569Ah_5fH7h4AaABAg,,FALSE
qv86iKkdjAo,2025-05-29T10:41:02Z,49197,,250,Vespa_velutina,Portugal,Insects,established,veneno,Post-Introduction,Threat,Threat,2011,2011-06-01T12:00:00Z,comment,2484,1,UgyDwDwyx5Vhvhe4qbN4AaABAg,,FALSE
qv86iKkdjAo,2025-05-29T09:59:44Z,49197,,250,Vespa_velutina,Portugal,Insects,established,plagas,Post-Introduction,Invasion,Invasion,2011,2011-06-01T12:00:00Z,comment,2484,33,Ugxr9Vdru8xUb3YfvoN4AaABAg,,FALSE
qv86iKkdjAo,2025-05-29T09:50:48Z,49197,,250,Vespa_velutina,Portugal,Insects,established,trampa,Post-Introduction,Detection,Detection,2011,2011-06-01T12:00:00Z,comment,2484,0,UgxgAOjq6gYkAJvPbPR4AaABAg,,FALSE
qv86iKkdjAo,2025-05-29T09:49:35Z,49197,,250,Vespa_velutina,Portugal,Insects,established,trampa,Post-Introduction,Detection,Detection,2011,2011-06-01T12:00:00Z,comment,2484,0,UgwCbfqAB_mzCQgTKtV4AaABAg,,FALSE
qv86iKkdjAo,2025-05-29T09:45:06Z,49197,,250,Vespa_velutina,Portugal,Insects,established,trampa,Post-Introduction,Detection,Detection,2011,2011-06-01T12:00:00Z,comment,2484,4,UgzalJhxcmHkCOYserF4AaABAg,,FALSE
qv86iKkdjAo,2025-05-29T09:45:06Z,49197,,250,Vespa_velutina,Portugal,Insects,established,trampa,Post-Introduction,Detection,Detection,2011,2011-06-01T12:00:00Z,comment,2484,4,UgzalJhxcmHkCOYserF4AaABAg,,FALSE
qv86iKkdjAo,2025-05-29T09:36:30Z,49197,,250,Vespa_velutina,Portugal,Insects,established,coste,Post-Introduction,eCommerce,eCommerce,2011,2011-06-01T12:00:00Z,comment,2484,0,UgyTyAbMcadGXEaMbZZ4AaABAg,,FALSE
qv86iKkdjAo,2025-05-29T09:36:30Z,49197,,250,Vespa_velutina,Portugal,Insects,established,plagas,Post-Introduction,Invasion,Invasion,2011,2011-06-01T12:00:00Z,comment,2484,0,UgyTyAbMcadGXEaMbZZ4AaABAg,,FALSE
qv86iKkdjAo,2025-05-29T09:27:45Z,49197,,250,Vespa_velutina,Portugal,Insects,established,encontrado,Post-Introduction,Detection,Detection,2011,2011-06-01T12:00:00Z,comment,2484,43,Ugwhe2Sp7_fNB__Tm8F4AaABAg,,FALSE
qv86iKkdjAo,2025-05-29T09:25:34Z,49197,,250,Vespa_velutina,Portugal,Insects,established,plagas,Post-Introduction,Invasion,Invasion,2011,2011-06-01T12:00:00Z,comment,2484,0,UgwrVMaMackCzyA0FBN4AaABAg,,FALSE
qv86iKkdjAo,2025-05-29T09:20:57Z,49197,,250,Vespa_velutina,Portugal,Insects,established,prohibido,Post-Introduction,eCommerce,eCommerce,2011,2011-06-01T12:00:00Z,comment,2484,2,UgzZRknblKM71-aqmp54AaABAg,,FALSE
qv86iKkdjAo,2025-05-30T12:15:33Z,49197,,250,Vespa_velutina,Portugal,Insects,established,ataca,Post-Introduction,Threat,Threat,2011,2011-06-01T12:00:00Z,comment,2484,1,UgxsoVlwz-MKesWDsHN4AaABAg.AIhXhSohSzYAIkFuqkg6ne,UgxsoVlwz-MKesWDsHN4AaABAg,TRUE
qv86iKkdjAo,2025-05-30T13:02:58Z,49197,,250,Vespa_velutina,Portugal,Insects,established,invasora,Post-Introduction,Invasion,Invasion,2011,2011-06-01T12:00:00Z,comment,2484,1,UgxsoVlwz-MKesWDsHN4AaABAg.AIhXhSohSzYAIkLL5dDmH-,UgxsoVlwz-MKesWDsHN4AaABAg,TRUE
qv86iKkdjAo,2025-05-29T13:42:50Z,49197,,250,Vespa_velutina,Portugal,Insects,established,ataca,Post-Introduction,Threat,Threat,2011,2011-06-01T12:00:00Z,comment,2484,9,UgzWQUebAt5yQda2gX94AaABAg.AIhTjbRRfZ4AIhq6G24aV6,UgzWQUebAt5yQda2gX94AaABAg,TRUE
qv86iKkdjAo,2025-05-29T13:42:50Z,49197,,250,Vespa_velutina,Portugal,Insects,established,trampas,Post-Introduction,Detection,Detection,2011,2011-06-01T12:00:00Z,comment,2484,9,UgzWQUebAt5yQda2gX94AaABAg.AIhTjbRRfZ4AIhq6G24aV6,UgzWQUebAt5yQda2gX94AaABAg,TRUE
qv86iKkdjAo,2025-05-30T07:22:29Z,49197,,250,Vespa_velutina,Portugal,Insects,established,riesgo,Post-Introduction,Threat,Threat,2011,2011-06-01T12:00:00Z,comment,2484,2,UgzWQUebAt5yQda2gX94AaABAg.AIhTjbRRfZ4AIjjNKxDuOV,UgzWQUebAt5yQda2gX94AaABAg,TRUE
qv86iKkdjAo,2025-05-29T10:52:19Z,49197,,250,Vespa_velutina,Portugal,Insects,established,plagas,Post-Introduction,Invasion,Invasion,2011,2011-06-01T12:00:00Z,comment,2484,0,Ugw3bKdT1Rf6W0ere1F4AaABAg.AIhPIVhzU4jAIhXaOLvlPK,Ugw3bKdT1Rf6W0ere1F4AaABAg,TRUE
qv86iKkdjAo,2025-05-29T10:52:19Z,49197,,250,Vespa_velutina,Portugal,Insects,established,invasora,Post-Introduction,Invasion,Invasion,2011,2011-06-01T12:00:00Z,comment,2484,0,Ugw3bKdT1Rf6W0ere1F4AaABAg.AIhPIVhzU4jAIhXaOLvlPK,Ugw3bKdT1Rf6W0ere1F4AaABAg,TRUE
qv86iKkdjAo,2025-05-30T05:42:02Z,49197,,250,Vespa_velutina,Portugal,Insects,established,trampa,Post-Introduction,Detection,Detection,2011,2011-06-01T12:00:00Z,comment,2484,4,Ugwhe2Sp7_fNB__Tm8F4AaABAg.AIhNv-oMGwNAIjYs_Dnldz,Ugwhe2Sp7_fNB__Tm8F4AaABAg,TRUE
qv86iKkdjAo,2025-05-30T05:42:02Z,49197,,250,Vespa_velutina,Portugal,Insects,established,visto,Post-Introduction,Detection,Detection,2011,2011-06-01T12:00:00Z,comment,2484,4,Ugwhe2Sp7_fNB__Tm8F4AaABAg.AIhNv-oMGwNAIjYs_Dnldz,Ugwhe2Sp7_fNB__Tm8F4AaABAg,TRUE
qv86iKkdjAo,2025-05-29T10:05:33Z,49197,,250,Vespa_velutina,Portugal,Insects,established,trampa,Post-Introduction,Detection,Detection,2011,2011-06-01T12:00:00Z,comment,2484,0,Ugy_n1eMBpq1MM2BxFJ4AaABAg.AIhNI9YxzGBAIhSErqpUm4,Ugy_n1eMBpq1MM2BxFJ4AaABAg,TRUE
qv86iKkdjAo,2025-05-29T10:05:33Z,49197,,250,Vespa_velutina,Portugal,Insects,established,trampa,Post-Introduction,Detection,Detection,2011,2011-06-01T12:00:00Z,comment,2484,0,Ugy_n1eMBpq1MM2BxFJ4AaABAg.AIhNI9YxzGBAIhSErqpUm4,Ugy_n1eMBpq1MM2BxFJ4AaABAg,TRUE
qv86iKkdjAo,2025-05-29T10:05:33Z,49197,,250,Vespa_velutina,Portugal,Insects,established,invasoras,Post-Introduction,Invasion,Invasion,2011,2011-06-01T12:00:00Z,comment,2484,0,Ugy_n1eMBpq1MM2BxFJ4AaABAg.AIhNI9YxzGBAIhSErqpUm4,Ugy_n1eMBpq1MM2BxFJ4AaABAg,TRUE
tQO3iCfJWrs,2024-01-20T21:56:17Z,221734,,127,Vespa_velutina,Portugal,Insects,established,euros,Post-Introduction,eCommerce,eCommerce,2011,2011-06-01T12:00:00Z,comment,1168,0,UgzYc4at8EzylDfXERF4AaABAg,,FALSE
tQO3iCfJWrs,2024-01-20T21:56:17Z,221734,,127,Vespa_velutina,Portugal,Insects,established,plaga,Post-Introduction,Invasion,Invasion,2011,2011-06-01T12:00:00Z,comment,1168,0,UgzYc4at8EzylDfXERF4AaABAg,,FALSE
tQO3iCfJWrs,2023-07-17T20:32:20Z,221734,,127,Vespa_velutina,Portugal,Insects,established,cara,Post-Introduction,eCommerce,eCommerce,2011,2011-06-01T12:00:00Z,comment,1168,0,Ugx91xW8LFfoYYLEMX14AaABAg,,FALSE
tQO3iCfJWrs,2022-09-03T20:23:35Z,221734,,127,Vespa_velutina,Portugal,Insects,established,caro,Post-Introduction,eCommerce,eCommerce,2011,2011-06-01T12:00:00Z,comment,1168,0,UgwiQcX0kIt6_2toJh14AaABAg,,FALSE
tQO3iCfJWrs,2021-06-02T22:31:34Z,221734,,127,Vespa_velutina,Portugal,Insects,established,invasora,Post-Introduction,Invasion,Invasion,2011,2011-06-01T12:00:00Z,comment,1168,0,UgzW___u5eamMwK4Zzp4AaABAg,,FALSE
tQO3iCfJWrs,2020-06-05T20:20:19Z,221734,,127,Vespa_velutina,Portugal,Insects,established,extendido,Post-Introduction,Invasion,Invasion,2011,2011-06-01T12:00:00Z,comment,1168,0,UgwkKT6vJrnEkIV9_5l4AaABAg,,FALSE
tQO3iCfJWrs,2020-06-05T20:20:19Z,221734,,127,Vespa_velutina,Portugal,Insects,established,plaga,Post-Introduction,Invasion,Invasion,2011,2011-06-01T12:00:00Z,comment,1168,0,UgwkKT6vJrnEkIV9_5l4AaABAg,,FALSE
tQO3iCfJWrs,2020-05-27T18:09:44Z,221734,,127,Vespa_velutina,Portugal,Insects,established,amenaza,Post-Introduction,Threat,Threat,2011,2011-06-01T12:00:00Z,comment,1168,0,Ugywxjt86ZoXFbswgu54AaABAg,,FALSE
tQO3iCfJWrs,2020-05-27T18:09:44Z,221734,,127,Vespa_velutina,Portugal,Insects,established,plagas,Post-Introduction,Invasion,Invasion,2011,2011-06-01T12:00:00Z,comment,1168,0,Ugywxjt86ZoXFbswgu54AaABAg,,FALSE
tQO3iCfJWrs,2020-05-12T07:59:58Z,221734,,127,Vespa_velutina,Portugal,Insects,established,plagas,Post-Introduction,Invasion,Invasion,2011,2011-06-01T12:00:00Z,comment,1168,0,UgzjuRh772LAnuNNo5F4AaABAg,,FALSE
tQO3iCfJWrs,2019-12-15T21:59:32Z,221734,,127,Vespa_velutina,Portugal,Insects,established,visto,Post-Introduction,Detection,Detection,2011,2011-06-01T12:00:00Z,comment,1168,5,Ugxuda-4X_C9nIZ6G3l4AaABAg,,FALSE
tQO3iCfJWrs,2018-09-12T06:31:34Z,221734,,127,Vespa_velutina,Portugal,Insects,established,plaga,Post-Introduction,Invasion,Invasion,2011,2011-06-01T12:00:00Z,comment,1168,0,Ugyaf5R_XrvFTkivzWl4AaABAg,,FALSE
tQO3iCfJWrs,2018-09-12T06:31:34Z,221734,,127,Vespa_velutina,Portugal,Insects,established,veneno,Post-Introduction,Threat,Threat,2011,2011-06-01T12:00:00Z,comment,1168,0,Ugyaf5R_XrvFTkivzWl4AaABAg,,FALSE
tQO3iCfJWrs,2018-08-12T13:58:18Z,221734,,127,Vespa_velutina,Portugal,Insects,established,toxico,Post-Introduction,Threat,Threat,2011,2011-06-01T12:00:00Z,comment,1168,0,UgzniLJfobBldbESSQh4AaABAg,,FALSE
tQO3iCfJWrs,2018-02-14T12:39:07Z,221734,,127,Vespa_velutina,Portugal,Insects,established,expansion,Post-Introduction,Invasion,Invasion,2011,2011-06-01T12:00:00Z,comment,1168,8,Ugyi5rH0B8XoOqyOPwt4AaABAg,,FALSE
tQO3iCfJWrs,2024-08-02T00:27:29Z,221734,,127,Vespa_velutina,Portugal,Insects,established,peligro,Post-Introduction,Threat,Threat,2011,2011-06-01T12:00:00Z,comment,1168,0,UgwiQcX0kIt6_2toJh14AaABAg.9fXCqHxIvyGA6bwbOfBPib,UgwiQcX0kIt6_2toJh14AaABAg,TRUE
tQO3iCfJWrs,2024-04-18T10:56:25Z,221734,,127,Vespa_velutina,Portugal,Insects,established,plaga,Post-Introduction,Invasion,Invasion,2011,2011-06-01T12:00:00Z,comment,1168,0,UgwM7LHrkiu3KvO3pVN4AaABAg.98onfcKFEc0A2N7K42o64D,UgwM7LHrkiu3KvO3pVN4AaABAg,TRUE
tQO3iCfJWrs,2021-05-05T18:06:09Z,221734,,127,Vespa_velutina,Portugal,Insects,established,caro,Post-Introduction,eCommerce,eCommerce,2011,2011-06-01T12:00:00Z,comment,1168,1,UgxZtRwI2tH_rcDOJgV4AaABAg.98T5ofdP-QS9MyYmZe_djg,UgxZtRwI2tH_rcDOJgV4AaABAg,TRUE
tQO3iCfJWrs,2020-05-09T11:29:54Z,221734,,127,Vespa_velutina,Portugal,Insects,established,plaga,Post-Introduction,Invasion,Invasion,2011,2011-06-01T12:00:00Z,comment,1168,0,Ugx-GD2j5Y0BXVeUAc54AaABAg.8xeKxQ-kjay98RITSnGRee,Ugx-GD2j5Y0BXVeUAc54AaABAg,TRUE
tQO3iCfJWrs,2020-05-11T06:50:41Z,221734,,127,Vespa_velutina,Portugal,Insects,established,amenaza,Post-Introduction,Threat,Threat,2011,2011-06-01T12:00:00Z,comment,1168,0,Ugx-GD2j5Y0BXVeUAc54AaABAg.8xeKxQ-kjay98Vx6687lkq,Ugx-GD2j5Y0BXVeUAc54AaABAg,TRUE
tQO3iCfJWrs,2018-09-22T14:04:00Z,221734,,127,Vespa_velutina,Portugal,Insects,established,barato,Post-Introduction,eCommerce,eCommerce,2011,2011-06-01T12:00:00Z,comment,1168,0,Ugyaf5R_XrvFTkivzWl4AaABAg.8l4wP-34Qpg8lVV7Ux0DeD,Ugyaf5R_XrvFTkivzWl4AaABAg,TRUE
tQO3iCfJWrs,2020-06-06T22:02:12Z,221734,,127,Vespa_velutina,Portugal,Insects,established,observado,Post-Introduction,Detection,Detection,2011,2011-06-01T12:00:00Z,comment,1168,1,UgyjR5MPY05Ul5izCtl4AaABAg.8Gc9lCt7g3S99_X51vprrt,UgyjR5MPY05Ul5izCtl4AaABAg,TRUE
sxgMBPuJ0Ik,2025-01-16T07:48:10Z,136217,,178,Vespa_velutina,Portugal,Insects,established,visto,Post-Introduction,Detection,Detection,2011,2011-06-01T12:00:00Z,comment,1884,2,UgytozrsKyzWVSQ8GFt4AaABAg,,FALSE
sxgMBPuJ0Ik,2024-10-27T15:55:52Z,136217,,178,Vespa_velutina,Portugal,Insects,established,compra,Post-Introduction,eCommerce,eCommerce,2011,2011-06-01T12:00:00Z,comment,1884,0,UgydRnz48FolV7n4WZh4AaABAg,,FALSE
sxgMBPuJ0Ik,2023-11-07T22:05:40Z,136217,,178,Vespa_velutina,Portugal,Insects,established,visto,Post-Introduction,Detection,Detection,2011,2011-06-01T12:00:00Z,comment,1884,0,Ugw8vybL-8cTq0YFiE54AaABAg,,FALSE
sxgMBPuJ0Ik,2023-11-07T22:05:40Z,136217,,178,Vespa_velutina,Portugal,Insects,established,veneno,Post-Introduction,Threat,Threat,2011,2011-06-01T12:00:00Z,comment,1884,0,Ugw8vybL-8cTq0YFiE54AaABAg,,FALSE
sxgMBPuJ0Ik,2023-08-30T11:31:35Z,136217,,178,Vespa_velutina,Portugal,Insects,established,veneno,Post-Introduction,Threat,Threat,2011,2011-06-01T12:00:00Z,comment,1884,0,UgxVMybirl8Ei2nk0CF4AaABAg,,FALSE
sxgMBPuJ0Ik,2023-08-30T11:31:35Z,136217,,178,Vespa_velutina,Portugal,Insects,established,toxico,Post-Introduction,Threat,Threat,2011,2011-06-01T12:00:00Z,comment,1884,0,UgxVMybirl8Ei2nk0CF4AaABAg,,FALSE
sxgMBPuJ0Ik,2023-08-30T11:31:35Z,136217,,178,Vespa_velutina,Portugal,Insects,established,veneno,Post-Introduction,Threat,Threat,2011,2011-06-01T12:00:00Z,comment,1884,0,UgxVMybirl8Ei2nk0CF4AaABAg,,FALSE
sxgMBPuJ0Ik,2023-08-30T11:31:35Z,136217,,178,Vespa_velutina,Portugal,Insects,established,caro,Post-Introduction,eCommerce,eCommerce,2011,2011-06-01T12:00:00Z,comment,1884,0,UgxVMybirl8Ei2nk0CF4AaABAg,,FALSE
sxgMBPuJ0Ik,2023-05-27T11:39:37Z,136217,,178,Vespa_velutina,Portugal,Insects,established,visto,Post-Introduction,Detection,Detection,2011,2011-06-01T12:00:00Z,comment,1884,1,UgwK_IUbyxdzeHeuhv94AaABAg,,FALSE
sxgMBPuJ0Ik,2023-05-27T11:39:37Z,136217,,178,Vespa_velutina,Portugal,Insects,established,peligro,Post-Introduction,Threat,Threat,2011,2011-06-01T12:00:00Z,comment,1884,1,UgwK_IUbyxdzeHeuhv94AaABAg,,FALSE
sxgMBPuJ0Ik,2022-09-15T21:08:51Z,136217,,178,Vespa_velutina,Portugal,Insects,established,veneno,Post-Introduction,Threat,Threat,2011,2011-06-01T12:00:00Z,comment,1884,1,UgxY5I6DQyfnSdgFhQ14AaABAg,,FALSE
sxgMBPuJ0Ik,2022-08-31T15:01:51Z,136217,,178,Vespa_velutina,Portugal,Insects,established,invasoras,Post-Introduction,Invasion,Invasion,2011,2011-06-01T12:00:00Z,comment,1884,2,UgzAkLATR70kwzoioGJ4AaABAg,,FALSE
sxgMBPuJ0Ik,2022-08-25T08:08:45Z,136217,,178,Vespa_velutina,Portugal,Insects,established,veneno,Post-Introduction,Threat,Threat,2011,2011-06-01T12:00:00Z,comment,1884,0,UgxV9pA402gFvQ5khK54AaABAg,,FALSE
sxgMBPuJ0Ik,2022-08-24T03:26:46Z,136217,,178,Vespa_velutina,Portugal,Insects,established,veneno,Post-Introduction,Threat,Threat,2011,2011-06-01T12:00:00Z,comment,1884,3,UgxWjJelB7YUHvhhFDl4AaABAg,,FALSE
sxgMBPuJ0Ik,2022-08-23T22:15:23Z,136217,,178,Vespa_velutina,Portugal,Insects,established,barato,Post-Introduction,eCommerce,eCommerce,2011,2011-06-01T12:00:00Z,comment,1884,7,UgwNH7S9t5eKEFdOPI14AaABAg,,FALSE
sxgMBPuJ0Ik,2022-08-23T22:15:23Z,136217,,178,Vespa_velutina,Portugal,Insects,established,precio,Post-Introduction,eCommerce,eCommerce,2011,2011-06-01T12:00:00Z,comment,1884,7,UgwNH7S9t5eKEFdOPI14AaABAg,,FALSE
sxgMBPuJ0Ik,2022-08-23T07:02:08Z,136217,,178,Vespa_velutina,Portugal,Insects,established,veneno,Post-Introduction,Threat,Threat,2011,2011-06-01T12:00:00Z,comment,1884,0,UgxSuL5Ac-PyD2djw7Z4AaABAg,,FALSE
sxgMBPuJ0Ik,2022-08-21T15:06:47Z,136217,,178,Vespa_velutina,Portugal,Insects,established,trampas,Post-Introduction,Detection,Detection,2011,2011-06-01T12:00:00Z,comment,1884,0,UgwvVaF123GwrTy6Qup4AaABAg,,FALSE
sxgMBPuJ0Ik,2022-08-15T12:34:44Z,136217,,178,Vespa_velutina,Portugal,Insects,established,competencia,Post-Introduction,Threat,Threat,2011,2011-06-01T12:00:00Z,comment,1884,14,UgyIFKuRk-qZ4bl2Kvt4AaABAg,,FALSE
sxgMBPuJ0Ik,2022-08-15T12:34:44Z,136217,,178,Vespa_velutina,Portugal,Insects,established,control,Post-Introduction,Detection,Detection,2011,2011-06-01T12:00:00Z,comment,1884,14,UgyIFKuRk-qZ4bl2Kvt4AaABAg,,FALSE
sxgMBPuJ0Ik,2022-08-15T12:34:44Z,136217,,178,Vespa_velutina,Portugal,Insects,established,nocivo,Post-Introduction,Threat,Threat,2011,2011-06-01T12:00:00Z,comment,1884,14,UgyIFKuRk-qZ4bl2Kvt4AaABAg,,FALSE
sxgMBPuJ0Ik,2022-08-15T12:34:44Z,136217,,178,Vespa_velutina,Portugal,Insects,established,control,Post-Introduction,Detection,Detection,2011,2011-06-01T12:00:00Z,comment,1884,14,UgyIFKuRk-qZ4bl2Kvt4AaABAg,,FALSE
sxgMBPuJ0Ik,2022-08-15T12:34:44Z,136217,,178,Vespa_velutina,Portugal,Insects,established,registro,Post-Introduction,Detection,Detection,2011,2011-06-01T12:00:00Z,comment,1884,14,UgyIFKuRk-qZ4bl2Kvt4AaABAg,,FALSE
sxgMBPuJ0Ik,2022-08-15T12:34:44Z,136217,,178,Vespa_velutina,Portugal,Insects,established,control,Post-Introduction,Detection,Detection,2011,2011-06-01T12:00:00Z,comment,1884,14,UgyIFKuRk-qZ4bl2Kvt4AaABAg,,FALSE
sxgMBPuJ0Ik,2022-08-15T12:34:44Z,136217,,178,Vespa_velutina,Portugal,Insects,established,plagas,Post-Introduction,Invasion,Invasion,2011,2011-06-01T12:00:00Z,comment,1884,14,UgyIFKuRk-qZ4bl2Kvt4AaABAg,,FALSE
sxgMBPuJ0Ik,2022-08-15T12:34:44Z,136217,,178,Vespa_velutina,Portugal,Insects,established,plagas,Post-Introduction,Invasion,Invasion,2011,2011-06-01T12:00:00Z,comment,1884,14,UgyIFKuRk-qZ4bl2Kvt4AaABAg,,FALSE
sxgMBPuJ0Ik,2022-08-15T12:34:44Z,136217,,178,Vespa_velutina,Portugal,Insects,established,contaminacion,Post-Introduction,Threat,Threat,2011,2011-06-01T12:00:00Z,comment,1884,14,UgyIFKuRk-qZ4bl2Kvt4AaABAg,,FALSE
sxgMBPuJ0Ik,2022-08-15T08:15:59Z,136217,,178,Vespa_velutina,Portugal,Insects,established,riesgo,Post-Introduction,Threat,Threat,2011,2011-06-01T12:00:00Z,comment,1884,9,Ugw69cvcWcnwG6iK38h4AaABAg,,FALSE
sxgMBPuJ0Ik,2022-08-15T08:15:59Z,136217,,178,Vespa_velutina,Portugal,Insects,established,visto,Post-Introduction,Detection,Detection,2011,2011-06-01T12:00:00Z,comment,1884,9,Ugw69cvcWcnwG6iK38h4AaABAg,,FALSE
sxgMBPuJ0Ik,2022-08-08T12:10:49Z,136217,,178,Vespa_velutina,Portugal,Insects,established,veneno,Post-Introduction,Threat,Threat,2011,2011-06-01T12:00:00Z,comment,1884,0,UgyRNSezV3MMrF_xbSt4AaABAg,,FALSE
sxgMBPuJ0Ik,2022-08-03T07:32:42Z,136217,,178,Vespa_velutina,Portugal,Insects,established,euros,Post-Introduction,eCommerce,eCommerce,2011,2011-06-01T12:00:00Z,comment,1884,31,UgzVaU06zAx5YqH41A54AaABAg,,FALSE
sxgMBPuJ0Ik,2022-08-03T07:32:42Z,136217,,178,Vespa_velutina,Portugal,Insects,established,veneno,Post-Introduction,Threat,Threat,2011,2011-06-01T12:00:00Z,comment,1884,31,UgzVaU06zAx5YqH41A54AaABAg,,FALSE
sxgMBPuJ0Ik,2022-08-02T14:40:16Z,136217,,178,Vespa_velutina,Portugal,Insects,established,riesgo,Post-Introduction,Threat,Threat,2011,2011-06-01T12:00:00Z,comment,1884,22,Ugx1vqzC6Qa6NZ2QZsx4AaABAg,,FALSE
sxgMBPuJ0Ik,2024-10-27T15:55:20Z,136217,,178,Vespa_velutina,Portugal,Insects,established,compra,Post-Introduction,eCommerce,eCommerce,2011,2011-06-01T12:00:00Z,comment,1884,0,UgzkHi4Wq4iSsBE7RAd4AaABAg.A7bEW8VFUULAA629V-JQMa,UgzkHi4Wq4iSsBE7RAd4AaABAg,TRUE
sxgMBPuJ0Ik,2022-08-25T21:38:32Z,136217,,178,Vespa_velutina,Portugal,Insects,established,barato,Post-Introduction,eCommerce,eCommerce,2011,2011-06-01T12:00:00Z,comment,1884,1,UgwNH7S9t5eKEFdOPI14AaABAg.9f54tY9cbCe9fAAGO9MzE6,UgwNH7S9t5eKEFdOPI14AaABAg,TRUE
sxgMBPuJ0Ik,2022-08-28T14:29:47Z,136217,,178,Vespa_velutina,Portugal,Insects,established,letal,Post-Introduction,Threat,Threat,2011,2011-06-01T12:00:00Z,comment,1884,0,UgwNH7S9t5eKEFdOPI14AaABAg.9f54tY9cbCe9fH7_r0OmGw,UgwNH7S9t5eKEFdOPI14AaABAg,TRUE
sxgMBPuJ0Ik,2022-08-25T12:00:15Z,136217,,178,Vespa_velutina,Portugal,Insects,established,visto,Post-Introduction,Detection,Detection,2011,2011-06-01T12:00:00Z,comment,1884,6,UgyVqWa2zWIqkWk4_RF4AaABAg.9f3fPWpxKUb9f984y0PKS_,UgyVqWa2zWIqkWk4_RF4AaABAg,TRUE
sxgMBPuJ0Ik,2022-08-25T12:00:15Z,136217,,178,Vespa_velutina,Portugal,Insects,established,visto,Post-Introduction,Detection,Detection,2011,2011-06-01T12:00:00Z,comment,1884,6,UgyVqWa2zWIqkWk4_RF4AaABAg.9f3fPWpxKUb9f984y0PKS_,UgyVqWa2zWIqkWk4_RF4AaABAg,TRUE
sxgMBPuJ0Ik,2022-08-17T16:06:01Z,136217,,178,Vespa_velutina,Portugal,Insects,established,trampa,Post-Introduction,Detection,Detection,2011,2011-06-01T12:00:00Z,comment,1884,6,UgyIFKuRk-qZ4bl2Kvt4AaABAg.9ekS4mAWZDY9epyr35rmsg,UgyIFKuRk-qZ4bl2Kvt4AaABAg,TRUE
sxgMBPuJ0Ik,2022-08-17T16:06:01Z,136217,,178,Vespa_velutina,Portugal,Insects,established,trampas,Post-Introduction,Detection,Detection,2011,2011-06-01T12:00:00Z,comment,1884,6,UgyIFKuRk-qZ4bl2Kvt4AaABAg.9ekS4mAWZDY9epyr35rmsg,UgyIFKuRk-qZ4bl2Kvt4AaABAg,TRUE
sxgMBPuJ0Ik,2022-08-17T16:06:01Z,136217,,178,Vespa_velutina,Portugal,Insects,established,contaminacion,Post-Introduction,Threat,Threat,2011,2011-06-01T12:00:00Z,comment,1884,6,UgyIFKuRk-qZ4bl2Kvt4AaABAg.9ekS4mAWZDY9epyr35rmsg,UgyIFKuRk-qZ4bl2Kvt4AaABAg,TRUE
sxgMBPuJ0Ik,2022-08-17T16:06:01Z,136217,,178,Vespa_velutina,Portugal,Insects,established,seguimiento,Post-Introduction,Detection,Detection,2011,2011-06-01T12:00:00Z,comment,1884,6,UgyIFKuRk-qZ4bl2Kvt4AaABAg.9ekS4mAWZDY9epyr35rmsg,UgyIFKuRk-qZ4bl2Kvt4AaABAg,TRUE
sxgMBPuJ0Ik,2022-08-17T16:06:01Z,136217,,178,Vespa_velutina,Portugal,Insects,established,contaminacion,Post-Introduction,Threat,Threat,2011,2011-06-01T12:00:00Z,comment,1884,6,UgyIFKuRk-qZ4bl2Kvt4AaABAg.9ekS4mAWZDY9epyr35rmsg,UgyIFKuRk-qZ4bl2Kvt4AaABAg,TRUE
sxgMBPuJ0Ik,2022-08-17T16:06:01Z,136217,,178,Vespa_velutina,Portugal,Insects,established,veneno,Post-Introduction,Threat,Threat,2011,2011-06-01T12:00:00Z,comment,1884,6,UgyIFKuRk-qZ4bl2Kvt4AaABAg.9ekS4mAWZDY9epyr35rmsg,UgyIFKuRk-qZ4bl2Kvt4AaABAg,TRUE
sxgMBPuJ0Ik,2022-08-17T16:06:01Z,136217,,178,Vespa_velutina,Portugal,Insects,established,peligroso,Post-Introduction,Threat,Threat,2011,2011-06-01T12:00:00Z,comment,1884,6,UgyIFKuRk-qZ4bl2Kvt4AaABAg.9ekS4mAWZDY9epyr35rmsg,UgyIFKuRk-qZ4bl2Kvt4AaABAg,TRUE
sxgMBPuJ0Ik,2022-08-17T16:06:01Z,136217,,178,Vespa_velutina,Portugal,Insects,established,veneno,Post-Introduction,Threat,Threat,2011,2011-06-01T12:00:00Z,comment,1884,6,UgyIFKuRk-qZ4bl2Kvt4AaABAg.9ekS4mAWZDY9epyr35rmsg,UgyIFKuRk-qZ4bl2Kvt4AaABAg,TRUE
sxgMBPuJ0Ik,2022-08-17T16:06:01Z,136217,,178,Vespa_velutina,Portugal,Insects,established,encontrado,Post-Introduction,Detection,Detection,2011,2011-06-01T12:00:00Z,comment,1884,6,UgyIFKuRk-qZ4bl2Kvt4AaABAg.9ekS4mAWZDY9epyr35rmsg,UgyIFKuRk-qZ4bl2Kvt4AaABAg,TRUE
sxgMBPuJ0Ik,2022-08-17T16:06:01Z,136217,,178,Vespa_velutina,Portugal,Insects,established,peligroso,Post-Introduction,Threat,Threat,2011,2011-06-01T12:00:00Z,comment,1884,6,UgyIFKuRk-qZ4bl2Kvt4AaABAg.9ekS4mAWZDY9epyr35rmsg,UgyIFKuRk-qZ4bl2Kvt4AaABAg,TRUE
sxgMBPuJ0Ik,2022-09-14T15:19:42Z,136217,,178,Vespa_velutina,Portugal,Insects,established,toxico,Post-Introduction,Threat,Threat,2011,2011-06-01T12:00:00Z,comment,1884,2,UgwVeXDP4ZdIEdqSATp4AaABAg.9ebQRg3jKF-9fxzoDVAbms,UgwVeXDP4ZdIEdqSATp4AaABAg,TRUE
sxgMBPuJ0Ik,2022-09-14T15:19:42Z,136217,,178,Vespa_velutina,Portugal,Insects,established,veneno,Post-Introduction,Threat,Threat,2011,2011-06-01T12:00:00Z,comment,1884,2,UgwVeXDP4ZdIEdqSATp4AaABAg.9ebQRg3jKF-9fxzoDVAbms,UgwVeXDP4ZdIEdqSATp4AaABAg,TRUE
sxgMBPuJ0Ik,2022-09-07T12:03:59Z,136217,,178,Vespa_velutina,Portugal,Insects,established,compra,Post-Introduction,eCommerce,eCommerce,2011,2011-06-01T12:00:00Z,comment,1884,2,Ugy2hsAY9DmNcXeZESB4AaABAg.9eHZSh8qDsS9ffbqgBKjFd,Ugy2hsAY9DmNcXeZESB4AaABAg,TRUE
sxgMBPuJ0Ik,2022-09-07T12:03:59Z,136217,,178,Vespa_velutina,Portugal,Insects,established,compra,Post-Introduction,eCommerce,eCommerce,2011,2011-06-01T12:00:00Z,comment,1884,2,Ugy2hsAY9DmNcXeZESB4AaABAg.9eHZSh8qDsS9ffbqgBKjFd,Ugy2hsAY9DmNcXeZESB4AaABAg,TRUE
sxgMBPuJ0Ik,2022-08-30T16:42:49Z,136217,,178,Vespa_velutina,Portugal,Insects,established,plaga,Post-Introduction,Invasion,Invasion,2011,2011-06-01T12:00:00Z,comment,1884,2,UgzVaU06zAx5YqH41A54AaABAg.9eG-z2zS6qm9fMWOwt81Xj,UgzVaU06zAx5YqH41A54AaABAg,TRUE
D8xF0gVkIFc,2025-11-20T00:52:04Z,70679,,71,Vespa_velutina,Portugal,Insects,established,trampa,Post-Introduction,Detection,Detection,2011,2011-06-01T12:00:00Z,comment,1758,0,Ugz9Bqo5KOAMi7DS5yx4AaABAg,,FALSE
D8xF0gVkIFc,2025-11-08T14:32:06Z,70679,,71,Vespa_velutina,Portugal,Insects,established,barata,Post-Introduction,eCommerce,eCommerce,2011,2011-06-01T12:00:00Z,comment,1758,0,UgxHZfv956aB6atRRht4AaABAg,,FALSE
D8xF0gVkIFc,2025-10-01T09:12:59Z,70679,,71,Vespa_velutina,Portugal,Insects,established,visto,Post-Introduction,Detection,Detection,2011,2011-06-01T12:00:00Z,comment,1758,0,UgyHoiHcc-ytpwZBO1F4AaABAg,,FALSE
D8xF0gVkIFc,2025-06-22T18:20:01Z,70679,,71,Vespa_velutina,Portugal,Insects,established,peligro,Post-Introduction,Threat,Threat,2011,2011-06-01T12:00:00Z,comment,1758,1,UgxqMQzZUVRRsPlrJ614AaABAg,,FALSE
D8xF0gVkIFc,2025-04-25T15:37:03Z,70679,,71,Vespa_velutina,Portugal,Insects,established,trampa,Post-Introduction,Detection,Detection,2011,2011-06-01T12:00:00Z,comment,1758,0,UgyfUCgvCP3LZ_xNtYR4AaABAg,,FALSE
D8xF0gVkIFc,2024-11-02T19:06:01Z,70679,,71,Vespa_velutina,Portugal,Insects,established,plaga,Post-Introduction,Invasion,Invasion,2011,2011-06-01T12:00:00Z,comment,1758,1,Ugyh16ELJvgy5TUMvRh4AaABAg,,FALSE
D8xF0gVkIFc,2024-09-08T14:53:43Z,70679,,71,Vespa_velutina,Portugal,Insects,established,riesgo,Post-Introduction,Threat,Threat,2011,2011-06-01T12:00:00Z,comment,1758,8,UgzoR27PY4qwEDJiAlh4AaABAg,,FALSE
D8xF0gVkIFc,2024-08-28T22:11:27Z,70679,,71,Vespa_velutina,Portugal,Insects,established,visto,Post-Introduction,Detection,Detection,2011,2011-06-01T12:00:00Z,comment,1758,1,UgzZBYLOY0lBHE-LmlR4AaABAg,,FALSE
D8xF0gVkIFc,2024-08-28T22:11:27Z,70679,,71,Vespa_velutina,Portugal,Insects,established,veneno,Post-Introduction,Threat,Threat,2011,2011-06-01T12:00:00Z,comment,1758,1,UgzZBYLOY0lBHE-LmlR4AaABAg,,FALSE
D8xF0gVkIFc,2024-08-28T22:11:27Z,70679,,71,Vespa_velutina,Portugal,Insects,established,veneno,Post-Introduction,Threat,Threat,2011,2011-06-01T12:00:00Z,comment,1758,1,UgzZBYLOY0lBHE-LmlR4AaABAg,,FALSE
D8xF0gVkIFc,2024-08-21T17:47:22Z,70679,,71,Vespa_velutina,Portugal,Insects,established,barata,Post-Introduction,eCommerce,eCommerce,2011,2011-06-01T12:00:00Z,comment,1758,1,UgxkDzWZ3ewWRFtpf0t4AaABAg,,FALSE
D8xF0gVkIFc,2024-07-17T18:39:50Z,70679,,71,Vespa_velutina,Portugal,Insects,established,trampa,Post-Introduction,Detection,Detection,2011,2011-06-01T12:00:00Z,comment,1758,1,Ugx-ZUcLvIb_9i3k30d4AaABAg,,FALSE
D8xF0gVkIFc,2024-07-17T18:39:50Z,70679,,71,Vespa_velutina,Portugal,Insects,established,extincion,Post-Introduction,Threat,Threat,2011,2011-06-01T12:00:00Z,comment,1758,1,Ugx-ZUcLvIb_9i3k30d4AaABAg,,FALSE
D8xF0gVkIFc,2024-05-13T16:15:35Z,70679,,71,Vespa_velutina,Portugal,Insects,established,trampa,Post-Introduction,Detection,Detection,2011,2011-06-01T12:00:00Z,comment,1758,9,Ugwlh2mrAWYjDKSSMY94AaABAg,,FALSE
D8xF0gVkIFc,2024-05-13T16:15:35Z,70679,,71,Vespa_velutina,Portugal,Insects,established,peligro,Post-Introduction,Threat,Threat,2011,2011-06-01T12:00:00Z,comment,1758,9,Ugwlh2mrAWYjDKSSMY94AaABAg,,FALSE
D8xF0gVkIFc,2024-05-13T16:15:35Z,70679,,71,Vespa_velutina,Portugal,Insects,established,peligroso,Post-Introduction,Threat,Threat,2011,2011-06-01T12:00:00Z,comment,1758,9,Ugwlh2mrAWYjDKSSMY94AaABAg,,FALSE
D8xF0gVkIFc,2024-05-07T15:52:59Z,70679,,71,Vespa_velutina,Portugal,Insects,established,trampas,Post-Introduction,Detection,Detection,2011,2011-06-01T12:00:00Z,comment,1758,1,UgwC4BIpWO3ThAa1XsV4AaABAg,,FALSE
D8xF0gVkIFc,2024-05-07T15:52:22Z,70679,,71,Vespa_velutina,Portugal,Insects,established,trampas,Post-Introduction,Detection,Detection,2011,2011-06-01T12:00:00Z,comment,1758,0,Ugyjn1S_1iOSAI_GHAJ4AaABAg,,FALSE
D8xF0gVkIFc,2024-05-07T15:52:22Z,70679,,71,Vespa_velutina,Portugal,Insects,established,trampa,Post-Introduction,Detection,Detection,2011,2011-06-01T12:00:00Z,comment,1758,0,Ugyjn1S_1iOSAI_GHAJ4AaABAg,,FALSE
D8xF0gVkIFc,2025-10-15T17:04:29Z,70679,,71,Vespa_velutina,Portugal,Insects,established,trampa,Post-Introduction,Detection,Detection,2011,2011-06-01T12:00:00Z,comment,1758,1,UgynGRhSDAkJdHA0yv14AaABAg.ANokxzvEcbRAOJ6fo1FumR,UgynGRhSDAkJdHA0yv14AaABAg,TRUE
D8xF0gVkIFc,2025-10-04T16:04:49Z,70679,,71,Vespa_velutina,Portugal,Insects,established,nativa,Post-Introduction,Invasion,Invasion,2011,2011-06-01T12:00:00Z,comment,1758,0,Ugw4VQPQEWsIMFG3dWh4AaABAg.AAYxVVSB4tXANrg66VWSgN,Ugw4VQPQEWsIMFG3dWh4AaABAg,TRUE
D8xF0gVkIFc,2025-10-04T16:04:49Z,70679,,71,Vespa_velutina,Portugal,Insects,established,invasion,Post-Introduction,Invasion,Invasion,2011,2011-06-01T12:00:00Z,comment,1758,0,Ugw4VQPQEWsIMFG3dWh4AaABAg.AAYxVVSB4tXANrg66VWSgN,Ugw4VQPQEWsIMFG3dWh4AaABAg,TRUE
D8xF0gVkIFc,2025-01-27T19:25:18Z,70679,,71,Vespa_velutina,Portugal,Insects,established,trampa,Post-Introduction,Detection,Detection,2011,2011-06-01T12:00:00Z,comment,1758,2,Ugyh16ELJvgy5TUMvRh4AaABAg.AALpkHlIMsqADoJJjpHGeV,Ugyh16ELJvgy5TUMvRh4AaABAg,TRUE
D8xF0gVkIFc,2024-09-10T15:16:47Z,70679,,71,Vespa_velutina,Portugal,Insects,established,riesgo,Post-Introduction,Threat,Threat,2011,2011-06-01T12:00:00Z,comment,1758,9,UgzoR27PY4qwEDJiAlh4AaABAg.A87l9LI8gTnA8CxO0V1YkQ,UgzoR27PY4qwEDJiAlh4AaABAg,TRUE
D8xF0gVkIFc,2024-09-10T14:53:24Z,70679,,71,Vespa_velutina,Portugal,Insects,established,plaga,Post-Introduction,Invasion,Invasion,2011,2011-06-01T12:00:00Z,comment,1758,3,UgwMiLtOM7p8VOW8FK14AaABAg.A80oJm-N_SiA8CuhekM75x,UgwMiLtOM7p8VOW8FK14AaABAg,TRUE
D8xF0gVkIFc,2024-11-02T00:04:35Z,70679,,71,Vespa_velutina,Portugal,Insects,established,veneno,Post-Introduction,Threat,Threat,2011,2011-06-01T12:00:00Z,comment,1758,0,UgwMiLtOM7p8VOW8FK14AaABAg.A80oJm-N_SiAAJn7Ebd2Ib,UgwMiLtOM7p8VOW8FK14AaABAg,TRUE
D8xF0gVkIFc,2025-02-17T13:13:25Z,70679,,71,Vespa_velutina,Portugal,Insects,established,vista,Post-Introduction,Detection,Detection,2011,2011-06-01T12:00:00Z,comment,1758,0,UgwCw1EkrsTV2Kgn_SJ4AaABAg.A7kEyb9U4nIAEdiSOkL38Y,UgwCw1EkrsTV2Kgn_SJ4AaABAg,TRUE
D8xF0gVkIFc,2025-02-17T13:11:08Z,70679,,71,Vespa_velutina,Portugal,Insects,established,trampa,Post-Introduction,Detection,Detection,2011,2011-06-01T12:00:00Z,comment,1758,0,UgyrctG7N7vTox-xHyV4AaABAg.A7SiX8TuV6ZAEdiBkbKjaO,UgyrctG7N7vTox-xHyV4AaABAg,TRUE
D8xF0gVkIFc,2025-02-17T13:11:40Z,70679,,71,Vespa_velutina,Portugal,Insects,established,visto,Post-Introduction,Detection,Detection,2011,2011-06-01T12:00:00Z,comment,1758,3,UgxnbYVZG0MDpUuX_iJ4AaABAg.A7DVG0zz4JpAEdiFaGBk2a,UgxnbYVZG0MDpUuX_iJ4AaABAg,TRUE
D8xF0gVkIFc,2025-02-17T18:11:05Z,70679,,71,Vespa_velutina,Portugal,Insects,established,trampa,Post-Introduction,Detection,Detection,2011,2011-06-01T12:00:00Z,comment,1758,1,UgxnbYVZG0MDpUuX_iJ4AaABAg.A7DVG0zz4JpAEeFWWwo_hS,UgxnbYVZG0MDpUuX_iJ4AaABAg,TRUE
D8xF0gVkIFc,2025-02-17T13:12:13Z,70679,,71,Vespa_velutina,Portugal,Insects,established,trampa,Post-Introduction,Detection,Detection,2011,2011-06-01T12:00:00Z,comment,1758,1,UgwjJWS1Cf0s-GWxpo94AaABAg.A6kyFU8D4IZAEdiJgfn_wx,UgwjJWS1Cf0s-GWxpo94AaABAg,TRUE
D8xF0gVkIFc,2024-11-02T00:12:02Z,70679,,71,Vespa_velutina,Portugal,Insects,established,trampa,Post-Introduction,Detection,Detection,2011,2011-06-01T12:00:00Z,comment,1758,1,Ugx-ZUcLvIb_9i3k30d4AaABAg.A6-gu-fzeV8AAJnyl7Lwy4,Ugx-ZUcLvIb_9i3k30d4AaABAg,TRUE
D8xF0gVkIFc,2025-02-17T13:15:32Z,70679,,71,Vespa_velutina,Portugal,Insects,established,trampa,Post-Introduction,Detection,Detection,2011,2011-06-01T12:00:00Z,comment,1758,0,Ugx-ZUcLvIb_9i3k30d4AaABAg.A6-gu-fzeV8AEdigvawN52,Ugx-ZUcLvIb_9i3k30d4AaABAg,TRUE
D8xF0gVkIFc,2024-07-15T08:00:40Z,70679,,71,Vespa_velutina,Portugal,Insects,established,trampa,Post-Introduction,Detection,Detection,2011,2011-06-01T12:00:00Z,comment,1758,1,UgzqlywlbgFXOvba_TF4AaABAg.A568MkjA_3EA5uP9voBj0R,UgzqlywlbgFXOvba_TF4AaABAg,TRUE
D8xF0gVkIFc,2024-05-25T05:46:01Z,70679,,71,Vespa_velutina,Portugal,Insects,established,trampa,Post-Introduction,Detection,Detection,2011,2011-06-01T12:00:00Z,comment,1758,2,UgzwWYoDq5nixLcISIZ4AaABAg.A3PAVcnUwDOA3qqD6Zaq6g,UgzwWYoDq5nixLcISIZ4AaABAg,TRUE
D8xF0gVkIFc,2024-07-23T09:05:19Z,70679,,71,Vespa_velutina,Portugal,Insects,established,trampas,Post-Introduction,Detection,Detection,2011,2011-06-01T12:00:00Z,comment,1758,0,Ugyjn1S_1iOSAI_GHAJ4AaABAg.A38_IOX_mxAA6E6vMmGOLW,Ugyjn1S_1iOSAI_GHAJ4AaABAg,TRUE
SKaunwOcgiY,2025-11-06T12:23:59Z,22083,,19,Vespa_velutina,Portugal,Insects,established,trampa,Post-Introduction,Detection,Detection,2011,2011-06-01T12:00:00Z,comment,373,1,UgzR11bYWIZw9j2cWlp4AaABAg,,FALSE
SKaunwOcgiY,2025-10-04T16:48:28Z,22083,,19,Vespa_velutina,Portugal,Insects,established,trampa,Post-Introduction,Detection,Detection,2011,2011-06-01T12:00:00Z,comment,373,0,Ugzk8FmNEc-nykWkXfx4AaABAg,,FALSE
SKaunwOcgiY,2024-03-18T10:42:22Z,22083,,19,Vespa_velutina,Portugal,Insects,established,establecido,Post-Introduction,Invasion,Invasion,2011,2011-06-01T12:00:00Z,comment,373,1,UgwqY3SGXWLAh5TK5D14AaABAg,,FALSE
SKaunwOcgiY,2023-10-14T20:14:13Z,22083,,19,Vespa_velutina,Portugal,Insects,established,invasion,Post-Introduction,Invasion,Invasion,2011,2011-06-01T12:00:00Z,comment,373,1,Ugz2u5hNbW4kDVKy5sx4AaABAg,,FALSE
SKaunwOcgiY,2023-10-14T20:14:13Z,22083,,19,Vespa_velutina,Portugal,Insects,established,capturada,Post-Introduction,Detection,Detection,2011,2011-06-01T12:00:00Z,comment,373,1,Ugz2u5hNbW4kDVKy5sx4AaABAg,,FALSE
SKaunwOcgiY,2023-10-14T20:14:13Z,22083,,19,Vespa_velutina,Portugal,Insects,established,trampas,Post-Introduction,Detection,Detection,2011,2011-06-01T12:00:00Z,comment,373,1,Ugz2u5hNbW4kDVKy5sx4AaABAg,,FALSE
SKaunwOcgiY,2023-10-14T20:14:13Z,22083,,19,Vespa_velutina,Portugal,Insects,established,capturas,Post-Introduction,Detection,Detection,2011,2011-06-01T12:00:00Z,comment,373,1,Ugz2u5hNbW4kDVKy5sx4AaABAg,,FALSE
SKaunwOcgiY,2023-10-14T20:14:13Z,22083,,19,Vespa_velutina,Portugal,Insects,established,trampas,Post-Introduction,Detection,Detection,2011,2011-06-01T12:00:00Z,comment,373,1,Ugz2u5hNbW4kDVKy5sx4AaABAg,,FALSE
SKaunwOcgiY,2023-10-14T20:14:13Z,22083,,19,Vespa_velutina,Portugal,Insects,established,captures,Post-Introduction,Detection,Detection,2011,2011-06-01T12:00:00Z,comment,373,1,Ugz2u5hNbW4kDVKy5sx4AaABAg,,FALSE
SKaunwOcgiY,2023-10-14T20:14:13Z,22083,,19,Vespa_velutina,Portugal,Insects,established,capturas,Post-Introduction,Detection,Detection,2011,2011-06-01T12:00:00Z,comment,373,1,Ugz2u5hNbW4kDVKy5sx4AaABAg,,FALSE
SKaunwOcgiY,2023-10-14T20:14:13Z,22083,,19,Vespa_velutina,Portugal,Insects,established,trampas,Post-Introduction,Detection,Detection,2011,2011-06-01T12:00:00Z,comment,373,1,Ugz2u5hNbW4kDVKy5sx4AaABAg,,FALSE
SKaunwOcgiY,2023-10-14T20:14:13Z,22083,,19,Vespa_velutina,Portugal,Insects,established,contaminacion,Post-Introduction,Threat,Threat,2011,2011-06-01T12:00:00Z,comment,373,1,Ugz2u5hNbW4kDVKy5sx4AaABAg,,FALSE
SKaunwOcgiY,2023-10-14T20:14:13Z,22083,,19,Vespa_velutina,Portugal,Insects,established,captura,Post-Introduction,Detection,Detection,2011,2011-06-01T12:00:00Z,comment,373,1,Ugz2u5hNbW4kDVKy5sx4AaABAg,,FALSE
SKaunwOcgiY,2023-09-01T15:44:06Z,22083,,19,Vespa_velutina,Portugal,Insects,established,trampas,Post-Introduction,Detection,Detection,2011,2011-06-01T12:00:00Z,comment,373,0,UgyGQsbUZyGY82kUpL54AaABAg.9u4TD4xLcmU9u7PPs9hYk5,UgyGQsbUZyGY82kUpL54AaABAg,TRUE
wNCzKVxxct0,2018-07-28T08:30:33Z,19568,,83,Vespa_velutina,Portugal,Insects,established,competencia,Post-Introduction,Threat,Threat,2011,2011-06-01T12:00:00Z,comment,868,2,Ugw7QtIgh9CE4JWx7K14AaABAg,,FALSE
wNCzKVxxct0,2018-08-02T09:14:37Z,19568,,83,Vespa_velutina,Portugal,Insects,established,visto,Post-Introduction,Detection,Detection,2011,2011-06-01T12:00:00Z,comment,868,0,Ugw7QtIgh9CE4JWx7K14AaABAg.8jEhSDFcKy18jReTOUi9Ok,Ugw7QtIgh9CE4JWx7K14AaABAg,TRUE
hoc3LhpVh8w,2024-10-19T06:54:33Z,12798,,7,Vespa_velutina,Portugal,Insects,established,peligroso,Post-Introduction,Threat,Threat,2011,2011-06-01T12:00:00Z,comment,45,0,Ugx7bDtwDbt1tQ8zn6p4AaABAg,,FALSE
hoc3LhpVh8w,2024-07-18T12:43:04Z,12798,,7,Vespa_velutina,Portugal,Insects,established,veneno,Post-Introduction,Threat,Threat,2011,2011-06-01T12:00:00Z,comment,45,0,Ugz-MLrh0gI2ED1LO6h4AaABAg,,FALSE
KWSaoIqbPHA,2023-08-12T06:03:51Z,69183,,33,Vespa_velutina,Portugal,Insects,established,peligro,Post-Introduction,Threat,Threat,2011,2011-06-01T12:00:00Z,comment,907,10,UgxwFRcfX2R3YyDymKZ4AaABAg.9tIT9mZI3u89tIs6_D06CH,UgxwFRcfX2R3YyDymKZ4AaABAg,TRUE
KWSaoIqbPHA,2023-08-15T15:29:29Z,69183,,33,Vespa_velutina,Portugal,Insects,established,plaga,Post-Introduction,Invasion,Invasion,2011,2011-06-01T12:00:00Z,comment,907,0,UgxwFRcfX2R3YyDymKZ4AaABAg.9tIT9mZI3u89tRbE5iSsm-,UgxwFRcfX2R3YyDymKZ4AaABAg,TRUE
_uVdUKjecgo,2019-09-23T03:34:43Z,32818,,8,Vespa_velutina,Portugal,Insects,established,invadir,Post-Introduction,Invasion,Invasion,2011,2011-06-01T12:00:00Z,comment,138,1,UgxOW6D_WotK0n2pxfx4AaABAg,,FALSE
_uVdUKjecgo,2018-09-12T06:35:14Z,32818,,8,Vespa_velutina,Portugal,Insects,established,veneno,Post-Introduction,Threat,Threat,2011,2011-06-01T12:00:00Z,comment,138,0,UgxCMzAz9U7-9L2xzEJ4AaABAg,,FALSE
acYv6m43Ncg,2025-08-29T15:13:54Z,12696,,3,Vespa_velutina,Portugal,Insects,established,trampas,Post-Introduction,Detection,Detection,2011,2011-06-01T12:00:00Z,comment,310,0,UgyB85U991_uXPojF-F4AaABAg,,FALSE
acYv6m43Ncg,2025-10-02T10:00:42Z,12696,,3,Vespa_velutina,Portugal,Insects,established,barata,Post-Introduction,eCommerce,eCommerce,2011,2011-06-01T12:00:00Z,comment,310,0,UgyOW40uiz1ZoaPK2Q94AaABAg.AN7m-tq0fGuANlsq_NkURt,UgyOW40uiz1ZoaPK2Q94AaABAg,TRUE
acYv6m43Ncg,2025-08-29T15:16:07Z,12696,,3,Vespa_velutina,Portugal,Insects,established,trampas,Post-Introduction,Detection,Detection,2011,2011-06-01T12:00:00Z,comment,310,0,UgyB85U991_uXPojF-F4AaABAg.AMPtek4ANXAAMPtuvml3dh,UgyB85U991_uXPojF-F4AaABAg,TRUE
acYv6m43Ncg,2025-08-02T22:07:53Z,12696,,3,Vespa_velutina,Portugal,Insects,established,trampa,Post-Introduction,Detection,Detection,2011,2011-06-01T12:00:00Z,comment,310,0,UgxS5N81u1rjGwctZVN4AaABAg.9tHR4MHF1kOALL6_BNx3j0,UgxS5N81u1rjGwctZVN4AaABAg,TRUE
IHa5t68Yqyo,2019-09-28T08:16:50Z,297,,1,Vespa_velutina,Portugal,Insects,established,trampas,Post-Introduction,Detection,Detection,2011,2011-06-01T12:00:00Z,comment,4,0,Ugw6twiXuziDFkgHPit4AaABAg,,FALSE
IHa5t68Yqyo,2019-09-28T08:16:50Z,297,,1,Vespa_velutina,Portugal,Insects,established,trampas,Post-Introduction,Detection,Detection,2011,2011-06-01T12:00:00Z,comment,4,0,Ugw6twiXuziDFkgHPit4AaABAg,,FALSE
_ipMjAKWW38,2013-10-08T16:54:17Z,3879,,1,Vespa_velutina,Portugal,Insects,established,peligrosa,Post-Introduction,Threat,Threat,2011,2011-06-01T12:00:00Z,comment,13,0,UgzlS__yR3AtPTLuw2x4AaABAg,,FALSE
kt7ksi_oAsM,2020-05-04T16:06:28Z,4858,,4,Vespa_velutina,Portugal,Insects,established,invasion,Post-Introduction,Invasion,Invasion,2011,2011-06-01T12:00:00Z,comment,43,1,UgxYcAFn5aP7gzwNHCZ4AaABAg,,FALSE
kt7ksi_oAsM,2020-05-04T16:06:28Z,4858,,4,Vespa_velutina,Portugal,Insects,established,control,Post-Introduction,Detection,Detection,2011,2011-06-01T12:00:00Z,comment,43,1,UgxYcAFn5aP7gzwNHCZ4AaABAg,,FALSE
-s2Jk_3BUJ0,2022-11-08T16:23:38Z,42854,,43,Vespa_velutina,Portugal,Insects,established,extincion,Post-Introduction,Threat,Threat,2011,2011-06-01T12:00:00Z,comment,443,0,UgwLU5OLJYVlCX7GW_d4AaABAg,,FALSE
-s2Jk_3BUJ0,2022-08-02T10:51:47Z,42854,,43,Vespa_velutina,Portugal,Insects,established,trampas,Post-Introduction,Detection,Detection,2011,2011-06-01T12:00:00Z,comment,443,0,Ugyez_7JsiDHfx_N8G94AaABAg,,FALSE
-s2Jk_3BUJ0,2021-07-18T23:18:10Z,42854,,43,Vespa_velutina,Portugal,Insects,established,visto,Post-Introduction,Detection,Detection,2011,2011-06-01T12:00:00Z,comment,443,0,UgwOtHohhWGUhVC5t3h4AaABAg,,FALSE
-s2Jk_3BUJ0,2019-08-11T17:09:15Z,42854,,43,Vespa_velutina,Portugal,Insects,established,trampas,Post-Introduction,Detection,Detection,2011,2011-06-01T12:00:00Z,comment,443,2,Ugz9Yv_i3yuPqgC8pb14AaABAg,,FALSE
-s2Jk_3BUJ0,2019-08-11T17:09:15Z,42854,,43,Vespa_velutina,Portugal,Insects,established,trampa,Post-Introduction,Detection,Detection,2011,2011-06-01T12:00:00Z,comment,443,2,Ugz9Yv_i3yuPqgC8pb14AaABAg,,FALSE
-s2Jk_3BUJ0,2018-06-17T20:05:51Z,42854,,43,Vespa_velutina,Portugal,Insects,established,trampas,Post-Introduction,Detection,Detection,2011,2011-06-01T12:00:00Z,comment,443,1,UgyBxZ05wQHheZGfU_94AaABAg,,FALSE
-s2Jk_3BUJ0,2017-08-07T15:00:43Z,42854,,43,Vespa_velutina,Portugal,Insects,established,alien,Post-Introduction,Invasion,Invasion,2011,2011-06-01T12:00:00Z,comment,443,1,UgxT0eWmzQIqjMi1qph4AaABAg,,FALSE
-s2Jk_3BUJ0,2018-06-18T14:14:00Z,42854,,43,Vespa_velutina,Portugal,Insects,established,capturar,Post-Introduction,Detection,Detection,2011,2011-06-01T12:00:00Z,comment,443,1,UgyBxZ05wQHheZGfU_94AaABAg.8hbNQsWu-aB8hdJxi7l8aQ,UgyBxZ05wQHheZGfU_94AaABAg,TRUE
-s2Jk_3BUJ0,2018-06-18T14:14:00Z,42854,,43,Vespa_velutina,Portugal,Insects,established,expansion,Post-Introduction,Invasion,Invasion,2011,2011-06-01T12:00:00Z,comment,443,1,UgyBxZ05wQHheZGfU_94AaABAg.8hbNQsWu-aB8hdJxi7l8aQ,UgyBxZ05wQHheZGfU_94AaABAg,TRUE
-s2Jk_3BUJ0,2018-06-18T14:14:00Z,42854,,43,Vespa_velutina,Portugal,Insects,established,capturar,Post-Introduction,Detection,Detection,2011,2011-06-01T12:00:00Z,comment,443,1,UgyBxZ05wQHheZGfU_94AaABAg.8hbNQsWu-aB8hdJxi7l8aQ,UgyBxZ05wQHheZGfU_94AaABAg,TRUE
-s2Jk_3BUJ0,2018-06-18T14:14:00Z,42854,,43,Vespa_velutina,Portugal,Insects,established,control,Post-Introduction,Detection,Detection,2011,2011-06-01T12:00:00Z,comment,443,1,UgyBxZ05wQHheZGfU_94AaABAg.8hbNQsWu-aB8hdJxi7l8aQ,UgyBxZ05wQHheZGfU_94AaABAg,TRUE
-s2Jk_3BUJ0,2018-06-20T20:37:10Z,42854,,43,Vespa_velutina,Portugal,Insects,established,trampas,Post-Introduction,Detection,Detection,2011,2011-06-01T12:00:00Z,comment,443,1,UgyBxZ05wQHheZGfU_94AaABAg.8hbNQsWu-aB8hj9OqpSFES,UgyBxZ05wQHheZGfU_94AaABAg,TRUE
-s2Jk_3BUJ0,2018-06-20T20:37:10Z,42854,,43,Vespa_velutina,Portugal,Insects,established,trampas,Post-Introduction,Detection,Detection,2011,2011-06-01T12:00:00Z,comment,443,1,UgyBxZ05wQHheZGfU_94AaABAg.8hbNQsWu-aB8hj9OqpSFES,UgyBxZ05wQHheZGfU_94AaABAg,TRUE
-s2Jk_3BUJ0,2018-06-20T20:37:10Z,42854,,43,Vespa_velutina,Portugal,Insects,established,trampa,Post-Introduction,Detection,Detection,2011,2011-06-01T12:00:00Z,comment,443,1,UgyBxZ05wQHheZGfU_94AaABAg.8hbNQsWu-aB8hj9OqpSFES,UgyBxZ05wQHheZGfU_94AaABAg,TRUE
-s2Jk_3BUJ0,2018-06-26T21:59:40Z,42854,,43,Vespa_velutina,Portugal,Insects,established,capturar,Post-Introduction,Detection,Detection,2011,2011-06-01T12:00:00Z,comment,443,1,UgyBxZ05wQHheZGfU_94AaABAg.8hbNQsWu-aB8hykbKN0i2M,UgyBxZ05wQHheZGfU_94AaABAg,TRUE
-s2Jk_3BUJ0,2018-06-26T21:59:40Z,42854,,43,Vespa_velutina,Portugal,Insects,established,expansion,Post-Introduction,Invasion,Invasion,2011,2011-06-01T12:00:00Z,comment,443,1,UgyBxZ05wQHheZGfU_94AaABAg.8hbNQsWu-aB8hykbKN0i2M,UgyBxZ05wQHheZGfU_94AaABAg,TRUE
-s2Jk_3BUJ0,2018-06-26T21:59:40Z,42854,,43,Vespa_velutina,Portugal,Insects,established,trampas,Post-Introduction,Detection,Detection,2011,2011-06-01T12:00:00Z,comment,443,1,UgyBxZ05wQHheZGfU_94AaABAg.8hbNQsWu-aB8hykbKN0i2M,UgyBxZ05wQHheZGfU_94AaABAg,TRUE
-s2Jk_3BUJ0,2018-06-26T21:59:40Z,42854,,43,Vespa_velutina,Portugal,Insects,established,captura,Post-Introduction,Detection,Detection,2011,2011-06-01T12:00:00Z,comment,443,1,UgyBxZ05wQHheZGfU_94AaABAg.8hbNQsWu-aB8hykbKN0i2M,UgyBxZ05wQHheZGfU_94AaABAg,TRUE
JWYd2KeMCtM,2023-02-22T20:10:48Z,4098,,25,Vespa_velutina,Portugal,Insects,established,trampas,Post-Introduction,Detection,Detection,2011,2011-06-01T12:00:00Z,comment,89,0,UgwgqafGbbykcoNqMZx4AaABAg,,FALSE
JWYd2KeMCtM,2022-08-02T20:52:28Z,4098,,25,Vespa_velutina,Portugal,Insects,established,visto,Post-Introduction,Detection,Detection,2011,2011-06-01T12:00:00Z,comment,89,2,UgwLegsKna3IT_KijfZ4AaABAg,,FALSE
JWYd2KeMCtM,2022-07-27T18:31:20Z,4098,,25,Vespa_velutina,Portugal,Insects,established,dinero,Post-Introduction,eCommerce,eCommerce,2011,2011-06-01T12:00:00Z,comment,89,2,UgxhSGhgkRUFrUWiQ7R4AaABAg,,FALSE
JWYd2KeMCtM,2022-07-27T10:50:40Z,4098,,25,Vespa_velutina,Portugal,Insects,established,trampa,Post-Introduction,Detection,Detection,2011,2011-06-01T12:00:00Z,comment,89,1,Ugy57HYcsD4TKo7q01F4AaABAg,,FALSE
JWYd2KeMCtM,2022-07-27T08:42:02Z,4098,,25,Vespa_velutina,Portugal,Insects,established,visto,Post-Introduction,Detection,Detection,2011,2011-06-01T12:00:00Z,comment,89,3,UgzA1s4XkMjqmw4bNSt4AaABAg,,FALSE
JWYd2KeMCtM,2022-07-27T08:42:02Z,4098,,25,Vespa_velutina,Portugal,Insects,established,trampas,Post-Introduction,Detection,Detection,2011,2011-06-01T12:00:00Z,comment,89,3,UgzA1s4XkMjqmw4bNSt4AaABAg,,FALSE
JWYd2KeMCtM,2022-07-26T21:53:09Z,4098,,25,Vespa_velutina,Portugal,Insects,established,trampas,Post-Introduction,Detection,Detection,2011,2011-06-01T12:00:00Z,comment,89,0,Ugwwb9vI9ZWNfRYON5t4AaABAg,,FALSE
JWYd2KeMCtM,2022-08-02T21:06:07Z,4098,,25,Vespa_velutina,Portugal,Insects,established,expansion,Post-Introduction,Invasion,Invasion,2011,2011-06-01T12:00:00Z,comment,89,1,UgwLegsKna3IT_KijfZ4AaABAg.9eErhtZ5BUt9eEtGpwxilg,UgwLegsKna3IT_KijfZ4AaABAg,TRUE
JWYd2KeMCtM,2022-07-28T19:14:23Z,4098,,25,Vespa_velutina,Portugal,Insects,established,costes,Post-Introduction,eCommerce,eCommerce,2011,2011-06-01T12:00:00Z,comment,89,1,UgxhSGhgkRUFrUWiQ7R4AaABAg.9e-9mzDHATe9e1oW6z0go4,UgxhSGhgkRUFrUWiQ7R4AaABAg,TRUE
JWYd2KeMCtM,2022-07-27T02:45:30Z,4098,,25,Vespa_velutina,Portugal,Insects,established,trampas,Post-Introduction,Detection,Detection,2011,2011-06-01T12:00:00Z,comment,89,0,Ugwwb9vI9ZWNfRYON5t4AaABAg.9dxx5Cu3kvs9dyTYTj86qN,Ugwwb9vI9ZWNfRYON5t4AaABAg,TRUE
JWYd2KeMCtM,2022-07-27T12:20:05Z,4098,,25,Vespa_velutina,Portugal,Insects,established,trampas,Post-Introduction,Detection,Detection,2011,2011-06-01T12:00:00Z,comment,89,1,Ugwwb9vI9ZWNfRYON5t4AaABAg.9dxx5Cu3kvs9dzVInOnJIA,Ugwwb9vI9ZWNfRYON5t4AaABAg,TRUE
edu8gEIzAmw,2020-06-07T00:32:15Z,201397,,33,Vespa_velutina,Portugal,Insects,established,encontre,Post-Introduction,Detection,Detection,2011,2011-06-01T12:00:00Z,comment,407,0,UgzVIa_3ZenT1gKX7sd4AaABAg,,FALSE
edu8gEIzAmw,2020-05-05T20:18:23Z,201397,,33,Vespa_velutina,Portugal,Insects,established,invasor,Post-Introduction,Invasion,Invasion,2011,2011-06-01T12:00:00Z,comment,407,0,UgxaGgCykDOMx-Kc_DR4AaABAg.919CCsRUTQh98Hwld8nbeW,UgxaGgCykDOMx-Kc_DR4AaABAg,TRUE
sbHjYXs6VJU,2025-04-18T15:22:44Z,2667,,19,Vespa_velutina,Portugal,Insects,established,trampas,Post-Introduction,Detection,Detection,2011,2011-06-01T12:00:00Z,comment,296,1,UgyO5sQXhEPYOdNHoGF4AaABAg,,FALSE
sbHjYXs6VJU,2025-04-18T15:22:44Z,2667,,19,Vespa_velutina,Portugal,Insects,established,trampas,Post-Introduction,Detection,Detection,2011,2011-06-01T12:00:00Z,comment,296,1,UgyO5sQXhEPYOdNHoGF4AaABAg,,FALSE
Ts_ScnLyvVU,2022-01-11T00:52:08Z,3333,,37,Vespa_velutina,Portugal,Insects,established,comprar,Post-Introduction,eCommerce,eCommerce,2011,2011-06-01T12:00:00Z,comment,99,0,Ugxqvp7g9rCKeCxM1o94AaABAg,,FALSE
Ts_ScnLyvVU,2022-01-08T01:15:38Z,3333,,37,Vespa_velutina,Portugal,Insects,established,dinero,Post-Introduction,eCommerce,eCommerce,2011,2011-06-01T12:00:00Z,comment,99,0,UgylCUhJh1urIYo_uQJ4AaABAg,,FALSE
Ts_ScnLyvVU,2022-01-05T22:29:06Z,3333,,37,Vespa_velutina,Portugal,Insects,established,capturar,Post-Introduction,Detection,Detection,2011,2011-06-01T12:00:00Z,comment,99,1,UgzKkG0z4vyxMgtzpLF4AaABAg,,FALSE
Ts_ScnLyvVU,2022-01-05T22:29:06Z,3333,,37,Vespa_velutina,Portugal,Insects,established,trampas,Post-Introduction,Detection,Detection,2011,2011-06-01T12:00:00Z,comment,99,1,UgzKkG0z4vyxMgtzpLF4AaABAg,,FALSE
Ts_ScnLyvVU,2022-01-04T23:11:15Z,3333,,37,Vespa_velutina,Portugal,Insects,established,trampas,Post-Introduction,Detection,Detection,2011,2011-06-01T12:00:00Z,comment,99,1,UgwKeWSsldmA5mNnVcJ4AaABAg,,FALSE
Ts_ScnLyvVU,2022-01-04T23:11:15Z,3333,,37,Vespa_velutina,Portugal,Insects,established,visto,Post-Introduction,Detection,Detection,2011,2011-06-01T12:00:00Z,comment,99,1,UgwKeWSsldmA5mNnVcJ4AaABAg,,FALSE
Ts_ScnLyvVU,2022-01-04T19:20:31Z,3333,,37,Vespa_velutina,Portugal,Insects,established,establecida,Post-Introduction,Invasion,Invasion,2011,2011-06-01T12:00:00Z,comment,99,3,UgwWucPCBQqjwOG1rWF4AaABAg,,FALSE
Ts_ScnLyvVU,2022-01-04T19:20:31Z,3333,,37,Vespa_velutina,Portugal,Insects,established,reproduciendose,Post-Introduction,Invasion,Invasion,2011,2011-06-01T12:00:00Z,comment,99,3,UgwWucPCBQqjwOG1rWF4AaABAg,,FALSE
Ts_ScnLyvVU,2022-08-08T12:20:11Z,3333,,37,Vespa_velutina,Portugal,Insects,established,veneno,Post-Introduction,Threat,Threat,2011,2011-06-01T12:00:00Z,comment,99,0,UgzOuON9dDiHj8yDJLZ4AaABAg.9eQxU8R5fcQ9eTOr1iYK-3,UgzOuON9dDiHj8yDJLZ4AaABAg,TRUE
Ts_ScnLyvVU,2022-01-04T22:07:40Z,3333,,37,Vespa_velutina,Portugal,Insects,established,trampas,Post-Introduction,Detection,Detection,2011,2011-06-01T12:00:00Z,comment,99,0,UgwWucPCBQqjwOG1rWF4AaABAg.9WmyFj7y95M9WnGNx9yI9T,UgwWucPCBQqjwOG1rWF4AaABAg,TRUE
Jyed3xj1mQo,2024-10-04T16:39:03Z,1366,,4,Vespa_velutina,Portugal,Insects,established,encontre,Post-Introduction,Detection,Detection,2011,2011-06-01T12:00:00Z,comment,53,0,UgxE7-IQofSBtEOgDwF4AaABAg.9wYGtETd9jxA9AtsWkTigG,UgxE7-IQofSBtEOgDwF4AaABAg,TRUE
Jyed3xj1mQo,2024-10-04T16:38:48Z,1366,,4,Vespa_velutina,Portugal,Insects,established,encontre,Post-Introduction,Detection,Detection,2011,2011-06-01T12:00:00Z,comment,53,0,UgzcQq84ynQgLYD7oZx4AaABAg.9wYG0AHcultA9Atqf0zSzp,UgzcQq84ynQgLYD7oZx4AaABAg,TRUE
dLdj0SbAmGw,2018-01-17T09:50:06Z,15317,,4,Vespa_velutina,Portugal,Insects,established,invasora,Post-Introduction,Invasion,Invasion,2011,2011-06-01T12:00:00Z,comment,80,0,Ugyo-aU-leovbtonc2l4AaABAg.8GcEsTfSge58bWSvwK4WMa,Ugyo-aU-leovbtonc2l4AaABAg,TRUE
8jiJ-emDXiQ,2020-09-29T03:09:15Z,19044,,15,Vespa_velutina,Portugal,Insects,established,encontrado,Post-Introduction,Detection,Detection,2011,2011-06-01T12:00:00Z,comment,148,0,UgzJHWOHjII6zBdfQD54AaABAg,,FALSE
8jiJ-emDXiQ,2019-06-12T01:51:02Z,19044,,15,Vespa_velutina,Portugal,Insects,established,reciente,Post-Introduction,Detection,Detection,2011,2011-06-01T12:00:00Z,comment,148,0,UgxlsJHaGuj3j7sRBV54AaABAg,,FALSE
8jiJ-emDXiQ,2018-12-26T20:42:08Z,19044,,15,Vespa_velutina,Portugal,Insects,established,trampas,Post-Introduction,Detection,Detection,2011,2011-06-01T12:00:00Z,comment,148,3,UgyEBq2IWmGP0ntQnF14AaABAg,,FALSE
8jiJ-emDXiQ,2018-12-26T20:42:08Z,19044,,15,Vespa_velutina,Portugal,Insects,established,trampas,Post-Introduction,Detection,Detection,2011,2011-06-01T12:00:00Z,comment,148,3,UgyEBq2IWmGP0ntQnF14AaABAg,,FALSE
8jiJ-emDXiQ,2013-11-26T01:16:27Z,19044,,15,Vespa_velutina,Portugal,Insects,established,plaga,Post-Introduction,Invasion,Invasion,2011,2011-06-01T12:00:00Z,comment,148,1,Ughe5X3G3QP_0XgCoAEC,,FALSE
8jiJ-emDXiQ,2013-01-13T14:10:22Z,19044,,15,Vespa_velutina,Portugal,Insects,established,visto,Post-Introduction,Detection,Detection,2011,2011-06-01T12:00:00Z,comment,148,0,UgwBNKGWqa2JrDmbbQV4AaABAg,,FALSE
8jiJ-emDXiQ,2013-01-13T14:10:22Z,19044,,15,Vespa_velutina,Portugal,Insects,established,trampa,Post-Introduction,Detection,Detection,2011,2011-06-01T12:00:00Z,comment,148,0,UgwBNKGWqa2JrDmbbQV4AaABAg,,FALSE
iBbQN0IbMFw,2018-11-01T02:11:13Z,1691,,3,Vespa_velutina,Portugal,Insects,established,plagas,Post-Introduction,Invasion,Invasion,2011,2011-06-01T12:00:00Z,comment,18,0,UgzqEbcYQIopTQkVDjx4AaABAg,,FALSE
TvQBlmvo2XY,2020-06-07T17:20:44Z,33018,,60,Vespa_velutina,Portugal,Insects,established,introducida,Post-Introduction,Invasion,Invasion,2011,2011-06-01T12:00:00Z,comment,455,1,Ugz5sHiH-Po8tr2_gjV4AaABAg,,FALSE
TvQBlmvo2XY,2018-09-28T15:56:53Z,33018,,60,Vespa_velutina,Portugal,Insects,established,invasion,Post-Introduction,Invasion,Invasion,2011,2011-06-01T12:00:00Z,comment,455,1,UgwT4OMSgb9hkiGP2cR4AaABAg,,FALSE
TvQBlmvo2XY,2018-09-28T15:56:53Z,33018,,60,Vespa_velutina,Portugal,Insects,established,visto,Post-Introduction,Detection,Detection,2011,2011-06-01T12:00:00Z,comment,455,1,UgwT4OMSgb9hkiGP2cR4AaABAg,,FALSE
TvQBlmvo2XY,2018-09-28T15:56:53Z,33018,,60,Vespa_velutina,Portugal,Insects,established,visto,Post-Introduction,Detection,Detection,2011,2011-06-01T12:00:00Z,comment,455,1,UgwT4OMSgb9hkiGP2cR4AaABAg,,FALSE
TvQBlmvo2XY,2018-09-28T15:56:53Z,33018,,60,Vespa_velutina,Portugal,Insects,established,visto,Post-Introduction,Detection,Detection,2011,2011-06-01T12:00:00Z,comment,455,1,UgwT4OMSgb9hkiGP2cR4AaABAg,,FALSE
TvQBlmvo2XY,2018-09-05T16:39:11Z,33018,,60,Vespa_velutina,Portugal,Insects,established,plaga,Post-Introduction,Invasion,Invasion,2011,2011-06-01T12:00:00Z,comment,455,1,UgxQnMhlcsBQB8Q9gEp4AaABAg,,FALSE
TvQBlmvo2XY,2018-09-05T16:39:11Z,33018,,60,Vespa_velutina,Portugal,Insects,established,controlada,Post-Introduction,Detection,Detection,2011,2011-06-01T12:00:00Z,comment,455,1,UgxQnMhlcsBQB8Q9gEp4AaABAg,,FALSE
TvQBlmvo2XY,2018-09-01T01:26:43Z,33018,,60,Vespa_velutina,Portugal,Insects,established,invasion,Post-Introduction,Invasion,Invasion,2011,2011-06-01T12:00:00Z,comment,455,1,UgyjrDhV9asw3NY3ZQN4AaABAg,,FALSE
TvQBlmvo2XY,2018-08-28T01:14:50Z,33018,,60,Vespa_velutina,Portugal,Insects,established,plaga,Post-Introduction,Invasion,Invasion,2011,2011-06-01T12:00:00Z,comment,455,4,UgyTJUMgcA0LUzuyQi94AaABAg,,FALSE
TvQBlmvo2XY,2018-08-28T01:14:50Z,33018,,60,Vespa_velutina,Portugal,Insects,established,visto,Post-Introduction,Detection,Detection,2011,2011-06-01T12:00:00Z,comment,455,4,UgyTJUMgcA0LUzuyQi94AaABAg,,FALSE
TvQBlmvo2XY,2018-08-26T18:54:50Z,33018,,60,Vespa_velutina,Portugal,Insects,established,trampas,Post-Introduction,Detection,Detection,2011,2011-06-01T12:00:00Z,comment,455,1,UgwULQila75Bh36M6PJ4AaABAg,,FALSE
TvQBlmvo2XY,2018-08-21T19:32:03Z,33018,,60,Vespa_velutina,Portugal,Insects,established,visto,Post-Introduction,Detection,Detection,2011,2011-06-01T12:00:00Z,comment,455,1,UgwMV3RA20pRSiH4Sd94AaABAg,,FALSE
TvQBlmvo2XY,2018-08-20T06:28:12Z,33018,,60,Vespa_velutina,Portugal,Insects,established,dispersar,Post-Introduction,Invasion,Invasion,2011,2011-06-01T12:00:00Z,comment,455,1,UgyQfkbkjgJib5DMbnZ4AaABAg,,FALSE
TvQBlmvo2XY,2018-08-18T16:20:51Z,33018,,60,Vespa_velutina,Portugal,Insects,established,visto,Post-Introduction,Detection,Detection,2011,2011-06-01T12:00:00Z,comment,455,1,Ugwwdwbv6b8u0JjQmzV4AaABAg,,FALSE
TvQBlmvo2XY,2018-08-18T16:20:51Z,33018,,60,Vespa_velutina,Portugal,Insects,established,captura,Post-Introduction,Detection,Detection,2011,2011-06-01T12:00:00Z,comment,455,1,Ugwwdwbv6b8u0JjQmzV4AaABAg,,FALSE
TvQBlmvo2XY,2018-08-18T16:20:51Z,33018,,60,Vespa_velutina,Portugal,Insects,established,trampas,Post-Introduction,Detection,Detection,2011,2011-06-01T12:00:00Z,comment,455,1,Ugwwdwbv6b8u0JjQmzV4AaABAg,,FALSE
TvQBlmvo2XY,2018-08-18T16:20:51Z,33018,,60,Vespa_velutina,Portugal,Insects,established,trampa,Post-Introduction,Detection,Detection,2011,2011-06-01T12:00:00Z,comment,455,1,Ugwwdwbv6b8u0JjQmzV4AaABAg,,FALSE
TvQBlmvo2XY,2018-08-18T16:20:51Z,33018,,60,Vespa_velutina,Portugal,Insects,established,trampas,Post-Introduction,Detection,Detection,2011,2011-06-01T12:00:00Z,comment,455,1,Ugwwdwbv6b8u0JjQmzV4AaABAg,,FALSE
TvQBlmvo2XY,2018-08-18T16:20:51Z,33018,,60,Vespa_velutina,Portugal,Insects,established,controlar,Post-Introduction,Detection,Detection,2011,2011-06-01T12:00:00Z,comment,455,1,Ugwwdwbv6b8u0JjQmzV4AaABAg,,FALSE
TvQBlmvo2XY,2018-08-18T16:20:51Z,33018,,60,Vespa_velutina,Portugal,Insects,established,trampas,Post-Introduction,Detection,Detection,2011,2011-06-01T12:00:00Z,comment,455,1,Ugwwdwbv6b8u0JjQmzV4AaABAg,,FALSE
TvQBlmvo2XY,2018-06-28T20:46:11Z,33018,,60,Vespa_velutina,Portugal,Insects,established,capturado,Post-Introduction,Detection,Detection,2011,2011-06-01T12:00:00Z,comment,455,1,UgyTptFgoVTQs7SVJBp4AaABAg,,FALSE
TvQBlmvo2XY,2018-06-28T20:46:11Z,33018,,60,Vespa_velutina,Portugal,Insects,established,visto,Post-Introduction,Detection,Detection,2011,2011-06-01T12:00:00Z,comment,455,1,UgyTptFgoVTQs7SVJBp4AaABAg,,FALSE
TvQBlmvo2XY,2018-05-07T13:07:22Z,33018,,60,Vespa_velutina,Portugal,Insects,established,armadilhas,Post-Introduction,Detection,Detection,2011,2011-06-01T12:00:00Z,comment,455,1,Ugxy2FXW36I9FFRknC54AaABAg,,FALSE
TvQBlmvo2XY,2018-05-05T08:11:18Z,33018,,60,Vespa_velutina,Portugal,Insects,established,plaga,Post-Introduction,Invasion,Invasion,2011,2011-06-01T12:00:00Z,comment,455,5,UgxH0BOMQWlspI3tsKV4AaABAg,,FALSE
TvQBlmvo2XY,2018-05-05T08:11:18Z,33018,,60,Vespa_velutina,Portugal,Insects,established,invade,Post-Introduction,Invasion,Invasion,2011,2011-06-01T12:00:00Z,comment,455,5,UgxH0BOMQWlspI3tsKV4AaABAg,,FALSE
TvQBlmvo2XY,2018-05-04T12:30:10Z,33018,,60,Vespa_velutina,Portugal,Insects,established,trampas,Post-Introduction,Detection,Detection,2011,2011-06-01T12:00:00Z,comment,455,2,Ugye17aPtHy_H38mnZJ4AaABAg,,FALSE
TvQBlmvo2XY,2018-08-20T22:11:31Z,33018,,60,Vespa_velutina,Portugal,Insects,established,capturado,Post-Introduction,Detection,Detection,2011,2011-06-01T12:00:00Z,comment,455,2,Ugwwdwbv6b8u0JjQmzV4AaABAg.8k5by71Wg8n8kBOgHzfQVX,Ugwwdwbv6b8u0JjQmzV4AaABAg,TRUE
TvQBlmvo2XY,2018-05-07T13:56:42Z,33018,,60,Vespa_velutina,Portugal,Insects,established,trampa,Post-Introduction,Detection,Detection,2011,2011-06-01T12:00:00Z,comment,455,1,Ugxy2FXW36I9FFRknC54AaABAg.8fx2wrkEkwY8fx8aJmdwKF,Ugxy2FXW36I9FFRknC54AaABAg,TRUE
TvQBlmvo2XY,2018-05-07T17:22:02Z,33018,,60,Vespa_velutina,Portugal,Insects,established,armadilha,Post-Introduction,Detection,Detection,2011,2011-06-01T12:00:00Z,comment,455,1,Ugxy2FXW36I9FFRknC54AaABAg.8fx2wrkEkwY8fxW5AHDYKD,Ugxy2FXW36I9FFRknC54AaABAg,TRUE
TvQBlmvo2XY,2018-05-05T19:22:09Z,33018,,60,Vespa_velutina,Portugal,Insects,established,aparecer,Post-Introduction,Detection,Detection,2011,2011-06-01T12:00:00Z,comment,455,2,Ugye17aPtHy_H38mnZJ4AaABAg.8fpGIoHES5_8fs_F7kuqBZ,Ugye17aPtHy_H38mnZJ4AaABAg,TRUE
TvQBlmvo2XY,2018-05-05T19:22:09Z,33018,,60,Vespa_velutina,Portugal,Insects,established,capturadas,Post-Introduction,Detection,Detection,2011,2011-06-01T12:00:00Z,comment,455,2,Ugye17aPtHy_H38mnZJ4AaABAg.8fpGIoHES5_8fs_F7kuqBZ,Ugye17aPtHy_H38mnZJ4AaABAg,TRUE
TvQBlmvo2XY,2018-05-05T19:35:38Z,33018,,60,Vespa_velutina,Portugal,Insects,established,trampas,Post-Introduction,Detection,Detection,2011,2011-06-01T12:00:00Z,comment,455,2,Ugye17aPtHy_H38mnZJ4AaABAg.8fpGIoHES5_8fsamy5Tgzh,Ugye17aPtHy_H38mnZJ4AaABAg,TRUE
TvQBlmvo2XY,2018-05-06T07:27:03Z,33018,,60,Vespa_velutina,Portugal,Insects,established,capturado,Post-Introduction,Detection,Detection,2011,2011-06-01T12:00:00Z,comment,455,6,Ugye17aPtHy_H38mnZJ4AaABAg.8fpGIoHES5_8ftsCSZ1KJs,Ugye17aPtHy_H38mnZJ4AaABAg,TRUE
TvQBlmvo2XY,2018-05-06T07:27:03Z,33018,,60,Vespa_velutina,Portugal,Insects,established,trampas,Post-Introduction,Detection,Detection,2011,2011-06-01T12:00:00Z,comment,455,6,Ugye17aPtHy_H38mnZJ4AaABAg.8fpGIoHES5_8ftsCSZ1KJs,Ugye17aPtHy_H38mnZJ4AaABAg,TRUE
TvQBlmvo2XY,2018-05-06T07:27:03Z,33018,,60,Vespa_velutina,Portugal,Insects,established,trampa,Post-Introduction,Detection,Detection,2011,2011-06-01T12:00:00Z,comment,455,6,Ugye17aPtHy_H38mnZJ4AaABAg.8fpGIoHES5_8ftsCSZ1KJs,Ugye17aPtHy_H38mnZJ4AaABAg,TRUE
TvQBlmvo2XY,2018-05-06T09:45:25Z,33018,,60,Vespa_velutina,Portugal,Insects,established,invasion,Post-Introduction,Invasion,Invasion,2011,2011-06-01T12:00:00Z,comment,455,2,Ugye17aPtHy_H38mnZJ4AaABAg.8fpGIoHES5_8fu71sH-6Uf,Ugye17aPtHy_H38mnZJ4AaABAg,TRUE
LHiTwT_Erd4,2018-09-12T22:16:18Z,36774,,23,Vespa_velutina,Portugal,Insects,established,plagas,Post-Introduction,Invasion,Invasion,2011,2011-06-01T12:00:00Z,comment,393,1,UgzjvcJuozOZeEUj4bt4AaABAg,,FALSE
LHiTwT_Erd4,2018-09-12T22:16:18Z,36774,,23,Vespa_velutina,Portugal,Insects,established,trampa,Post-Introduction,Detection,Detection,2011,2011-06-01T12:00:00Z,comment,393,1,UgzjvcJuozOZeEUj4bt4AaABAg,,FALSE
LHiTwT_Erd4,2018-07-27T02:23:53Z,36774,,23,Vespa_velutina,Portugal,Insects,established,trampa,Post-Introduction,Detection,Detection,2011,2011-06-01T12:00:00Z,comment,393,1,Ugzi75x4J7VeObFonSJ4AaABAg,,FALSE
LHiTwT_Erd4,2017-04-11T11:24:33Z,36774,,23,Vespa_velutina,Portugal,Insects,established,trampa,Post-Introduction,Detection,Detection,2011,2011-06-01T12:00:00Z,comment,393,1,Ugg7piMYAfWnYXgCoAEC,,FALSE
LHiTwT_Erd4,2017-04-11T11:24:33Z,36774,,23,Vespa_velutina,Portugal,Insects,established,trampas,Post-Introduction,Detection,Detection,2011,2011-06-01T12:00:00Z,comment,393,1,Ugg7piMYAfWnYXgCoAEC,,FALSE
LHiTwT_Erd4,2017-04-11T11:24:33Z,36774,,23,Vespa_velutina,Portugal,Insects,established,trampas,Post-Introduction,Detection,Detection,2011,2011-06-01T12:00:00Z,comment,393,1,Ugg7piMYAfWnYXgCoAEC,,FALSE
LHiTwT_Erd4,2021-08-06T13:45:42Z,36774,,23,Vespa_velutina,Portugal,Insects,established,plagas,Post-Introduction,Invasion,Invasion,2011,2011-06-01T12:00:00Z,comment,393,1,Ugxh2CEa4OXUQbWHR414AaABAg.9QeC4SX2twq9QhYuITK9Po,Ugxh2CEa4OXUQbWHR414AaABAg,TRUE
LHiTwT_Erd4,2021-08-05T14:31:16Z,36774,,23,Vespa_velutina,Portugal,Insects,established,plagas,Post-Introduction,Invasion,Invasion,2011,2011-06-01T12:00:00Z,comment,393,1,UgwPN3PS3UjEsqMELQ14AaABAg.9QeBxkP1iey9Qf3K8cJrY9,UgwPN3PS3UjEsqMELQ14AaABAg,TRUE
wuq1lQd2rn4,2021-09-04T12:39:55Z,2974,,1,Vespa_velutina,Portugal,Insects,established,encontre,Post-Introduction,Detection,Detection,2011,2011-06-01T12:00:00Z,comment,21,0,Ugyr2deUlC_gIIOPs014AaABAg,,FALSE
1gdN10fxh4w,2021-08-07T13:13:16Z,1717,,8,Vespa_velutina,Portugal,Insects,established,visto,Post-Introduction,Detection,Detection,2011,2011-06-01T12:00:00Z,comment,77,1,UgwGwrQGFvOPL3Fc9al4AaABAg,,FALSE
dNz5cDZRmec,2024-03-18T22:08:23Z,37410,,52,Vespa_velutina,Portugal,Insects,established,trampa,Post-Introduction,Detection,Detection,2011,2011-06-01T12:00:00Z,comment,297,2,UgzmVF3o6KUqQkgXIEx4AaABAg,,FALSE
dNz5cDZRmec,2024-03-14T20:12:36Z,37410,,52,Vespa_velutina,Portugal,Insects,established,plaga,Post-Introduction,Invasion,Invasion,2011,2011-06-01T12:00:00Z,comment,297,1,UgzH_0U13RNWUIDvsdB4AaABAg,,FALSE
dNz5cDZRmec,2022-11-16T16:08:30Z,37410,,52,Vespa_velutina,Portugal,Insects,established,trampa,Post-Introduction,Detection,Detection,2011,2011-06-01T12:00:00Z,comment,297,2,Ugy7qsAbj3j4J1Oo2Cd4AaABAg,,FALSE
dNz5cDZRmec,2024-12-31T18:39:04Z,37410,,52,Vespa_velutina,Portugal,Insects,established,plaga,Post-Introduction,Invasion,Invasion,2011,2011-06-01T12:00:00Z,comment,297,0,Ugyq0FRHkC9gPh6Ost54AaABAg.ACidBSQ5AuSACihZVKk9Bf,Ugyq0FRHkC9gPh6Ost54AaABAg,TRUE
dNz5cDZRmec,2025-04-18T11:13:29Z,37410,,52,Vespa_velutina,Portugal,Insects,established,trampas,Post-Introduction,Detection,Detection,2011,2011-06-01T12:00:00Z,comment,297,1,UgxJm6NsoUrENpa2Jv54AaABAg.ABeI0y6N-tkAH3-QTrC-Kx,UgxJm6NsoUrENpa2Jv54AaABAg,TRUE
dNz5cDZRmec,2025-04-18T11:13:29Z,37410,,52,Vespa_velutina,Portugal,Insects,established,trampa,Post-Introduction,Detection,Detection,2011,2011-06-01T12:00:00Z,comment,297,1,UgxJm6NsoUrENpa2Jv54AaABAg.ABeI0y6N-tkAH3-QTrC-Kx,UgxJm6NsoUrENpa2Jv54AaABAg,TRUE
dNz5cDZRmec,2024-05-08T05:38:23Z,37410,,52,Vespa_velutina,Portugal,Insects,established,trampas,Post-Introduction,Detection,Detection,2011,2011-06-01T12:00:00Z,comment,297,4,UgzeOrbRQenc19vfe914AaABAg.A3944qa5lybA3A2pG4hSTu,UgzeOrbRQenc19vfe914AaABAg,TRUE
dNz5cDZRmec,2023-10-21T22:46:20Z,37410,,52,Vespa_velutina,Portugal,Insects,established,trampas,Post-Introduction,Detection,Detection,2011,2011-06-01T12:00:00Z,comment,297,0,UgxAdhizkohzjbXavdt4AaABAg.9vp03-YII-A9w8uUCN-O3v,UgxAdhizkohzjbXavdt4AaABAg,TRUE
SW9JLgHaLgk,2025-03-03T06:38:25Z,60411,,29,Vespa_velutina,Portugal,Insects,established,invasora,Post-Introduction,Invasion,Invasion,2011,2011-06-01T12:00:00Z,comment,1845,19,Ugx8sLRwDAf-7Zy_LoN4AaABAg,,FALSE
SW9JLgHaLgk,2024-08-14T17:23:40Z,60411,,29,Vespa_velutina,Portugal,Insects,established,letal,Post-Introduction,Threat,Threat,2011,2011-06-01T12:00:00Z,comment,1845,11,Ugybgur4SVpMLMjEOgt4AaABAg,,FALSE
SW9JLgHaLgk,2024-08-06T21:51:21Z,60411,,29,Vespa_velutina,Portugal,Insects,established,invasor,Post-Introduction,Invasion,Invasion,2011,2011-06-01T12:00:00Z,comment,1845,2,UgztK0UuUQNlVT_TPed4AaABAg.A6nii-8cX8jA6oXiHaRERW,UgztK0UuUQNlVT_TPed4AaABAg,TRUE
TEQPU5tA3Q4,2025-03-04T18:31:23Z,192862,,37,Vespa_velutina,Portugal,Insects,established,plaga,Post-Introduction,Invasion,Invasion,2011,2011-06-01T12:00:00Z,comment,3244,0,Ugz8vBy7wlDpbXDvS9t4AaABAg,,FALSE
TEQPU5tA3Q4,2024-05-25T21:30:19Z,192862,,37,Vespa_velutina,Portugal,Insects,established,veneno,Post-Introduction,Threat,Threat,2011,2011-06-01T12:00:00Z,comment,3244,1,UgyOH6i55aPQ6Y46f-d4AaABAg.A3iwF88vZGeA3sXHKQjPHC,UgyOH6i55aPQ6Y46f-d4AaABAg,TRUE
TEQPU5tA3Q4,2024-05-25T21:30:19Z,192862,,37,Vespa_velutina,Portugal,Insects,established,trampas,Post-Introduction,Detection,Detection,2011,2011-06-01T12:00:00Z,comment,3244,1,UgyOH6i55aPQ6Y46f-d4AaABAg.A3iwF88vZGeA3sXHKQjPHC,UgyOH6i55aPQ6Y46f-d4AaABAg,TRUE
aHFPSn8a_b8,2020-08-22T13:41:14Z,36781,,42,Vespa_velutina,Portugal,Insects,established,vista,Post-Introduction,Detection,Detection,2011,2011-06-01T12:00:00Z,comment,269,1,UgxMEf-kmRZTMp1ICMl4AaABAg,,FALSE
aHFPSn8a_b8,2020-02-23T18:13:29Z,36781,,42,Vespa_velutina,Portugal,Insects,established,caro,Post-Introduction,eCommerce,eCommerce,2011,2011-06-01T12:00:00Z,comment,269,0,UgyK760DFofgfKhL_zZ4AaABAg,,FALSE
aHFPSn8a_b8,2020-02-23T18:13:29Z,36781,,42,Vespa_velutina,Portugal,Insects,established,trampa,Post-Introduction,Detection,Detection,2011,2011-06-01T12:00:00Z,comment,269,0,UgyK760DFofgfKhL_zZ4AaABAg,,FALSE
aHFPSn8a_b8,2020-02-23T18:13:29Z,36781,,42,Vespa_velutina,Portugal,Insects,established,dinero,Post-Introduction,eCommerce,eCommerce,2011,2011-06-01T12:00:00Z,comment,269,0,UgyK760DFofgfKhL_zZ4AaABAg,,FALSE
aHFPSn8a_b8,2018-12-04T00:36:43Z,36781,,42,Vespa_velutina,Portugal,Insects,established,invadir,Post-Introduction,Invasion,Invasion,2011,2011-06-01T12:00:00Z,comment,269,0,Ugw4fzdB-5Zsi-hHP1F4AaABAg,,FALSE
aHFPSn8a_b8,2018-09-14T09:12:09Z,36781,,42,Vespa_velutina,Portugal,Insects,established,peligrosa,Post-Introduction,Threat,Threat,2011,2011-06-01T12:00:00Z,comment,269,1,UgwTmeEOXNx5-1aNTup4AaABAg,,FALSE
aHFPSn8a_b8,2018-05-25T13:44:26Z,36781,,42,Vespa_velutina,Portugal,Insects,established,trampa,Post-Introduction,Detection,Detection,2011,2011-06-01T12:00:00Z,comment,269,1,Ugwwt4y90RwLUAPEOw54AaABAg,,FALSE
aHFPSn8a_b8,2018-01-23T21:29:11Z,36781,,42,Vespa_velutina,Portugal,Insects,established,plaga,Post-Introduction,Invasion,Invasion,2011,2011-06-01T12:00:00Z,comment,269,1,Ugxlx0TIK_WI61vabeR4AaABAg,,FALSE
aHFPSn8a_b8,2018-01-23T17:19:36Z,36781,,42,Vespa_velutina,Portugal,Insects,established,trampas,Post-Introduction,Detection,Detection,2011,2011-06-01T12:00:00Z,comment,269,1,UgxhUqMf54SoBaVoDV54AaABAg,,FALSE
aHFPSn8a_b8,2018-01-23T17:25:29Z,36781,,42,Vespa_velutina,Portugal,Insects,established,encontramos,Post-Introduction,Detection,Detection,2011,2011-06-01T12:00:00Z,comment,269,2,UgxhUqMf54SoBaVoDV54AaABAg.8bli8JHPqHo8blioT_G4xw,UgxhUqMf54SoBaVoDV54AaABAg,TRUE
aHFPSn8a_b8,2018-01-23T17:28:45Z,36781,,42,Vespa_velutina,Portugal,Insects,established,trampas,Post-Introduction,Detection,Detection,2011,2011-06-01T12:00:00Z,comment,269,1,UgxhUqMf54SoBaVoDV54AaABAg.8bli8JHPqHo8bljBMOhLmv,UgxhUqMf54SoBaVoDV54AaABAg,TRUE
D1RYKXfj-b8,2021-10-14T08:03:21Z,2915,,7,Vespa_velutina,Portugal,Insects,established,visto,Post-Introduction,Detection,Detection,2011,2011-06-01T12:00:00Z,comment,82,1,UgxWCqE_3EuX6yNzI1l4AaABAg.9TDIphe7XfR9TTb_FLzQIP,UgxWCqE_3EuX6yNzI1l4AaABAg,TRUE
-RBtQYmYb2Y,2019-05-31T16:38:23Z,24994,,4,Vespa_velutina,Portugal,Insects,established,descubierto,Post-Introduction,Detection,Detection,2011,2011-06-01T12:00:00Z,comment,77,0,Ugz7l1N8Mw-4h03ZjjV4AaABAg,,FALSE
-RBtQYmYb2Y,2019-05-31T16:38:23Z,24994,,4,Vespa_velutina,Portugal,Insects,established,trampas,Post-Introduction,Detection,Detection,2011,2011-06-01T12:00:00Z,comment,77,0,Ugz7l1N8Mw-4h03ZjjV4AaABAg,,FALSE
-RBtQYmYb2Y,2019-05-31T17:40:37Z,24994,,4,Vespa_velutina,Portugal,Insects,established,veneno,Post-Introduction,Threat,Threat,2011,2011-06-01T12:00:00Z,comment,77,0,Ugz7l1N8Mw-4h03ZjjV4AaABAg.8vb4Jmwae9r8vbBRanS-I-,Ugz7l1N8Mw-4h03ZjjV4AaABAg,TRUE
KeKR021fZZo,2025-05-30T11:48:27Z,11418,,29,Vespa_velutina,Portugal,Insects,established,trampa,Post-Introduction,Detection,Detection,2011,2011-06-01T12:00:00Z,comment,152,1,UgxHZ0fnBUDlUt46DAd4AaABAg,,FALSE
KeKR021fZZo,2023-11-04T16:45:17Z,11418,,29,Vespa_velutina,Portugal,Insects,established,trampas,Post-Introduction,Detection,Detection,2011,2011-06-01T12:00:00Z,comment,152,2,UgztKHbVICKPhT1aPp94AaABAg,,FALSE
KeKR021fZZo,2023-11-04T16:45:17Z,11418,,29,Vespa_velutina,Portugal,Insects,established,trampas,Post-Introduction,Detection,Detection,2011,2011-06-01T12:00:00Z,comment,152,2,UgztKHbVICKPhT1aPp94AaABAg,,FALSE
KeKR021fZZo,2023-11-05T07:49:12Z,11418,,29,Vespa_velutina,Portugal,Insects,established,trampas,Post-Introduction,Detection,Detection,2011,2011-06-01T12:00:00Z,comment,152,0,UgztKHbVICKPhT1aPp94AaABAg.9whJHyE77SP9wivjW2swWU,UgztKHbVICKPhT1aPp94AaABAg,TRUE
KeKR021fZZo,2023-11-05T07:49:12Z,11418,,29,Vespa_velutina,Portugal,Insects,established,plaga,Post-Introduction,Invasion,Invasion,2011,2011-06-01T12:00:00Z,comment,152,0,UgztKHbVICKPhT1aPp94AaABAg.9whJHyE77SP9wivjW2swWU,UgztKHbVICKPhT1aPp94AaABAg,TRUE
KeKR021fZZo,2023-11-05T07:49:12Z,11418,,29,Vespa_velutina,Portugal,Insects,established,peligrosa,Post-Introduction,Threat,Threat,2011,2011-06-01T12:00:00Z,comment,152,0,UgztKHbVICKPhT1aPp94AaABAg.9whJHyE77SP9wivjW2swWU,UgztKHbVICKPhT1aPp94AaABAg,TRUE
KeKR021fZZo,2023-11-05T07:49:12Z,11418,,29,Vespa_velutina,Portugal,Insects,established,trampas,Post-Introduction,Detection,Detection,2011,2011-06-01T12:00:00Z,comment,152,0,UgztKHbVICKPhT1aPp94AaABAg.9whJHyE77SP9wivjW2swWU,UgztKHbVICKPhT1aPp94AaABAg,TRUE
KeKR021fZZo,2023-10-10T12:30:22Z,11418,,29,Vespa_velutina,Portugal,Insects,established,plaga,Post-Introduction,Invasion,Invasion,2011,2011-06-01T12:00:00Z,comment,152,0,Ugxvb-Dzx-59mcCcF-R4AaABAg.9vehmKAYxBQ9vgUF8wde51,Ugxvb-Dzx-59mcCcF-R4AaABAg,TRUE
KeKR021fZZo,2023-10-10T12:30:22Z,11418,,29,Vespa_velutina,Portugal,Insects,established,trampa,Post-Introduction,Detection,Detection,2011,2011-06-01T12:00:00Z,comment,152,0,Ugxvb-Dzx-59mcCcF-R4AaABAg.9vehmKAYxBQ9vgUF8wde51,Ugxvb-Dzx-59mcCcF-R4AaABAg,TRUE
KeKR021fZZo,2024-05-30T20:27:37Z,11418,,29,Vespa_velutina,Portugal,Insects,established,vistos,Post-Introduction,Detection,Detection,2011,2011-06-01T12:00:00Z,comment,152,0,Ugxvb-Dzx-59mcCcF-R4AaABAg.9vehmKAYxBQA44I4T5bgEC,Ugxvb-Dzx-59mcCcF-R4AaABAg,TRUE
KeKR021fZZo,2023-08-29T13:22:28Z,11418,,29,Vespa_velutina,Portugal,Insects,established,trampas,Post-Introduction,Detection,Detection,2011,2011-06-01T12:00:00Z,comment,152,1,Ugw6u1Jzt09ZlAdK3kV4AaABAg.9tztU3VRSL89u-Qozpvo9E,Ugw6u1Jzt09ZlAdK3kV4AaABAg,TRUE
DvZ_pMw_4h8,2021-09-24T17:58:20Z,841,,2,Vespa_velutina,Portugal,Insects,established,trampa,Post-Introduction,Detection,Detection,2011,2011-06-01T12:00:00Z,comment,11,0,Ugz5E8l25fR0H2MkgYh4AaABAg,,FALSE
EyY6KodBTE0,2024-10-07T13:04:16Z,336143,,207,Vespa_velutina,Portugal,Insects,established,comprar,Post-Introduction,eCommerce,eCommerce,2011,2011-06-01T12:00:00Z,comment,2323,1,Ugzf9sGWmSej0lCmJrd4AaABAg,,FALSE
EyY6KodBTE0,2024-10-07T13:04:16Z,336143,,207,Vespa_velutina,Portugal,Insects,established,trampa,Post-Introduction,Detection,Detection,2011,2011-06-01T12:00:00Z,comment,2323,1,Ugzf9sGWmSej0lCmJrd4AaABAg,,FALSE
EyY6KodBTE0,2021-03-21T18:23:57Z,336143,,207,Vespa_velutina,Portugal,Insects,established,trampa,Post-Introduction,Detection,Detection,2011,2011-06-01T12:00:00Z,comment,2323,0,UgwrGdY5Es7JSGARSfx4AaABAg,,FALSE
EyY6KodBTE0,2021-03-21T18:23:57Z,336143,,207,Vespa_velutina,Portugal,Insects,established,capturar,Post-Introduction,Detection,Detection,2011,2011-06-01T12:00:00Z,comment,2323,0,UgwrGdY5Es7JSGARSfx4AaABAg,,FALSE
EyY6KodBTE0,2020-07-02T16:10:17Z,336143,,207,Vespa_velutina,Portugal,Insects,established,visto,Post-Introduction,Detection,Detection,2011,2011-06-01T12:00:00Z,comment,2323,1,UgzD883JARDxxGV4VdF4AaABAg,,FALSE
EyY6KodBTE0,2020-07-02T16:10:17Z,336143,,207,Vespa_velutina,Portugal,Insects,established,trampa,Post-Introduction,Detection,Detection,2011,2011-06-01T12:00:00Z,comment,2323,1,UgzD883JARDxxGV4VdF4AaABAg,,FALSE
EyY6KodBTE0,2020-05-11T19:15:29Z,336143,,207,Vespa_velutina,Portugal,Insects,established,trampas,Post-Introduction,Detection,Detection,2011,2011-06-01T12:00:00Z,comment,2323,0,UgwbpuYHEDMvxoS4hu54AaABAg,,FALSE
EyY6KodBTE0,2019-08-30T13:34:04Z,336143,,207,Vespa_velutina,Portugal,Insects,established,trampa,Post-Introduction,Detection,Detection,2011,2011-06-01T12:00:00Z,comment,2323,0,UgyKM_7heQmvS7I9Y714AaABAg,,FALSE
EyY6KodBTE0,2019-07-11T03:26:20Z,336143,,207,Vespa_velutina,Portugal,Insects,established,veneno,Post-Introduction,Threat,Threat,2011,2011-06-01T12:00:00Z,comment,2323,0,Ugy21aDVPvQhKOZwovB4AaABAg,,FALSE
EyY6KodBTE0,2019-07-04T07:09:22Z,336143,,207,Vespa_velutina,Portugal,Insects,established,visto,Post-Introduction,Detection,Detection,2011,2011-06-01T12:00:00Z,comment,2323,1,UgxUez-wtEodUTNHpRB4AaABAg,,FALSE
EyY6KodBTE0,2019-07-04T07:09:22Z,336143,,207,Vespa_velutina,Portugal,Insects,established,encontre,Post-Introduction,Detection,Detection,2011,2011-06-01T12:00:00Z,comment,2323,1,UgxUez-wtEodUTNHpRB4AaABAg,,FALSE
EyY6KodBTE0,2018-08-23T13:37:07Z,336143,,207,Vespa_velutina,Portugal,Insects,established,peligro,Post-Introduction,Threat,Threat,2011,2011-06-01T12:00:00Z,comment,2323,0,UgyVPAeD6md1yA6AcD54AaABAg,,FALSE
EyY6KodBTE0,2018-08-23T11:55:59Z,336143,,207,Vespa_velutina,Portugal,Insects,established,trampas,Post-Introduction,Detection,Detection,2011,2011-06-01T12:00:00Z,comment,2323,0,UgxIvRaej_vX7YziNJd4AaABAg,,FALSE
EyY6KodBTE0,2018-07-28T20:39:06Z,336143,,207,Vespa_velutina,Portugal,Insects,established,visto,Post-Introduction,Detection,Detection,2011,2011-06-01T12:00:00Z,comment,2323,3,Ugxirug6NfC-H2eNG6F4AaABAg,,FALSE
EyY6KodBTE0,2018-07-19T16:38:40Z,336143,,207,Vespa_velutina,Portugal,Insects,established,cara,Post-Introduction,eCommerce,eCommerce,2011,2011-06-01T12:00:00Z,comment,2323,2,UgwC3Mr6O6IEIC4HSMd4AaABAg,,FALSE
EyY6KodBTE0,2018-07-19T16:38:40Z,336143,,207,Vespa_velutina,Portugal,Insects,established,visto,Post-Introduction,Detection,Detection,2011,2011-06-01T12:00:00Z,comment,2323,2,UgwC3Mr6O6IEIC4HSMd4AaABAg,,FALSE
EyY6KodBTE0,2018-05-30T00:54:02Z,336143,,207,Vespa_velutina,Portugal,Insects,established,trampa,Post-Introduction,Detection,Detection,2011,2011-06-01T12:00:00Z,comment,2323,0,UgwYr9Pd-Eu6WTXyPyt4AaABAg,,FALSE
EyY6KodBTE0,2018-03-31T23:01:07Z,336143,,207,Vespa_velutina,Portugal,Insects,established,peligroso,Post-Introduction,Threat,Threat,2011,2011-06-01T12:00:00Z,comment,2323,1,UgwRe4mfNyl_ZboYrGB4AaABAg,,FALSE
EyY6KodBTE0,2018-03-31T23:01:07Z,336143,,207,Vespa_velutina,Portugal,Insects,established,control,Post-Introduction,Detection,Detection,2011,2011-06-01T12:00:00Z,comment,2323,1,UgwRe4mfNyl_ZboYrGB4AaABAg,,FALSE
EyY6KodBTE0,2018-03-23T08:45:07Z,336143,,207,Vespa_velutina,Portugal,Insects,established,trampa,Post-Introduction,Detection,Detection,2011,2011-06-01T12:00:00Z,comment,2323,14,UgxuVpofQLsGk4voMo94AaABAg,,FALSE
EyY6KodBTE0,2018-01-05T14:37:29Z,336143,,207,Vespa_velutina,Portugal,Insects,established,veneno,Post-Introduction,Threat,Threat,2011,2011-06-01T12:00:00Z,comment,2323,3,UgxiAjF6EU_gdamZP2h4AaABAg,,FALSE
EyY6KodBTE0,2017-12-28T18:28:11Z,336143,,207,Vespa_velutina,Portugal,Insects,established,trampa,Post-Introduction,Detection,Detection,2011,2011-06-01T12:00:00Z,comment,2323,1,UgxscF50C0SehRqxrcl4AaABAg,,FALSE
EyY6KodBTE0,2017-11-15T15:33:30Z,336143,,207,Vespa_velutina,Portugal,Insects,established,atacado,Post-Introduction,Threat,Threat,2011,2011-06-01T12:00:00Z,comment,2323,1,UgzCeDy5qAgrLCvyIS54AaABAg,,FALSE
EyY6KodBTE0,2017-11-12T10:21:59Z,336143,,207,Vespa_velutina,Portugal,Insects,established,invasora,Post-Introduction,Invasion,Invasion,2011,2011-06-01T12:00:00Z,comment,2323,4,UgzyFvC2ntCfWLBsORh4AaABAg,,FALSE
EyY6KodBTE0,2017-11-06T19:01:59Z,336143,,207,Vespa_velutina,Portugal,Insects,established,trampa,Post-Introduction,Detection,Detection,2011,2011-06-01T12:00:00Z,comment,2323,1,UgzvJ5KILb2lTj-qttV4AaABAg,,FALSE
EyY6KodBTE0,2017-11-06T19:01:59Z,336143,,207,Vespa_velutina,Portugal,Insects,established,trampa,Post-Introduction,Detection,Detection,2011,2011-06-01T12:00:00Z,comment,2323,1,UgzvJ5KILb2lTj-qttV4AaABAg,,FALSE
EyY6KodBTE0,2017-11-06T19:01:59Z,336143,,207,Vespa_velutina,Portugal,Insects,established,visto,Post-Introduction,Detection,Detection,2011,2011-06-01T12:00:00Z,comment,2323,1,UgzvJ5KILb2lTj-qttV4AaABAg,,FALSE
EyY6KodBTE0,2017-11-06T19:01:59Z,336143,,207,Vespa_velutina,Portugal,Insects,established,trampa,Post-Introduction,Detection,Detection,2011,2011-06-01T12:00:00Z,comment,2323,1,UgzvJ5KILb2lTj-qttV4AaABAg,,FALSE
EyY6KodBTE0,2017-11-06T19:01:59Z,336143,,207,Vespa_velutina,Portugal,Insects,established,trampa,Post-Introduction,Detection,Detection,2011,2011-06-01T12:00:00Z,comment,2323,1,UgzvJ5KILb2lTj-qttV4AaABAg,,FALSE
EyY6KodBTE0,2017-10-22T16:33:35Z,336143,,207,Vespa_velutina,Portugal,Insects,established,trampa,Post-Introduction,Detection,Detection,2011,2011-06-01T12:00:00Z,comment,2323,1,Ugxi--E_N7DIXy1uu8V4AaABAg,,FALSE
EyY6KodBTE0,2017-09-24T19:29:19Z,336143,,207,Vespa_velutina,Portugal,Insects,established,trampas,Post-Introduction,Detection,Detection,2011,2011-06-01T12:00:00Z,comment,2323,5,Ugz8ta3tliE2vzWc5MZ4AaABAg,,FALSE
EyY6KodBTE0,2017-09-24T19:29:19Z,336143,,207,Vespa_velutina,Portugal,Insects,established,trampa,Post-Introduction,Detection,Detection,2011,2011-06-01T12:00:00Z,comment,2323,5,Ugz8ta3tliE2vzWc5MZ4AaABAg,,FALSE
EyY6KodBTE0,2017-09-14T16:07:00Z,336143,,207,Vespa_velutina,Portugal,Insects,established,trampa,Post-Introduction,Detection,Detection,2011,2011-06-01T12:00:00Z,comment,2323,6,UgzMAuKan7nGjya8Idl4AaABAg,,FALSE
EyY6KodBTE0,2017-09-09T22:58:05Z,336143,,207,Vespa_velutina,Portugal,Insects,established,trampa,Post-Introduction,Detection,Detection,2011,2011-06-01T12:00:00Z,comment,2323,1,UgyHGPOI4dMq0eCXibZ4AaABAg,,FALSE
EyY6KodBTE0,2017-09-09T22:58:05Z,336143,,207,Vespa_velutina,Portugal,Insects,established,trampa,Post-Introduction,Detection,Detection,2011,2011-06-01T12:00:00Z,comment,2323,1,UgyHGPOI4dMq0eCXibZ4AaABAg,,FALSE
EyY6KodBTE0,2017-09-09T09:57:56Z,336143,,207,Vespa_velutina,Portugal,Insects,established,trampa,Post-Introduction,Detection,Detection,2011,2011-06-01T12:00:00Z,comment,2323,1,UgyKHSLUINBmbmnLPnZ4AaABAg,,FALSE
EyY6KodBTE0,2017-09-06T23:21:47Z,336143,,207,Vespa_velutina,Portugal,Insects,established,veneno,Post-Introduction,Threat,Threat,2011,2011-06-01T12:00:00Z,comment,2323,1,Ugw_s9qB0r0-eFFwwq94AaABAg,,FALSE
EyY6KodBTE0,2017-09-06T22:12:11Z,336143,,207,Vespa_velutina,Portugal,Insects,established,plagas,Post-Introduction,Invasion,Invasion,2011,2011-06-01T12:00:00Z,comment,2323,1,Ugzkhnh7m2OYyIDLVed4AaABAg,,FALSE
EyY6KodBTE0,2017-09-06T22:12:11Z,336143,,207,Vespa_velutina,Portugal,Insects,established,plagas,Post-Introduction,Invasion,Invasion,2011,2011-06-01T12:00:00Z,comment,2323,1,Ugzkhnh7m2OYyIDLVed4AaABAg,,FALSE
EyY6KodBTE0,2017-09-06T21:57:10Z,336143,,207,Vespa_velutina,Portugal,Insects,established,trampa,Post-Introduction,Detection,Detection,2011,2011-06-01T12:00:00Z,comment,2323,21,UgwnRKO7W-m5ZTYLa8F4AaABAg,,FALSE
EyY6KodBTE0,2020-10-24T18:24:00Z,336143,,207,Vespa_velutina,Portugal,Insects,established,plaga,Post-Introduction,Invasion,Invasion,2011,2011-06-01T12:00:00Z,comment,2323,1,Ugx922wGYOhE9CpO3Px4AaABAg.9FC70hN11No9FCcPR8670a,Ugx922wGYOhE9CpO3Px4AaABAg,TRUE
EyY6KodBTE0,2020-05-27T18:37:01Z,336143,,207,Vespa_velutina,Portugal,Insects,established,trampa,Post-Introduction,Detection,Detection,2011,2011-06-01T12:00:00Z,comment,2323,1,UgwybHTsMNkR5OUM3dx4AaABAg.999yMm7Obz499APeVB5coi,UgwybHTsMNkR5OUM3dx4AaABAg,TRUE
EyY6KodBTE0,2020-05-09T00:50:48Z,336143,,207,Vespa_velutina,Portugal,Insects,established,trampa,Post-Introduction,Detection,Detection,2011,2011-06-01T12:00:00Z,comment,2323,1,Ugx_f7olcdOAs0ul2hB4AaABAg.98HFyvWgrcr98Q9KUeBNoO,Ugx_f7olcdOAs0ul2hB4AaABAg,TRUE
EyY6KodBTE0,2018-09-18T17:18:46Z,336143,,207,Vespa_velutina,Portugal,Insects,established,cara,Post-Introduction,eCommerce,eCommerce,2011,2011-06-01T12:00:00Z,comment,2323,1,UgzGNpvp23v-dpZgTgV4AaABAg.8lLQpqL1vZa8lLYEWQp-Pv,UgzGNpvp23v-dpZgTgV4AaABAg,TRUE
EyY6KodBTE0,2018-09-20T12:13:02Z,336143,,207,Vespa_velutina,Portugal,Insects,established,praga,Post-Introduction,Invasion,Invasion,2011,2011-06-01T12:00:00Z,comment,2323,0,UgzGNpvp23v-dpZgTgV4AaABAg.8lLQpqL1vZa8lQ8q2BKZZk,UgzGNpvp23v-dpZgTgV4AaABAg,TRUE
EyY6KodBTE0,2019-07-04T01:25:09Z,336143,,207,Vespa_velutina,Portugal,Insects,established,invasora,Post-Introduction,Invasion,Invasion,2011,2011-06-01T12:00:00Z,comment,2323,0,UgzGNpvp23v-dpZgTgV4AaABAg.8lLQpqL1vZa8wwzpr5mkiv,UgzGNpvp23v-dpZgTgV4AaABAg,TRUE
EyY6KodBTE0,2019-07-04T01:25:09Z,336143,,207,Vespa_velutina,Portugal,Insects,established,visto,Post-Introduction,Detection,Detection,2011,2011-06-01T12:00:00Z,comment,2323,0,UgzGNpvp23v-dpZgTgV4AaABAg.8lLQpqL1vZa8wwzpr5mkiv,UgzGNpvp23v-dpZgTgV4AaABAg,TRUE
EyY6KodBTE0,2019-07-04T01:25:09Z,336143,,207,Vespa_velutina,Portugal,Insects,established,amenaza,Post-Introduction,Threat,Threat,2011,2011-06-01T12:00:00Z,comment,2323,0,UgzGNpvp23v-dpZgTgV4AaABAg.8lLQpqL1vZa8wwzpr5mkiv,UgzGNpvp23v-dpZgTgV4AaABAg,TRUE
EyY6KodBTE0,2019-07-04T01:25:09Z,336143,,207,Vespa_velutina,Portugal,Insects,established,controlado,Post-Introduction,Detection,Detection,2011,2011-06-01T12:00:00Z,comment,2323,0,UgzGNpvp23v-dpZgTgV4AaABAg.8lLQpqL1vZa8wwzpr5mkiv,UgzGNpvp23v-dpZgTgV4AaABAg,TRUE
EyY6KodBTE0,2021-10-12T07:48:02Z,336143,,207,Vespa_velutina,Portugal,Insects,established,trampas,Post-Introduction,Detection,Detection,2011,2011-06-01T12:00:00Z,comment,2323,0,Ugxirug6NfC-H2eNG6F4AaABAg.8jG-pEB--0c9TOREHcmxFA,Ugxirug6NfC-H2eNG6F4AaABAg,TRUE
EyY6KodBTE0,2018-07-23T19:57:38Z,336143,,207,Vespa_velutina,Portugal,Insects,established,trampa,Post-Introduction,Detection,Detection,2011,2011-06-01T12:00:00Z,comment,2323,0,Ugz75XVd5FOHLgyUR494AaABAg.8j31eBdmokx8j336FjMq5r,Ugz75XVd5FOHLgyUR494AaABAg,TRUE
EyY6KodBTE0,2018-07-23T20:53:59Z,336143,,207,Vespa_velutina,Portugal,Insects,established,peligro,Post-Introduction,Threat,Threat,2011,2011-06-01T12:00:00Z,comment,2323,0,Ugz75XVd5FOHLgyUR494AaABAg.8j31eBdmokx8j39Yvo3hTC,Ugz75XVd5FOHLgyUR494AaABAg,TRUE
EyY6KodBTE0,2018-09-20T12:17:19Z,336143,,207,Vespa_velutina,Portugal,Insects,established,introducida,Post-Introduction,Invasion,Invasion,2011,2011-06-01T12:00:00Z,comment,2323,0,UgwC3Mr6O6IEIC4HSMd4AaABAg.8itP9Q9MxAj8lQ9KJ58Dg8,UgwC3Mr6O6IEIC4HSMd4AaABAg,TRUE
EyY6KodBTE0,2018-09-20T12:17:19Z,336143,,207,Vespa_velutina,Portugal,Insects,established,trampa,Post-Introduction,Detection,Detection,2011,2011-06-01T12:00:00Z,comment,2323,0,UgwC3Mr6O6IEIC4HSMd4AaABAg.8itP9Q9MxAj8lQ9KJ58Dg8,UgwC3Mr6O6IEIC4HSMd4AaABAg,TRUE
EyY6KodBTE0,2018-04-01T09:22:13Z,336143,,207,Vespa_velutina,Portugal,Insects,established,veneno,Post-Introduction,Threat,Threat,2011,2011-06-01T12:00:00Z,comment,2323,1,UgwRe4mfNyl_ZboYrGB4AaABAg.8eTqUK5FXHE8eUxZQ1z3R9,UgwRe4mfNyl_ZboYrGB4AaABAg,TRUE
EyY6KodBTE0,2018-02-19T22:41:38Z,336143,,207,Vespa_velutina,Portugal,Insects,established,trampas,Post-Introduction,Detection,Detection,2011,2011-06-01T12:00:00Z,comment,2323,0,Ugwq4eRYcFg2OINZNMF4AaABAg.8crbk6aVapH8croSay7G62,Ugwq4eRYcFg2OINZNMF4AaABAg,TRUE
EyY6KodBTE0,2018-01-05T20:07:25Z,336143,,207,Vespa_velutina,Portugal,Insects,established,veneno,Post-Introduction,Threat,Threat,2011,2011-06-01T12:00:00Z,comment,2323,1,UgxiAjF6EU_gdamZP2h4AaABAg.8b24H9qO46a8b2f1iSLaJB,UgxiAjF6EU_gdamZP2h4AaABAg,TRUE
EyY6KodBTE0,2018-03-31T23:04:20Z,336143,,207,Vespa_velutina,Portugal,Insects,established,veneno,Post-Introduction,Threat,Threat,2011,2011-06-01T12:00:00Z,comment,2323,0,UgxiAjF6EU_gdamZP2h4AaABAg.8b24H9qO46a8eTqqpDlD7N,UgxiAjF6EU_gdamZP2h4AaABAg,TRUE
EyY6KodBTE0,2018-03-31T23:04:20Z,336143,,207,Vespa_velutina,Portugal,Insects,established,peligroso,Post-Introduction,Threat,Threat,2011,2011-06-01T12:00:00Z,comment,2323,0,UgxiAjF6EU_gdamZP2h4AaABAg.8b24H9qO46a8eTqqpDlD7N,UgxiAjF6EU_gdamZP2h4AaABAg,TRUE
EyY6KodBTE0,2017-11-15T18:27:12Z,336143,,207,Vespa_velutina,Portugal,Insects,established,amenaza,Post-Introduction,Threat,Threat,2011,2011-06-01T12:00:00Z,comment,2323,0,UgzCeDy5qAgrLCvyIS54AaABAg.8Zzr8o66dFI8_-A1BL7cgF,UgzCeDy5qAgrLCvyIS54AaABAg,TRUE
EyY6KodBTE0,2017-11-15T18:27:12Z,336143,,207,Vespa_velutina,Portugal,Insects,established,plaga,Post-Introduction,Invasion,Invasion,2011,2011-06-01T12:00:00Z,comment,2323,0,UgzCeDy5qAgrLCvyIS54AaABAg.8Zzr8o66dFI8_-A1BL7cgF,UgzCeDy5qAgrLCvyIS54AaABAg,TRUE
EyY6KodBTE0,2017-11-15T18:27:12Z,336143,,207,Vespa_velutina,Portugal,Insects,established,invasora,Post-Introduction,Invasion,Invasion,2011,2011-06-01T12:00:00Z,comment,2323,0,UgzCeDy5qAgrLCvyIS54AaABAg.8Zzr8o66dFI8_-A1BL7cgF,UgzCeDy5qAgrLCvyIS54AaABAg,TRUE
EyY6KodBTE0,2017-11-13T15:18:26Z,336143,,207,Vespa_velutina,Portugal,Insects,established,trampas,Post-Introduction,Detection,Detection,2011,2011-06-01T12:00:00Z,comment,2323,1,UgzyFvC2ntCfWLBsORh4AaABAg.8Zr_6aNJpnx8Zufpit3mg_,UgzyFvC2ntCfWLBsORh4AaABAg,TRUE
EyY6KodBTE0,2017-11-13T15:27:16Z,336143,,207,Vespa_velutina,Portugal,Insects,established,precio,Post-Introduction,eCommerce,eCommerce,2011,2011-06-01T12:00:00Z,comment,2323,1,UgzyFvC2ntCfWLBsORh4AaABAg.8Zr_6aNJpnx8ZugqXhv6PS,UgzyFvC2ntCfWLBsORh4AaABAg,TRUE
EyY6KodBTE0,2017-10-23T00:16:04Z,336143,,207,Vespa_velutina,Portugal,Insects,established,trampa,Post-Introduction,Detection,Detection,2011,2011-06-01T12:00:00Z,comment,2323,0,Ugxi--E_N7DIXy1uu8V4AaABAg.8Z19wqyImWy8Z1zsDtz3RO,Ugxi--E_N7DIXy1uu8V4AaABAg,TRUE
EyY6KodBTE0,2017-10-20T06:26:48Z,336143,,207,Vespa_velutina,Portugal,Insects,established,trampa,Post-Introduction,Detection,Detection,2011,2011-06-01T12:00:00Z,comment,2323,1,UgwqYllXhGO0b8HoAU14AaABAg.8YKLZH1XKZ18YvvuzFF1Tg,UgwqYllXhGO0b8HoAU14AaABAg,TRUE
EyY6KodBTE0,2017-09-25T17:01:35Z,336143,,207,Vespa_velutina,Portugal,Insects,established,trampas,Post-Introduction,Detection,Detection,2011,2011-06-01T12:00:00Z,comment,2323,0,Ugzf5ItnNpEcOQh-nN14AaABAg.8XuOyBD4amC8XwggO1r6w2,Ugzf5ItnNpEcOQh-nN14AaABAg,TRUE
EyY6KodBTE0,2017-09-25T17:04:50Z,336143,,207,Vespa_velutina,Portugal,Insects,established,capturar,Post-Introduction,Detection,Detection,2011,2011-06-01T12:00:00Z,comment,2323,0,Ugz8ta3tliE2vzWc5MZ4AaABAg.8XuNnVJrJC_8Xwh39mWzhd,Ugz8ta3tliE2vzWc5MZ4AaABAg,TRUE
EyY6KodBTE0,2017-09-14T16:13:20Z,336143,,207,Vespa_velutina,Portugal,Insects,established,trampa,Post-Introduction,Detection,Detection,2011,2011-06-01T12:00:00Z,comment,2323,0,UgzMAuKan7nGjya8Idl4AaABAg.8XVGgyOByX78XVHQP1QKvK,UgzMAuKan7nGjya8Idl4AaABAg,TRUE
EyY6KodBTE0,2017-09-14T16:13:20Z,336143,,207,Vespa_velutina,Portugal,Insects,established,captura,Post-Introduction,Detection,Detection,2011,2011-06-01T12:00:00Z,comment,2323,0,UgzMAuKan7nGjya8Idl4AaABAg.8XVGgyOByX78XVHQP1QKvK,UgzMAuKan7nGjya8Idl4AaABAg,TRUE
EyY6KodBTE0,2017-09-14T16:13:20Z,336143,,207,Vespa_velutina,Portugal,Insects,established,trampa,Post-Introduction,Detection,Detection,2011,2011-06-01T12:00:00Z,comment,2323,0,UgzMAuKan7nGjya8Idl4AaABAg.8XVGgyOByX78XVHQP1QKvK,UgzMAuKan7nGjya8Idl4AaABAg,TRUE
EyY6KodBTE0,2018-04-18T18:59:43Z,336143,,207,Vespa_velutina,Portugal,Insects,established,trampa,Post-Introduction,Detection,Detection,2011,2011-06-01T12:00:00Z,comment,2323,0,UgzMAuKan7nGjya8Idl4AaABAg.8XVGgyOByX78fBlA-m_gMI,UgzMAuKan7nGjya8Idl4AaABAg,TRUE
EyY6KodBTE0,2017-09-09T13:10:12Z,336143,,207,Vespa_velutina,Portugal,Insects,established,plagas,Post-Introduction,Invasion,Invasion,2011,2011-06-01T12:00:00Z,comment,2323,0,UgyKHSLUINBmbmnLPnZ4AaABAg.8XHjUQFAYZA8XI4UeY-6jB,UgyKHSLUINBmbmnLPnZ4AaABAg,TRUE
EyY6KodBTE0,2017-09-08T06:26:52Z,336143,,207,Vespa_velutina,Portugal,Insects,established,plaga,Post-Introduction,Invasion,Invasion,2011,2011-06-01T12:00:00Z,comment,2323,1,UgykQoaE1C_dJ2snI6N4AaABAg.8XDlYdVm8ii8XEmXj9Jgws,UgykQoaE1C_dJ2snI6N4AaABAg,TRUE
EyY6KodBTE0,2017-09-08T06:26:52Z,336143,,207,Vespa_velutina,Portugal,Insects,established,encontramos,Post-Introduction,Detection,Detection,2011,2011-06-01T12:00:00Z,comment,2323,1,UgykQoaE1C_dJ2snI6N4AaABAg.8XDlYdVm8ii8XEmXj9Jgws,UgykQoaE1C_dJ2snI6N4AaABAg,TRUE
EyY6KodBTE0,2017-09-08T06:26:52Z,336143,,207,Vespa_velutina,Portugal,Insects,established,invasoras,Post-Introduction,Invasion,Invasion,2011,2011-06-01T12:00:00Z,comment,2323,1,UgykQoaE1C_dJ2snI6N4AaABAg.8XDlYdVm8ii8XEmXj9Jgws,UgykQoaE1C_dJ2snI6N4AaABAg,TRUE
EyY6KodBTE0,2017-09-08T19:32:59Z,336143,,207,Vespa_velutina,Portugal,Insects,established,plagas,Post-Introduction,Invasion,Invasion,2011,2011-06-01T12:00:00Z,comment,2323,0,UgykQoaE1C_dJ2snI6N4AaABAg.8XDlYdVm8ii8XGBVRdDQbF,UgykQoaE1C_dJ2snI6N4AaABAg,TRUE
EyY6KodBTE0,2017-09-08T19:32:59Z,336143,,207,Vespa_velutina,Portugal,Insects,established,invasoras,Post-Introduction,Invasion,Invasion,2011,2011-06-01T12:00:00Z,comment,2323,0,UgykQoaE1C_dJ2snI6N4AaABAg.8XDlYdVm8ii8XGBVRdDQbF,UgykQoaE1C_dJ2snI6N4AaABAg,TRUE
EyY6KodBTE0,2017-09-07T13:52:03Z,336143,,207,Vespa_velutina,Portugal,Insects,established,visto,Post-Introduction,Detection,Detection,2011,2011-06-01T12:00:00Z,comment,2323,1,Ugw_s9qB0r0-eFFwwq94AaABAg.8XBS5Ph5lVa8XD-gPpcY37,Ugw_s9qB0r0-eFFwwq94AaABAg,TRUE
EyY6KodBTE0,2017-09-07T13:52:03Z,336143,,207,Vespa_velutina,Portugal,Insects,established,trampa,Post-Introduction,Detection,Detection,2011,2011-06-01T12:00:00Z,comment,2323,1,Ugw_s9qB0r0-eFFwwq94AaABAg.8XBS5Ph5lVa8XD-gPpcY37,Ugw_s9qB0r0-eFFwwq94AaABAg,TRUE
EyY6KodBTE0,2017-09-07T13:55:40Z,336143,,207,Vespa_velutina,Portugal,Insects,established,plaga,Post-Introduction,Invasion,Invasion,2011,2011-06-01T12:00:00Z,comment,2323,1,Ugzkhnh7m2OYyIDLVed4AaABAg.8XBK7eD0_Y18XD05vB78_8,Ugzkhnh7m2OYyIDLVed4AaABAg,TRUE
EyY6KodBTE0,2017-09-07T14:00:20Z,336143,,207,Vespa_velutina,Portugal,Insects,established,encontrado,Post-Introduction,Detection,Detection,2011,2011-06-01T12:00:00Z,comment,2323,4,UgwnRKO7W-m5ZTYLa8F4AaABAg.8XBIPbU0o7x8XD0d7SxW58,UgwnRKO7W-m5ZTYLa8F4AaABAg,TRUE
EyY6KodBTE0,2017-11-03T19:22:24Z,336143,,207,Vespa_velutina,Portugal,Insects,established,visto,Post-Introduction,Detection,Detection,2011,2011-06-01T12:00:00Z,comment,2323,1,UgwnRKO7W-m5ZTYLa8F4AaABAg.8XBIPbU0o7x8ZWMntoNsDU,UgwnRKO7W-m5ZTYLa8F4AaABAg,TRUE
EyY6KodBTE0,2017-11-06T19:04:02Z,336143,,207,Vespa_velutina,Portugal,Insects,established,trampa,Post-Introduction,Detection,Detection,2011,2011-06-01T12:00:00Z,comment,2323,2,UgwnRKO7W-m5ZTYLa8F4AaABAg.8XBIPbU0o7x8Zd352cXOMD,UgwnRKO7W-m5ZTYLa8F4AaABAg,TRUE
EyY6KodBTE0,2017-11-06T19:23:23Z,336143,,207,Vespa_velutina,Portugal,Insects,established,visto,Post-Introduction,Detection,Detection,2011,2011-06-01T12:00:00Z,comment,2323,2,UgwnRKO7W-m5ZTYLa8F4AaABAg.8XBIPbU0o7x8Zd5Ij1TtCP,UgwnRKO7W-m5ZTYLa8F4AaABAg,TRUE
EyY6KodBTE0,2017-09-07T14:07:45Z,336143,,207,Vespa_velutina,Portugal,Insects,established,barato,Post-Introduction,eCommerce,eCommerce,2011,2011-06-01T12:00:00Z,comment,2323,0,Ugw_XqKneXzsJLlXkvJ4AaABAg.8XAxpmC5vDd8XD1UVNQ0zF,Ugw_XqKneXzsJLlXkvJ4AaABAg,TRUE
EyY6KodBTE0,2017-09-06T18:27:32Z,336143,,207,Vespa_velutina,Portugal,Insects,established,plaga,Post-Introduction,Invasion,Invasion,2011,2011-06-01T12:00:00Z,comment,2323,1,UgwRwm_YASUqvrgi7Vx4AaABAg.8XArgf027UP8XAvQJKeKu8,UgwRwm_YASUqvrgi7Vx4AaABAg,TRUE
EyY6KodBTE0,2017-09-06T18:18:25Z,336143,,207,Vespa_velutina,Portugal,Insects,established,trampa,Post-Introduction,Detection,Detection,2011,2011-06-01T12:00:00Z,comment,2323,3,UgzGtPmZX8NxI2U2kH94AaABAg.8XAqO0RsdQy8XAuNYqZRjD,UgzGtPmZX8NxI2U2kH94AaABAg,TRUE
0Imuflnxa8g,2018-09-18T22:17:18Z,1335,,10,Vespa_velutina,Portugal,Insects,established,control,Post-Introduction,Detection,Detection,2011,2011-06-01T12:00:00Z,comment,38,1,UgxpaGxpSu-nAsYySm94AaABAg,,FALSE
0Imuflnxa8g,2018-09-21T13:29:07Z,1335,,10,Vespa_velutina,Portugal,Insects,established,plaga,Post-Introduction,Invasion,Invasion,2011,2011-06-01T12:00:00Z,comment,38,0,UgxQI9MlkvGDp9znNel4AaABAg.8lSnydjw4_B8lSrL2g2n1J,UgxQI9MlkvGDp9znNel4AaABAg,TRUE
wFy2AiKEINo,2020-06-12T23:00:17Z,65330,,106,Vespa_velutina,Portugal,Insects,established,alerta,Post-Introduction,Detection,Detection,2011,2011-06-01T12:00:00Z,comment,509,1,Ugw0b5Llst2wPVhxPxh4AaABAg,,FALSE
wFy2AiKEINo,2020-05-09T10:46:44Z,65330,,106,Vespa_velutina,Portugal,Insects,established,plaga,Post-Introduction,Invasion,Invasion,2011,2011-06-01T12:00:00Z,comment,509,0,Ugz4CsJdLmEzmio-H6J4AaABAg,,FALSE
wFy2AiKEINo,2020-05-09T10:46:44Z,65330,,106,Vespa_velutina,Portugal,Insects,established,plaga,Post-Introduction,Invasion,Invasion,2011,2011-06-01T12:00:00Z,comment,509,0,Ugz4CsJdLmEzmio-H6J4AaABAg,,FALSE
wFy2AiKEINo,2020-05-05T13:52:14Z,65330,,106,Vespa_velutina,Portugal,Insects,established,plaga,Post-Introduction,Invasion,Invasion,2011,2011-06-01T12:00:00Z,comment,509,2,UgxKV2RV5YyQEk3xevF4AaABAg,,FALSE
wFy2AiKEINo,2018-11-04T22:07:05Z,65330,,106,Vespa_velutina,Portugal,Insects,established,plagas,Post-Introduction,Invasion,Invasion,2011,2011-06-01T12:00:00Z,comment,509,1,Ugz8eDlCkdd5o6X-qet4AaABAg,,FALSE
wFy2AiKEINo,2018-01-25T11:41:58Z,65330,,106,Vespa_velutina,Portugal,Insects,established,plaga,Post-Introduction,Invasion,Invasion,2011,2011-06-01T12:00:00Z,comment,509,2,UgzkybbVUCpvfSzV1M14AaABAg,,FALSE
wFy2AiKEINo,2018-01-25T11:41:58Z,65330,,106,Vespa_velutina,Portugal,Insects,established,trampas,Post-Introduction,Detection,Detection,2011,2011-06-01T12:00:00Z,comment,509,2,UgzkybbVUCpvfSzV1M14AaABAg,,FALSE
wFy2AiKEINo,2018-01-25T11:41:58Z,65330,,106,Vespa_velutina,Portugal,Insects,established,capturas,Post-Introduction,Detection,Detection,2011,2011-06-01T12:00:00Z,comment,509,2,UgzkybbVUCpvfSzV1M14AaABAg,,FALSE
wFy2AiKEINo,2018-01-25T11:41:58Z,65330,,106,Vespa_velutina,Portugal,Insects,established,plaga,Post-Introduction,Invasion,Invasion,2011,2011-06-01T12:00:00Z,comment,509,2,UgzkybbVUCpvfSzV1M14AaABAg,,FALSE
wFy2AiKEINo,2018-01-25T11:41:58Z,65330,,106,Vespa_velutina,Portugal,Insects,established,aparecido,Post-Introduction,Detection,Detection,2011,2011-06-01T12:00:00Z,comment,509,2,UgzkybbVUCpvfSzV1M14AaABAg,,FALSE
wFy2AiKEINo,2017-12-16T16:08:24Z,65330,,106,Vespa_velutina,Portugal,Insects,established,dinheiro,Post-Introduction,eCommerce,eCommerce,2011,2011-06-01T12:00:00Z,comment,509,2,UgyCYiDb6dtRO48UzON4AaABAg,,FALSE
wFy2AiKEINo,2017-12-16T16:08:24Z,65330,,106,Vespa_velutina,Portugal,Insects,established,descoberta,Post-Introduction,Detection,Detection,2011,2011-06-01T12:00:00Z,comment,509,2,UgyCYiDb6dtRO48UzON4AaABAg,,FALSE
wFy2AiKEINo,2017-12-16T16:08:24Z,65330,,106,Vespa_velutina,Portugal,Insects,established,praga,Post-Introduction,Invasion,Invasion,2011,2011-06-01T12:00:00Z,comment,509,2,UgyCYiDb6dtRO48UzON4AaABAg,,FALSE
wFy2AiKEINo,2017-12-04T22:18:47Z,65330,,106,Vespa_velutina,Portugal,Insects,established,veneno,Post-Introduction,Threat,Threat,2011,2011-06-01T12:00:00Z,comment,509,2,UgydjTNm0aN6-DPcBHR4AaABAg,,FALSE
wFy2AiKEINo,2017-11-05T13:40:49Z,65330,,106,Vespa_velutina,Portugal,Insects,established,plaga,Post-Introduction,Invasion,Invasion,2011,2011-06-01T12:00:00Z,comment,509,2,Ugyo2QQVRo-63jfiNjV4AaABAg,,FALSE
wFy2AiKEINo,2017-11-05T13:40:49Z,65330,,106,Vespa_velutina,Portugal,Insects,established,captura,Post-Introduction,Detection,Detection,2011,2011-06-01T12:00:00Z,comment,509,2,Ugyo2QQVRo-63jfiNjV4AaABAg,,FALSE
wFy2AiKEINo,2017-09-24T13:36:32Z,65330,,106,Vespa_velutina,Portugal,Insects,established,plaga,Post-Introduction,Invasion,Invasion,2011,2011-06-01T12:00:00Z,comment,509,14,UgyCv8bTaitHtzxe7dd4AaABAg,,FALSE
wFy2AiKEINo,2017-09-24T13:36:32Z,65330,,106,Vespa_velutina,Portugal,Insects,established,invasora,Post-Introduction,Invasion,Invasion,2011,2011-06-01T12:00:00Z,comment,509,14,UgyCv8bTaitHtzxe7dd4AaABAg,,FALSE
wFy2AiKEINo,2017-09-24T13:36:32Z,65330,,106,Vespa_velutina,Portugal,Insects,established,danina,Post-Introduction,Threat,Threat,2011,2011-06-01T12:00:00Z,comment,509,14,UgyCv8bTaitHtzxe7dd4AaABAg,,FALSE
wFy2AiKEINo,2017-09-13T19:27:51Z,65330,,106,Vespa_velutina,Portugal,Insects,established,plaga,Post-Introduction,Invasion,Invasion,2011,2011-06-01T12:00:00Z,comment,509,7,Ugy8mVtorSArwpmVkeh4AaABAg,,FALSE
wFy2AiKEINo,2017-09-13T11:15:33Z,65330,,106,Vespa_velutina,Portugal,Insects,established,afectando,Post-Introduction,Invasion,Invasion,2011,2011-06-01T12:00:00Z,comment,509,2,Ugwgh0sZLaObCedOto54AaABAg,,FALSE
wFy2AiKEINo,2017-09-13T11:15:33Z,65330,,106,Vespa_velutina,Portugal,Insects,established,veneno,Post-Introduction,Threat,Threat,2011,2011-06-01T12:00:00Z,comment,509,2,Ugwgh0sZLaObCedOto54AaABAg,,FALSE
wFy2AiKEINo,2017-09-13T01:53:21Z,65330,,106,Vespa_velutina,Portugal,Insects,established,visto,Post-Introduction,Detection,Detection,2011,2011-06-01T12:00:00Z,comment,509,2,UgxVsADA2q8KhWGt5f94AaABAg,,FALSE
wFy2AiKEINo,2017-09-12T20:55:34Z,65330,,106,Vespa_velutina,Portugal,Insects,established,plaga,Post-Introduction,Invasion,Invasion,2011,2011-06-01T12:00:00Z,comment,509,2,UgycOw60aA41iv43_cB4AaABAg,,FALSE
wFy2AiKEINo,2018-08-09T12:13:26Z,65330,,106,Vespa_velutina,Portugal,Insects,established,plaga,Post-Introduction,Invasion,Invasion,2011,2011-06-01T12:00:00Z,comment,509,0,UgwudUKGABZ6DObftn94AaABAg.8jeuUk9CjjT8jj-VET-7qT,UgwudUKGABZ6DObftn94AaABAg,TRUE
wFy2AiKEINo,2018-01-25T13:33:04Z,65330,,106,Vespa_velutina,Portugal,Insects,established,plaga,Post-Introduction,Invasion,Invasion,2011,2011-06-01T12:00:00Z,comment,509,1,UgzkybbVUCpvfSzV1M14AaABAg.8bqG5B8J9nF8bqSntPEIjq,UgzkybbVUCpvfSzV1M14AaABAg,TRUE
wFy2AiKEINo,2018-01-25T13:33:04Z,65330,,106,Vespa_velutina,Portugal,Insects,established,plaga,Post-Introduction,Invasion,Invasion,2011,2011-06-01T12:00:00Z,comment,509,1,UgzkybbVUCpvfSzV1M14AaABAg.8bqG5B8J9nF8bqSntPEIjq,UgzkybbVUCpvfSzV1M14AaABAg,TRUE
wFy2AiKEINo,2018-01-25T13:33:04Z,65330,,106,Vespa_velutina,Portugal,Insects,established,plaga,Post-Introduction,Invasion,Invasion,2011,2011-06-01T12:00:00Z,comment,509,1,UgzkybbVUCpvfSzV1M14AaABAg.8bqG5B8J9nF8bqSntPEIjq,UgzkybbVUCpvfSzV1M14AaABAg,TRUE
wFy2AiKEINo,2018-01-25T13:33:04Z,65330,,106,Vespa_velutina,Portugal,Insects,established,compra,Post-Introduction,eCommerce,eCommerce,2011,2011-06-01T12:00:00Z,comment,509,1,UgzkybbVUCpvfSzV1M14AaABAg.8bqG5B8J9nF8bqSntPEIjq,UgzkybbVUCpvfSzV1M14AaABAg,TRUE
wFy2AiKEINo,2018-01-25T13:33:04Z,65330,,106,Vespa_velutina,Portugal,Insects,established,controlar,Post-Introduction,Detection,Detection,2011,2011-06-01T12:00:00Z,comment,509,1,UgzkybbVUCpvfSzV1M14AaABAg.8bqG5B8J9nF8bqSntPEIjq,UgzkybbVUCpvfSzV1M14AaABAg,TRUE
wFy2AiKEINo,2018-01-25T13:33:04Z,65330,,106,Vespa_velutina,Portugal,Insects,established,plagas,Post-Introduction,Invasion,Invasion,2011,2011-06-01T12:00:00Z,comment,509,1,UgzkybbVUCpvfSzV1M14AaABAg.8bqG5B8J9nF8bqSntPEIjq,UgzkybbVUCpvfSzV1M14AaABAg,TRUE
wFy2AiKEINo,2018-01-25T13:33:04Z,65330,,106,Vespa_velutina,Portugal,Insects,established,invasoras,Post-Introduction,Invasion,Invasion,2011,2011-06-01T12:00:00Z,comment,509,1,UgzkybbVUCpvfSzV1M14AaABAg.8bqG5B8J9nF8bqSntPEIjq,UgzkybbVUCpvfSzV1M14AaABAg,TRUE
wFy2AiKEINo,2018-01-25T13:33:04Z,65330,,106,Vespa_velutina,Portugal,Insects,established,plagas,Post-Introduction,Invasion,Invasion,2011,2011-06-01T12:00:00Z,comment,509,1,UgzkybbVUCpvfSzV1M14AaABAg.8bqG5B8J9nF8bqSntPEIjq,UgzkybbVUCpvfSzV1M14AaABAg,TRUE
wFy2AiKEINo,2018-01-25T13:33:04Z,65330,,106,Vespa_velutina,Portugal,Insects,established,plagas,Post-Introduction,Invasion,Invasion,2011,2011-06-01T12:00:00Z,comment,509,1,UgzkybbVUCpvfSzV1M14AaABAg.8bqG5B8J9nF8bqSntPEIjq,UgzkybbVUCpvfSzV1M14AaABAg,TRUE
wFy2AiKEINo,2017-12-17T16:18:03Z,65330,,106,Vespa_velutina,Portugal,Insects,established,precio,Post-Introduction,eCommerce,eCommerce,2011,2011-06-01T12:00:00Z,comment,509,0,UgyCYiDb6dtRO48UzON4AaABAg.8aEjmcWvHmM8aHKgCy8u0l,UgyCYiDb6dtRO48UzON4AaABAg,TRUE
wFy2AiKEINo,2017-09-13T15:11:33Z,65330,,106,Vespa_velutina,Portugal,Insects,established,plaga,Post-Introduction,Invasion,Invasion,2011,2011-06-01T12:00:00Z,comment,509,2,UgycdIH4u-94qQrPsKl4AaABAg.8XSR1uj1kP-8XSaZ2fC_Sy,UgycdIH4u-94qQrPsKl4AaABAg,TRUE
wFy2AiKEINo,2017-09-13T15:18:54Z,65330,,106,Vespa_velutina,Portugal,Insects,established,controlada,Post-Introduction,Detection,Detection,2011,2011-06-01T12:00:00Z,comment,509,1,UgxVsADA2q8KhWGt5f94AaABAg.8XRACkLG9248XSbOrJ8Nc5,UgxVsADA2q8KhWGt5f94AaABAg,TRUE
wFy2AiKEINo,2017-09-12T22:16:01Z,65330,,106,Vespa_velutina,Portugal,Insects,established,controlar,Post-Introduction,Detection,Detection,2011,2011-06-01T12:00:00Z,comment,509,0,UgwSZpCFLMldKdiFOQ14AaABAg.8XQlLcEsT9O8XQmL0ICLFC,UgwSZpCFLMldKdiFOQ14AaABAg,TRUE
wFy2AiKEINo,2018-01-01T07:54:10Z,65330,,106,Vespa_velutina,Portugal,Insects,established,nativa,Post-Introduction,Invasion,Invasion,2011,2011-06-01T12:00:00Z,comment,509,1,UgwSZpCFLMldKdiFOQ14AaABAg.8XQlLcEsT9O8as2wh2Oc5I,UgwSZpCFLMldKdiFOQ14AaABAg,TRUE
wFy2AiKEINo,2018-01-01T07:54:10Z,65330,,106,Vespa_velutina,Portugal,Insects,established,avistado,Post-Introduction,Detection,Detection,2011,2011-06-01T12:00:00Z,comment,509,1,UgwSZpCFLMldKdiFOQ14AaABAg.8XQlLcEsT9O8as2wh2Oc5I,UgwSZpCFLMldKdiFOQ14AaABAg,TRUE
wFy2AiKEINo,2018-01-01T07:54:10Z,65330,,106,Vespa_velutina,Portugal,Insects,established,custos,Post-Introduction,eCommerce,eCommerce,2011,2011-06-01T12:00:00Z,comment,509,1,UgwSZpCFLMldKdiFOQ14AaABAg.8XQlLcEsT9O8as2wh2Oc5I,UgwSZpCFLMldKdiFOQ14AaABAg,TRUE
wFy2AiKEINo,2017-09-12T19:45:22Z,65330,,106,Vespa_velutina,Portugal,Insects,established,precio,Post-Introduction,eCommerce,eCommerce,2011,2011-06-01T12:00:00Z,comment,509,0,Ugzo7oT6jEMmmbNk5kl4AaABAg.8XQJcJZTdRt8XQW5c6bN-F,Ugzo7oT6jEMmmbNk5kl4AaABAg,TRUE
saFGBI3NYpo,2019-06-23T19:45:47Z,10944,,5,Vespa_velutina,Portugal,Insects,established,dinero,Post-Introduction,eCommerce,eCommerce,2011,2011-06-01T12:00:00Z,comment,34,0,UgzCdUOHShpJ0pfwiNd4AaABAg.8WOC5l0RB_J8wXd2UItzxk,UgzCdUOHShpJ0pfwiNd4AaABAg,TRUE
ea1LlgZgrdY,2024-07-01T08:23:08Z,27909,,18,Vespa_velutina,Portugal,Insects,established,invadir,Post-Introduction,Invasion,Invasion,2011,2011-06-01T12:00:00Z,comment,117,0,Ugwq-rA3sNkSK-ptQzd4AaABAg,,FALSE
_9VGwzuSAiU,2024-12-25T23:27:30Z,2012,,5,Vespa_velutina,Portugal,Insects,established,trampa,Post-Introduction,Detection,Detection,2011,2011-06-01T12:00:00Z,comment,34,0,Ugydbi9tbYINF-pkRnh4AaABAg,,FALSE
_9VGwzuSAiU,2024-08-11T12:50:17Z,2012,,5,Vespa_velutina,Portugal,Insects,established,plaga,Post-Introduction,Invasion,Invasion,2011,2011-06-01T12:00:00Z,comment,34,2,UgwHIvRsNDCDh2QUAFN4AaABAg,,FALSE
_9VGwzuSAiU,2024-08-11T12:50:17Z,2012,,5,Vespa_velutina,Portugal,Insects,established,trampa,Post-Introduction,Detection,Detection,2011,2011-06-01T12:00:00Z,comment,34,2,UgwHIvRsNDCDh2QUAFN4AaABAg,,FALSE
_9VGwzuSAiU,2024-08-11T12:50:17Z,2012,,5,Vespa_velutina,Portugal,Insects,established,trampa,Post-Introduction,Detection,Detection,2011,2011-06-01T12:00:00Z,comment,34,2,UgwHIvRsNDCDh2QUAFN4AaABAg,,FALSE
_9VGwzuSAiU,2024-08-11T12:50:17Z,2012,,5,Vespa_velutina,Portugal,Insects,established,plaga,Post-Introduction,Invasion,Invasion,2011,2011-06-01T12:00:00Z,comment,34,2,UgwHIvRsNDCDh2QUAFN4AaABAg,,FALSE
_9VGwzuSAiU,2024-08-04T01:22:59Z,2012,,5,Vespa_velutina,Portugal,Insects,established,caro,Post-Introduction,eCommerce,eCommerce,2011,2011-06-01T12:00:00Z,comment,34,1,UgyAMm9KOT1CZQ7KxmZ4AaABAg,,FALSE
_9VGwzuSAiU,2024-08-04T01:22:59Z,2012,,5,Vespa_velutina,Portugal,Insects,established,peligro,Post-Introduction,Threat,Threat,2011,2011-06-01T12:00:00Z,comment,34,1,UgyAMm9KOT1CZQ7KxmZ4AaABAg,,FALSE
IIsUkjurRoY,2023-12-04T20:09:41Z,451,,5,Vespa_velutina,Portugal,Insects,established,trampa,Post-Introduction,Detection,Detection,2011,2011-06-01T12:00:00Z,comment,28,1,UgxIIpkwtgc8hueBJNB4AaABAg,,FALSE
HjJOmrrZuYQ,2020-12-05T23:20:05Z,7995,,6,Vespa_velutina,Portugal,Insects,established,trampas,Post-Introduction,Detection,Detection,2011,2011-06-01T12:00:00Z,comment,39,0,UgxmGXMDtkkTN0Cm5g14AaABAg,,FALSE
L0b9okeJeEs,2021-08-01T18:56:48Z,12767,,27,Vespa_velutina,Portugal,Insects,established,veneno,Post-Introduction,Threat,Threat,2011,2011-06-01T12:00:00Z,comment,179,0,Ugx8sR-ef3GbQSU9cYt4AaABAg,,FALSE
L0b9okeJeEs,2020-05-08T05:31:08Z,12767,,27,Vespa_velutina,Portugal,Insects,established,afectando,Post-Introduction,Invasion,Invasion,2011,2011-06-01T12:00:00Z,comment,179,1,UgzaF6aaq5Nsn7Z7ctt4AaABAg,,FALSE
L0b9okeJeEs,2020-01-09T10:08:55Z,12767,,27,Vespa_velutina,Portugal,Insects,established,visto,Post-Introduction,Detection,Detection,2011,2011-06-01T12:00:00Z,comment,179,0,Ugxu1YQ9iwpe5SybicF4AaABAg,,FALSE
L0b9okeJeEs,2019-10-12T18:01:40Z,12767,,27,Vespa_velutina,Portugal,Insects,established,comprar,Post-Introduction,eCommerce,eCommerce,2011,2011-06-01T12:00:00Z,comment,179,0,Ugz9KEbepUPf2ZSwtcl4AaABAg,,FALSE
L0b9okeJeEs,2019-10-11T21:09:34Z,12767,,27,Vespa_velutina,Portugal,Insects,established,trampas,Post-Introduction,Detection,Detection,2011,2011-06-01T12:00:00Z,comment,179,2,UgwQgivzo6hBBhpFC8Z4AaABAg,,FALSE
b6CRpNcqM2M,2022-09-23T11:42:43Z,72141,,36,Vespa_velutina,Portugal,Insects,established,trampas,Post-Introduction,Detection,Detection,2011,2011-06-01T12:00:00Z,comment,477,0,UgwEi_8S1j08QewHUkR4AaABAg,,FALSE
b6CRpNcqM2M,2021-12-16T01:56:37Z,72141,,36,Vespa_velutina,Portugal,Insects,established,plaga,Post-Introduction,Invasion,Invasion,2011,2011-06-01T12:00:00Z,comment,477,0,Ugzx0TR_Uc_3uP9ZTgl4AaABAg,,FALSE
b6CRpNcqM2M,2020-05-05T01:46:25Z,72141,,36,Vespa_velutina,Portugal,Insects,established,visto,Post-Introduction,Detection,Detection,2011,2011-06-01T12:00:00Z,comment,477,0,UgzWZu3UjFHkJrE5k5B4AaABAg,,FALSE
b6CRpNcqM2M,2018-12-10T12:43:37Z,72141,,36,Vespa_velutina,Portugal,Insects,established,plaga,Post-Introduction,Invasion,Invasion,2011,2011-06-01T12:00:00Z,comment,477,11,Ugz4iyWGX5WsXz5DX5t4AaABAg,,FALSE
Rqt_TnxqYjA,2020-05-17T00:25:41Z,76821,,63,Vespa_velutina,Portugal,Insects,established,invasora,Post-Introduction,Invasion,Invasion,2011,2011-06-01T12:00:00Z,comment,908,1,UgwVWa4pfLDU7YM37i14AaABAg,,FALSE
Rqt_TnxqYjA,2020-05-09T06:25:00Z,76821,,63,Vespa_velutina,Portugal,Insects,established,veneno,Post-Introduction,Threat,Threat,2011,2011-06-01T12:00:00Z,comment,908,0,Ugwhs7OHmNTyBAAl1Fd4AaABAg,,FALSE
Rqt_TnxqYjA,2019-12-08T21:44:35Z,76821,,63,Vespa_velutina,Portugal,Insects,established,cara,Post-Introduction,eCommerce,eCommerce,2011,2011-06-01T12:00:00Z,comment,908,0,Ugz_-Lno9KOnP0vSb6d4AaABAg,,FALSE
Rqt_TnxqYjA,2019-12-08T21:44:35Z,76821,,63,Vespa_velutina,Portugal,Insects,established,visto,Post-Introduction,Detection,Detection,2011,2011-06-01T12:00:00Z,comment,908,0,Ugz_-Lno9KOnP0vSb6d4AaABAg,,FALSE
Rqt_TnxqYjA,2018-10-10T14:47:56Z,76821,,63,Vespa_velutina,Portugal,Insects,established,trampas,Post-Introduction,Detection,Detection,2011,2011-06-01T12:00:00Z,comment,908,6,UgzfZh3Q1tblyCckViJ4AaABAg,,FALSE
Rqt_TnxqYjA,2018-10-10T14:47:56Z,76821,,63,Vespa_velutina,Portugal,Insects,established,control,Post-Introduction,Detection,Detection,2011,2011-06-01T12:00:00Z,comment,908,6,UgzfZh3Q1tblyCckViJ4AaABAg,,FALSE
Rqt_TnxqYjA,2018-10-10T14:47:56Z,76821,,63,Vespa_velutina,Portugal,Insects,established,plaga,Post-Introduction,Invasion,Invasion,2011,2011-06-01T12:00:00Z,comment,908,6,UgzfZh3Q1tblyCckViJ4AaABAg,,FALSE
Rqt_TnxqYjA,2018-01-08T14:27:41Z,76821,,63,Vespa_velutina,Portugal,Insects,established,trampas,Post-Introduction,Detection,Detection,2011,2011-06-01T12:00:00Z,comment,908,1,UgwyivCW2jqJr0N05YR4AaABAg,,FALSE
Rqt_TnxqYjA,2018-01-08T14:27:41Z,76821,,63,Vespa_velutina,Portugal,Insects,established,trampas,Post-Introduction,Detection,Detection,2011,2011-06-01T12:00:00Z,comment,908,1,UgwyivCW2jqJr0N05YR4AaABAg,,FALSE
Rqt_TnxqYjA,2018-01-08T14:27:41Z,76821,,63,Vespa_velutina,Portugal,Insects,established,trampa,Post-Introduction,Detection,Detection,2011,2011-06-01T12:00:00Z,comment,908,1,UgwyivCW2jqJr0N05YR4AaABAg,,FALSE
Rqt_TnxqYjA,2017-12-06T16:04:31Z,76821,,63,Vespa_velutina,Portugal,Insects,established,capturar,Post-Introduction,Detection,Detection,2011,2011-06-01T12:00:00Z,comment,908,0,UgxBBE7k-x9SXKO2ZEl4AaABAg,,FALSE
8bnOB7ZTKeI,2020-10-30T13:03:29Z,335,,3,Vespa_velutina,Portugal,Insects,established,invasora,Post-Introduction,Invasion,Invasion,2011,2011-06-01T12:00:00Z,comment,7,2,UgzK5nPB8l7HW6OTsgV4AaABAg.9FRKfMIzN0H9FRVV7HXvV8,UgzK5nPB8l7HW6OTsgV4AaABAg,TRUE
7tS87EqaKCQ,2019-07-17T23:43:23Z,1358,,3,Vespa_velutina,Portugal,Insects,established,visto,Post-Introduction,Detection,Detection,2011,2011-06-01T12:00:00Z,comment,7,0,UgxkvnInecTXTqzG0al4AaABAg,,FALSE
7tS87EqaKCQ,2018-09-22T13:51:54Z,1358,,3,Vespa_velutina,Portugal,Insects,established,trampas,Post-Introduction,Detection,Detection,2011,2011-06-01T12:00:00Z,comment,7,0,UgzXajJXEYqGYNWBXcd4AaABAg,,FALSE
rPQLpYowUQw,2024-07-15T12:25:12Z,59603,,33,Vespa_velutina,Portugal,Insects,established,encontre,Post-Introduction,Detection,Detection,2011,2011-06-01T12:00:00Z,comment,556,0,UgztmVvvW3ItalMFcrN4AaABAg,,FALSE
rPQLpYowUQw,2024-07-15T12:25:12Z,59603,,33,Vespa_velutina,Portugal,Insects,established,peligroso,Post-Introduction,Threat,Threat,2011,2011-06-01T12:00:00Z,comment,556,0,UgztmVvvW3ItalMFcrN4AaABAg,,FALSE
rPQLpYowUQw,2024-07-15T12:23:06Z,59603,,33,Vespa_velutina,Portugal,Insects,established,visto,Post-Introduction,Detection,Detection,2011,2011-06-01T12:00:00Z,comment,556,0,Ugz_No9VrNjX8CyNm094AaABAg,,FALSE
rPQLpYowUQw,2021-04-29T15:24:06Z,59603,,33,Vespa_velutina,Portugal,Insects,established,trampa,Post-Introduction,Detection,Detection,2011,2011-06-01T12:00:00Z,comment,556,0,Ugz9ha6ghUXtDpk2hjh4AaABAg,,FALSE
rPQLpYowUQw,2021-02-25T00:24:02Z,59603,,33,Vespa_velutina,Portugal,Insects,established,comprar,Post-Introduction,eCommerce,eCommerce,2011,2011-06-01T12:00:00Z,comment,556,1,UgyLInK9khl-MFIJxHt4AaABAg,,FALSE
rPQLpYowUQw,2020-06-03T19:08:02Z,59603,,33,Vespa_velutina,Portugal,Insects,established,trampa,Post-Introduction,Detection,Detection,2011,2011-06-01T12:00:00Z,comment,556,0,UgzdbwQzNL6Vo9Y5SsN4AaABAg,,FALSE
rPQLpYowUQw,2020-05-10T00:47:41Z,59603,,33,Vespa_velutina,Portugal,Insects,established,trampa,Post-Introduction,Detection,Detection,2011,2011-06-01T12:00:00Z,comment,556,0,UgzMehbperOUvS_YvA54AaABAg,,FALSE
rPQLpYowUQw,2019-09-25T22:48:03Z,59603,,33,Vespa_velutina,Portugal,Insects,established,invasoras,Post-Introduction,Invasion,Invasion,2011,2011-06-01T12:00:00Z,comment,556,1,UgxPYR0ifeXshwPJJvd4AaABAg,,FALSE
rPQLpYowUQw,2019-09-25T22:48:03Z,59603,,33,Vespa_velutina,Portugal,Insects,established,armadilhas,Post-Introduction,Detection,Detection,2011,2011-06-01T12:00:00Z,comment,556,1,UgxPYR0ifeXshwPJJvd4AaABAg,,FALSE
rPQLpYowUQw,2019-09-01T17:27:49Z,59603,,33,Vespa_velutina,Portugal,Insects,established,aparece,Post-Introduction,Detection,Detection,2011,2011-06-01T12:00:00Z,comment,556,1,UgyJwLIQlSLrkUayWtZ4AaABAg,,FALSE
rPQLpYowUQw,2019-01-28T19:09:27Z,59603,,33,Vespa_velutina,Portugal,Insects,established,plaga,Post-Introduction,Invasion,Invasion,2011,2011-06-01T12:00:00Z,comment,556,2,UgwNwFN85Mfgo2NYH6l4AaABAg,,FALSE
rPQLpYowUQw,2019-01-28T19:09:27Z,59603,,33,Vespa_velutina,Portugal,Insects,established,visto,Post-Introduction,Detection,Detection,2011,2011-06-01T12:00:00Z,comment,556,2,UgwNwFN85Mfgo2NYH6l4AaABAg,,FALSE
rPQLpYowUQw,2019-01-28T19:09:27Z,59603,,33,Vespa_velutina,Portugal,Insects,established,trampas,Post-Introduction,Detection,Detection,2011,2011-06-01T12:00:00Z,comment,556,2,UgwNwFN85Mfgo2NYH6l4AaABAg,,FALSE
rPQLpYowUQw,2018-12-21T22:30:38Z,59603,,33,Vespa_velutina,Portugal,Insects,established,visto,Post-Introduction,Detection,Detection,2011,2011-06-01T12:00:00Z,comment,556,8,UgwODTaJRU0QTD0NtJh4AaABAg,,FALSE
rPQLpYowUQw,2018-12-21T22:30:38Z,59603,,33,Vespa_velutina,Portugal,Insects,established,expansion,Post-Introduction,Invasion,Invasion,2011,2011-06-01T12:00:00Z,comment,556,8,UgwODTaJRU0QTD0NtJh4AaABAg,,FALSE
rPQLpYowUQw,2018-10-30T08:56:57Z,59603,,33,Vespa_velutina,Portugal,Insects,established,trampas,Post-Introduction,Detection,Detection,2011,2011-06-01T12:00:00Z,comment,556,0,Ugz8YlXoZ9wQ_v5ja_V4AaABAg,,FALSE
rPQLpYowUQw,2018-08-30T09:53:23Z,59603,,33,Vespa_velutina,Portugal,Insects,established,trampa,Post-Introduction,Detection,Detection,2011,2011-06-01T12:00:00Z,comment,556,1,UgwjE73X5hLcizpxVOd4AaABAg,,FALSE
rPQLpYowUQw,2018-06-17T19:33:37Z,59603,,33,Vespa_velutina,Portugal,Insects,established,epidemia,Post-Introduction,Threat,Threat,2011,2011-06-01T12:00:00Z,comment,556,4,UgyizNRKskA20k2pGkV4AaABAg,,FALSE
rPQLpYowUQw,2018-06-17T19:33:37Z,59603,,33,Vespa_velutina,Portugal,Insects,established,trampas,Post-Introduction,Detection,Detection,2011,2011-06-01T12:00:00Z,comment,556,4,UgyizNRKskA20k2pGkV4AaABAg,,FALSE
rPQLpYowUQw,2018-06-17T19:33:37Z,59603,,33,Vespa_velutina,Portugal,Insects,established,trampas,Post-Introduction,Detection,Detection,2011,2011-06-01T12:00:00Z,comment,556,4,UgyizNRKskA20k2pGkV4AaABAg,,FALSE
rPQLpYowUQw,2020-05-06T14:46:07Z,59603,,33,Vespa_velutina,Portugal,Insects,established,ataca,Post-Introduction,Threat,Threat,2011,2011-06-01T12:00:00Z,comment,556,1,UgwNwFN85Mfgo2NYH6l4AaABAg.8qecp_QrV3y98JvXw51q1K,UgwNwFN85Mfgo2NYH6l4AaABAg,TRUE
rPQLpYowUQw,2020-07-29T08:02:22Z,59603,,33,Vespa_velutina,Portugal,Insects,established,trampas,Post-Introduction,Detection,Detection,2011,2011-06-01T12:00:00Z,comment,556,2,UgwNwFN85Mfgo2NYH6l4AaABAg.8qecp_QrV3y9BgV6Liyjz_,UgwNwFN85Mfgo2NYH6l4AaABAg,TRUE
rPQLpYowUQw,2020-07-29T11:01:25Z,59603,,33,Vespa_velutina,Portugal,Insects,established,aparecieron,Post-Introduction,Detection,Detection,2011,2011-06-01T12:00:00Z,comment,556,0,UgwNwFN85Mfgo2NYH6l4AaABAg.8qecp_QrV3y9Bgoajxh6Kn,UgwNwFN85Mfgo2NYH6l4AaABAg,TRUE
rPQLpYowUQw,2020-07-31T06:55:51Z,59603,,33,Vespa_velutina,Portugal,Insects,established,aparecido,Post-Introduction,Detection,Detection,2011,2011-06-01T12:00:00Z,comment,556,1,UgwNwFN85Mfgo2NYH6l4AaABAg.8qecp_QrV3y9BlX4uvFxvv,UgwNwFN85Mfgo2NYH6l4AaABAg,TRUE
rPQLpYowUQw,2020-07-31T06:55:51Z,59603,,33,Vespa_velutina,Portugal,Insects,established,colonizacion,Post-Introduction,Invasion,Invasion,2011,2011-06-01T12:00:00Z,comment,556,1,UgwNwFN85Mfgo2NYH6l4AaABAg.8qecp_QrV3y9BlX4uvFxvv,UgwNwFN85Mfgo2NYH6l4AaABAg,TRUE
rPQLpYowUQw,2020-07-31T06:55:51Z,59603,,33,Vespa_velutina,Portugal,Insects,established,plaga,Post-Introduction,Invasion,Invasion,2011,2011-06-01T12:00:00Z,comment,556,1,UgwNwFN85Mfgo2NYH6l4AaABAg.8qecp_QrV3y9BlX4uvFxvv,UgwNwFN85Mfgo2NYH6l4AaABAg,TRUE
rPQLpYowUQw,2019-06-29T08:04:40Z,59603,,33,Vespa_velutina,Portugal,Insects,established,trampas,Post-Introduction,Detection,Detection,2011,2011-06-01T12:00:00Z,comment,556,1,UgwjE73X5hLcizpxVOd4AaABAg.8kZp9gtmswy8wkp_eSsPMT,UgwjE73X5hLcizpxVOd4AaABAg,TRUE
rPQLpYowUQw,2019-06-29T08:04:40Z,59603,,33,Vespa_velutina,Portugal,Insects,established,visto,Post-Introduction,Detection,Detection,2011,2011-06-01T12:00:00Z,comment,556,1,UgwjE73X5hLcizpxVOd4AaABAg.8kZp9gtmswy8wkp_eSsPMT,UgwjE73X5hLcizpxVOd4AaABAg,TRUE
rPQLpYowUQw,2019-06-29T08:04:40Z,59603,,33,Vespa_velutina,Portugal,Insects,established,visto,Post-Introduction,Detection,Detection,2011,2011-06-01T12:00:00Z,comment,556,1,UgwjE73X5hLcizpxVOd4AaABAg.8kZp9gtmswy8wkp_eSsPMT,UgwjE73X5hLcizpxVOd4AaABAg,TRUE
czfzZo4a2so,2022-04-17T14:35:39Z,87,,5,Vespa_velutina,Portugal,Insects,established,plaga,Post-Introduction,Invasion,Invasion,2011,2011-06-01T12:00:00Z,comment,3,3,UgxAtRyBBtyTqNDYAd94AaABAg.9_vJirUO7wq9_vfXRhHEQl,UgxAtRyBBtyTqNDYAd94AaABAg,TRUE
GFFCzGlMVlE,2018-07-26T22:36:59Z,67369,,320,Vespa_velutina,Portugal,Insects,established,vista,Post-Introduction,Detection,Detection,2011,2011-06-01T12:00:00Z,comment,2456,0,UgwaD2Jv9nYlrZbv-Sd4AaABAg,,FALSE
GFFCzGlMVlE,2018-07-26T22:31:49Z,67369,,320,Vespa_velutina,Portugal,Insects,established,vistas,Post-Introduction,Detection,Detection,2011,2011-06-01T12:00:00Z,comment,2456,0,UgwXYLuXgBXPkFssxrl4AaABAg,,FALSE
0edLWEXVY60,2024-04-27T20:03:21Z,40032,,14,Vespa_velutina,Portugal,Insects,established,armadilhas,Post-Introduction,Detection,Detection,2011,2011-06-01T12:00:00Z,comment,124,0,UgzbX_XSGs8xnbe3tRF4AaABAg,,FALSE
0edLWEXVY60,2021-10-21T19:57:09Z,40032,,14,Vespa_velutina,Portugal,Insects,established,invasora,Post-Introduction,Invasion,Invasion,2011,2011-06-01T12:00:00Z,comment,124,1,UgyY8kk_oO_m2rbg7f54AaABAg,,FALSE
0edLWEXVY60,2020-08-20T20:35:27Z,40032,,14,Vespa_velutina,Portugal,Insects,established,barato,Post-Introduction,eCommerce,eCommerce,2011,2011-06-01T12:00:00Z,comment,124,0,UgwLjni8ctwo7fPul694AaABAg,,FALSE
dhF6OJQvvKg,2023-10-08T21:18:18Z,1675,,8,Vespa_velutina,Portugal,Insects,established,descobertos,Post-Introduction,Detection,Detection,2011,2011-06-01T12:00:00Z,comment,51,1,UgzmsSOun5FyiY9DR_d4AaABAg,,FALSE
dhF6OJQvvKg,2023-10-08T15:58:32Z,1675,,8,Vespa_velutina,Portugal,Insects,established,aparece,Post-Introduction,Detection,Detection,2011,2011-06-01T12:00:00Z,comment,51,1,Ugwgcs7Db5qgpjmcwkt4AaABAg,,FALSE
II2jW3eVKn4,2022-08-16T22:54:28Z,5259,,8,Vespa_velutina,Portugal,Insects,established,mercado,Post-Introduction,eCommerce,eCommerce,2011,2011-06-01T12:00:00Z,comment,96,1,Ugy8ifxpk1BabFc5Vg94AaABAg,,FALSE
-kuYeB2qTl4,2023-11-12T14:09:30Z,714,,4,Vespa_velutina,Portugal,Insects,established,praga,Post-Introduction,Invasion,Invasion,2011,2011-06-01T12:00:00Z,comment,12,0,Ugwtck9yMWPvhYh0GrF4AaABAg,,FALSE
-kuYeB2qTl4,2023-11-12T20:49:11Z,714,,4,Vespa_velutina,Portugal,Insects,established,praga,Post-Introduction,Invasion,Invasion,2011,2011-06-01T12:00:00Z,comment,12,0,Ugwtck9yMWPvhYh0GrF4AaABAg.9x0cozbB8mQ9x1LZP8O0S_,Ugwtck9yMWPvhYh0GrF4AaABAg,TRUE
OfZmDPPepe0,2022-02-12T16:51:34Z,877,,2,Vespa_velutina,Portugal,Insects,established,pandemia,Post-Introduction,Threat,Threat,2011,2011-06-01T12:00:00Z,comment,9,0,UgzakmRX0uDjJjUC4Rx4AaABAg.9PdFWeVIdO_9YM7CrLwY_W,UgzakmRX0uDjJjUC4Rx4AaABAg,TRUE
_33QU7WnpnI,2023-11-28T16:40:29Z,3773,,41,Vespa_velutina,Portugal,Insects,established,trampas,Post-Introduction,Detection,Detection,2011,2011-06-01T12:00:00Z,comment,83,0,UgwvcgHBvwQXPFAumER4AaABAg,,FALSE
_33QU7WnpnI,2023-09-04T16:31:51Z,3773,,41,Vespa_velutina,Portugal,Insects,established,encontramos,Post-Introduction,Detection,Detection,2011,2011-06-01T12:00:00Z,comment,83,0,Ugy4roI81bnyoEwAyvd4AaABAg,,FALSE
_33QU7WnpnI,2023-09-01T19:36:28Z,3773,,41,Vespa_velutina,Portugal,Insects,established,visto,Post-Introduction,Detection,Detection,2011,2011-06-01T12:00:00Z,comment,83,1,UgxGEXGvQGTk-Lh5hz94AaABAg,,FALSE
_33QU7WnpnI,2023-11-28T17:41:59Z,3773,,41,Vespa_velutina,Portugal,Insects,established,veneno,Post-Introduction,Threat,Threat,2011,2011-06-01T12:00:00Z,comment,83,2,UgwvcgHBvwQXPFAumER4AaABAg.9xf5ou2vS9K9xfCrLhzny5,UgwvcgHBvwQXPFAumER4AaABAg,TRUE
_33QU7WnpnI,2023-11-28T17:41:59Z,3773,,41,Vespa_velutina,Portugal,Insects,established,trampa,Post-Introduction,Detection,Detection,2011,2011-06-01T12:00:00Z,comment,83,2,UgwvcgHBvwQXPFAumER4AaABAg.9xf5ou2vS9K9xfCrLhzny5,UgwvcgHBvwQXPFAumER4AaABAg,TRUE
_33QU7WnpnI,2023-11-28T17:41:59Z,3773,,41,Vespa_velutina,Portugal,Insects,established,trampa,Post-Introduction,Detection,Detection,2011,2011-06-01T12:00:00Z,comment,83,2,UgwvcgHBvwQXPFAumER4AaABAg.9xf5ou2vS9K9xfCrLhzny5,UgwvcgHBvwQXPFAumER4AaABAg,TRUE
_33QU7WnpnI,2023-10-10T07:06:23Z,3773,,41,Vespa_velutina,Portugal,Insects,established,atacando,Post-Introduction,Threat,Threat,2011,2011-06-01T12:00:00Z,comment,83,1,UgyVoHfu_Zgt3tUFsjh4AaABAg.9veLeOuu7Al9vfuA5j2XIY,UgyVoHfu_Zgt3tUFsjh4AaABAg,TRUE
_33QU7WnpnI,2023-10-10T07:06:23Z,3773,,41,Vespa_velutina,Portugal,Insects,established,invasion,Post-Introduction,Invasion,Invasion,2011,2011-06-01T12:00:00Z,comment,83,1,UgyVoHfu_Zgt3tUFsjh4AaABAg.9veLeOuu7Al9vfuA5j2XIY,UgyVoHfu_Zgt3tUFsjh4AaABAg,TRUE
_33QU7WnpnI,2023-10-10T09:51:53Z,3773,,41,Vespa_velutina,Portugal,Insects,established,plaga,Post-Introduction,Invasion,Invasion,2011,2011-06-01T12:00:00Z,comment,83,0,UgyVoHfu_Zgt3tUFsjh4AaABAg.9veLeOuu7Al9vgC6NOAjBo,UgyVoHfu_Zgt3tUFsjh4AaABAg,TRUE
_33QU7WnpnI,2023-10-13T15:30:11Z,3773,,41,Vespa_velutina,Portugal,Insects,established,encontre,Post-Introduction,Detection,Detection,2011,2011-06-01T12:00:00Z,comment,83,0,UgyVoHfu_Zgt3tUFsjh4AaABAg.9veLeOuu7Al9voXCk4sEke,UgyVoHfu_Zgt3tUFsjh4AaABAg,TRUE
_33QU7WnpnI,2023-10-13T15:30:11Z,3773,,41,Vespa_velutina,Portugal,Insects,established,visto,Post-Introduction,Detection,Detection,2011,2011-06-01T12:00:00Z,comment,83,0,UgyVoHfu_Zgt3tUFsjh4AaABAg.9veLeOuu7Al9voXCk4sEke,UgyVoHfu_Zgt3tUFsjh4AaABAg,TRUE
_33QU7WnpnI,2023-10-09T16:41:14Z,3773,,41,Vespa_velutina,Portugal,Insects,established,peligro,Post-Introduction,Threat,Threat,2011,2011-06-01T12:00:00Z,comment,83,0,UgwBWGQjCS9ob_XFE3N4AaABAg.9vHtZwrsHQv9veM9eujLM5,UgwBWGQjCS9ob_XFE3N4AaABAg,TRUE
_33QU7WnpnI,2023-09-18T06:53:16Z,3773,,41,Vespa_velutina,Portugal,Insects,established,tienda,Post-Introduction,eCommerce,eCommerce,2011,2011-06-01T12:00:00Z,comment,83,0,Ugwv1DiatzwT1T8kyr94AaABAg.9ulOy_Mmo919unEAohdtWc,Ugwv1DiatzwT1T8kyr94AaABAg,TRUE
_33QU7WnpnI,2023-09-30T14:10:17Z,3773,,41,Vespa_velutina,Portugal,Insects,established,dinero,Post-Introduction,eCommerce,eCommerce,2011,2011-06-01T12:00:00Z,comment,83,0,Ugwv1DiatzwT1T8kyr94AaABAg.9ulOy_Mmo919vHujBQRVjd,Ugwv1DiatzwT1T8kyr94AaABAg,TRUE
_33QU7WnpnI,2023-09-30T14:10:17Z,3773,,41,Vespa_velutina,Portugal,Insects,established,veneno,Post-Introduction,Threat,Threat,2011,2011-06-01T12:00:00Z,comment,83,0,Ugwv1DiatzwT1T8kyr94AaABAg.9ulOy_Mmo919vHujBQRVjd,Ugwv1DiatzwT1T8kyr94AaABAg,TRUE
_33QU7WnpnI,2023-09-03T08:09:29Z,3773,,41,Vespa_velutina,Portugal,Insects,established,control,Post-Introduction,Detection,Detection,2011,2011-06-01T12:00:00Z,comment,83,1,UgwXI9oYBEXAyrxXhFh4AaABAg.9u9J8MJbWSn9uBjyy6teIc,UgwXI9oYBEXAyrxXhFh4AaABAg,TRUE
zSNONsdqKS4,2021-05-07T11:12:29Z,23096,,21,Vespa_velutina,Portugal,Insects,established,visto,Post-Introduction,Detection,Detection,2011,2011-06-01T12:00:00Z,comment,221,4,Ugzz1JXTV0UBS9EbXSN4AaABAg,,FALSE
zSNONsdqKS4,2023-12-20T10:55:51Z,23096,,21,Vespa_velutina,Portugal,Insects,established,plaga,Post-Introduction,Invasion,Invasion,2011,2011-06-01T12:00:00Z,comment,221,0,UgyCimAyfXun2kpfjht4AaABAg,,FALSE
zSNONsdqKS4,2023-09-15T21:15:13Z,23096,,21,Vespa_velutina,Portugal,Insects,established,ataca,Post-Introduction,Threat,Threat,2011,2011-06-01T12:00:00Z,comment,221,0,UgyPIoNhEZyD0jL0knp4AaABAg,,FALSE
zSNONsdqKS4,2022-09-02T14:13:15Z,23096,,21,Vespa_velutina,Portugal,Insects,established,cara,Post-Introduction,eCommerce,eCommerce,2011,2011-06-01T12:00:00Z,comment,221,2,UgzKn8jKBIOcrxDeCk14AaABAg,,FALSE
zSNONsdqKS4,2022-09-02T14:13:15Z,23096,,21,Vespa_velutina,Portugal,Insects,established,cara,Post-Introduction,eCommerce,eCommerce,2011,2011-06-01T12:00:00Z,comment,221,2,UgzKn8jKBIOcrxDeCk14AaABAg,,FALSE
zSNONsdqKS4,2022-09-02T14:13:15Z,23096,,21,Vespa_velutina,Portugal,Insects,established,cara,Post-Introduction,eCommerce,eCommerce,2011,2011-06-01T12:00:00Z,comment,221,2,UgzKn8jKBIOcrxDeCk14AaABAg,,FALSE
zSNONsdqKS4,2022-08-24T18:24:41Z,23096,,21,Vespa_velutina,Portugal,Insects,established,veneno,Post-Introduction,Threat,Threat,2011,2011-06-01T12:00:00Z,comment,221,1,Ugwy26VaPT7tO-DDcm54AaABAg,,FALSE
xiz2AQxNB40,2021-12-15T00:22:28Z,2373,,5,Vespa_velutina,Portugal,Insects,established,deteccion,Post-Introduction,Detection,Detection,2011,2011-06-01T12:00:00Z,comment,22,1,Ugwfjbsad5c6u-V6nMh4AaABAg,,FALSE
xiz2AQxNB40,2015-10-02T20:43:06Z,2373,,5,Vespa_velutina,Portugal,Insects,established,encontrado,Post-Introduction,Detection,Detection,2011,2011-06-01T12:00:00Z,comment,22,2,Ugg9j0Bgj8XWf3gCoAEC,,FALSE
MGHcIy-llZ4,2020-05-21T07:04:01Z,1296,,7,Vespa_velutina,Portugal,Insects,established,visto,Post-Introduction,Detection,Detection,2011,2011-06-01T12:00:00Z,comment,17,1,Ugw5DBn4NnWnrK2iQc14AaABAg,,FALSE
MGHcIy-llZ4,2020-05-21T07:04:01Z,1296,,7,Vespa_velutina,Portugal,Insects,established,trampa,Post-Introduction,Detection,Detection,2011,2011-06-01T12:00:00Z,comment,17,1,Ugw5DBn4NnWnrK2iQc14AaABAg,,FALSE
MGHcIy-llZ4,2020-05-21T10:45:40Z,1296,,7,Vespa_velutina,Portugal,Insects,established,invasion,Post-Introduction,Invasion,Invasion,2011,2011-06-01T12:00:00Z,comment,17,1,Ugw5DBn4NnWnrK2iQc14AaABAg.98ui_TuNYqH98v6wxYLawF,Ugw5DBn4NnWnrK2iQc14AaABAg,TRUE
_5r5IvoJtys,2017-10-17T23:11:32Z,3678,,6,Vespa_velutina,Portugal,Insects,established,captura,Post-Introduction,Detection,Detection,2011,2011-06-01T12:00:00Z,comment,33,1,UgxgAQLy59l9wNYhhix4AaABAg,,FALSE
orNFa_vM3Gc,2016-11-14T16:18:17Z,1957,,1,Vespa_velutina,Portugal,Insects,established,deteccion,Post-Introduction,Detection,Detection,2011,2011-06-01T12:00:00Z,comment,11,1,UgikS07KIOICcXgCoAEC,,FALSE
orNFa_vM3Gc,2016-11-14T16:18:17Z,1957,,1,Vespa_velutina,Portugal,Insects,established,seguimiento,Post-Introduction,Detection,Detection,2011,2011-06-01T12:00:00Z,comment,11,1,UgikS07KIOICcXgCoAEC,,FALSE
orNFa_vM3Gc,2016-11-14T16:18:17Z,1957,,1,Vespa_velutina,Portugal,Insects,established,control,Post-Introduction,Detection,Detection,2011,2011-06-01T12:00:00Z,comment,11,1,UgikS07KIOICcXgCoAEC,,FALSE
orNFa_vM3Gc,2016-11-14T16:18:17Z,1957,,1,Vespa_velutina,Portugal,Insects,established,exotica,Post-Introduction,Invasion,Invasion,2011,2011-06-01T12:00:00Z,comment,11,1,UgikS07KIOICcXgCoAEC,,FALSE
orNFa_vM3Gc,2016-11-14T16:18:17Z,1957,,1,Vespa_velutina,Portugal,Insects,established,invasora,Post-Introduction,Invasion,Invasion,2011,2011-06-01T12:00:00Z,comment,11,1,UgikS07KIOICcXgCoAEC,,FALSE
sO5hNu7ACBQ,2019-12-26T01:14:41Z,13765,,35,Vespa_velutina,Portugal,Insects,established,veneno,Post-Introduction,Threat,Threat,2011,2011-06-01T12:00:00Z,comment,214,1,UgxKqdnEJ5Rg5lFwV454AaABAg,,FALSE
sO5hNu7ACBQ,2019-12-26T01:14:41Z,13765,,35,Vespa_velutina,Portugal,Insects,established,venenosa,Post-Introduction,Threat,Threat,2011,2011-06-01T12:00:00Z,comment,214,1,UgxKqdnEJ5Rg5lFwV454AaABAg,,FALSE
sO5hNu7ACBQ,2019-12-26T01:14:41Z,13765,,35,Vespa_velutina,Portugal,Insects,established,invasora,Post-Introduction,Invasion,Invasion,2011,2011-06-01T12:00:00Z,comment,214,1,UgxKqdnEJ5Rg5lFwV454AaABAg,,FALSE
sO5hNu7ACBQ,2019-12-26T01:14:41Z,13765,,35,Vespa_velutina,Portugal,Insects,established,vendido,Post-Introduction,eCommerce,eCommerce,2011,2011-06-01T12:00:00Z,comment,214,1,UgxKqdnEJ5Rg5lFwV454AaABAg,,FALSE
sO5hNu7ACBQ,2019-09-06T11:26:20Z,13765,,35,Vespa_velutina,Portugal,Insects,established,veneno,Post-Introduction,Threat,Threat,2011,2011-06-01T12:00:00Z,comment,214,0,UgxFEonjkNLuPvwypVd4AaABAg,,FALSE
sO5hNu7ACBQ,2019-09-05T18:44:36Z,13765,,35,Vespa_velutina,Portugal,Insects,established,veneno,Post-Introduction,Threat,Threat,2011,2011-06-01T12:00:00Z,comment,214,0,Ugxi4GIZJ2aQMURdZ0B4AaABAg,,FALSE
sO5hNu7ACBQ,2019-09-05T18:44:36Z,13765,,35,Vespa_velutina,Portugal,Insects,established,peligro,Post-Introduction,Threat,Threat,2011,2011-06-01T12:00:00Z,comment,214,0,Ugxi4GIZJ2aQMURdZ0B4AaABAg,,FALSE
sO5hNu7ACBQ,2019-09-05T18:44:36Z,13765,,35,Vespa_velutina,Portugal,Insects,established,trampas,Post-Introduction,Detection,Detection,2011,2011-06-01T12:00:00Z,comment,214,0,Ugxi4GIZJ2aQMURdZ0B4AaABAg,,FALSE
sO5hNu7ACBQ,2019-06-21T18:13:45Z,13765,,35,Vespa_velutina,Portugal,Insects,established,expansion,Post-Introduction,Invasion,Invasion,2011,2011-06-01T12:00:00Z,comment,214,0,Ugw9-d9fv2p-mG0_gMh4AaABAg,,FALSE
sO5hNu7ACBQ,2018-11-01T02:25:15Z,13765,,35,Vespa_velutina,Portugal,Insects,established,visto,Post-Introduction,Detection,Detection,2011,2011-06-01T12:00:00Z,comment,214,1,UgxfD5HReKCijywEt0F4AaABAg,,FALSE
sO5hNu7ACBQ,2018-09-23T02:07:18Z,13765,,35,Vespa_velutina,Portugal,Insects,established,veneno,Post-Introduction,Threat,Threat,2011,2011-06-01T12:00:00Z,comment,214,3,UgzPpLIoFxDE4Pc0CIN4AaABAg,,FALSE
sO5hNu7ACBQ,2018-07-26T00:24:55Z,13765,,35,Vespa_velutina,Portugal,Insects,established,extincion,Post-Introduction,Threat,Threat,2011,2011-06-01T12:00:00Z,comment,214,2,UgzmtxhXI5lfaGIhl0x4AaABAg,,FALSE
sO5hNu7ACBQ,2018-07-26T00:24:55Z,13765,,35,Vespa_velutina,Portugal,Insects,established,peligro,Post-Introduction,Threat,Threat,2011,2011-06-01T12:00:00Z,comment,214,2,UgzmtxhXI5lfaGIhl0x4AaABAg,,FALSE
sO5hNu7ACBQ,2018-07-25T14:08:10Z,13765,,35,Vespa_velutina,Portugal,Insects,established,dinero,Post-Introduction,eCommerce,eCommerce,2011,2011-06-01T12:00:00Z,comment,214,2,Ugwy9GQeilWnqZqLItF4AaABAg,,FALSE
sO5hNu7ACBQ,2018-07-25T09:39:34Z,13765,,35,Vespa_velutina,Portugal,Insects,established,trampa,Post-Introduction,Detection,Detection,2011,2011-06-01T12:00:00Z,comment,214,1,UgypU7u3KXP3tK9fxzd4AaABAg,,FALSE
sO5hNu7ACBQ,2019-08-18T00:51:45Z,13765,,35,Vespa_velutina,Portugal,Insects,established,plaga,Post-Introduction,Invasion,Invasion,2011,2011-06-01T12:00:00Z,comment,214,0,UgxfD5HReKCijywEt0F4AaABAg.8n5Exg-_TxN8yknmeOan0F,UgxfD5HReKCijywEt0F4AaABAg,TRUE
sO5hNu7ACBQ,2019-08-18T00:51:45Z,13765,,35,Vespa_velutina,Portugal,Insects,established,plaga,Post-Introduction,Invasion,Invasion,2011,2011-06-01T12:00:00Z,comment,214,0,UgxfD5HReKCijywEt0F4AaABAg.8n5Exg-_TxN8yknmeOan0F,UgxfD5HReKCijywEt0F4AaABAg,TRUE
sO5hNu7ACBQ,2019-08-18T00:51:45Z,13765,,35,Vespa_velutina,Portugal,Insects,established,plaga,Post-Introduction,Invasion,Invasion,2011,2011-06-01T12:00:00Z,comment,214,0,UgxfD5HReKCijywEt0F4AaABAg.8n5Exg-_TxN8yknmeOan0F,UgxfD5HReKCijywEt0F4AaABAg,TRUE
sO5hNu7ACBQ,2019-08-18T00:51:45Z,13765,,35,Vespa_velutina,Portugal,Insects,established,plaga,Post-Introduction,Invasion,Invasion,2011,2011-06-01T12:00:00Z,comment,214,0,UgxfD5HReKCijywEt0F4AaABAg.8n5Exg-_TxN8yknmeOan0F,UgxfD5HReKCijywEt0F4AaABAg,TRUE
sO5hNu7ACBQ,2020-07-12T08:15:59Z,13765,,35,Vespa_velutina,Portugal,Insects,established,veneno,Post-Introduction,Threat,Threat,2011,2011-06-01T12:00:00Z,comment,214,0,Ugz1j3592QF6N4e_U1t4AaABAg.8lY37tdCM_V9B-k95hhWBD,Ugz1j3592QF6N4e_U1t4AaABAg,TRUE
sO5hNu7ACBQ,2020-07-12T08:15:59Z,13765,,35,Vespa_velutina,Portugal,Insects,established,veneno,Post-Introduction,Threat,Threat,2011,2011-06-01T12:00:00Z,comment,214,0,Ugz1j3592QF6N4e_U1t4AaABAg.8lY37tdCM_V9B-k95hhWBD,Ugz1j3592QF6N4e_U1t4AaABAg,TRUE
sO5hNu7ACBQ,2018-08-03T00:57:57Z,13765,,35,Vespa_velutina,Portugal,Insects,established,trampa,Post-Introduction,Detection,Detection,2011,2011-06-01T12:00:00Z,comment,214,0,UgypU7u3KXP3tK9fxzd4AaABAg.8j75y-ELAGL8jTLQ_lz4VR,UgypU7u3KXP3tK9fxzd4AaABAg,TRUE
BkBlMctkt7M,2021-09-05T09:37:31Z,1352,,11,Vespa_velutina,Portugal,Insects,established,aparece,Post-Introduction,Detection,Detection,2011,2011-06-01T12:00:00Z,comment,42,1,Ugwj4Wt3Cwe4Q1IpVeZ4AaABAg,,FALSE
RjQYn7ZwveI,2019-06-26T12:22:55Z,13958,,15,Vespa_velutina,Portugal,Insects,established,riesgo,Post-Introduction,Threat,Threat,2011,2011-06-01T12:00:00Z,comment,45,4,UgxhJUqNOfAqly9BEQN4AaABAg,,FALSE
RjQYn7ZwveI,2019-06-01T23:10:16Z,13958,,15,Vespa_velutina,Portugal,Insects,established,veneno,Post-Introduction,Threat,Threat,2011,2011-06-01T12:00:00Z,comment,45,2,UgxSs3xLoQiHF_Iv0_N4AaABAg,,FALSE
RjQYn7ZwveI,2018-09-13T18:13:52Z,13958,,15,Vespa_velutina,Portugal,Insects,established,riesgo,Post-Introduction,Threat,Threat,2011,2011-06-01T12:00:00Z,comment,45,0,Ugwxjw1BwnH82MlfIX14AaABAg.8it3nEo8mdk8l8lZcyzVCr,Ugwxjw1BwnH82MlfIX14AaABAg,TRUE
RSi9yiu5JRQ,2018-08-14T17:34:57Z,21916,,24,Vespa_velutina,Portugal,Insects,established,invasoras,Post-Introduction,Invasion,Invasion,2011,2011-06-01T12:00:00Z,comment,140,1,UgwiHRj5lF4MY1D57jx4AaABAg,,FALSE
RSi9yiu5JRQ,2013-10-26T20:33:22Z,21916,,24,Vespa_velutina,Portugal,Insects,established,plaga,Post-Introduction,Invasion,Invasion,2011,2011-06-01T12:00:00Z,comment,140,3,UgzTJRfDxG76yqcD-bZ4AaABAg,,FALSE
RSi9yiu5JRQ,2013-01-14T08:31:01Z,21916,,24,Vespa_velutina,Portugal,Insects,established,invasion,Post-Introduction,Invasion,Invasion,2011,2011-06-01T12:00:00Z,comment,140,1,UgwaLoGNcodtFbZTpXp4AaABAg,,FALSE
yicST4L0YkU,2019-04-14T23:21:46Z,31814,,9,Vespa_velutina,Portugal,Insects,established,plagas,Post-Introduction,Invasion,Invasion,2011,2011-06-01T12:00:00Z,comment,83,0,UgwJ5s7AMmiH-gWuk514AaABAg,,FALSE
yicST4L0YkU,2019-04-14T23:21:46Z,31814,,9,Vespa_velutina,Portugal,Insects,established,descubierto,Post-Introduction,Detection,Detection,2011,2011-06-01T12:00:00Z,comment,83,0,UgwJ5s7AMmiH-gWuk514AaABAg,,FALSE
yicST4L0YkU,2019-04-14T23:21:46Z,31814,,9,Vespa_velutina,Portugal,Insects,established,trampas,Post-Introduction,Detection,Detection,2011,2011-06-01T12:00:00Z,comment,83,0,UgwJ5s7AMmiH-gWuk514AaABAg,,FALSE
yicST4L0YkU,2017-09-05T13:13:38Z,31814,,9,Vespa_velutina,Portugal,Insects,established,trampas,Post-Introduction,Detection,Detection,2011,2011-06-01T12:00:00Z,comment,83,2,UgxWyGIyM69rsXYcMHV4AaABAg,,FALSE
85A6fy65yJA,2020-08-29T04:22:20Z,4952,,11,Vespa_velutina,Portugal,Insects,established,plagas,Post-Introduction,Invasion,Invasion,2011,2011-06-01T12:00:00Z,comment,29,0,UgyMuJ-g8uHAZNVRx-F4AaABAg.98O-tOrXkrQ9CvvZq3mVB0,UgyMuJ-g8uHAZNVRx-F4AaABAg,TRUE
85A6fy65yJA,2020-08-29T04:22:20Z,4952,,11,Vespa_velutina,Portugal,Insects,established,plagas,Post-Introduction,Invasion,Invasion,2011,2011-06-01T12:00:00Z,comment,29,0,UgyMuJ-g8uHAZNVRx-F4AaABAg.98O-tOrXkrQ9CvvZq3mVB0,UgyMuJ-g8uHAZNVRx-F4AaABAg,TRUE
a3uff97mg0k,2019-10-29T04:38:37Z,37065,,13,Vespa_velutina,Portugal,Insects,established,vista,Post-Introduction,Detection,Detection,2011,2011-06-01T12:00:00Z,comment,116,3,UgxUkdxO58w1Z--2C_94AaABAg,,FALSE
BilSshxtNQA,2020-09-14T12:01:20Z,1983,,9,Vespa_velutina,Portugal,Insects,established,trampa,Post-Introduction,Detection,Detection,2011,2011-06-01T12:00:00Z,comment,37,1,UgzxDU-D8qCNHuQmMLV4AaABAg,,FALSE
_rAzWNJAqEE,2021-07-11T11:46:20Z,231,,6,Vespa_velutina,Portugal,Insects,established,trampa,Post-Introduction,Detection,Detection,2011,2011-06-01T12:00:00Z,comment,6,0,UgwoOupbg4AdKWnEcll4AaABAg,,FALSE
_rAzWNJAqEE,2021-07-11T14:24:08Z,231,,6,Vespa_velutina,Portugal,Insects,established,trampa,Post-Introduction,Detection,Detection,2011,2011-06-01T12:00:00Z,comment,6,1,UgwoOupbg4AdKWnEcll4AaABAg.9PeO_FaAVVr9Pefd-NKCQu,UgwoOupbg4AdKWnEcll4AaABAg,TRUE
_rAzWNJAqEE,2021-07-11T14:24:08Z,231,,6,Vespa_velutina,Portugal,Insects,established,vist,Post-Introduction,Detection,Detection,2011,2011-06-01T12:00:00Z,comment,6,1,UgwoOupbg4AdKWnEcll4AaABAg.9PeO_FaAVVr9Pefd-NKCQu,UgwoOupbg4AdKWnEcll4AaABAg,TRUE
_rAzWNJAqEE,2021-07-11T14:24:08Z,231,,6,Vespa_velutina,Portugal,Insects,established,trampa,Post-Introduction,Detection,Detection,2011,2011-06-01T12:00:00Z,comment,6,1,UgwoOupbg4AdKWnEcll4AaABAg.9PeO_FaAVVr9Pefd-NKCQu,UgwoOupbg4AdKWnEcll4AaABAg,TRUE
_rAzWNJAqEE,2021-07-11T14:47:46Z,231,,6,Vespa_velutina,Portugal,Insects,established,trampa,Post-Introduction,Detection,Detection,2011,2011-06-01T12:00:00Z,comment,6,0,UgwoOupbg4AdKWnEcll4AaABAg.9PeO_FaAVVr9PeiL8l2c2t,UgwoOupbg4AdKWnEcll4AaABAg,TRUE
OEUUtvmgDHg,2023-08-27T13:48:10Z,1998,,10,Vespa_velutina,Portugal,Insects,established,visto,Post-Introduction,Detection,Detection,2011,2011-06-01T12:00:00Z,comment,19,1,Ugzq3aoYKBsoWmwxq_F4AaABAg.9tUfy-lSk8B9tvKATbnR3a,Ugzq3aoYKBsoWmwxq_F4AaABAg,TRUE
OEUUtvmgDHg,2023-08-27T13:48:10Z,1998,,10,Vespa_velutina,Portugal,Insects,established,observado,Post-Introduction,Detection,Detection,2011,2011-06-01T12:00:00Z,comment,19,1,Ugzq3aoYKBsoWmwxq_F4AaABAg.9tUfy-lSk8B9tvKATbnR3a,Ugzq3aoYKBsoWmwxq_F4AaABAg,TRUE
OEUUtvmgDHg,2023-08-27T13:58:35Z,1998,,10,Vespa_velutina,Portugal,Insects,established,encontrado,Post-Introduction,Detection,Detection,2011,2011-06-01T12:00:00Z,comment,19,1,Ugzq3aoYKBsoWmwxq_F4AaABAg.9tUfy-lSk8B9tvLMmp7VcF,Ugzq3aoYKBsoWmwxq_F4AaABAg,TRUE
OEUUtvmgDHg,2017-11-05T17:24:18Z,1998,,10,Vespa_velutina,Portugal,Insects,established,ameaca,Post-Introduction,Threat,Threat,2011,2011-06-01T12:00:00Z,comment,19,1,Ugz6yoH1H-6I56Lyx-d4AaABAg.8ZaHpJ9Y-Sl8ZaIscdgQqt,Ugz6yoH1H-6I56Lyx-d4AaABAg,TRUE
OEUUtvmgDHg,2017-11-05T17:24:18Z,1998,,10,Vespa_velutina,Portugal,Insects,established,expansao,Post-Introduction,Invasion,Invasion,2011,2011-06-01T12:00:00Z,comment,19,1,Ugz6yoH1H-6I56Lyx-d4AaABAg.8ZaHpJ9Y-Sl8ZaIscdgQqt,Ugz6yoH1H-6I56Lyx-d4AaABAg,TRUE
OEUUtvmgDHg,2017-11-05T17:24:18Z,1998,,10,Vespa_velutina,Portugal,Insects,established,risco,Post-Introduction,Threat,Threat,2011,2011-06-01T12:00:00Z,comment,19,1,Ugz6yoH1H-6I56Lyx-d4AaABAg.8ZaHpJ9Y-Sl8ZaIscdgQqt,Ugz6yoH1H-6I56Lyx-d4AaABAg,TRUE
ydqO1YpdixA,2023-12-08T21:23:44Z,1015,,13,Vespa_velutina,Portugal,Insects,established,manejar,Post-Introduction,Detection,Detection,2011,2011-06-01T12:00:00Z,comment,34,0,UgydiDx1vs1SiswYI9p4AaABAg,,FALSE
ydqO1YpdixA,2023-12-08T21:23:44Z,1015,,13,Vespa_velutina,Portugal,Insects,established,visto,Post-Introduction,Detection,Detection,2011,2011-06-01T12:00:00Z,comment,34,0,UgydiDx1vs1SiswYI9p4AaABAg,,FALSE
ydqO1YpdixA,2023-06-19T09:52:33Z,1015,,13,Vespa_velutina,Portugal,Insects,established,trampas,Post-Introduction,Detection,Detection,2011,2011-06-01T12:00:00Z,comment,34,1,Ugx6hQO5qN4HopGh6mh4AaABAg,,FALSE
ydqO1YpdixA,2023-06-19T09:52:33Z,1015,,13,Vespa_velutina,Portugal,Insects,established,trampas,Post-Introduction,Detection,Detection,2011,2011-06-01T12:00:00Z,comment,34,1,Ugx6hQO5qN4HopGh6mh4AaABAg,,FALSE
ydqO1YpdixA,2023-06-19T09:52:33Z,1015,,13,Vespa_velutina,Portugal,Insects,established,peligro,Post-Introduction,Threat,Threat,2011,2011-06-01T12:00:00Z,comment,34,1,Ugx6hQO5qN4HopGh6mh4AaABAg,,FALSE
ydqO1YpdixA,2023-12-09T08:02:13Z,1015,,13,Vespa_velutina,Portugal,Insects,established,captura,Post-Introduction,Detection,Detection,2011,2011-06-01T12:00:00Z,comment,34,0,UgydiDx1vs1SiswYI9p4AaABAg.9y4MBFfkXl29y5VFcxQeEP,UgydiDx1vs1SiswYI9p4AaABAg,TRUE
ydqO1YpdixA,2023-06-20T07:17:11Z,1015,,13,Vespa_velutina,Portugal,Insects,established,trampas,Post-Introduction,Detection,Detection,2011,2011-06-01T12:00:00Z,comment,34,2,Ugx6hQO5qN4HopGh6mh4AaABAg.9r8EMLS3O089rAXNOSOkLF,Ugx6hQO5qN4HopGh6mh4AaABAg,TRUE
ydqO1YpdixA,2023-06-20T07:17:11Z,1015,,13,Vespa_velutina,Portugal,Insects,established,trampas,Post-Introduction,Detection,Detection,2011,2011-06-01T12:00:00Z,comment,34,2,Ugx6hQO5qN4HopGh6mh4AaABAg.9r8EMLS3O089rAXNOSOkLF,Ugx6hQO5qN4HopGh6mh4AaABAg,TRUE
ydqO1YpdixA,2021-11-30T17:56:22Z,1015,,13,Vespa_velutina,Portugal,Insects,established,vender,Post-Introduction,eCommerce,eCommerce,2011,2011-06-01T12:00:00Z,comment,34,0,Ugx9-ycghRJaQpq0SqB4AaABAg.9TXcep_oACP9VNgnha69ke,Ugx9-ycghRJaQpq0SqB4AaABAg,TRUE
ydqO1YpdixA,2021-11-30T17:56:22Z,1015,,13,Vespa_velutina,Portugal,Insects,established,perjudicial,Post-Introduction,Threat,Threat,2011,2011-06-01T12:00:00Z,comment,34,0,Ugx9-ycghRJaQpq0SqB4AaABAg.9TXcep_oACP9VNgnha69ke,Ugx9-ycghRJaQpq0SqB4AaABAg,TRUE
GLv0CmVXyzc,2020-05-08T04:30:22Z,19857,,8,Vespa_velutina,Portugal,Insects,established,plaga,Post-Introduction,Invasion,Invasion,2011,2011-06-01T12:00:00Z,comment,72,2,UgzV9nHh3AL6bNdWKaJ4AaABAg,,FALSE
GLv0CmVXyzc,2017-06-23T07:42:14Z,19857,,8,Vespa_velutina,Portugal,Insects,established,captura,Post-Introduction,Detection,Detection,2011,2011-06-01T12:00:00Z,comment,72,3,UgguQeh2zvVqHHgCoAEC,,FALSE
GLv0CmVXyzc,2019-11-25T04:11:23Z,19857,,8,Vespa_velutina,Portugal,Insects,established,captura,Post-Introduction,Detection,Detection,2011,2011-06-01T12:00:00Z,comment,72,0,UgguQeh2zvVqHHgCoAEC.8U8dxFZ3Ibt91k4KQX9VS_,UgguQeh2zvVqHHgCoAEC,TRUE
Ri82oPT7n6s,2021-08-27T16:24:33Z,256,,32,Vespa_velutina,Portugal,Insects,established,praga,Post-Introduction,Invasion,Invasion,2011,2011-06-01T12:00:00Z,comment,46,0,UgxLnh8MSjZJPpK1fd54AaABAg.9RY6lNsATzD9RYumEDrQyJ,UgxLnh8MSjZJPpK1fd54AaABAg,TRUE
Ri82oPT7n6s,2022-01-16T06:11:10Z,256,,32,Vespa_velutina,Portugal,Insects,established,praga,Post-Introduction,Invasion,Invasion,2011,2011-06-01T12:00:00Z,comment,46,1,UgzrNEPqFR1HTnoudPt4AaABAg.9XE3Dp_U-Bf9XFSSorGM56,UgzrNEPqFR1HTnoudPt4AaABAg,TRUE
Ri82oPT7n6s,2021-08-26T12:46:58Z,256,,32,Vespa_velutina,Portugal,Insects,established,praga,Post-Introduction,Invasion,Invasion,2011,2011-06-01T12:00:00Z,comment,46,1,UgxWuq28snGgtIlUKal4AaABAg.9RVq_QsPWay9RVx4cOxcLJ,UgxWuq28snGgtIlUKal4AaABAg,TRUE
Ri82oPT7n6s,2021-08-26T12:46:58Z,256,,32,Vespa_velutina,Portugal,Insects,established,vistos,Post-Introduction,Detection,Detection,2011,2011-06-01T12:00:00Z,comment,46,1,UgxWuq28snGgtIlUKal4AaABAg.9RVq_QsPWay9RVx4cOxcLJ,UgxWuq28snGgtIlUKal4AaABAg,TRUE
Ri82oPT7n6s,2021-08-26T12:46:58Z,256,,32,Vespa_velutina,Portugal,Insects,established,praga,Post-Introduction,Invasion,Invasion,2011,2011-06-01T12:00:00Z,comment,46,1,UgxWuq28snGgtIlUKal4AaABAg.9RVq_QsPWay9RVx4cOxcLJ,UgxWuq28snGgtIlUKal4AaABAg,TRUE
Ri82oPT7n6s,2021-08-26T12:37:33Z,256,,32,Vespa_velutina,Portugal,Insects,established,praga,Post-Introduction,Invasion,Invasion,2011,2011-06-01T12:00:00Z,comment,46,0,UgxChzHOauSZrl93izd4AaABAg.9RVZ8bj3AC_9RVw-cCras8,UgxChzHOauSZrl93izd4AaABAg,TRUE
Ri82oPT7n6s,2021-08-26T04:18:58Z,256,,32,Vespa_velutina,Portugal,Insects,established,praga,Post-Introduction,Invasion,Invasion,2011,2011-06-01T12:00:00Z,comment,46,1,UgwhIbJCs6idHHfsqEJ4AaABAg.9RUzfqBhPKB9RV1wuDZNCC,UgwhIbJCs6idHHfsqEJ4AaABAg,TRUE
rE2DgMtB3VE,2024-08-17T17:34:19Z,12879,,29,Wasmannia_auropunctata,Spain,Insects,established,invasion,Post-Introduction,Invasion,Invasion,2018,2018-06-01T12:00:00Z,comment,667,2,UgzUg53pg379lZuVJmZ4AaABAg,,FALSE
rE2DgMtB3VE,2024-08-08T17:36:34Z,12879,,29,Wasmannia_auropunctata,Spain,Insects,established,invasora,Post-Introduction,Invasion,Invasion,2018,2018-06-01T12:00:00Z,comment,667,5,UgxCNbId-a1K5mfhQdR4AaABAg,,FALSE
rE2DgMtB3VE,2024-08-06T23:18:42Z,12879,,29,Wasmannia_auropunctata,Spain,Insects,established,encontre,Post-Introduction,Detection,Detection,2018,2018-06-01T12:00:00Z,comment,667,1,Ugx-iFJr1N9ITArd0wN4AaABAg,,FALSE
rE2DgMtB3VE,2024-08-06T23:18:42Z,12879,,29,Wasmannia_auropunctata,Spain,Insects,established,invasora,Post-Introduction,Invasion,Invasion,2018,2018-06-01T12:00:00Z,comment,667,1,Ugx-iFJr1N9ITArd0wN4AaABAg,,FALSE
rE2DgMtB3VE,2024-08-06T22:47:20Z,12879,,29,Wasmannia_auropunctata,Spain,Insects,established,peligrosa,Post-Introduction,Threat,Threat,2018,2018-06-01T12:00:00Z,comment,667,2,UgxzTn73BJVN8FQoxPp4AaABAg,,FALSE
rE2DgMtB3VE,2024-11-09T15:45:08Z,12879,,29,Wasmannia_auropunctata,Spain,Insects,established,invasora,Post-Introduction,Invasion,Invasion,2018,2018-06-01T12:00:00Z,comment,667,2,Ugxgymgy44RktXx-zBd4AaABAg.AAc3tN0egKkAAcVK4ikSyZ,Ugxgymgy44RktXx-zBd4AaABAg,TRUE
rE2DgMtB3VE,2024-11-09T16:26:22Z,12879,,29,Wasmannia_auropunctata,Spain,Insects,established,vista,Post-Introduction,Detection,Detection,2018,2018-06-01T12:00:00Z,comment,667,1,Ugxgymgy44RktXx-zBd4AaABAg.AAc3tN0egKkAAc_26eyudg,Ugxgymgy44RktXx-zBd4AaABAg,TRUE
rE2DgMtB3VE,2024-12-18T00:10:09Z,12879,,29,Wasmannia_auropunctata,Spain,Insects,established,descubiertas,Post-Introduction,Detection,Detection,2018,2018-06-01T12:00:00Z,comment,667,1,UgxCNbId-a1K5mfhQdR4AaABAg.A6tE8rLsjDeACAFKEnE9dm,UgxCNbId-a1K5mfhQdR4AaABAg,TRUE
rE2DgMtB3VE,2024-08-06T23:31:20Z,12879,,29,Wasmannia_auropunctata,Spain,Insects,established,establecida,Post-Introduction,Invasion,Invasion,2018,2018-06-01T12:00:00Z,comment,667,1,UgxzTn73BJVN8FQoxPp4AaABAg.A6od7EUzjrAA6oi9W_6OAI,UgxzTn73BJVN8FQoxPp4AaABAg,TRUE
Z2qq3d_C1Zw,2025-01-21T13:58:44Z,1552,,7,Wasmannia_auropunctata,Spain,Insects,established,vista,Post-Introduction,Detection,Detection,2018,2018-06-01T12:00:00Z,comment,104,1,UgxVRAgCCGrX-8cwp654AaABAg,,FALSE
4pFS5ltwVmc,2018-09-08T11:42:41Z,1657,,3,Xylella_fastidiosa,Spain,"Bacteria, Viruses, Fungi",alien,plagas,Post-Introduction,Invasion,Invasion,2016,2016-06-01T12:00:00Z,comment,27,0,UgyV-bsEbm1KR7EaVph4AaABAg,,FALSE
xO_hcnZATPE,2022-01-24T08:43:59Z,1540,,3,Xylella_fastidiosa,Spain,"Bacteria, Viruses, Fungi",alien,detectado,Post-Introduction,Detection,Detection,2016,2016-06-01T12:00:00Z,comment,20,0,UgzoPSYbfQQ4pjZK0wF4AaABAg.9VZhIkkaitc9X_KJ5Z838q,UgzoPSYbfQQ4pjZK0wF4AaABAg,TRUE
qWt8KkU5yzI,2017-09-03T14:03:57Z,7562,,5,Xylella_fastidiosa,Spain,"Bacteria, Viruses, Fungi",alien,aparece,Post-Introduction,Detection,Detection,2016,2016-06-01T12:00:00Z,comment,13,1,UgxNuW9ZkytOvvcZkXB4AaABAg,,FALSE
qWt8KkU5yzI,2017-09-03T14:03:57Z,7562,,5,Xylella_fastidiosa,Spain,"Bacteria, Viruses, Fungi",alien,aparezca,Post-Introduction,Detection,Detection,2016,2016-06-01T12:00:00Z,comment,13,1,UgxNuW9ZkytOvvcZkXB4AaABAg,,FALSE
qWt8KkU5yzI,2017-09-03T14:03:57Z,7562,,5,Xylella_fastidiosa,Spain,"Bacteria, Viruses, Fungi",alien,controlar,Post-Introduction,Detection,Detection,2016,2016-06-01T12:00:00Z,comment,13,1,UgxNuW9ZkytOvvcZkXB4AaABAg,,FALSE
qWt8KkU5yzI,2017-09-03T14:03:51Z,7562,,5,Xylella_fastidiosa,Spain,"Bacteria, Viruses, Fungi",alien,aparece,Post-Introduction,Detection,Detection,2016,2016-06-01T12:00:00Z,comment,13,0,Ugy6uZkCzCqOjlN8gZJ4AaABAg,,FALSE
qWt8KkU5yzI,2017-09-03T14:03:51Z,7562,,5,Xylella_fastidiosa,Spain,"Bacteria, Viruses, Fungi",alien,aparezca,Post-Introduction,Detection,Detection,2016,2016-06-01T12:00:00Z,comment,13,0,Ugy6uZkCzCqOjlN8gZJ4AaABAg,,FALSE
qWt8KkU5yzI,2017-09-03T14:03:51Z,7562,,5,Xylella_fastidiosa,Spain,"Bacteria, Viruses, Fungi",alien,controlar,Post-Introduction,Detection,Detection,2016,2016-06-01T12:00:00Z,comment,13,0,Ugy6uZkCzCqOjlN8gZJ4AaABAg,,FALSE
gzpFMN3hRDc,2018-09-08T11:44:02Z,100,,1,Xylella_fastidiosa,Spain,"Bacteria, Viruses, Fungi",alien,plagas,Post-Introduction,Invasion,Invasion,2016,2016-06-01T12:00:00Z,comment,2,1,UgySdVffJHtzpFc-hKV4AaABAg,,FALSE
dGjdz8C6vQY,2022-04-07T04:41:59Z,168,,13,Zebrasoma_flavescens,Spain,Fishes,uncertain,presente,Post-Introduction,Invasion,Invasion,2008,2008-06-01T12:00:00Z,comment,13,1,UgwFV_Z9LvJq8xBI5AV4AaABAg,,FALSE
vgW4G7HGYQ4,2017-05-24T19:21:52Z,43,,2,Zebrasoma_flavescens,Spain,Fishes,uncertain,acuario,Post-Introduction,eCommerce,eCommerce,2008,2008-06-01T12:00:00Z,comment,2,0,UgjWaJ0H1u23VngCoAEC,,FALSE
tUfHmSiesqw,2017-11-04T23:01:36Z,6060,,34,Zebrasoma_flavescens,Spain,Fishes,uncertain,acuario,Post-Introduction,eCommerce,eCommerce,2008,2008-06-01T12:00:00Z,comment,176,1,UgwNtnKUdm_lSEoDlI94AaABAg,,FALSE
tUfHmSiesqw,2017-11-04T17:53:57Z,6060,,34,Zebrasoma_flavescens,Spain,Fishes,uncertain,acuario,Post-Introduction,eCommerce,eCommerce,2008,2008-06-01T12:00:00Z,comment,176,2,UgwIgL6V5mf-skRJXX54AaABAg,,FALSE
tUfHmSiesqw,2017-11-04T16:46:27Z,6060,,34,Zebrasoma_flavescens,Spain,Fishes,uncertain,extension,Post-Introduction,Invasion,Invasion,2008,2008-06-01T12:00:00Z,comment,176,0,UgyQS5RXewAZ3XzO3NJ4AaABAg,,FALSE
tUfHmSiesqw,2017-10-31T20:19:59Z,6060,,34,Zebrasoma_flavescens,Spain,Fishes,uncertain,acuario,Post-Introduction,eCommerce,eCommerce,2008,2008-06-01T12:00:00Z,comment,176,1,Ugy4XEZhteO1KqmgPhN4AaABAg,,FALSE
tUfHmSiesqw,2017-10-30T22:06:21Z,6060,,34,Zebrasoma_flavescens,Spain,Fishes,uncertain,acuario,Post-Introduction,eCommerce,eCommerce,2008,2008-06-01T12:00:00Z,comment,176,0,Ugwwg-FcMOXJcbrT3EZ4AaABAg,,FALSE
tUfHmSiesqw,2017-10-30T21:18:30Z,6060,,34,Zebrasoma_flavescens,Spain,Fishes,uncertain,acuario,Post-Introduction,eCommerce,eCommerce,2008,2008-06-01T12:00:00Z,comment,176,0,UgxzkAAifzEYVj9EZBV4AaABAg,,FALSE
tUfHmSiesqw,2017-10-30T20:23:50Z,6060,,34,Zebrasoma_flavescens,Spain,Fishes,uncertain,acuario,Post-Introduction,eCommerce,eCommerce,2008,2008-06-01T12:00:00Z,comment,176,1,UgwDHaEZbdQ6_8g7bnV4AaABAg,,FALSE
tUfHmSiesqw,2017-10-30T14:48:40Z,6060,,34,Zebrasoma_flavescens,Spain,Fishes,uncertain,acuario,Post-Introduction,eCommerce,eCommerce,2008,2008-06-01T12:00:00Z,comment,176,2,UgxbDcgs7TMUAOAW9N94AaABAg,,FALSE
tUfHmSiesqw,2017-10-30T14:38:11Z,6060,,34,Zebrasoma_flavescens,Spain,Fishes,uncertain,acuario,Post-Introduction,eCommerce,eCommerce,2008,2008-06-01T12:00:00Z,comment,176,1,Ugz9oLd6hikmOnFn3fJ4AaABAg,,FALSE
tUfHmSiesqw,2017-10-30T14:32:49Z,6060,,34,Zebrasoma_flavescens,Spain,Fishes,uncertain,acuario,Post-Introduction,eCommerce,eCommerce,2008,2008-06-01T12:00:00Z,comment,176,2,UgyDmfWDwC1JHwkLJzh4AaABAg,,FALSE
tUfHmSiesqw,2017-11-01T22:56:35Z,6060,,34,Zebrasoma_flavescens,Spain,Fishes,uncertain,aparece,Post-Introduction,Detection,Detection,2008,2008-06-01T12:00:00Z,comment,176,0,UgwY28SsJPhekSgCfKx4AaABAg.8ZR_d86GeLY8ZRaiqt0mqU,UgwY28SsJPhekSgCfKx4AaABAg,TRUE
tUfHmSiesqw,2017-10-31T03:03:45Z,6060,,34,Zebrasoma_flavescens,Spain,Fishes,uncertain,compre,Post-Introduction,eCommerce,eCommerce,2008,2008-06-01T12:00:00Z,comment,176,0,UgyalvI7IKqh0g_4ZtJ4AaABAg.8ZMh2ggoyxh8ZMtQUP5eg5,UgyalvI7IKqh0g_4ZtJ4AaABAg,TRUE
tUfHmSiesqw,2017-10-31T03:03:45Z,6060,,34,Zebrasoma_flavescens,Spain,Fishes,uncertain,tienda,Post-Introduction,eCommerce,eCommerce,2008,2008-06-01T12:00:00Z,comment,176,0,UgyalvI7IKqh0g_4ZtJ4AaABAg.8ZMh2ggoyxh8ZMtQUP5eg5,UgyalvI7IKqh0g_4ZtJ4AaABAg,TRUE
tUfHmSiesqw,2017-10-31T03:03:45Z,6060,,34,Zebrasoma_flavescens,Spain,Fishes,uncertain,tienda,Post-Introduction,eCommerce,eCommerce,2008,2008-06-01T12:00:00Z,comment,176,0,UgyalvI7IKqh0g_4ZtJ4AaABAg.8ZMh2ggoyxh8ZMtQUP5eg5,UgyalvI7IKqh0g_4ZtJ4AaABAg,TRUE
tUfHmSiesqw,2017-10-31T02:59:56Z,6060,,34,Zebrasoma_flavescens,Spain,Fishes,uncertain,acuario,Post-Introduction,eCommerce,eCommerce,2008,2008-06-01T12:00:00Z,comment,176,0,UgxzkAAifzEYVj9EZBV4AaABAg.8ZMGufmYXgd8ZMszUwan3Z,UgxzkAAifzEYVj9EZBV4AaABAg,TRUE
tUfHmSiesqw,2017-10-31T02:59:56Z,6060,,34,Zebrasoma_flavescens,Spain,Fishes,uncertain,acuario,Post-Introduction,eCommerce,eCommerce,2008,2008-06-01T12:00:00Z,comment,176,0,UgxzkAAifzEYVj9EZBV4AaABAg.8ZMGufmYXgd8ZMszUwan3Z,UgxzkAAifzEYVj9EZBV4AaABAg,TRUE
tUfHmSiesqw,2017-10-31T07:03:41Z,6060,,34,Zebrasoma_flavescens,Spain,Fishes,uncertain,acuario,Post-Introduction,eCommerce,eCommerce,2008,2008-06-01T12:00:00Z,comment,176,0,UgxzkAAifzEYVj9EZBV4AaABAg.8ZMGufmYXgd8ZNJsgvAvYt,UgxzkAAifzEYVj9EZBV4AaABAg,TRUE
tUfHmSiesqw,2017-10-31T07:03:41Z,6060,,34,Zebrasoma_flavescens,Spain,Fishes,uncertain,acuario,Post-Introduction,eCommerce,eCommerce,2008,2008-06-01T12:00:00Z,comment,176,0,UgxzkAAifzEYVj9EZBV4AaABAg.8ZMGufmYXgd8ZNJsgvAvYt,UgxzkAAifzEYVj9EZBV4AaABAg,TRUE
RwzwUB92Tro,2020-10-18T15:33:11Z,5187,,71,Zebrasoma_flavescens,Spain,Fishes,uncertain,aquario,Post-Introduction,eCommerce,eCommerce,2008,2008-06-01T12:00:00Z,comment,294,0,UgxMvtK39CS8TeWGSeB4AaABAg,,FALSE
RwzwUB92Tro,2020-10-17T11:10:39Z,5187,,71,Zebrasoma_flavescens,Spain,Fishes,uncertain,acuario,Post-Introduction,eCommerce,eCommerce,2008,2008-06-01T12:00:00Z,comment,294,0,UgxeCKNDgbBHobK-Hqx4AaABAg,,FALSE
RwzwUB92Tro,2020-10-17T10:09:10Z,5187,,71,Zebrasoma_flavescens,Spain,Fishes,uncertain,acuario,Post-Introduction,eCommerce,eCommerce,2008,2008-06-01T12:00:00Z,comment,294,0,UgyksO1Hl5_sB6_fp1F4AaABAg,,FALSE
RwzwUB92Tro,2020-10-17T07:13:28Z,5187,,71,Zebrasoma_flavescens,Spain,Fishes,uncertain,acuario,Post-Introduction,eCommerce,eCommerce,2008,2008-06-01T12:00:00Z,comment,294,1,UgyAYjMyO7JPmI0c-K14AaABAg,,FALSE
RwzwUB92Tro,2020-10-17T07:00:20Z,5187,,71,Zebrasoma_flavescens,Spain,Fishes,uncertain,tienda,Post-Introduction,eCommerce,eCommerce,2008,2008-06-01T12:00:00Z,comment,294,0,UgwYwc28Mvw6bRCOjCR4AaABAg,,FALSE
RwzwUB92Tro,2020-10-17T04:01:48Z,5187,,71,Zebrasoma_flavescens,Spain,Fishes,uncertain,adquisicion,Post-Introduction,eCommerce,eCommerce,2008,2008-06-01T12:00:00Z,comment,294,0,UgzpsPXbLe3WImL3jH14AaABAg,,FALSE
RwzwUB92Tro,2020-10-17T03:07:12Z,5187,,71,Zebrasoma_flavescens,Spain,Fishes,uncertain,acuario,Post-Introduction,eCommerce,eCommerce,2008,2008-06-01T12:00:00Z,comment,294,0,Ugz6HJS9s8CupfnTZLB4AaABAg,,FALSE
RwzwUB92Tro,2020-10-17T03:04:29Z,5187,,71,Zebrasoma_flavescens,Spain,Fishes,uncertain,acuario,Post-Introduction,eCommerce,eCommerce,2008,2008-06-01T12:00:00Z,comment,294,0,UgxX-nmU7V8p4N-A0rN4AaABAg,,FALSE
RwzwUB92Tro,2020-10-16T22:57:43Z,5187,,71,Zebrasoma_flavescens,Spain,Fishes,uncertain,acuario,Post-Introduction,eCommerce,eCommerce,2008,2008-06-01T12:00:00Z,comment,294,3,UgzSa6RFgTTkDiMNi1x4AaABAg,,FALSE
RwzwUB92Tro,2020-10-16T22:16:17Z,5187,,71,Zebrasoma_flavescens,Spain,Fishes,uncertain,precio,Post-Introduction,eCommerce,eCommerce,2008,2008-06-01T12:00:00Z,comment,294,5,UgwoFRHsDsr-K9m6NFV4AaABAg,,FALSE
RwzwUB92Tro,2020-10-16T22:11:24Z,5187,,71,Zebrasoma_flavescens,Spain,Fishes,uncertain,acuario,Post-Introduction,eCommerce,eCommerce,2008,2008-06-01T12:00:00Z,comment,294,0,UgwoK8Uw20CUri0RYHd4AaABAg,,FALSE
RwzwUB92Tro,2020-10-17T07:12:45Z,5187,,71,Zebrasoma_flavescens,Spain,Fishes,uncertain,acuarios,Post-Introduction,eCommerce,eCommerce,2008,2008-06-01T12:00:00Z,comment,294,0,UgwCxtluCnDk2kQEJcZ4AaABAg.9EtXrkMADwy9EuP0v0bnst,UgwCxtluCnDk2kQEJcZ4AaABAg,TRUE
mnhwLulFE-M,2022-04-26T12:23:05Z,2299,,3,Zebrasoma_flavescens,Spain,Fishes,uncertain,prohibida,Post-Introduction,eCommerce,eCommerce,2008,2008-06-01T12:00:00Z,comment,82,0,Ugz5GLzFYHmIuc1l-Rt4AaABAg,,FALSE
mnhwLulFE-M,2021-10-31T08:24:13Z,2299,,3,Zebrasoma_flavescens,Spain,Fishes,uncertain,tienda,Post-Introduction,eCommerce,eCommerce,2008,2008-06-01T12:00:00Z,comment,82,2,UgyQhebhKrPJRGKdEDd4AaABAg,,FALSE
mnhwLulFE-M,2023-06-06T14:34:34Z,2299,,3,Zebrasoma_flavescens,Spain,Fishes,uncertain,prohibido,Post-Introduction,eCommerce,eCommerce,2008,2008-06-01T12:00:00Z,comment,82,1,Ugz5GLzFYHmIuc1l-Rt4AaABAg.9aHbWIJNOqD9qcGIbvNpTF,Ugz5GLzFYHmIuc1l-Rt4AaABAg,TRUE
mnhwLulFE-M,2023-06-06T14:34:34Z,2299,,3,Zebrasoma_flavescens,Spain,Fishes,uncertain,prohibido,Post-Introduction,eCommerce,eCommerce,2008,2008-06-01T12:00:00Z,comment,82,1,Ugz5GLzFYHmIuc1l-Rt4AaABAg.9aHbWIJNOqD9qcGIbvNpTF,Ugz5GLzFYHmIuc1l-Rt4AaABAg,TRUE
Odshg4-xpN0,2021-11-08T16:53:50Z,7662,,70,Zebrasoma_flavescens,Spain,Fishes,uncertain,compre,Post-Introduction,eCommerce,eCommerce,2008,2008-06-01T12:00:00Z,comment,221,0,UgymuFKPcqS1dWy_45V4AaABAg,,FALSE
Odshg4-xpN0,2021-11-08T16:53:50Z,7662,,70,Zebrasoma_flavescens,Spain,Fishes,uncertain,acuario,Post-Introduction,eCommerce,eCommerce,2008,2008-06-01T12:00:00Z,comment,221,0,UgymuFKPcqS1dWy_45V4AaABAg,,FALSE
Odshg4-xpN0,2021-01-24T06:55:46Z,7662,,70,Zebrasoma_flavescens,Spain,Fishes,uncertain,acuario,Post-Introduction,eCommerce,eCommerce,2008,2008-06-01T12:00:00Z,comment,221,0,UgyYtOAIcvGhT2nHmpt4AaABAg,,FALSE
Odshg4-xpN0,2020-08-22T07:57:27Z,7662,,70,Zebrasoma_flavescens,Spain,Fishes,uncertain,tienda,Post-Introduction,eCommerce,eCommerce,2008,2008-06-01T12:00:00Z,comment,221,0,UgygJwZcCLOuhKw4PsB4AaABAg,,FALSE
Odshg4-xpN0,2020-07-16T21:25:47Z,7662,,70,Zebrasoma_flavescens,Spain,Fishes,uncertain,compre,Post-Introduction,eCommerce,eCommerce,2008,2008-06-01T12:00:00Z,comment,221,0,UgwC6HDaLJA7jlLTNd94AaABAg,,FALSE
Odshg4-xpN0,2020-07-12T21:39:06Z,7662,,70,Zebrasoma_flavescens,Spain,Fishes,uncertain,acuario,Post-Introduction,eCommerce,eCommerce,2008,2008-06-01T12:00:00Z,comment,221,0,UgyyPnAxMVSONXv9Fgt4AaABAg,,FALSE
Odshg4-xpN0,2020-07-11T09:32:09Z,7662,,70,Zebrasoma_flavescens,Spain,Fishes,uncertain,tienda,Post-Introduction,eCommerce,eCommerce,2008,2008-06-01T12:00:00Z,comment,221,0,UgwXyn5I8e_ka-6LikZ4AaABAg,,FALSE
Odshg4-xpN0,2020-07-11T07:41:42Z,7662,,70,Zebrasoma_flavescens,Spain,Fishes,uncertain,acuario,Post-Introduction,eCommerce,eCommerce,2008,2008-06-01T12:00:00Z,comment,221,0,UgzxYiIJTyY2CnYUZHh4AaABAg,,FALSE
Odshg4-xpN0,2020-07-10T23:09:26Z,7662,,70,Zebrasoma_flavescens,Spain,Fishes,uncertain,acuario,Post-Introduction,eCommerce,eCommerce,2008,2008-06-01T12:00:00Z,comment,221,0,UgyvUhhtRPD8m95gR6p4AaABAg,,FALSE
Odshg4-xpN0,2020-07-10T22:14:25Z,7662,,70,Zebrasoma_flavescens,Spain,Fishes,uncertain,acuario,Post-Introduction,eCommerce,eCommerce,2008,2008-06-01T12:00:00Z,comment,221,0,Ugzrw8I9vpdYEPcGWbR4AaABAg,,FALSE
Odshg4-xpN0,2021-01-24T06:58:05Z,7662,,70,Zebrasoma_flavescens,Spain,Fishes,uncertain,acuario,Post-Introduction,eCommerce,eCommerce,2008,2008-06-01T12:00:00Z,comment,221,1,UgyYtOAIcvGhT2nHmpt4AaABAg.9ItHm4sWHnE9ItI22y5Ip5,UgyYtOAIcvGhT2nHmpt4AaABAg,TRUE
Odshg4-xpN0,2021-01-24T06:58:05Z,7662,,70,Zebrasoma_flavescens,Spain,Fishes,uncertain,captura,Post-Introduction,Detection,Detection,2008,2008-06-01T12:00:00Z,comment,221,1,UgyYtOAIcvGhT2nHmpt4AaABAg.9ItHm4sWHnE9ItI22y5Ip5,UgyYtOAIcvGhT2nHmpt4AaABAg,TRUE
Odshg4-xpN0,2021-01-24T06:58:05Z,7662,,70,Zebrasoma_flavescens,Spain,Fishes,uncertain,trampa,Post-Introduction,Detection,Detection,2008,2008-06-01T12:00:00Z,comment,221,1,UgyYtOAIcvGhT2nHmpt4AaABAg.9ItHm4sWHnE9ItI22y5Ip5,UgyYtOAIcvGhT2nHmpt4AaABAg,TRUE
Odshg4-xpN0,2020-08-22T08:15:06Z,7662,,70,Zebrasoma_flavescens,Spain,Fishes,uncertain,tienda,Post-Introduction,eCommerce,eCommerce,2008,2008-06-01T12:00:00Z,comment,221,0,UgygJwZcCLOuhKw4PsB4AaABAg.9CeHcCJB3qh9CeJdXOOtwv,UgygJwZcCLOuhKw4PsB4AaABAg,TRUE
Odshg4-xpN0,2020-07-16T21:30:01Z,7662,,70,Zebrasoma_flavescens,Spain,Fishes,uncertain,tienda,Post-Introduction,eCommerce,eCommerce,2008,2008-06-01T12:00:00Z,comment,221,0,UgwC6HDaLJA7jlLTNd94AaABAg.9BBSiH4BQru9BBTCKWElgI,UgwC6HDaLJA7jlLTNd94AaABAg,TRUE
Odshg4-xpN0,2020-07-16T22:21:37Z,7662,,70,Zebrasoma_flavescens,Spain,Fishes,uncertain,tienda,Post-Introduction,eCommerce,eCommerce,2008,2008-06-01T12:00:00Z,comment,221,0,UgwC6HDaLJA7jlLTNd94AaABAg.9BBSiH4BQru9BBZ6IeNvWh,UgwC6HDaLJA7jlLTNd94AaABAg,TRUE
Odshg4-xpN0,2020-07-11T07:53:09Z,7662,,70,Zebrasoma_flavescens,Spain,Fishes,uncertain,adquisicion,Post-Introduction,eCommerce,eCommerce,2008,2008-06-01T12:00:00Z,comment,221,1,UgzxYiIJTyY2CnYUZHh4AaABAg.9Ay6R5noatK9Ay7k1rPo0O,UgzxYiIJTyY2CnYUZHh4AaABAg,TRUE
